[17:47:21] Starting load test
[17:47:21] MIG Config: all-7g.40gb
[17:47:21] Ollama Replicas: 7
[17:47:21] Total requests: 400
[17:47:21] Concurrency: 400
[17:47:21] Output tokens (effort): 25
[17:47:21] REQUEST: 1 - STARTED in background (active_jobs=1)
[17:47:21] REQUEST: 2 - STARTED in background (active_jobs=2)
[17:47:21] REQUEST: 3 - STARTED in background (active_jobs=3)
[17:47:21] REQUEST: 4 - STARTED in background (active_jobs=4)
[17:47:21] REQUEST: 5 - STARTED in background (active_jobs=5)
[17:47:21] REQUEST: 6 - STARTED in background (active_jobs=6)
[17:47:21] REQUEST: 7 - STARTED in background (active_jobs=7)
[17:47:21] REQUEST: 8 - STARTED in background (active_jobs=8)
[17:47:21] REQUEST: 9 - STARTED in background (active_jobs=9)
[17:47:21] REQUEST: 10 - STARTED in background (active_jobs=10)
[17:47:21] REQUEST: 11 - STARTED in background (active_jobs=11)
[17:47:21] REQUEST: 12 - STARTED in background (active_jobs=12)
[17:47:21] REQUEST: 13 - STARTED in background (active_jobs=13)
[17:47:21] REQUEST: 14 - STARTED in background (active_jobs=14)
[17:47:21] REQUEST: 15 - STARTED in background (active_jobs=15)
[17:47:21] REQUEST: 16 - STARTED in background (active_jobs=16)
[17:47:21] REQUEST: 17 - STARTED in background (active_jobs=17)
[17:47:21] REQUEST: 18 - STARTED in background (active_jobs=18)
[17:47:21] REQUEST: 19 - STARTED in background (active_jobs=19)
[17:47:21] REQUEST: 20 - STARTED in background (active_jobs=20)
[17:47:21] REQUEST: 21 - STARTED in background (active_jobs=21)
[17:47:21] REQUEST: 22 - STARTED in background (active_jobs=22)
[17:47:21] REQUEST: 23 - STARTED in background (active_jobs=23)
[17:47:21] REQUEST: 24 - STARTED in background (active_jobs=24)
[17:47:21] REQUEST: 25 - STARTED in background (active_jobs=25)
[17:47:21] REQUEST: 26 - STARTED in background (active_jobs=26)
[17:47:21] REQUEST: 27 - STARTED in background (active_jobs=27)
[17:47:21] REQUEST: 28 - STARTED in background (active_jobs=28)
[17:47:21] REQUEST: 29 - STARTED in background (active_jobs=29)
[17:47:21] REQUEST: 30 - STARTED in background (active_jobs=30)
[17:47:21] REQUEST: 31 - STARTED in background (active_jobs=31)
[17:47:21] REQUEST: 32 - STARTED in background (active_jobs=32)
[17:47:21] REQUEST: 33 - STARTED in background (active_jobs=33)
[17:47:21] REQUEST: 34 - STARTED in background (active_jobs=34)
[17:47:21] REQUEST: 35 - STARTED in background (active_jobs=35)
[17:47:21] REQUEST: 36 - STARTED in background (active_jobs=36)
[17:47:21] REQUEST: 37 - STARTED in background (active_jobs=37)
[17:47:21] REQUEST: 38 - STARTED in background (active_jobs=38)
[17:47:21] REQUEST: 39 - STARTED in background (active_jobs=39)
[17:47:21] REQUEST: 40 - STARTED in background (active_jobs=40)
[17:47:21] REQUEST: 41 - STARTED in background (active_jobs=41)
[17:47:21] REQUEST: 42 - STARTED in background (active_jobs=42)
[17:47:21] REQUEST: 43 - STARTED in background (active_jobs=43)
[17:47:21] REQUEST: 44 - STARTED in background (active_jobs=44)
[17:47:21] REQUEST: 45 - STARTED in background (active_jobs=45)
[17:47:21] REQUEST: 46 - STARTED in background (active_jobs=46)
[17:47:21] REQUEST: 47 - STARTED in background (active_jobs=47)
[17:47:21] REQUEST: 48 - STARTED in background (active_jobs=48)
[17:47:21] REQUEST: 49 - STARTED in background (active_jobs=49)
[17:47:21] REQUEST: 50 - STARTED in background (active_jobs=50)
[17:47:21] REQUEST: 51 - STARTED in background (active_jobs=51)
[17:47:21] REQUEST: 52 - STARTED in background (active_jobs=52)
[17:47:21] REQUEST: 53 - STARTED in background (active_jobs=53)
[17:47:21] REQUEST: 54 - STARTED in background (active_jobs=54)
[17:47:21] REQUEST: 55 - STARTED in background (active_jobs=55)
[17:47:21] REQUEST: 56 - STARTED in background (active_jobs=56)
[17:47:21] REQUEST: 57 - STARTED in background (active_jobs=57)
[17:47:21] REQUEST: 58 - STARTED in background (active_jobs=58)
[17:47:21] REQUEST: 59 - STARTED in background (active_jobs=59)
[17:47:21] REQUEST: 60 - STARTED in background (active_jobs=60)
[17:47:21] REQUEST: 61 - STARTED in background (active_jobs=61)
[17:47:21] REQUEST: 62 - STARTED in background (active_jobs=62)
[17:47:21] REQUEST: 63 - STARTED in background (active_jobs=63)
[17:47:21] REQUEST: 64 - STARTED in background (active_jobs=64)
[17:47:21] REQUEST: 65 - STARTED in background (active_jobs=65)
[17:47:21] REQUEST: 66 - STARTED in background (active_jobs=66)
[17:47:21] REQUEST: 67 - STARTED in background (active_jobs=67)
[17:47:21] REQUEST: 68 - STARTED in background (active_jobs=68)
[17:47:21] REQUEST: 69 - STARTED in background (active_jobs=69)
[17:47:21] REQUEST: 70 - STARTED in background (active_jobs=70)
[17:47:21] REQUEST: 71 - STARTED in background (active_jobs=71)
[17:47:21] REQUEST: 72 - STARTED in background (active_jobs=72)
[17:47:21] REQUEST: 73 - STARTED in background (active_jobs=73)
[17:47:21] REQUEST: 74 - STARTED in background (active_jobs=74)
[17:47:21] REQUEST: 75 - STARTED in background (active_jobs=75)
[17:47:21] REQUEST: 76 - STARTED in background (active_jobs=76)
[17:47:21] REQUEST: 77 - STARTED in background (active_jobs=77)
[17:47:21] REQUEST: 78 - STARTED in background (active_jobs=78)
[17:47:21] REQUEST: 79 - STARTED in background (active_jobs=79)
[17:47:21] REQUEST: 80 - STARTED in background (active_jobs=80)
[17:47:21] REQUEST: 81 - STARTED in background (active_jobs=81)
[17:47:21] REQUEST: 82 - STARTED in background (active_jobs=82)
[17:47:21] REQUEST: 83 - STARTED in background (active_jobs=83)
[17:47:21] REQUEST: 84 - STARTED in background (active_jobs=84)
[17:47:21] REQUEST: 85 - STARTED in background (active_jobs=85)
[17:47:21] REQUEST: 86 - STARTED in background (active_jobs=86)
[17:47:21] REQUEST: 87 - STARTED in background (active_jobs=87)
[17:47:21] REQUEST: 88 - STARTED in background (active_jobs=88)
[17:47:21] REQUEST: 89 - STARTED in background (active_jobs=89)
[17:47:21] REQUEST: 90 - STARTED in background (active_jobs=90)
[17:47:21] REQUEST: 91 - STARTED in background (active_jobs=91)
[17:47:21] REQUEST: 92 - STARTED in background (active_jobs=92)
[17:47:21] REQUEST: 93 - STARTED in background (active_jobs=93)
[17:47:21] REQUEST: 94 - STARTED in background (active_jobs=94)
[17:47:21] REQUEST: 95 - STARTED in background (active_jobs=95)
[17:47:21] REQUEST: 96 - STARTED in background (active_jobs=96)
[17:47:21] REQUEST: 97 - STARTED in background (active_jobs=97)
[17:47:21] REQUEST: 98 - STARTED in background (active_jobs=98)
[17:47:21] REQUEST: 99 - STARTED in background (active_jobs=99)
[17:47:21] REQUEST: 100 - STARTED in background (active_jobs=100)
[17:47:21] REQUEST: 101 - STARTED in background (active_jobs=101)
[17:47:21] REQUEST: 102 - STARTED in background (active_jobs=102)
[17:47:21] REQUEST: 103 - STARTED in background (active_jobs=103)
[17:47:21] REQUEST: 104 - STARTED in background (active_jobs=104)
[17:47:21] REQUEST: 105 - STARTED in background (active_jobs=105)
[17:47:21] REQUEST: 106 - STARTED in background (active_jobs=106)
[17:47:21] REQUEST: 107 - STARTED in background (active_jobs=107)
[17:47:21] REQUEST: 108 - STARTED in background (active_jobs=108)
[17:47:21] REQUEST: 109 - STARTED in background (active_jobs=109)
[17:47:21] REQUEST: 110 - STARTED in background (active_jobs=110)
[17:47:21] REQUEST: 111 - STARTED in background (active_jobs=111)
[17:47:21] REQUEST: 112 - STARTED in background (active_jobs=112)
[17:47:21] REQUEST: 113 - STARTED in background (active_jobs=113)
[17:47:22] REQUEST: 114 - STARTED in background (active_jobs=114)
[17:47:22] REQUEST: 115 - STARTED in background (active_jobs=115)
[17:47:22] REQUEST: 116 - STARTED in background (active_jobs=116)
[17:47:22] REQUEST: 117 - STARTED in background (active_jobs=117)
[17:47:22] REQUEST: 118 - STARTED in background (active_jobs=118)
[17:47:22] REQUEST: 119 - STARTED in background (active_jobs=119)
[17:47:22] REQUEST: 120 - STARTED in background (active_jobs=120)
[17:47:22] REQUEST: 121 - STARTED in background (active_jobs=121)
[17:47:22] REQUEST: 122 - STARTED in background (active_jobs=122)
[17:47:22] REQUEST: 123 - STARTED in background (active_jobs=123)
[17:47:22] REQUEST: 124 - STARTED in background (active_jobs=124)
[17:47:22] REQUEST: 125 - STARTED in background (active_jobs=125)
[17:47:22] REQUEST: 126 - STARTED in background (active_jobs=126)
[17:47:22] REQUEST: 127 - STARTED in background (active_jobs=127)
[17:47:22] REQUEST: 128 - STARTED in background (active_jobs=128)
[17:47:22] REQUEST: 129 - STARTED in background (active_jobs=129)
[17:47:22] REQUEST: 130 - STARTED in background (active_jobs=130)
[17:47:22] REQUEST: 131 - STARTED in background (active_jobs=131)
[17:47:22] REQUEST: 132 - STARTED in background (active_jobs=132)
[17:47:22] REQUEST: 133 - STARTED in background (active_jobs=133)
[17:47:22] REQUEST: 134 - STARTED in background (active_jobs=134)
[17:47:22] REQUEST: 135 - STARTED in background (active_jobs=135)
[17:47:22] REQUEST: 136 - STARTED in background (active_jobs=136)
[17:47:22] REQUEST: 137 - STARTED in background (active_jobs=137)
[17:47:22] REQUEST: 138 - STARTED in background (active_jobs=138)
[17:47:22] REQUEST: 139 - STARTED in background (active_jobs=139)
[17:47:22] REQUEST: 140 - STARTED in background (active_jobs=140)
[17:47:22] REQUEST: 141 - STARTED in background (active_jobs=141)
[17:47:22] REQUEST: 142 - STARTED in background (active_jobs=142)
[17:47:22] REQUEST: 143 - STARTED in background (active_jobs=143)
[17:47:22] REQUEST: 144 - STARTED in background (active_jobs=144)
[17:47:22] REQUEST: 145 - STARTED in background (active_jobs=145)
[17:47:22] REQUEST: 146 - STARTED in background (active_jobs=146)
[17:47:22] REQUEST: 147 - STARTED in background (active_jobs=147)
[17:47:22] REQUEST: 148 - STARTED in background (active_jobs=148)
[17:47:22] REQUEST: 149 - STARTED in background (active_jobs=149)
[17:47:22] REQUEST: 150 - STARTED in background (active_jobs=150)
[17:47:22] REQUEST: 151 - STARTED in background (active_jobs=151)
[17:47:22] REQUEST: 152 - STARTED in background (active_jobs=152)
[17:47:22] REQUEST: 153 - STARTED in background (active_jobs=153)
[17:47:22] REQUEST: 154 - STARTED in background (active_jobs=154)
[17:47:22] REQUEST: 155 - STARTED in background (active_jobs=155)
[17:47:22] REQUEST: 156 - STARTED in background (active_jobs=156)
[17:47:22] REQUEST: 157 - STARTED in background (active_jobs=157)
[17:47:22] REQUEST: 3 - COMPLETED
[17:47:22] REQUEST: 158 - STARTED in background (active_jobs=158)
[17:47:22] REQUEST: 159 - STARTED in background (active_jobs=159)
[17:47:22] REQUEST: 160 - STARTED in background (active_jobs=160)
[17:47:22] REQUEST: 161 - STARTED in background (active_jobs=161)
[17:47:22] REQUEST: 162 - STARTED in background (active_jobs=162)
[17:47:22] REQUEST: 163 - STARTED in background (active_jobs=163)
[17:47:22] REQUEST: 164 - STARTED in background (active_jobs=164)
[17:47:22] REQUEST: 165 - STARTED in background (active_jobs=165)
[17:47:22] REQUEST: 166 - STARTED in background (active_jobs=166)
[17:47:22] REQUEST: 167 - STARTED in background (active_jobs=167)
[17:47:22] REQUEST: 168 - STARTED in background (active_jobs=168)
[17:47:22] REQUEST: 169 - STARTED in background (active_jobs=169)
[17:47:22] REQUEST: 170 - STARTED in background (active_jobs=170)
[17:47:22] REQUEST: 171 - STARTED in background (active_jobs=171)
[17:47:22] REQUEST: 172 - STARTED in background (active_jobs=172)
[17:47:22] REQUEST: 173 - STARTED in background (active_jobs=173)
[17:47:22] REQUEST: 174 - STARTED in background (active_jobs=174)
[17:47:22] REQUEST: 8 - COMPLETED
[17:47:22] REQUEST: 175 - STARTED in background (active_jobs=175)
[17:47:22] REQUEST: 176 - STARTED in background (active_jobs=176)
[17:47:22] REQUEST: 177 - STARTED in background (active_jobs=177)
[17:47:22] REQUEST: 178 - STARTED in background (active_jobs=178)
[17:47:22] REQUEST: 179 - STARTED in background (active_jobs=179)
[17:47:22] REQUEST: 180 - STARTED in background (active_jobs=180)
[17:47:22] REQUEST: 181 - STARTED in background (active_jobs=181)
[17:47:22] REQUEST: 182 - STARTED in background (active_jobs=182)
[17:47:22] REQUEST: 183 - STARTED in background (active_jobs=183)
[17:47:22] REQUEST: 184 - STARTED in background (active_jobs=184)
[17:47:22] REQUEST: 185 - STARTED in background (active_jobs=185)
[17:47:22] REQUEST: 186 - STARTED in background (active_jobs=186)
[17:47:22] REQUEST: 187 - STARTED in background (active_jobs=187)
[17:47:22] REQUEST: 188 - STARTED in background (active_jobs=188)
[17:47:22] REQUEST: 189 - STARTED in background (active_jobs=189)
[17:47:22] REQUEST: 190 - STARTED in background (active_jobs=190)
[17:47:22] REQUEST: 191 - STARTED in background (active_jobs=191)
[17:47:22] REQUEST: 192 - STARTED in background (active_jobs=192)
[17:47:22] REQUEST: 193 - STARTED in background (active_jobs=193)
[17:47:22] REQUEST: 194 - STARTED in background (active_jobs=194)
[17:47:22] REQUEST: 195 - STARTED in background (active_jobs=195)
[17:47:22] REQUEST: 196 - STARTED in background (active_jobs=196)
[17:47:22] REQUEST: 197 - STARTED in background (active_jobs=197)
[17:47:22] REQUEST: 198 - STARTED in background (active_jobs=198)
[17:47:22] REQUEST: 199 - STARTED in background (active_jobs=199)
[17:47:22] REQUEST: 200 - STARTED in background (active_jobs=200)
[17:47:22] REQUEST: 201 - STARTED in background (active_jobs=201)
[17:47:22] REQUEST: 202 - STARTED in background (active_jobs=202)
[17:47:22] REQUEST: 203 - STARTED in background (active_jobs=203)
[17:47:22] REQUEST: 204 - STARTED in background (active_jobs=204)
[17:47:22] REQUEST: 205 - STARTED in background (active_jobs=205)
[17:47:22] REQUEST: 206 - STARTED in background (active_jobs=206)
[17:47:22] REQUEST: 207 - STARTED in background (active_jobs=207)
[17:47:22] REQUEST: 208 - STARTED in background (active_jobs=208)
[17:47:22] REQUEST: 209 - STARTED in background (active_jobs=209)
[17:47:22] REQUEST: 210 - STARTED in background (active_jobs=210)
[17:47:22] REQUEST: 211 - STARTED in background (active_jobs=211)
[17:47:22] REQUEST: 212 - STARTED in background (active_jobs=212)
[17:47:22] REQUEST: 213 - STARTED in background (active_jobs=213)
[17:47:22] REQUEST: 214 - STARTED in background (active_jobs=214)
[17:47:22] REQUEST: 215 - STARTED in background (active_jobs=215)
[17:47:22] REQUEST: 216 - STARTED in background (active_jobs=216)
[17:47:22] REQUEST: 217 - STARTED in background (active_jobs=217)
[17:47:22] REQUEST: 218 - STARTED in background (active_jobs=218)
[17:47:22] REQUEST: 219 - STARTED in background (active_jobs=219)
[17:47:22] REQUEST: 220 - STARTED in background (active_jobs=220)
[17:47:22] REQUEST: 221 - STARTED in background (active_jobs=221)
[17:47:22] REQUEST: 222 - STARTED in background (active_jobs=222)
[17:47:22] REQUEST: 223 - STARTED in background (active_jobs=223)
[17:47:22] REQUEST: 224 - STARTED in background (active_jobs=224)
[17:47:22] REQUEST: 225 - STARTED in background (active_jobs=225)
[17:47:22] REQUEST: 226 - STARTED in background (active_jobs=226)
[17:47:22] REQUEST: 227 - STARTED in background (active_jobs=227)
[17:47:22] REQUEST: 228 - STARTED in background (active_jobs=228)
[17:47:22] REQUEST: 229 - STARTED in background (active_jobs=229)
[17:47:22] REQUEST: 230 - STARTED in background (active_jobs=230)
[17:47:22] REQUEST: 231 - STARTED in background (active_jobs=231)
[17:47:22] REQUEST: 232 - STARTED in background (active_jobs=232)
[17:47:22] REQUEST: 233 - STARTED in background (active_jobs=233)
[17:47:22] REQUEST: 234 - STARTED in background (active_jobs=234)
[17:47:22] REQUEST: 235 - STARTED in background (active_jobs=235)
[17:47:22] REQUEST: 236 - STARTED in background (active_jobs=236)
[17:47:22] REQUEST: 237 - STARTED in background (active_jobs=237)
[17:47:22] REQUEST: 238 - STARTED in background (active_jobs=238)
[17:47:22] REQUEST: 239 - STARTED in background (active_jobs=239)
[17:47:22] REQUEST: 240 - STARTED in background (active_jobs=240)
[17:47:22] REQUEST: 241 - STARTED in background (active_jobs=241)
[17:47:22] REQUEST: 242 - STARTED in background (active_jobs=242)
[17:47:22] REQUEST: 243 - STARTED in background (active_jobs=243)
[17:47:22] REQUEST: 244 - STARTED in background (active_jobs=244)
[17:47:22] REQUEST: 245 - STARTED in background (active_jobs=245)
[17:47:22] REQUEST: 246 - STARTED in background (active_jobs=246)
[17:47:22] REQUEST: 247 - STARTED in background (active_jobs=247)
[17:47:22] REQUEST: 248 - STARTED in background (active_jobs=248)
[17:47:22] REQUEST: 249 - STARTED in background (active_jobs=249)
[17:47:22] REQUEST: 250 - STARTED in background (active_jobs=250)
[17:47:22] REQUEST: 251 - STARTED in background (active_jobs=251)
[17:47:22] REQUEST: 252 - STARTED in background (active_jobs=252)
[17:47:22] REQUEST: 253 - STARTED in background (active_jobs=253)
[17:47:22] REQUEST: 254 - STARTED in background (active_jobs=254)
[17:47:22] REQUEST: 255 - STARTED in background (active_jobs=255)
[17:47:22] REQUEST: 256 - STARTED in background (active_jobs=256)
[17:47:22] REQUEST: 257 - STARTED in background (active_jobs=257)
[17:47:22] REQUEST: 258 - STARTED in background (active_jobs=258)
[17:47:22] REQUEST: 259 - STARTED in background (active_jobs=259)
[17:47:22] REQUEST: 260 - STARTED in background (active_jobs=260)
[17:47:22] REQUEST: 261 - STARTED in background (active_jobs=261)
[17:47:22] REQUEST: 262 - STARTED in background (active_jobs=262)
[17:47:22] REQUEST: 263 - STARTED in background (active_jobs=263)
[17:47:22] REQUEST: 264 - STARTED in background (active_jobs=264)
[17:47:22] REQUEST: 265 - STARTED in background (active_jobs=265)
[17:47:22] REQUEST: 266 - STARTED in background (active_jobs=266)
[17:47:22] REQUEST: 267 - STARTED in background (active_jobs=267)
[17:47:22] REQUEST: 7 - COMPLETED
[17:47:22] REQUEST: 268 - STARTED in background (active_jobs=268)
[17:47:22] REQUEST: 269 - STARTED in background (active_jobs=269)
[17:47:22] REQUEST: 270 - STARTED in background (active_jobs=270)
[17:47:22] REQUEST: 271 - STARTED in background (active_jobs=271)
[17:47:22] REQUEST: 272 - STARTED in background (active_jobs=272)
[17:47:22] REQUEST: 273 - STARTED in background (active_jobs=273)
[17:47:22] REQUEST: 274 - STARTED in background (active_jobs=274)
[17:47:22] REQUEST: 275 - STARTED in background (active_jobs=275)
[17:47:22] REQUEST: 276 - STARTED in background (active_jobs=276)
[17:47:22] REQUEST: 277 - STARTED in background (active_jobs=277)
[17:47:22] REQUEST: 278 - STARTED in background (active_jobs=278)
[17:47:22] REQUEST: 279 - STARTED in background (active_jobs=279)
[17:47:22] REQUEST: 280 - STARTED in background (active_jobs=280)
[17:47:22] REQUEST: 281 - STARTED in background (active_jobs=281)
[17:47:22] REQUEST: 282 - STARTED in background (active_jobs=282)
[17:47:22] REQUEST: 283 - STARTED in background (active_jobs=283)
[17:47:22] REQUEST: 284 - STARTED in background (active_jobs=284)
[17:47:22] REQUEST: 285 - STARTED in background (active_jobs=285)
[17:47:22] REQUEST: 286 - STARTED in background (active_jobs=286)
[17:47:22] REQUEST: 287 - STARTED in background (active_jobs=287)
[17:47:22] REQUEST: 288 - STARTED in background (active_jobs=288)
[17:47:22] REQUEST: 10 - COMPLETED
[17:47:22] REQUEST: 289 - STARTED in background (active_jobs=289)
[17:47:22] REQUEST: 290 - STARTED in background (active_jobs=290)
[17:47:22] REQUEST: 291 - STARTED in background (active_jobs=291)
[17:47:22] REQUEST: 292 - STARTED in background (active_jobs=292)
[17:47:22] REQUEST: 293 - STARTED in background (active_jobs=293)
[17:47:22] REQUEST: 294 - STARTED in background (active_jobs=294)
[17:47:22] REQUEST: 295 - STARTED in background (active_jobs=295)
[17:47:22] REQUEST: 296 - STARTED in background (active_jobs=296)
[17:47:22] REQUEST: 297 - STARTED in background (active_jobs=297)
[17:47:22] REQUEST: 298 - STARTED in background (active_jobs=298)
[17:47:22] REQUEST: 299 - STARTED in background (active_jobs=299)
[17:47:22] REQUEST: 300 - STARTED in background (active_jobs=300)
[17:47:22] REQUEST: 301 - STARTED in background (active_jobs=301)
[17:47:22] REQUEST: 302 - STARTED in background (active_jobs=302)
[17:47:22] REQUEST: 303 - STARTED in background (active_jobs=303)
[17:47:22] REQUEST: 304 - STARTED in background (active_jobs=304)
[17:47:22] REQUEST: 305 - STARTED in background (active_jobs=305)
[17:47:22] REQUEST: 306 - STARTED in background (active_jobs=306)
[17:47:22] REQUEST: 307 - STARTED in background (active_jobs=307)
[17:47:22] REQUEST: 308 - STARTED in background (active_jobs=308)
[17:47:22] REQUEST: 309 - STARTED in background (active_jobs=309)
[17:47:22] REQUEST: 310 - STARTED in background (active_jobs=310)
[17:47:22] REQUEST: 311 - STARTED in background (active_jobs=311)
[17:47:22] REQUEST: 312 - STARTED in background (active_jobs=312)
[17:47:22] REQUEST: 313 - STARTED in background (active_jobs=313)
[17:47:22] REQUEST: 314 - STARTED in background (active_jobs=314)
[17:47:22] REQUEST: 315 - STARTED in background (active_jobs=315)
[17:47:22] REQUEST: 316 - STARTED in background (active_jobs=316)
[17:47:22] REQUEST: 317 - STARTED in background (active_jobs=317)
[17:47:22] REQUEST: 318 - STARTED in background (active_jobs=318)
[17:47:22] REQUEST: 319 - STARTED in background (active_jobs=319)
[17:47:22] REQUEST: 320 - STARTED in background (active_jobs=320)
[17:47:22] REQUEST: 321 - STARTED in background (active_jobs=321)
[17:47:22] REQUEST: 322 - STARTED in background (active_jobs=322)
[17:47:22] REQUEST: 323 - STARTED in background (active_jobs=323)
[17:47:22] REQUEST: 324 - STARTED in background (active_jobs=324)
[17:47:22] REQUEST: 9 - COMPLETED
[17:47:22] REQUEST: 325 - STARTED in background (active_jobs=325)
[17:47:22] REQUEST: 326 - STARTED in background (active_jobs=326)
[17:47:22] REQUEST: 327 - STARTED in background (active_jobs=327)
[17:47:22] REQUEST: 328 - STARTED in background (active_jobs=328)
[17:47:22] REQUEST: 329 - STARTED in background (active_jobs=329)
[17:47:22] REQUEST: 330 - STARTED in background (active_jobs=330)
[17:47:22] REQUEST: 331 - STARTED in background (active_jobs=331)
[17:47:22] REQUEST: 332 - STARTED in background (active_jobs=332)
[17:47:22] REQUEST: 333 - STARTED in background (active_jobs=333)
[17:47:22] REQUEST: 334 - STARTED in background (active_jobs=334)
[17:47:22] REQUEST: 335 - STARTED in background (active_jobs=335)
[17:47:22] REQUEST: 336 - STARTED in background (active_jobs=336)
[17:47:22] REQUEST: 337 - STARTED in background (active_jobs=337)
[17:47:22] REQUEST: 338 - STARTED in background (active_jobs=338)
[17:47:22] REQUEST: 339 - STARTED in background (active_jobs=339)
[17:47:22] REQUEST: 340 - STARTED in background (active_jobs=340)
[17:47:22] REQUEST: 44 - COMPLETED
[17:47:22] REQUEST: 341 - STARTED in background (active_jobs=341)
[17:47:22] REQUEST: 342 - STARTED in background (active_jobs=342)
[17:47:22] REQUEST: 343 - STARTED in background (active_jobs=343)
[17:47:22] REQUEST: 344 - STARTED in background (active_jobs=344)
[17:47:22] REQUEST: 345 - STARTED in background (active_jobs=345)
[17:47:22] REQUEST: 346 - STARTED in background (active_jobs=346)
[17:47:22] REQUEST: 347 - STARTED in background (active_jobs=347)
[17:47:22] REQUEST: 348 - STARTED in background (active_jobs=348)
[17:47:22] REQUEST: 349 - STARTED in background (active_jobs=349)
[17:47:22] REQUEST: 350 - STARTED in background (active_jobs=350)
[17:47:22] REQUEST: 351 - STARTED in background (active_jobs=351)
[17:47:22] REQUEST: 352 - STARTED in background (active_jobs=352)
[17:47:22] REQUEST: 353 - STARTED in background (active_jobs=353)
[17:47:22] REQUEST: 354 - STARTED in background (active_jobs=354)
[17:47:22] REQUEST: 355 - STARTED in background (active_jobs=355)
[17:47:22] REQUEST: 356 - STARTED in background (active_jobs=356)
[17:47:22] REQUEST: 357 - STARTED in background (active_jobs=357)
[17:47:22] REQUEST: 22 - COMPLETED
[17:47:22] REQUEST: 358 - STARTED in background (active_jobs=358)
[17:47:22] REQUEST: 359 - STARTED in background (active_jobs=359)
[17:47:22] REQUEST: 360 - STARTED in background (active_jobs=360)
[17:47:22] REQUEST: 361 - STARTED in background (active_jobs=361)
[17:47:22] REQUEST: 362 - STARTED in background (active_jobs=362)
[17:47:22] REQUEST: 363 - STARTED in background (active_jobs=363)
[17:47:22] REQUEST: 364 - STARTED in background (active_jobs=364)
[17:47:22] REQUEST: 365 - STARTED in background (active_jobs=365)
[17:47:22] REQUEST: 366 - STARTED in background (active_jobs=366)
[17:47:22] REQUEST: 367 - STARTED in background (active_jobs=367)
[17:47:22] REQUEST: 368 - STARTED in background (active_jobs=368)
[17:47:22] REQUEST: 369 - STARTED in background (active_jobs=369)
[17:47:22] REQUEST: 370 - STARTED in background (active_jobs=370)
[17:47:22] REQUEST: 371 - STARTED in background (active_jobs=371)
[17:47:22] REQUEST: 372 - STARTED in background (active_jobs=372)
[17:47:22] REQUEST: 373 - STARTED in background (active_jobs=373)
[17:47:22] REQUEST: 374 - STARTED in background (active_jobs=374)
[17:47:22] REQUEST: 375 - STARTED in background (active_jobs=375)
[17:47:22] REQUEST: 376 - STARTED in background (active_jobs=376)
[17:47:22] REQUEST: 377 - STARTED in background (active_jobs=377)
[17:47:22] REQUEST: 378 - STARTED in background (active_jobs=378)
[17:47:22] REQUEST: 379 - STARTED in background (active_jobs=379)
[17:47:22] REQUEST: 380 - STARTED in background (active_jobs=380)
[17:47:22] REQUEST: 381 - STARTED in background (active_jobs=381)
[17:47:22] REQUEST: 382 - STARTED in background (active_jobs=382)
[17:47:22] REQUEST: 383 - STARTED in background (active_jobs=383)
[17:47:22] REQUEST: 384 - STARTED in background (active_jobs=384)
[17:47:22] REQUEST: 385 - STARTED in background (active_jobs=385)
[17:47:22] REQUEST: 386 - STARTED in background (active_jobs=386)
[17:47:22] REQUEST: 387 - STARTED in background (active_jobs=387)
[17:47:22] REQUEST: 388 - STARTED in background (active_jobs=388)
[17:47:22] REQUEST: 389 - STARTED in background (active_jobs=389)
[17:47:22] REQUEST: 390 - STARTED in background (active_jobs=390)
[17:47:22] REQUEST: 391 - STARTED in background (active_jobs=391)
[17:47:22] REQUEST: 392 - STARTED in background (active_jobs=392)
[17:47:22] REQUEST: 393 - STARTED in background (active_jobs=393)
[17:47:22] REQUEST: 394 - STARTED in background (active_jobs=394)
[17:47:22] REQUEST: 395 - STARTED in background (active_jobs=395)
[17:47:22] REQUEST: 396 - STARTED in background (active_jobs=396)
[17:47:22] REQUEST: 397 - STARTED in background (active_jobs=397)
[17:47:22] REQUEST: 398 - STARTED in background (active_jobs=398)
[17:47:22] REQUEST: 399 - STARTED in background (active_jobs=399)
[17:47:22] REQUEST: 400 - STARTED in background (active_jobs=400)
[17:47:22] WAITING -> active_jobs=400
[17:47:22] RESUMING -> a request finished (active_jobs=399)
[17:47:22] ALL REQUESTS LAUNCHED
[17:47:22] WAITING for remaining requests to finish (active_jobs=399)
[17:47:22] REQUEST COMPLETED -> remaining active_jobs=398
[17:47:22] WAITING for remaining requests to finish (active_jobs=398)
[17:47:22] REQUEST COMPLETED -> remaining active_jobs=397
[17:47:22] WAITING for remaining requests to finish (active_jobs=397)
[17:47:22] REQUEST COMPLETED -> remaining active_jobs=396
[17:47:22] WAITING for remaining requests to finish (active_jobs=396)
[17:47:22] REQUEST COMPLETED -> remaining active_jobs=395
[17:47:22] WAITING for remaining requests to finish (active_jobs=395)
[17:47:22] REQUEST COMPLETED -> remaining active_jobs=394
[17:47:22] WAITING for remaining requests to finish (active_jobs=394)
[17:47:22] REQUEST COMPLETED -> remaining active_jobs=393
[17:47:23] WAITING for remaining requests to finish (active_jobs=393)
[17:47:23] REQUEST: 54 - COMPLETED
[17:47:23] REQUEST COMPLETED -> remaining active_jobs=392
[17:47:23] WAITING for remaining requests to finish (active_jobs=392)
[17:47:23] REQUEST: 2 - COMPLETED
[17:47:23] REQUEST COMPLETED -> remaining active_jobs=391
[17:47:23] WAITING for remaining requests to finish (active_jobs=391)
[17:47:23] REQUEST: 6 - COMPLETED
[17:47:23] REQUEST COMPLETED -> remaining active_jobs=390
[17:47:23] WAITING for remaining requests to finish (active_jobs=390)
[17:47:23] REQUEST: 55 - COMPLETED
[17:47:23] REQUEST COMPLETED -> remaining active_jobs=389
[17:47:23] WAITING for remaining requests to finish (active_jobs=389)
[17:47:23] REQUEST: 42 - COMPLETED
[17:47:23] REQUEST COMPLETED -> remaining active_jobs=388
[17:47:23] WAITING for remaining requests to finish (active_jobs=388)
[17:47:24] REQUEST: 237 - COMPLETED
[17:47:24] REQUEST COMPLETED -> remaining active_jobs=387
[17:47:24] WAITING for remaining requests to finish (active_jobs=387)
[17:47:24] REQUEST: 15 - COMPLETED
[17:47:24] REQUEST COMPLETED -> remaining active_jobs=386
[17:47:24] WAITING for remaining requests to finish (active_jobs=386)
[17:47:24] REQUEST: 36 - COMPLETED
[17:47:24] REQUEST COMPLETED -> remaining active_jobs=385
[17:47:24] WAITING for remaining requests to finish (active_jobs=385)
[17:47:24] REQUEST: 18 - COMPLETED
[17:47:24] REQUEST COMPLETED -> remaining active_jobs=384
[17:47:24] WAITING for remaining requests to finish (active_jobs=384)
[17:47:24] REQUEST: 61 - COMPLETED
[17:47:24] REQUEST COMPLETED -> remaining active_jobs=383
[17:47:24] WAITING for remaining requests to finish (active_jobs=383)
[17:47:24] REQUEST: 117 - COMPLETED
[17:47:24] REQUEST COMPLETED -> remaining active_jobs=382
[17:47:24] WAITING for remaining requests to finish (active_jobs=382)
[17:47:24] REQUEST: 73 - COMPLETED
[17:47:24] REQUEST COMPLETED -> remaining active_jobs=381
[17:47:24] WAITING for remaining requests to finish (active_jobs=381)
[17:47:25] REQUEST: 33 - COMPLETED
[17:47:25] REQUEST COMPLETED -> remaining active_jobs=380
[17:47:25] WAITING for remaining requests to finish (active_jobs=380)
[17:47:25] REQUEST: 138 - COMPLETED
[17:47:25] REQUEST COMPLETED -> remaining active_jobs=379
[17:47:25] WAITING for remaining requests to finish (active_jobs=379)
[17:47:25] REQUEST: 62 - COMPLETED
[17:47:25] REQUEST COMPLETED -> remaining active_jobs=378
[17:47:25] REQUEST: 24 - COMPLETED
[17:47:25] WAITING for remaining requests to finish (active_jobs=378)
[17:47:25] REQUEST COMPLETED -> remaining active_jobs=377
[17:47:25] WAITING for remaining requests to finish (active_jobs=377)
[17:47:25] REQUEST: 39 - COMPLETED
[17:47:25] REQUEST COMPLETED -> remaining active_jobs=376
[17:47:25] WAITING for remaining requests to finish (active_jobs=376)
[17:47:25] REQUEST: 143 - COMPLETED
[17:47:25] REQUEST COMPLETED -> remaining active_jobs=375
[17:47:25] WAITING for remaining requests to finish (active_jobs=375)
[17:47:25] REQUEST: 121 - COMPLETED
[17:47:25] REQUEST COMPLETED -> remaining active_jobs=374
[17:47:25] WAITING for remaining requests to finish (active_jobs=374)
[17:47:25] REQUEST: 21 - COMPLETED
[17:47:25] REQUEST COMPLETED -> remaining active_jobs=373
[17:47:25] WAITING for remaining requests to finish (active_jobs=373)
[17:47:25] REQUEST: 23 - COMPLETED
[17:47:25] REQUEST COMPLETED -> remaining active_jobs=372
[17:47:25] WAITING for remaining requests to finish (active_jobs=372)
[17:47:25] REQUEST: 112 - COMPLETED
[17:47:25] REQUEST COMPLETED -> remaining active_jobs=371
[17:47:25] WAITING for remaining requests to finish (active_jobs=371)
[17:47:25] REQUEST: 71 - COMPLETED
[17:47:25] REQUEST COMPLETED -> remaining active_jobs=370
[17:47:25] WAITING for remaining requests to finish (active_jobs=370)
[17:47:25] REQUEST: 40 - COMPLETED
[17:47:25] REQUEST COMPLETED -> remaining active_jobs=369
[17:47:25] WAITING for remaining requests to finish (active_jobs=369)
[17:47:25] REQUEST: 74 - COMPLETED
[17:47:25] REQUEST COMPLETED -> remaining active_jobs=368
[17:47:25] WAITING for remaining requests to finish (active_jobs=368)
[17:47:26] REQUEST: 19 - COMPLETED
[17:47:26] REQUEST COMPLETED -> remaining active_jobs=367
[17:47:26] WAITING for remaining requests to finish (active_jobs=367)
[17:47:26] REQUEST: 131 - COMPLETED
[17:47:26] REQUEST COMPLETED -> remaining active_jobs=366
[17:47:26] WAITING for remaining requests to finish (active_jobs=366)
[17:47:26] REQUEST: 160 - COMPLETED
[17:47:26] REQUEST COMPLETED -> remaining active_jobs=365
[17:47:26] WAITING for remaining requests to finish (active_jobs=365)
[17:47:26] REQUEST: 125 - COMPLETED
[17:47:26] REQUEST COMPLETED -> remaining active_jobs=364
[17:47:26] WAITING for remaining requests to finish (active_jobs=364)
[17:47:26] REQUEST: 232 - COMPLETED
[17:47:26] REQUEST COMPLETED -> remaining active_jobs=363
[17:47:26] WAITING for remaining requests to finish (active_jobs=363)
[17:47:26] REQUEST: 51 - COMPLETED
[17:47:26] REQUEST COMPLETED -> remaining active_jobs=362
[17:47:26] WAITING for remaining requests to finish (active_jobs=362)
[17:47:26] REQUEST: 69 - COMPLETED
[17:47:26] REQUEST COMPLETED -> remaining active_jobs=361
[17:47:26] WAITING for remaining requests to finish (active_jobs=361)
[17:47:26] REQUEST: 219 - COMPLETED
[17:47:26] REQUEST COMPLETED -> remaining active_jobs=360
[17:47:26] WAITING for remaining requests to finish (active_jobs=360)
[17:47:26] REQUEST: 139 - COMPLETED
[17:47:26] REQUEST COMPLETED -> remaining active_jobs=359
[17:47:26] WAITING for remaining requests to finish (active_jobs=359)
[17:47:26] REQUEST: 47 - COMPLETED
[17:47:26] REQUEST COMPLETED -> remaining active_jobs=358
[17:47:26] WAITING for remaining requests to finish (active_jobs=358)
[17:47:26] REQUEST: 98 - COMPLETED
[17:47:26] REQUEST COMPLETED -> remaining active_jobs=357
[17:47:26] WAITING for remaining requests to finish (active_jobs=357)
[17:47:26] REQUEST: 140 - COMPLETED
[17:47:26] REQUEST COMPLETED -> remaining active_jobs=356
[17:47:26] WAITING for remaining requests to finish (active_jobs=356)
[17:47:26] REQUEST: 88 - COMPLETED
[17:47:26] REQUEST COMPLETED -> remaining active_jobs=355
[17:47:26] WAITING for remaining requests to finish (active_jobs=355)
[17:47:27] REQUEST: 43 - COMPLETED
[17:47:27] REQUEST COMPLETED -> remaining active_jobs=354
[17:47:27] WAITING for remaining requests to finish (active_jobs=354)
[17:47:27] REQUEST: 158 - COMPLETED
[17:47:27] REQUEST COMPLETED -> remaining active_jobs=353
[17:47:27] WAITING for remaining requests to finish (active_jobs=353)
[17:47:27] REQUEST: 26 - COMPLETED
[17:47:27] REQUEST COMPLETED -> remaining active_jobs=352
[17:47:27] WAITING for remaining requests to finish (active_jobs=352)
[17:47:27] REQUEST: 275 - COMPLETED
[17:47:27] REQUEST COMPLETED -> remaining active_jobs=351
[17:47:27] WAITING for remaining requests to finish (active_jobs=351)
[17:47:27] REQUEST: 123 - COMPLETED
[17:47:27] REQUEST COMPLETED -> remaining active_jobs=350
[17:47:27] WAITING for remaining requests to finish (active_jobs=350)
[17:47:27] REQUEST: 63 - COMPLETED
[17:47:27] REQUEST COMPLETED -> remaining active_jobs=349
[17:47:27] WAITING for remaining requests to finish (active_jobs=349)
[17:47:27] REQUEST: 64 - COMPLETED
[17:47:27] REQUEST COMPLETED -> remaining active_jobs=348
[17:47:27] WAITING for remaining requests to finish (active_jobs=348)
[17:47:27] REQUEST: 296 - COMPLETED
[17:47:27] REQUEST COMPLETED -> remaining active_jobs=347
[17:47:27] WAITING for remaining requests to finish (active_jobs=347)
[17:47:27] REQUEST: 199 - COMPLETED
[17:47:27] REQUEST COMPLETED -> remaining active_jobs=346
[17:47:27] WAITING for remaining requests to finish (active_jobs=346)
[17:47:27] REQUEST: 132 - COMPLETED
[17:47:27] REQUEST COMPLETED -> remaining active_jobs=345
[17:47:27] WAITING for remaining requests to finish (active_jobs=345)
[17:47:27] REQUEST: 252 - COMPLETED
[17:47:27] REQUEST COMPLETED -> remaining active_jobs=344
[17:47:27] WAITING for remaining requests to finish (active_jobs=344)
[17:47:27] REQUEST: 168 - COMPLETED
[17:47:27] REQUEST COMPLETED -> remaining active_jobs=343
[17:47:27] WAITING for remaining requests to finish (active_jobs=343)
[17:47:28] REQUEST: 301 - COMPLETED
[17:47:28] REQUEST COMPLETED -> remaining active_jobs=342
[17:47:28] WAITING for remaining requests to finish (active_jobs=342)
[17:47:28] REQUEST: 46 - COMPLETED
[17:47:28] REQUEST COMPLETED -> remaining active_jobs=341
[17:47:28] WAITING for remaining requests to finish (active_jobs=341)
[17:47:28] REQUEST: 5 - COMPLETED
[17:47:28] REQUEST COMPLETED -> remaining active_jobs=340
[17:47:28] WAITING for remaining requests to finish (active_jobs=340)
[17:47:28] REQUEST: 82 - COMPLETED
[17:47:28] REQUEST COMPLETED -> remaining active_jobs=339
[17:47:28] WAITING for remaining requests to finish (active_jobs=339)
[17:47:28] REQUEST: 223 - COMPLETED
[17:47:28] REQUEST COMPLETED -> remaining active_jobs=338
[17:47:28] WAITING for remaining requests to finish (active_jobs=338)
[17:47:28] REQUEST: 180 - COMPLETED
[17:47:28] REQUEST COMPLETED -> remaining active_jobs=337
[17:47:28] WAITING for remaining requests to finish (active_jobs=337)
[17:47:28] REQUEST: 364 - COMPLETED
[17:47:28] REQUEST COMPLETED -> remaining active_jobs=336
[17:47:28] WAITING for remaining requests to finish (active_jobs=336)
[17:47:28] REQUEST: 38 - COMPLETED
[17:47:28] REQUEST COMPLETED -> remaining active_jobs=335
[17:47:28] WAITING for remaining requests to finish (active_jobs=335)
[17:47:28] REQUEST: 151 - COMPLETED
[17:47:28] REQUEST COMPLETED -> remaining active_jobs=334
[17:47:28] WAITING for remaining requests to finish (active_jobs=334)
[17:47:28] REQUEST: 183 - COMPLETED
[17:47:28] REQUEST COMPLETED -> remaining active_jobs=333
[17:47:28] WAITING for remaining requests to finish (active_jobs=333)
[17:47:28] REQUEST: 206 - COMPLETED
[17:47:28] REQUEST COMPLETED -> remaining active_jobs=332
[17:47:28] WAITING for remaining requests to finish (active_jobs=332)
[17:47:29] REQUEST: 35 - COMPLETED
[17:47:29] REQUEST COMPLETED -> remaining active_jobs=331
[17:47:29] WAITING for remaining requests to finish (active_jobs=331)
[17:47:29] REQUEST: 103 - COMPLETED
[17:47:29] REQUEST COMPLETED -> remaining active_jobs=330
[17:47:29] WAITING for remaining requests to finish (active_jobs=330)
[17:47:29] REQUEST: 148 - COMPLETED
[17:47:29] REQUEST COMPLETED -> remaining active_jobs=329
[17:47:29] WAITING for remaining requests to finish (active_jobs=329)
[17:47:29] REQUEST: 192 - COMPLETED
[17:47:29] REQUEST COMPLETED -> remaining active_jobs=328
[17:47:29] WAITING for remaining requests to finish (active_jobs=328)
[17:47:29] REQUEST: 93 - COMPLETED
[17:47:29] REQUEST COMPLETED -> remaining active_jobs=327
[17:47:29] WAITING for remaining requests to finish (active_jobs=327)
[17:47:29] REQUEST: 242 - COMPLETED
[17:47:29] REQUEST COMPLETED -> remaining active_jobs=326
[17:47:29] WAITING for remaining requests to finish (active_jobs=326)
[17:47:29] REQUEST: 108 - COMPLETED
[17:47:29] REQUEST COMPLETED -> remaining active_jobs=325
[17:47:29] WAITING for remaining requests to finish (active_jobs=325)
[17:47:29] REQUEST: 209 - COMPLETED
[17:47:29] REQUEST COMPLETED -> remaining active_jobs=324
[17:47:29] WAITING for remaining requests to finish (active_jobs=324)
[17:47:29] REQUEST: 172 - COMPLETED
[17:47:29] REQUEST COMPLETED -> remaining active_jobs=323
[17:47:29] WAITING for remaining requests to finish (active_jobs=323)
[17:47:29] REQUEST: 107 - COMPLETED
[17:47:29] REQUEST COMPLETED -> remaining active_jobs=322
[17:47:29] WAITING for remaining requests to finish (active_jobs=322)
[17:47:29] REQUEST: 165 - COMPLETED
[17:47:29] REQUEST COMPLETED -> remaining active_jobs=321
[17:47:29] WAITING for remaining requests to finish (active_jobs=321)
[17:47:29] REQUEST: 25 - COMPLETED
[17:47:29] REQUEST COMPLETED -> remaining active_jobs=320
[17:47:29] WAITING for remaining requests to finish (active_jobs=320)
[17:47:29] REQUEST: 361 - COMPLETED
[17:47:29] REQUEST COMPLETED -> remaining active_jobs=319
[17:47:29] WAITING for remaining requests to finish (active_jobs=319)
[17:47:29] REQUEST: 170 - COMPLETED
[17:47:29] REQUEST COMPLETED -> remaining active_jobs=318
[17:47:29] WAITING for remaining requests to finish (active_jobs=318)
[17:47:30] REQUEST: 145 - COMPLETED
[17:47:30] REQUEST COMPLETED -> remaining active_jobs=317
[17:47:30] WAITING for remaining requests to finish (active_jobs=317)
[17:47:30] REQUEST: 255 - COMPLETED
[17:47:30] REQUEST COMPLETED -> remaining active_jobs=316
[17:47:30] WAITING for remaining requests to finish (active_jobs=316)
[17:47:30] REQUEST: 147 - COMPLETED
[17:47:30] REQUEST COMPLETED -> remaining active_jobs=315
[17:47:30] WAITING for remaining requests to finish (active_jobs=315)
[17:47:30] REQUEST: 332 - COMPLETED
[17:47:30] REQUEST COMPLETED -> remaining active_jobs=314
[17:47:30] WAITING for remaining requests to finish (active_jobs=314)
[17:47:30] REQUEST: 29 - COMPLETED
[17:47:30] REQUEST COMPLETED -> remaining active_jobs=313
[17:47:30] WAITING for remaining requests to finish (active_jobs=313)
[17:47:30] REQUEST: 197 - COMPLETED
[17:47:30] REQUEST COMPLETED -> remaining active_jobs=312
[17:47:30] WAITING for remaining requests to finish (active_jobs=312)
[17:47:30] REQUEST: 300 - COMPLETED
[17:47:30] REQUEST COMPLETED -> remaining active_jobs=311
[17:47:30] WAITING for remaining requests to finish (active_jobs=311)
[17:47:30] REQUEST: 371 - COMPLETED
[17:47:30] REQUEST COMPLETED -> remaining active_jobs=310
[17:47:30] WAITING for remaining requests to finish (active_jobs=310)
[17:47:30] REQUEST: 81 - COMPLETED
[17:47:30] REQUEST COMPLETED -> remaining active_jobs=309
[17:47:30] WAITING for remaining requests to finish (active_jobs=309)
[17:47:30] REQUEST: 45 - COMPLETED
[17:47:30] REQUEST COMPLETED -> remaining active_jobs=308
[17:47:30] WAITING for remaining requests to finish (active_jobs=308)
[17:47:30] REQUEST: 257 - COMPLETED
[17:47:30] REQUEST COMPLETED -> remaining active_jobs=307
[17:47:30] WAITING for remaining requests to finish (active_jobs=307)
[17:47:30] REQUEST: 243 - COMPLETED
[17:47:30] REQUEST COMPLETED -> remaining active_jobs=306
[17:47:30] WAITING for remaining requests to finish (active_jobs=306)
[17:47:31] REQUEST: 57 - COMPLETED
[17:47:31] REQUEST COMPLETED -> remaining active_jobs=305
[17:47:31] WAITING for remaining requests to finish (active_jobs=305)
[17:47:31] REQUEST: 259 - COMPLETED
[17:47:31] REQUEST COMPLETED -> remaining active_jobs=304
[17:47:31] WAITING for remaining requests to finish (active_jobs=304)
[17:47:31] REQUEST: 13 - COMPLETED
[17:47:31] REQUEST COMPLETED -> remaining active_jobs=303
[17:47:31] WAITING for remaining requests to finish (active_jobs=303)
[17:47:31] REQUEST: 283 - COMPLETED
[17:47:31] REQUEST COMPLETED -> remaining active_jobs=302
[17:47:31] WAITING for remaining requests to finish (active_jobs=302)
[17:47:31] REQUEST: 337 - COMPLETED
[17:47:31] REQUEST COMPLETED -> remaining active_jobs=301
[17:47:31] WAITING for remaining requests to finish (active_jobs=301)
[17:47:31] REQUEST: 37 - COMPLETED
[17:47:31] REQUEST COMPLETED -> remaining active_jobs=300
[17:47:31] WAITING for remaining requests to finish (active_jobs=300)
[17:47:31] REQUEST: 94 - COMPLETED
[17:47:31] REQUEST COMPLETED -> remaining active_jobs=299
[17:47:31] WAITING for remaining requests to finish (active_jobs=299)
[17:47:31] REQUEST: 28 - COMPLETED
[17:47:31] REQUEST COMPLETED -> remaining active_jobs=298
[17:47:31] WAITING for remaining requests to finish (active_jobs=298)
[17:47:31] REQUEST: 185 - COMPLETED
[17:47:31] REQUEST COMPLETED -> remaining active_jobs=297
[17:47:31] WAITING for remaining requests to finish (active_jobs=297)
[17:47:31] REQUEST: 308 - COMPLETED
[17:47:31] REQUEST COMPLETED -> remaining active_jobs=296
[17:47:31] WAITING for remaining requests to finish (active_jobs=296)
[17:47:31] REQUEST: 89 - COMPLETED
[17:47:31] REQUEST COMPLETED -> remaining active_jobs=295
[17:47:31] WAITING for remaining requests to finish (active_jobs=295)
[17:47:31] REQUEST: 213 - COMPLETED
[17:47:31] REQUEST COMPLETED -> remaining active_jobs=294
[17:47:31] WAITING for remaining requests to finish (active_jobs=294)
[17:47:31] REQUEST: 16 - COMPLETED
[17:47:31] REQUEST COMPLETED -> remaining active_jobs=293
[17:47:31] WAITING for remaining requests to finish (active_jobs=293)
[17:47:31] REQUEST: 187 - COMPLETED
[17:47:31] REQUEST COMPLETED -> remaining active_jobs=292
[17:47:31] WAITING for remaining requests to finish (active_jobs=292)
[17:47:32] REQUEST: 164 - COMPLETED
[17:47:32] REQUEST COMPLETED -> remaining active_jobs=291
[17:47:32] WAITING for remaining requests to finish (active_jobs=291)
[17:47:32] REQUEST: 287 - COMPLETED
[17:47:32] REQUEST COMPLETED -> remaining active_jobs=290
[17:47:32] WAITING for remaining requests to finish (active_jobs=290)
[17:47:32] REQUEST: 309 - COMPLETED
[17:47:32] REQUEST COMPLETED -> remaining active_jobs=289
[17:47:32] WAITING for remaining requests to finish (active_jobs=289)
[17:47:32] REQUEST: 113 - COMPLETED
[17:47:32] REQUEST COMPLETED -> remaining active_jobs=288
[17:47:32] WAITING for remaining requests to finish (active_jobs=288)
[17:47:32] REQUEST: 149 - COMPLETED
[17:47:32] REQUEST COMPLETED -> remaining active_jobs=287
[17:47:32] WAITING for remaining requests to finish (active_jobs=287)
[17:47:32] REQUEST: 284 - COMPLETED
[17:47:32] REQUEST COMPLETED -> remaining active_jobs=286
[17:47:32] WAITING for remaining requests to finish (active_jobs=286)
[17:47:32] REQUEST: 400 - COMPLETED
[17:47:32] REQUEST COMPLETED -> remaining active_jobs=285
[17:47:32] WAITING for remaining requests to finish (active_jobs=285)
[17:47:32] REQUEST: 90 - COMPLETED
[17:47:32] REQUEST COMPLETED -> remaining active_jobs=284
[17:47:32] WAITING for remaining requests to finish (active_jobs=284)
[17:47:32] REQUEST: 153 - COMPLETED
[17:47:32] REQUEST COMPLETED -> remaining active_jobs=283
[17:47:32] WAITING for remaining requests to finish (active_jobs=283)
[17:47:32] REQUEST: 320 - COMPLETED
[17:47:32] REQUEST COMPLETED -> remaining active_jobs=282
[17:47:32] WAITING for remaining requests to finish (active_jobs=282)
[17:47:32] REQUEST: 333 - COMPLETED
[17:47:32] REQUEST COMPLETED -> remaining active_jobs=281
[17:47:32] WAITING for remaining requests to finish (active_jobs=281)
[17:47:32] REQUEST: 174 - COMPLETED
[17:47:32] REQUEST COMPLETED -> remaining active_jobs=280
[17:47:32] WAITING for remaining requests to finish (active_jobs=280)
[17:47:33] REQUEST: 104 - COMPLETED
[17:47:33] REQUEST COMPLETED -> remaining active_jobs=279
[17:47:33] WAITING for remaining requests to finish (active_jobs=279)
[17:47:33] REQUEST: 311 - COMPLETED
[17:47:33] REQUEST COMPLETED -> remaining active_jobs=278
[17:47:33] WAITING for remaining requests to finish (active_jobs=278)
[17:47:33] REQUEST: 370 - COMPLETED
[17:47:33] REQUEST COMPLETED -> remaining active_jobs=277
[17:47:33] WAITING for remaining requests to finish (active_jobs=277)
[17:47:33] REQUEST: 205 - COMPLETED
[17:47:33] REQUEST COMPLETED -> remaining active_jobs=276
[17:47:33] WAITING for remaining requests to finish (active_jobs=276)
[17:47:33] REQUEST: 141 - COMPLETED
[17:47:33] REQUEST COMPLETED -> remaining active_jobs=275
[17:47:33] WAITING for remaining requests to finish (active_jobs=275)
[17:47:33] REQUEST: 298 - COMPLETED
[17:47:33] REQUEST COMPLETED -> remaining active_jobs=274
[17:47:33] WAITING for remaining requests to finish (active_jobs=274)
[17:47:33] REQUEST: 330 - COMPLETED
[17:47:33] REQUEST COMPLETED -> remaining active_jobs=273
[17:47:33] WAITING for remaining requests to finish (active_jobs=273)
[17:47:33] REQUEST: 208 - COMPLETED
[17:47:33] REQUEST COMPLETED -> remaining active_jobs=272
[17:47:33] WAITING for remaining requests to finish (active_jobs=272)
[17:47:33] REQUEST: 211 - COMPLETED
[17:47:33] REQUEST COMPLETED -> remaining active_jobs=271
[17:47:33] WAITING for remaining requests to finish (active_jobs=271)
[17:47:33] REQUEST: 119 - COMPLETED
[17:47:33] REQUEST COMPLETED -> remaining active_jobs=270
[17:47:33] WAITING for remaining requests to finish (active_jobs=270)
[17:47:33] REQUEST: 345 - COMPLETED
[17:47:33] REQUEST COMPLETED -> remaining active_jobs=269
[17:47:33] WAITING for remaining requests to finish (active_jobs=269)
[17:47:33] REQUEST: 278 - COMPLETED
[17:47:33] REQUEST COMPLETED -> remaining active_jobs=268
[17:47:33] WAITING for remaining requests to finish (active_jobs=268)
[17:47:33] REQUEST: 246 - COMPLETED
[17:47:33] REQUEST COMPLETED -> remaining active_jobs=267
[17:47:33] WAITING for remaining requests to finish (active_jobs=267)
[17:47:34] REQUEST: 339 - COMPLETED
[17:47:34] REQUEST COMPLETED -> remaining active_jobs=266
[17:47:34] WAITING for remaining requests to finish (active_jobs=266)
[17:47:34] REQUEST: 60 - COMPLETED
[17:47:34] REQUEST COMPLETED -> remaining active_jobs=265
[17:47:34] WAITING for remaining requests to finish (active_jobs=265)
[17:47:34] REQUEST: 247 - COMPLETED
[17:47:34] REQUEST COMPLETED -> remaining active_jobs=264
[17:47:34] WAITING for remaining requests to finish (active_jobs=264)
[17:47:34] REQUEST: 280 - COMPLETED
[17:47:34] REQUEST COMPLETED -> remaining active_jobs=263
[17:47:34] WAITING for remaining requests to finish (active_jobs=263)
[17:47:34] REQUEST: 234 - COMPLETED
[17:47:34] REQUEST COMPLETED -> remaining active_jobs=262
[17:47:34] WAITING for remaining requests to finish (active_jobs=262)
[17:47:34] REQUEST: 367 - COMPLETED
[17:47:34] REQUEST COMPLETED -> remaining active_jobs=261
[17:47:34] WAITING for remaining requests to finish (active_jobs=261)
[17:47:34] REQUEST: 390 - COMPLETED
[17:47:34] REQUEST COMPLETED -> remaining active_jobs=260
[17:47:34] WAITING for remaining requests to finish (active_jobs=260)
[17:47:34] REQUEST: 263 - COMPLETED
[17:47:34] REQUEST COMPLETED -> remaining active_jobs=259
[17:47:34] WAITING for remaining requests to finish (active_jobs=259)
[17:47:34] REQUEST: 292 - COMPLETED
[17:47:34] REQUEST COMPLETED -> remaining active_jobs=258
[17:47:34] WAITING for remaining requests to finish (active_jobs=258)
[17:47:34] REQUEST: 236 - COMPLETED
[17:47:34] REQUEST COMPLETED -> remaining active_jobs=257
[17:47:34] WAITING for remaining requests to finish (active_jobs=257)
[17:47:34] REQUEST: 68 - COMPLETED
[17:47:34] REQUEST COMPLETED -> remaining active_jobs=256
[17:47:34] WAITING for remaining requests to finish (active_jobs=256)
[17:47:34] REQUEST: 115 - COMPLETED
[17:47:34] REQUEST COMPLETED -> remaining active_jobs=255
[17:47:34] WAITING for remaining requests to finish (active_jobs=255)
[17:47:34] REQUEST: 331 - COMPLETED
[17:47:34] REQUEST COMPLETED -> remaining active_jobs=254
[17:47:34] WAITING for remaining requests to finish (active_jobs=254)
[17:47:35] REQUEST: 269 - COMPLETED
[17:47:35] REQUEST COMPLETED -> remaining active_jobs=253
[17:47:35] WAITING for remaining requests to finish (active_jobs=253)
[17:47:35] REQUEST: 201 - COMPLETED
[17:47:35] REQUEST COMPLETED -> remaining active_jobs=252
[17:47:35] WAITING for remaining requests to finish (active_jobs=252)
[17:47:35] REQUEST: 85 - COMPLETED
[17:47:35] REQUEST COMPLETED -> remaining active_jobs=251
[17:47:35] WAITING for remaining requests to finish (active_jobs=251)
[17:47:35] REQUEST: 262 - COMPLETED
[17:47:35] REQUEST COMPLETED -> remaining active_jobs=250
[17:47:35] WAITING for remaining requests to finish (active_jobs=250)
[17:47:35] REQUEST: 99 - COMPLETED
[17:47:35] REQUEST COMPLETED -> remaining active_jobs=249
[17:47:35] WAITING for remaining requests to finish (active_jobs=249)
[17:47:35] REQUEST: 110 - COMPLETED
[17:47:35] REQUEST COMPLETED -> remaining active_jobs=248
[17:47:35] WAITING for remaining requests to finish (active_jobs=248)
[17:47:35] REQUEST: 321 - COMPLETED
[17:47:35] REQUEST COMPLETED -> remaining active_jobs=247
[17:47:35] WAITING for remaining requests to finish (active_jobs=247)
[17:47:35] REQUEST: 173 - COMPLETED
[17:47:35] REQUEST COMPLETED -> remaining active_jobs=246
[17:47:35] WAITING for remaining requests to finish (active_jobs=246)
[17:47:35] REQUEST: 49 - COMPLETED
[17:47:35] REQUEST COMPLETED -> remaining active_jobs=245
[17:47:35] WAITING for remaining requests to finish (active_jobs=245)
[17:47:35] REQUEST: 343 - COMPLETED
[17:47:35] REQUEST COMPLETED -> remaining active_jobs=244
[17:47:35] WAITING for remaining requests to finish (active_jobs=244)
[17:47:35] REQUEST: 325 - COMPLETED
[17:47:35] REQUEST COMPLETED -> remaining active_jobs=243
[17:47:35] WAITING for remaining requests to finish (active_jobs=243)
[17:47:35] REQUEST: 248 - COMPLETED
[17:47:35] REQUEST COMPLETED -> remaining active_jobs=242
[17:47:35] WAITING for remaining requests to finish (active_jobs=242)
[17:47:36] REQUEST: 316 - COMPLETED
[17:47:36] REQUEST COMPLETED -> remaining active_jobs=241
[17:47:36] WAITING for remaining requests to finish (active_jobs=241)
[17:47:36] REQUEST: 101 - COMPLETED
[17:47:36] REQUEST COMPLETED -> remaining active_jobs=240
[17:47:36] WAITING for remaining requests to finish (active_jobs=240)
[17:47:36] REQUEST: 277 - COMPLETED
[17:47:36] REQUEST COMPLETED -> remaining active_jobs=239
[17:47:36] WAITING for remaining requests to finish (active_jobs=239)
[17:47:36] REQUEST: 135 - COMPLETED
[17:47:36] REQUEST COMPLETED -> remaining active_jobs=238
[17:47:36] WAITING for remaining requests to finish (active_jobs=238)
[17:47:36] REQUEST: 50 - COMPLETED
[17:47:36] REQUEST COMPLETED -> remaining active_jobs=237
[17:47:36] WAITING for remaining requests to finish (active_jobs=237)
[17:47:36] REQUEST: 291 - COMPLETED
[17:47:36] REQUEST COMPLETED -> remaining active_jobs=236
[17:47:36] WAITING for remaining requests to finish (active_jobs=236)
[17:47:36] REQUEST: 359 - COMPLETED
[17:47:36] REQUEST COMPLETED -> remaining active_jobs=235
[17:47:36] WAITING for remaining requests to finish (active_jobs=235)
[17:47:36] REQUEST: 293 - COMPLETED
[17:47:36] REQUEST COMPLETED -> remaining active_jobs=234
[17:47:36] WAITING for remaining requests to finish (active_jobs=234)
[17:47:36] REQUEST: 186 - COMPLETED
[17:47:36] REQUEST COMPLETED -> remaining active_jobs=233
[17:47:36] WAITING for remaining requests to finish (active_jobs=233)
[17:47:36] REQUEST: 238 - COMPLETED
[17:47:36] REQUEST COMPLETED -> remaining active_jobs=232
[17:47:36] WAITING for remaining requests to finish (active_jobs=232)
[17:47:36] REQUEST: 134 - COMPLETED
[17:47:36] REQUEST COMPLETED -> remaining active_jobs=231
[17:47:36] WAITING for remaining requests to finish (active_jobs=231)
[17:47:36] REQUEST: 27 - COMPLETED
[17:47:36] REQUEST COMPLETED -> remaining active_jobs=230
[17:47:36] WAITING for remaining requests to finish (active_jobs=230)
[17:47:36] REQUEST: 118 - COMPLETED
[17:47:36] REQUEST COMPLETED -> remaining active_jobs=229
[17:47:36] WAITING for remaining requests to finish (active_jobs=229)
[17:47:36] REQUEST: 319 - COMPLETED
[17:47:36] REQUEST COMPLETED -> remaining active_jobs=228
[17:47:36] WAITING for remaining requests to finish (active_jobs=228)
[17:47:37] REQUEST: 245 - COMPLETED
[17:47:37] REQUEST COMPLETED -> remaining active_jobs=227
[17:47:37] WAITING for remaining requests to finish (active_jobs=227)
[17:47:37] REQUEST: 326 - COMPLETED
[17:47:37] REQUEST COMPLETED -> remaining active_jobs=226
[17:47:37] WAITING for remaining requests to finish (active_jobs=226)
[17:47:37] REQUEST: 288 - COMPLETED
[17:47:37] REQUEST COMPLETED -> remaining active_jobs=225
[17:47:37] WAITING for remaining requests to finish (active_jobs=225)
[17:47:37] REQUEST: 395 - COMPLETED
[17:47:37] REQUEST COMPLETED -> remaining active_jobs=224
[17:47:37] WAITING for remaining requests to finish (active_jobs=224)
[17:47:37] REQUEST: 336 - COMPLETED
[17:47:37] REQUEST COMPLETED -> remaining active_jobs=223
[17:47:37] WAITING for remaining requests to finish (active_jobs=223)
[17:47:37] REQUEST: 178 - COMPLETED
[17:47:37] REQUEST COMPLETED -> remaining active_jobs=222
[17:47:37] WAITING for remaining requests to finish (active_jobs=222)
[17:47:37] REQUEST: 271 - COMPLETED
[17:47:37] REQUEST COMPLETED -> remaining active_jobs=221
[17:47:37] WAITING for remaining requests to finish (active_jobs=221)
[17:47:37] REQUEST: 251 - COMPLETED
[17:47:37] REQUEST COMPLETED -> remaining active_jobs=220
[17:47:37] WAITING for remaining requests to finish (active_jobs=220)
[17:47:37] REQUEST: 314 - COMPLETED
[17:47:37] REQUEST COMPLETED -> remaining active_jobs=219
[17:47:37] WAITING for remaining requests to finish (active_jobs=219)
[17:47:37] REQUEST: 204 - COMPLETED
[17:47:37] REQUEST COMPLETED -> remaining active_jobs=218
[17:47:37] WAITING for remaining requests to finish (active_jobs=218)
[17:47:37] REQUEST: 313 - COMPLETED
[17:47:37] REQUEST COMPLETED -> remaining active_jobs=217
[17:47:37] WAITING for remaining requests to finish (active_jobs=217)
[17:47:38] REQUEST: 169 - COMPLETED
[17:47:38] REQUEST COMPLETED -> remaining active_jobs=216
[17:47:38] WAITING for remaining requests to finish (active_jobs=216)
[17:47:38] REQUEST: 353 - COMPLETED
[17:47:38] REQUEST COMPLETED -> remaining active_jobs=215
[17:47:38] WAITING for remaining requests to finish (active_jobs=215)
[17:47:38] REQUEST: 229 - COMPLETED
[17:47:38] REQUEST COMPLETED -> remaining active_jobs=214
[17:47:38] WAITING for remaining requests to finish (active_jobs=214)
[17:47:38] REQUEST: 80 - COMPLETED
[17:47:38] REQUEST COMPLETED -> remaining active_jobs=213
[17:47:38] WAITING for remaining requests to finish (active_jobs=213)
[17:47:38] REQUEST: 189 - COMPLETED
[17:47:38] REQUEST COMPLETED -> remaining active_jobs=212
[17:47:38] WAITING for remaining requests to finish (active_jobs=212)
[17:47:38] REQUEST: 386 - COMPLETED
[17:47:38] REQUEST COMPLETED -> remaining active_jobs=211
[17:47:38] WAITING for remaining requests to finish (active_jobs=211)
[17:47:38] REQUEST: 310 - COMPLETED
[17:47:38] REQUEST COMPLETED -> remaining active_jobs=210
[17:47:38] WAITING for remaining requests to finish (active_jobs=210)
[17:47:38] REQUEST: 379 - COMPLETED
[17:47:38] REQUEST COMPLETED -> remaining active_jobs=209
[17:47:38] WAITING for remaining requests to finish (active_jobs=209)
[17:47:38] REQUEST: 53 - COMPLETED
[17:47:38] REQUEST COMPLETED -> remaining active_jobs=208
[17:47:38] WAITING for remaining requests to finish (active_jobs=208)
[17:47:38] REQUEST: 302 - COMPLETED
[17:47:38] REQUEST COMPLETED -> remaining active_jobs=207
[17:47:38] WAITING for remaining requests to finish (active_jobs=207)
[17:47:38] REQUEST: 137 - COMPLETED
[17:47:38] REQUEST COMPLETED -> remaining active_jobs=206
[17:47:38] WAITING for remaining requests to finish (active_jobs=206)
[17:47:38] REQUEST: 188 - COMPLETED
[17:47:38] REQUEST COMPLETED -> remaining active_jobs=205
[17:47:38] WAITING for remaining requests to finish (active_jobs=205)
[17:47:38] REQUEST: 338 - COMPLETED
[17:47:38] REQUEST COMPLETED -> remaining active_jobs=204
[17:47:38] WAITING for remaining requests to finish (active_jobs=204)
[17:47:38] REQUEST: 106 - COMPLETED
[17:47:38] REQUEST COMPLETED -> remaining active_jobs=203
[17:47:38] WAITING for remaining requests to finish (active_jobs=203)
[17:47:38] REQUEST: 129 - COMPLETED
[17:47:38] REQUEST COMPLETED -> remaining active_jobs=202
[17:47:38] WAITING for remaining requests to finish (active_jobs=202)
[17:47:39] REQUEST: 334 - COMPLETED
[17:47:39] REQUEST COMPLETED -> remaining active_jobs=201
[17:47:39] WAITING for remaining requests to finish (active_jobs=201)
[17:47:39] REQUEST: 176 - COMPLETED
[17:47:39] REQUEST COMPLETED -> remaining active_jobs=200
[17:47:39] WAITING for remaining requests to finish (active_jobs=200)
[17:47:39] REQUEST: 230 - COMPLETED
[17:47:39] REQUEST COMPLETED -> remaining active_jobs=199
[17:47:39] WAITING for remaining requests to finish (active_jobs=199)
[17:47:39] REQUEST: 384 - COMPLETED
[17:47:39] REQUEST COMPLETED -> remaining active_jobs=198
[17:47:39] WAITING for remaining requests to finish (active_jobs=198)
[17:47:39] REQUEST: 100 - COMPLETED
[17:47:39] REQUEST COMPLETED -> remaining active_jobs=197
[17:47:39] WAITING for remaining requests to finish (active_jobs=197)
[17:47:39] REQUEST: 312 - COMPLETED
[17:47:39] REQUEST COMPLETED -> remaining active_jobs=196
[17:47:39] WAITING for remaining requests to finish (active_jobs=196)
[17:47:39] REQUEST: 144 - COMPLETED
[17:47:39] REQUEST COMPLETED -> remaining active_jobs=195
[17:47:39] WAITING for remaining requests to finish (active_jobs=195)
[17:47:39] REQUEST: 351 - COMPLETED
[17:47:39] REQUEST COMPLETED -> remaining active_jobs=194
[17:47:39] WAITING for remaining requests to finish (active_jobs=194)
[17:47:39] REQUEST: 289 - COMPLETED
[17:47:39] REQUEST COMPLETED -> remaining active_jobs=193
[17:47:39] WAITING for remaining requests to finish (active_jobs=193)
[17:47:39] REQUEST: 171 - COMPLETED
[17:47:39] REQUEST COMPLETED -> remaining active_jobs=192
[17:47:39] WAITING for remaining requests to finish (active_jobs=192)
[17:47:39] REQUEST: 194 - COMPLETED
[17:47:39] REQUEST COMPLETED -> remaining active_jobs=191
[17:47:39] WAITING for remaining requests to finish (active_jobs=191)
[17:47:39] REQUEST: 249 - COMPLETED
[17:47:40] REQUEST COMPLETED -> remaining active_jobs=190
[17:47:40] WAITING for remaining requests to finish (active_jobs=190)
[17:47:40] REQUEST: 150 - COMPLETED
[17:47:40] REQUEST COMPLETED -> remaining active_jobs=189
[17:47:40] WAITING for remaining requests to finish (active_jobs=189)
[17:47:40] REQUEST: 303 - COMPLETED
[17:47:40] REQUEST COMPLETED -> remaining active_jobs=188
[17:47:40] WAITING for remaining requests to finish (active_jobs=188)
[17:47:40] REQUEST: 394 - COMPLETED
[17:47:40] REQUEST COMPLETED -> remaining active_jobs=187
[17:47:40] WAITING for remaining requests to finish (active_jobs=187)
[17:47:40] REQUEST: 306 - COMPLETED
[17:47:40] REQUEST COMPLETED -> remaining active_jobs=186
[17:47:40] WAITING for remaining requests to finish (active_jobs=186)
[17:47:40] REQUEST: 315 - COMPLETED
[17:47:40] REQUEST COMPLETED -> remaining active_jobs=185
[17:47:40] WAITING for remaining requests to finish (active_jobs=185)
[17:47:40] REQUEST: 109 - COMPLETED
[17:47:40] REQUEST COMPLETED -> remaining active_jobs=184
[17:47:40] WAITING for remaining requests to finish (active_jobs=184)
[17:47:40] REQUEST: 340 - COMPLETED
[17:47:40] REQUEST COMPLETED -> remaining active_jobs=183
[17:47:40] WAITING for remaining requests to finish (active_jobs=183)
[17:47:40] REQUEST: 388 - COMPLETED
[17:47:40] REQUEST COMPLETED -> remaining active_jobs=182
[17:47:40] WAITING for remaining requests to finish (active_jobs=182)
[17:47:40] REQUEST: 328 - COMPLETED
[17:47:40] REQUEST COMPLETED -> remaining active_jobs=181
[17:47:40] WAITING for remaining requests to finish (active_jobs=181)
[17:47:40] REQUEST: 177 - COMPLETED
[17:47:40] REQUEST COMPLETED -> remaining active_jobs=180
[17:47:40] WAITING for remaining requests to finish (active_jobs=180)
[17:47:40] REQUEST: 181 - COMPLETED
[17:47:40] REQUEST COMPLETED -> remaining active_jobs=179
[17:47:40] WAITING for remaining requests to finish (active_jobs=179)
[17:47:40] REQUEST: 322 - COMPLETED
[17:47:40] REQUEST COMPLETED -> remaining active_jobs=178
[17:47:40] WAITING for remaining requests to finish (active_jobs=178)
[17:47:40] REQUEST: 375 - COMPLETED
[17:47:40] REQUEST COMPLETED -> remaining active_jobs=177
[17:47:40] WAITING for remaining requests to finish (active_jobs=177)
[17:47:41] REQUEST: 374 - COMPLETED
[17:47:41] REQUEST COMPLETED -> remaining active_jobs=176
[17:47:41] WAITING for remaining requests to finish (active_jobs=176)
[17:47:41] REQUEST: 392 - COMPLETED
[17:47:41] REQUEST COMPLETED -> remaining active_jobs=175
[17:47:41] WAITING for remaining requests to finish (active_jobs=175)
[17:47:41] REQUEST: 239 - COMPLETED
[17:47:41] REQUEST COMPLETED -> remaining active_jobs=174
[17:47:41] WAITING for remaining requests to finish (active_jobs=174)
[17:47:41] REQUEST: 52 - COMPLETED
[17:47:41] REQUEST COMPLETED -> remaining active_jobs=173
[17:47:41] WAITING for remaining requests to finish (active_jobs=173)
[17:47:41] REQUEST: 323 - COMPLETED
[17:47:41] REQUEST COMPLETED -> remaining active_jobs=172
[17:47:41] WAITING for remaining requests to finish (active_jobs=172)
[17:47:41] REQUEST: 114 - COMPLETED
[17:47:41] REQUEST COMPLETED -> remaining active_jobs=171
[17:47:41] WAITING for remaining requests to finish (active_jobs=171)
[17:47:41] REQUEST: 116 - COMPLETED
[17:47:41] REQUEST COMPLETED -> remaining active_jobs=170
[17:47:41] WAITING for remaining requests to finish (active_jobs=170)
[17:47:41] REQUEST: 191 - COMPLETED
[17:47:41] REQUEST COMPLETED -> remaining active_jobs=169
[17:47:41] WAITING for remaining requests to finish (active_jobs=169)
[17:47:41] REQUEST: 95 - COMPLETED
[17:47:41] REQUEST COMPLETED -> remaining active_jobs=168
[17:47:41] WAITING for remaining requests to finish (active_jobs=168)
[17:47:41] REQUEST: 380 - COMPLETED
[17:47:41] REQUEST COMPLETED -> remaining active_jobs=167
[17:47:41] WAITING for remaining requests to finish (active_jobs=167)
[17:47:41] REQUEST: 218 - COMPLETED
[17:47:41] REQUEST COMPLETED -> remaining active_jobs=166
[17:47:41] WAITING for remaining requests to finish (active_jobs=166)
[17:47:41] REQUEST: 276 - COMPLETED
[17:47:41] REQUEST COMPLETED -> remaining active_jobs=165
[17:47:41] WAITING for remaining requests to finish (active_jobs=165)
[17:47:41] REQUEST: 102 - COMPLETED
[17:47:41] REQUEST COMPLETED -> remaining active_jobs=164
[17:47:41] WAITING for remaining requests to finish (active_jobs=164)
[17:47:41] REQUEST: 383 - COMPLETED
[17:47:41] REQUEST COMPLETED -> remaining active_jobs=163
[17:47:41] WAITING for remaining requests to finish (active_jobs=163)
[17:47:42] REQUEST: 297 - COMPLETED
[17:47:42] REQUEST COMPLETED -> remaining active_jobs=162
[17:47:42] WAITING for remaining requests to finish (active_jobs=162)
[17:47:42] REQUEST: 190 - COMPLETED
[17:47:42] REQUEST COMPLETED -> remaining active_jobs=161
[17:47:42] WAITING for remaining requests to finish (active_jobs=161)
[17:47:42] REQUEST: 362 - COMPLETED
[17:47:42] REQUEST COMPLETED -> remaining active_jobs=160
[17:47:42] WAITING for remaining requests to finish (active_jobs=160)
[17:47:42] REQUEST: 385 - COMPLETED
[17:47:42] REQUEST COMPLETED -> remaining active_jobs=159
[17:47:42] WAITING for remaining requests to finish (active_jobs=159)
[17:47:42] REQUEST: 399 - COMPLETED
[17:47:42] REQUEST COMPLETED -> remaining active_jobs=158
[17:47:42] WAITING for remaining requests to finish (active_jobs=158)
[17:47:42] REQUEST: 350 - COMPLETED
[17:47:42] REQUEST COMPLETED -> remaining active_jobs=157
[17:47:42] WAITING for remaining requests to finish (active_jobs=157)
[17:47:42] REQUEST: 354 - COMPLETED
[17:47:42] REQUEST COMPLETED -> remaining active_jobs=156
[17:47:42] WAITING for remaining requests to finish (active_jobs=156)
[17:47:42] REQUEST: 368 - COMPLETED
[17:47:42] REQUEST COMPLETED -> remaining active_jobs=155
[17:47:42] WAITING for remaining requests to finish (active_jobs=155)
[17:47:42] REQUEST: 214 - COMPLETED
[17:47:42] REQUEST COMPLETED -> remaining active_jobs=154
[17:47:42] WAITING for remaining requests to finish (active_jobs=154)
[17:47:42] REQUEST: 207 - COMPLETED
[17:47:42] REQUEST COMPLETED -> remaining active_jobs=153
[17:47:42] WAITING for remaining requests to finish (active_jobs=153)
[17:47:42] REQUEST: 136 - COMPLETED
[17:47:42] REQUEST COMPLETED -> remaining active_jobs=152
[17:47:42] WAITING for remaining requests to finish (active_jobs=152)
[17:47:42] REQUEST: 376 - COMPLETED
[17:47:42] REQUEST COMPLETED -> remaining active_jobs=151
[17:47:42] WAITING for remaining requests to finish (active_jobs=151)
[17:47:43] REQUEST: 84 - COMPLETED
[17:47:43] REQUEST COMPLETED -> remaining active_jobs=150
[17:47:43] WAITING for remaining requests to finish (active_jobs=150)
[17:47:43] REQUEST: 154 - COMPLETED
[17:47:43] REQUEST COMPLETED -> remaining active_jobs=149
[17:47:43] WAITING for remaining requests to finish (active_jobs=149)
[17:47:43] REQUEST: 372 - COMPLETED
[17:47:43] REQUEST COMPLETED -> remaining active_jobs=148
[17:47:43] WAITING for remaining requests to finish (active_jobs=148)
[17:47:43] REQUEST: 346 - COMPLETED
[17:47:43] REQUEST COMPLETED -> remaining active_jobs=147
[17:47:43] WAITING for remaining requests to finish (active_jobs=147)
[17:47:43] REQUEST: 305 - COMPLETED
[17:47:43] REQUEST COMPLETED -> remaining active_jobs=146
[17:47:43] WAITING for remaining requests to finish (active_jobs=146)
[17:47:43] REQUEST: 124 - COMPLETED
[17:47:43] REQUEST COMPLETED -> remaining active_jobs=145
[17:47:43] WAITING for remaining requests to finish (active_jobs=145)
[17:47:43] REQUEST: 356 - COMPLETED
[17:47:43] REQUEST COMPLETED -> remaining active_jobs=144
[17:47:43] WAITING for remaining requests to finish (active_jobs=144)
[17:47:43] REQUEST: 365 - COMPLETED
[17:47:43] REQUEST COMPLETED -> remaining active_jobs=143
[17:47:43] WAITING for remaining requests to finish (active_jobs=143)
[17:47:43] REQUEST: 130 - COMPLETED
[17:47:43] REQUEST COMPLETED -> remaining active_jobs=142
[17:47:43] WAITING for remaining requests to finish (active_jobs=142)
[17:47:43] REQUEST: 382 - COMPLETED
[17:47:43] REQUEST COMPLETED -> remaining active_jobs=141
[17:47:43] WAITING for remaining requests to finish (active_jobs=141)
[17:47:43] REQUEST: 256 - COMPLETED
[17:47:43] REQUEST COMPLETED -> remaining active_jobs=140
[17:47:43] WAITING for remaining requests to finish (active_jobs=140)
[17:47:43] REQUEST: 128 - COMPLETED
[17:47:43] REQUEST COMPLETED -> remaining active_jobs=139
[17:47:43] WAITING for remaining requests to finish (active_jobs=139)
[17:47:43] REQUEST: 159 - COMPLETED
[17:47:43] REQUEST COMPLETED -> remaining active_jobs=138
[17:47:43] WAITING for remaining requests to finish (active_jobs=138)
[17:47:44] REQUEST: 290 - COMPLETED
[17:47:44] REQUEST COMPLETED -> remaining active_jobs=137
[17:47:44] WAITING for remaining requests to finish (active_jobs=137)
[17:47:44] REQUEST: 396 - COMPLETED
[17:47:44] REQUEST COMPLETED -> remaining active_jobs=136
[17:47:44] WAITING for remaining requests to finish (active_jobs=136)
[17:47:44] REQUEST: 167 - COMPLETED
[17:47:44] REQUEST COMPLETED -> remaining active_jobs=135
[17:47:44] WAITING for remaining requests to finish (active_jobs=135)
[17:47:44] REQUEST: 357 - COMPLETED
[17:47:44] REQUEST COMPLETED -> remaining active_jobs=134
[17:47:44] WAITING for remaining requests to finish (active_jobs=134)
[17:47:44] REQUEST: 279 - COMPLETED
[17:47:44] REQUEST COMPLETED -> remaining active_jobs=133
[17:47:44] WAITING for remaining requests to finish (active_jobs=133)
[17:47:44] REQUEST: 377 - COMPLETED
[17:47:44] REQUEST COMPLETED -> remaining active_jobs=132
[17:47:44] WAITING for remaining requests to finish (active_jobs=132)
[17:47:44] REQUEST: 157 - COMPLETED
[17:47:44] REQUEST COMPLETED -> remaining active_jobs=131
[17:47:44] WAITING for remaining requests to finish (active_jobs=131)
[17:47:44] REQUEST: 175 - COMPLETED
[17:47:44] REQUEST COMPLETED -> remaining active_jobs=130
[17:47:44] WAITING for remaining requests to finish (active_jobs=130)
[17:47:44] REQUEST: 318 - COMPLETED
[17:47:44] REQUEST COMPLETED -> remaining active_jobs=129
[17:47:44] WAITING for remaining requests to finish (active_jobs=129)
[17:47:44] REQUEST: 397 - COMPLETED
[17:47:44] REQUEST COMPLETED -> remaining active_jobs=128
[17:47:44] WAITING for remaining requests to finish (active_jobs=128)
[17:47:44] REQUEST: 30 - COMPLETED
[17:47:44] REQUEST COMPLETED -> remaining active_jobs=127
[17:47:44] WAITING for remaining requests to finish (active_jobs=127)
[17:47:44] REQUEST: 179 - COMPLETED
[17:47:44] REQUEST COMPLETED -> remaining active_jobs=126
[17:47:44] WAITING for remaining requests to finish (active_jobs=126)
[17:47:44] REQUEST: 285 - COMPLETED
[17:47:44] REQUEST COMPLETED -> remaining active_jobs=125
[17:47:44] WAITING for remaining requests to finish (active_jobs=125)
[17:47:44] REQUEST: 398 - COMPLETED
[17:47:44] REQUEST COMPLETED -> remaining active_jobs=124
[17:47:44] REQUEST: 133 - COMPLETED
[17:47:44] WAITING for remaining requests to finish (active_jobs=124)
[17:47:44] REQUEST COMPLETED -> remaining active_jobs=123
[17:47:44] WAITING for remaining requests to finish (active_jobs=123)
[17:47:44] REQUEST: 202 - COMPLETED
[17:47:44] REQUEST COMPLETED -> remaining active_jobs=122
[17:47:44] WAITING for remaining requests to finish (active_jobs=122)
[17:47:44] REQUEST: 228 - COMPLETED
[17:47:44] REQUEST COMPLETED -> remaining active_jobs=121
[17:47:44] WAITING for remaining requests to finish (active_jobs=121)
[17:47:45] REQUEST: 221 - COMPLETED
[17:47:45] REQUEST COMPLETED -> remaining active_jobs=120
[17:47:45] WAITING for remaining requests to finish (active_jobs=120)
[17:47:45] REQUEST: 195 - COMPLETED
[17:47:45] REQUEST COMPLETED -> remaining active_jobs=119
[17:47:45] WAITING for remaining requests to finish (active_jobs=119)
[17:47:45] REQUEST: 224 - COMPLETED
[17:47:45] REQUEST COMPLETED -> remaining active_jobs=118
[17:47:45] WAITING for remaining requests to finish (active_jobs=118)
[17:47:45] REQUEST: 282 - COMPLETED
[17:47:45] REQUEST COMPLETED -> remaining active_jobs=117
[17:47:45] WAITING for remaining requests to finish (active_jobs=117)
[17:47:45] REQUEST: 324 - COMPLETED
[17:47:45] REQUEST COMPLETED -> remaining active_jobs=116
[17:47:45] WAITING for remaining requests to finish (active_jobs=116)
[17:48:33] REQUEST: 11 - COMPLETED
[17:48:33] REQUEST COMPLETED -> remaining active_jobs=115
[17:48:33] WAITING for remaining requests to finish (active_jobs=115)
[17:48:33] REQUEST: 59 - COMPLETED
[17:48:33] REQUEST COMPLETED -> remaining active_jobs=114
[17:48:33] WAITING for remaining requests to finish (active_jobs=114)
[17:48:33] REQUEST: 66 - COMPLETED
[17:48:33] REQUEST COMPLETED -> remaining active_jobs=113
[17:48:33] WAITING for remaining requests to finish (active_jobs=113)
[17:48:33] REQUEST: 79 - COMPLETED
[17:48:33] REQUEST COMPLETED -> remaining active_jobs=112
[17:48:33] WAITING for remaining requests to finish (active_jobs=112)
[17:48:33] REQUEST: 1 - COMPLETED
[17:48:33] REQUEST COMPLETED -> remaining active_jobs=111
[17:48:33] WAITING for remaining requests to finish (active_jobs=111)
[17:48:33] REQUEST: 220 - COMPLETED
[17:48:33] REQUEST COMPLETED -> remaining active_jobs=110
[17:48:33] WAITING for remaining requests to finish (active_jobs=110)
[17:48:33] REQUEST: 4 - COMPLETED
[17:48:33] REQUEST COMPLETED -> remaining active_jobs=109
[17:48:33] WAITING for remaining requests to finish (active_jobs=109)
[17:48:33] REQUEST: 31 - COMPLETED
[17:48:33] REQUEST COMPLETED -> remaining active_jobs=108
[17:48:33] WAITING for remaining requests to finish (active_jobs=108)
[17:48:33] REQUEST: 12 - COMPLETED
[17:48:33] REQUEST COMPLETED -> remaining active_jobs=107
[17:48:33] WAITING for remaining requests to finish (active_jobs=107)
[17:48:33] REQUEST: 70 - COMPLETED
[17:48:33] REQUEST COMPLETED -> remaining active_jobs=106
[17:48:33] WAITING for remaining requests to finish (active_jobs=106)
[17:48:33] REQUEST: 58 - COMPLETED
[17:48:33] REQUEST COMPLETED -> remaining active_jobs=105
[17:48:33] WAITING for remaining requests to finish (active_jobs=105)
[17:48:34] REQUEST: 203 - COMPLETED
[17:48:34] REQUEST COMPLETED -> remaining active_jobs=104
[17:48:34] WAITING for remaining requests to finish (active_jobs=104)
[17:48:34] REQUEST: 184 - COMPLETED
[17:48:34] REQUEST COMPLETED -> remaining active_jobs=103
[17:48:34] WAITING for remaining requests to finish (active_jobs=103)
[17:48:34] REQUEST: 122 - COMPLETED
[17:48:34] REQUEST COMPLETED -> remaining active_jobs=102
[17:48:34] WAITING for remaining requests to finish (active_jobs=102)
[17:48:34] REQUEST: 389 - COMPLETED
[17:48:34] REQUEST COMPLETED -> remaining active_jobs=101
[17:48:34] WAITING for remaining requests to finish (active_jobs=101)
[17:48:34] REQUEST: 105 - COMPLETED
[17:48:34] REQUEST COMPLETED -> remaining active_jobs=100
[17:48:34] WAITING for remaining requests to finish (active_jobs=100)
[17:48:34] REQUEST: 127 - COMPLETED
[17:48:34] REQUEST COMPLETED -> remaining active_jobs=99
[17:48:34] WAITING for remaining requests to finish (active_jobs=99)
[17:48:34] REQUEST: 17 - COMPLETED
[17:48:34] REQUEST COMPLETED -> remaining active_jobs=98
[17:48:34] WAITING for remaining requests to finish (active_jobs=98)
[17:48:34] REQUEST: 32 - COMPLETED
[17:48:34] REQUEST COMPLETED -> remaining active_jobs=97
[17:48:34] WAITING for remaining requests to finish (active_jobs=97)
[17:48:34] REQUEST: 163 - COMPLETED
[17:48:34] REQUEST COMPLETED -> remaining active_jobs=96
[17:48:34] WAITING for remaining requests to finish (active_jobs=96)
[17:48:34] REQUEST: 20 - COMPLETED
[17:48:34] REQUEST COMPLETED -> remaining active_jobs=95
[17:48:34] WAITING for remaining requests to finish (active_jobs=95)
[17:48:34] REQUEST: 210 - COMPLETED
[17:48:34] REQUEST COMPLETED -> remaining active_jobs=94
[17:48:34] WAITING for remaining requests to finish (active_jobs=94)
[17:48:34] REQUEST: 76 - COMPLETED
[17:48:34] REQUEST COMPLETED -> remaining active_jobs=93
[17:48:34] WAITING for remaining requests to finish (active_jobs=93)
[17:48:34] REQUEST: 327 - COMPLETED
[17:48:34] REQUEST COMPLETED -> remaining active_jobs=92
[17:48:34] WAITING for remaining requests to finish (active_jobs=92)
[17:48:34] REQUEST: 67 - COMPLETED
[17:48:34] REQUEST COMPLETED -> remaining active_jobs=91
[17:48:34] WAITING for remaining requests to finish (active_jobs=91)
[17:48:34] REQUEST: 335 - COMPLETED
[17:48:34] REQUEST COMPLETED -> remaining active_jobs=90
[17:48:34] WAITING for remaining requests to finish (active_jobs=90)
[17:48:34] REQUEST: 48 - COMPLETED
[17:48:34] REQUEST COMPLETED -> remaining active_jobs=89
[17:48:34] WAITING for remaining requests to finish (active_jobs=89)
[17:48:34] REQUEST: 14 - COMPLETED
[17:48:34] REQUEST COMPLETED -> remaining active_jobs=88
[17:48:34] WAITING for remaining requests to finish (active_jobs=88)
[17:48:34] REQUEST: 72 - COMPLETED
[17:48:35] REQUEST COMPLETED -> remaining active_jobs=87
[17:48:35] WAITING for remaining requests to finish (active_jobs=87)
[17:48:35] REQUEST: 233 - COMPLETED
[17:48:35] REQUEST COMPLETED -> remaining active_jobs=86
[17:48:35] WAITING for remaining requests to finish (active_jobs=86)
[17:48:35] REQUEST: 273 - COMPLETED
[17:48:35] REQUEST COMPLETED -> remaining active_jobs=85
[17:48:35] WAITING for remaining requests to finish (active_jobs=85)
[17:48:35] REQUEST: 270 - COMPLETED
[17:48:35] REQUEST COMPLETED -> remaining active_jobs=84
[17:48:35] WAITING for remaining requests to finish (active_jobs=84)
[17:48:35] REQUEST: 75 - COMPLETED
[17:48:35] REQUEST COMPLETED -> remaining active_jobs=83
[17:48:35] WAITING for remaining requests to finish (active_jobs=83)
[17:48:35] REQUEST: 96 - COMPLETED
[17:48:35] REQUEST COMPLETED -> remaining active_jobs=82
[17:48:35] WAITING for remaining requests to finish (active_jobs=82)
[17:48:35] REQUEST: 56 - COMPLETED
[17:48:35] REQUEST COMPLETED -> remaining active_jobs=81
[17:48:35] WAITING for remaining requests to finish (active_jobs=81)
[17:48:35] REQUEST: 250 - COMPLETED
[17:48:35] REQUEST COMPLETED -> remaining active_jobs=80
[17:48:35] WAITING for remaining requests to finish (active_jobs=80)
[17:48:35] REQUEST: 120 - COMPLETED
[17:48:35] REQUEST COMPLETED -> remaining active_jobs=79
[17:48:35] WAITING for remaining requests to finish (active_jobs=79)
[17:48:35] REQUEST: 369 - COMPLETED
[17:48:35] REQUEST COMPLETED -> remaining active_jobs=78
[17:48:35] WAITING for remaining requests to finish (active_jobs=78)
[17:48:35] REQUEST: 41 - COMPLETED
[17:48:35] REQUEST COMPLETED -> remaining active_jobs=77
[17:48:35] WAITING for remaining requests to finish (active_jobs=77)
[17:48:35] REQUEST: 111 - COMPLETED
[17:48:35] REQUEST COMPLETED -> remaining active_jobs=76
[17:48:35] WAITING for remaining requests to finish (active_jobs=76)
[17:48:35] REQUEST: 261 - COMPLETED
[17:48:35] REQUEST COMPLETED -> remaining active_jobs=75
[17:48:35] WAITING for remaining requests to finish (active_jobs=75)
[17:48:35] REQUEST: 235 - COMPLETED
[17:48:35] REQUEST COMPLETED -> remaining active_jobs=74
[17:48:35] WAITING for remaining requests to finish (active_jobs=74)
[17:48:35] REQUEST: 162 - COMPLETED
[17:48:35] REQUEST COMPLETED -> remaining active_jobs=73
[17:48:35] WAITING for remaining requests to finish (active_jobs=73)
[17:48:35] REQUEST: 254 - COMPLETED
[17:48:35] REQUEST COMPLETED -> remaining active_jobs=72
[17:48:35] WAITING for remaining requests to finish (active_jobs=72)
[17:48:35] REQUEST: 166 - COMPLETED
[17:48:35] REQUEST COMPLETED -> remaining active_jobs=71
[17:48:35] WAITING for remaining requests to finish (active_jobs=71)
[17:48:35] REQUEST: 260 - COMPLETED
[17:48:35] REQUEST COMPLETED -> remaining active_jobs=70
[17:48:35] WAITING for remaining requests to finish (active_jobs=70)
[17:48:36] REQUEST: 217 - COMPLETED
[17:48:36] REQUEST COMPLETED -> remaining active_jobs=69
[17:48:36] WAITING for remaining requests to finish (active_jobs=69)
[17:48:36] REQUEST: 244 - COMPLETED
[17:48:36] REQUEST COMPLETED -> remaining active_jobs=68
[17:48:36] WAITING for remaining requests to finish (active_jobs=68)
[17:48:36] REQUEST: 161 - COMPLETED
[17:48:36] REQUEST COMPLETED -> remaining active_jobs=67
[17:48:36] WAITING for remaining requests to finish (active_jobs=67)
[17:48:36] REQUEST: 348 - COMPLETED
[17:48:36] REQUEST COMPLETED -> remaining active_jobs=66
[17:48:36] WAITING for remaining requests to finish (active_jobs=66)
[17:48:36] REQUEST: 83 - COMPLETED
[17:48:36] REQUEST COMPLETED -> remaining active_jobs=65
[17:48:36] WAITING for remaining requests to finish (active_jobs=65)
[17:48:36] REQUEST: 198 - COMPLETED
[17:48:36] REQUEST COMPLETED -> remaining active_jobs=64
[17:48:36] WAITING for remaining requests to finish (active_jobs=64)
[17:48:36] REQUEST: 155 - COMPLETED
[17:48:36] REQUEST COMPLETED -> remaining active_jobs=63
[17:48:36] WAITING for remaining requests to finish (active_jobs=63)
[17:48:36] REQUEST: 266 - COMPLETED
[17:48:36] REQUEST COMPLETED -> remaining active_jobs=62
[17:48:36] WAITING for remaining requests to finish (active_jobs=62)
[17:48:36] REQUEST: 212 - COMPLETED
[17:48:36] REQUEST COMPLETED -> remaining active_jobs=61
[17:48:36] WAITING for remaining requests to finish (active_jobs=61)
[17:48:36] REQUEST: 152 - COMPLETED
[17:48:36] REQUEST COMPLETED -> remaining active_jobs=60
[17:48:36] WAITING for remaining requests to finish (active_jobs=60)
[17:48:36] REQUEST: 146 - COMPLETED
[17:48:36] REQUEST COMPLETED -> remaining active_jobs=59
[17:48:36] WAITING for remaining requests to finish (active_jobs=59)
[17:48:36] REQUEST: 77 - COMPLETED
[17:48:36] REQUEST COMPLETED -> remaining active_jobs=58
[17:48:36] WAITING for remaining requests to finish (active_jobs=58)
[17:48:36] REQUEST: 295 - COMPLETED
[17:48:36] REQUEST COMPLETED -> remaining active_jobs=57
[17:48:36] WAITING for remaining requests to finish (active_jobs=57)
[17:48:36] REQUEST: 97 - COMPLETED
[17:48:36] REQUEST COMPLETED -> remaining active_jobs=56
[17:48:36] WAITING for remaining requests to finish (active_jobs=56)
[17:48:36] REQUEST: 363 - COMPLETED
[17:48:36] REQUEST COMPLETED -> remaining active_jobs=55
[17:48:36] WAITING for remaining requests to finish (active_jobs=55)
[17:48:36] REQUEST: 65 - COMPLETED
[17:48:36] REQUEST COMPLETED -> remaining active_jobs=54
[17:48:36] WAITING for remaining requests to finish (active_jobs=54)
[17:48:36] REQUEST: 126 - COMPLETED
[17:48:36] REQUEST COMPLETED -> remaining active_jobs=53
[17:48:36] WAITING for remaining requests to finish (active_jobs=53)
[17:48:37] REQUEST: 253 - COMPLETED
[17:48:37] REQUEST COMPLETED -> remaining active_jobs=52
[17:48:37] WAITING for remaining requests to finish (active_jobs=52)
[17:48:37] REQUEST: 86 - COMPLETED
[17:48:37] REQUEST COMPLETED -> remaining active_jobs=51
[17:48:37] WAITING for remaining requests to finish (active_jobs=51)
[17:48:37] REQUEST: 268 - COMPLETED
[17:48:37] REQUEST COMPLETED -> remaining active_jobs=50
[17:48:37] WAITING for remaining requests to finish (active_jobs=50)
[17:48:37] REQUEST: 156 - COMPLETED
[17:48:37] REQUEST COMPLETED -> remaining active_jobs=49
[17:48:37] WAITING for remaining requests to finish (active_jobs=49)
[17:48:37] REQUEST: 231 - COMPLETED
[17:48:37] REQUEST COMPLETED -> remaining active_jobs=48
[17:48:37] WAITING for remaining requests to finish (active_jobs=48)
[17:48:37] REQUEST: 352 - COMPLETED
[17:48:37] REQUEST COMPLETED -> remaining active_jobs=47
[17:48:37] WAITING for remaining requests to finish (active_jobs=47)
[17:48:37] REQUEST: 264 - COMPLETED
[17:48:37] REQUEST COMPLETED -> remaining active_jobs=46
[17:48:37] WAITING for remaining requests to finish (active_jobs=46)
[17:48:37] REQUEST: 78 - COMPLETED
[17:48:37] REQUEST COMPLETED -> remaining active_jobs=45
[17:48:37] WAITING for remaining requests to finish (active_jobs=45)
[17:48:37] REQUEST: 286 - COMPLETED
[17:48:37] REQUEST COMPLETED -> remaining active_jobs=44
[17:48:37] WAITING for remaining requests to finish (active_jobs=44)
[17:48:37] REQUEST: 281 - COMPLETED
[17:48:37] REQUEST COMPLETED -> remaining active_jobs=43
[17:48:37] WAITING for remaining requests to finish (active_jobs=43)
[17:48:37] REQUEST: 193 - COMPLETED
[17:48:37] REQUEST COMPLETED -> remaining active_jobs=42
[17:48:37] WAITING for remaining requests to finish (active_jobs=42)
[17:48:37] REQUEST: 240 - COMPLETED
[17:48:37] REQUEST COMPLETED -> remaining active_jobs=41
[17:48:37] WAITING for remaining requests to finish (active_jobs=41)
[17:48:37] REQUEST: 34 - COMPLETED
[17:48:37] REQUEST COMPLETED -> remaining active_jobs=40
[17:48:37] WAITING for remaining requests to finish (active_jobs=40)
[17:48:37] REQUEST: 378 - COMPLETED
[17:48:37] REQUEST COMPLETED -> remaining active_jobs=39
[17:48:37] WAITING for remaining requests to finish (active_jobs=39)
[17:48:37] REQUEST: 391 - COMPLETED
[17:48:37] REQUEST COMPLETED -> remaining active_jobs=38
[17:48:37] WAITING for remaining requests to finish (active_jobs=38)
[17:48:37] REQUEST: 294 - COMPLETED
[17:48:37] REQUEST COMPLETED -> remaining active_jobs=37
[17:48:37] WAITING for remaining requests to finish (active_jobs=37)
[17:48:37] REQUEST: 265 - COMPLETED
[17:48:37] REQUEST COMPLETED -> remaining active_jobs=36
[17:48:37] WAITING for remaining requests to finish (active_jobs=36)
[17:48:38] REQUEST: 227 - COMPLETED
[17:48:38] REQUEST COMPLETED -> remaining active_jobs=35
[17:48:38] WAITING for remaining requests to finish (active_jobs=35)
[17:48:38] REQUEST: 274 - COMPLETED
[17:48:38] REQUEST COMPLETED -> remaining active_jobs=34
[17:48:38] WAITING for remaining requests to finish (active_jobs=34)
[17:48:38] REQUEST: 92 - COMPLETED
[17:48:38] REQUEST COMPLETED -> remaining active_jobs=33
[17:48:38] WAITING for remaining requests to finish (active_jobs=33)
[17:48:38] REQUEST: 87 - COMPLETED
[17:48:38] REQUEST COMPLETED -> remaining active_jobs=32
[17:48:38] WAITING for remaining requests to finish (active_jobs=32)
[17:48:38] REQUEST: 200 - COMPLETED
[17:48:38] REQUEST COMPLETED -> remaining active_jobs=31
[17:48:38] WAITING for remaining requests to finish (active_jobs=31)
[17:48:38] REQUEST: 358 - COMPLETED
[17:48:38] REQUEST COMPLETED -> remaining active_jobs=30
[17:48:38] WAITING for remaining requests to finish (active_jobs=30)
[17:48:38] REQUEST: 387 - COMPLETED
[17:48:38] REQUEST COMPLETED -> remaining active_jobs=29
[17:48:38] WAITING for remaining requests to finish (active_jobs=29)
[17:48:38] REQUEST: 317 - COMPLETED
[17:48:38] REQUEST COMPLETED -> remaining active_jobs=28
[17:48:38] WAITING for remaining requests to finish (active_jobs=28)
[17:48:38] REQUEST: 329 - COMPLETED
[17:48:38] REQUEST COMPLETED -> remaining active_jobs=27
[17:48:38] WAITING for remaining requests to finish (active_jobs=27)
[17:48:38] REQUEST: 344 - COMPLETED
[17:48:38] REQUEST COMPLETED -> remaining active_jobs=26
[17:48:38] WAITING for remaining requests to finish (active_jobs=26)
[17:48:38] REQUEST: 373 - COMPLETED
[17:48:38] REQUEST COMPLETED -> remaining active_jobs=25
[17:48:38] WAITING for remaining requests to finish (active_jobs=25)
[17:48:38] REQUEST: 241 - COMPLETED
[17:48:38] REQUEST COMPLETED -> remaining active_jobs=24
[17:48:38] WAITING for remaining requests to finish (active_jobs=24)
[17:48:38] REQUEST: 222 - COMPLETED
[17:48:38] REQUEST COMPLETED -> remaining active_jobs=23
[17:48:38] WAITING for remaining requests to finish (active_jobs=23)
[17:48:38] REQUEST: 360 - COMPLETED
[17:48:38] REQUEST COMPLETED -> remaining active_jobs=22
[17:48:38] WAITING for remaining requests to finish (active_jobs=22)
[17:48:38] REQUEST: 272 - COMPLETED
[17:48:38] REQUEST COMPLETED -> remaining active_jobs=21
[17:48:38] WAITING for remaining requests to finish (active_jobs=21)
[17:48:38] REQUEST: 304 - COMPLETED
[17:48:38] REQUEST COMPLETED -> remaining active_jobs=20
[17:48:38] WAITING for remaining requests to finish (active_jobs=20)
[17:48:38] REQUEST: 216 - COMPLETED
[17:48:38] REQUEST COMPLETED -> remaining active_jobs=19
[17:48:38] WAITING for remaining requests to finish (active_jobs=19)
[17:48:39] REQUEST: 267 - COMPLETED
[17:48:39] REQUEST COMPLETED -> remaining active_jobs=18
[17:48:39] WAITING for remaining requests to finish (active_jobs=18)
[17:48:39] REQUEST: 91 - COMPLETED
[17:48:39] REQUEST COMPLETED -> remaining active_jobs=17
[17:48:39] WAITING for remaining requests to finish (active_jobs=17)
[17:48:39] REQUEST: 393 - COMPLETED
[17:48:39] REQUEST COMPLETED -> remaining active_jobs=16
[17:48:39] WAITING for remaining requests to finish (active_jobs=16)
[17:48:39] REQUEST: 299 - COMPLETED
[17:48:39] REQUEST COMPLETED -> remaining active_jobs=15
[17:48:39] WAITING for remaining requests to finish (active_jobs=15)
[17:48:39] REQUEST: 342 - COMPLETED
[17:48:39] REQUEST COMPLETED -> remaining active_jobs=14
[17:48:39] WAITING for remaining requests to finish (active_jobs=14)
[17:48:39] REQUEST: 341 - COMPLETED
[17:48:39] REQUEST COMPLETED -> remaining active_jobs=13
[17:48:39] WAITING for remaining requests to finish (active_jobs=13)
[17:48:39] REQUEST: 226 - COMPLETED
[17:48:39] REQUEST COMPLETED -> remaining active_jobs=12
[17:48:39] WAITING for remaining requests to finish (active_jobs=12)
[17:48:39] REQUEST: 381 - COMPLETED
[17:48:39] REQUEST COMPLETED -> remaining active_jobs=11
[17:48:39] WAITING for remaining requests to finish (active_jobs=11)
[17:48:39] REQUEST: 355 - COMPLETED
[17:48:39] REQUEST COMPLETED -> remaining active_jobs=10
[17:48:39] WAITING for remaining requests to finish (active_jobs=10)
[17:48:39] REQUEST: 142 - COMPLETED
[17:48:39] REQUEST COMPLETED -> remaining active_jobs=9
[17:48:39] WAITING for remaining requests to finish (active_jobs=9)
[17:48:39] REQUEST: 225 - COMPLETED
[17:48:39] REQUEST COMPLETED -> remaining active_jobs=8
[17:48:39] WAITING for remaining requests to finish (active_jobs=8)
[17:48:39] REQUEST: 258 - COMPLETED
[17:48:39] REQUEST COMPLETED -> remaining active_jobs=7
[17:48:39] WAITING for remaining requests to finish (active_jobs=7)
[17:48:39] REQUEST: 307 - COMPLETED
[17:48:39] REQUEST COMPLETED -> remaining active_jobs=6
[17:48:39] WAITING for remaining requests to finish (active_jobs=6)
[17:48:39] REQUEST: 196 - COMPLETED
[17:48:39] REQUEST COMPLETED -> remaining active_jobs=5
[17:48:39] WAITING for remaining requests to finish (active_jobs=5)
[17:48:39] REQUEST: 215 - COMPLETED
[17:48:39] REQUEST COMPLETED -> remaining active_jobs=4
[17:48:39] WAITING for remaining requests to finish (active_jobs=4)
[17:48:39] REQUEST: 347 - COMPLETED
[17:48:39] REQUEST COMPLETED -> remaining active_jobs=3
[17:48:39] WAITING for remaining requests to finish (active_jobs=3)
[17:48:39] REQUEST: 366 - COMPLETED
[17:48:39] REQUEST COMPLETED -> remaining active_jobs=2
[17:48:39] WAITING for remaining requests to finish (active_jobs=2)
[17:48:39] REQUEST: 182 - COMPLETED
[17:48:39] REQUEST COMPLETED -> remaining active_jobs=1
[17:48:39] WAITING for remaining requests to finish (active_jobs=1)
[17:48:40] REQUEST: 349 - COMPLETED
[17:48:40] REQUEST COMPLETED -> remaining active_jobs=0
[17:48:40] Load test completed
[17:48:40] Running results evaluation


--- PER-REQUEST STATS ---
Request 01 | res_time: 17:47:22.09 | latency:   0.42 s | tokens: 25 | gen_time: 0.063 s | tok/s: 398.62
Request 02 | res_time: 17:47:22.13 | latency:   0.44 s | tokens: 25 | gen_time: 0.124 s | tok/s: 201.70
Request 03 | res_time: 17:47:22.45 | latency:   0.76 s | tokens: 25 | gen_time: 0.100 s | tok/s: 249.90
Request 04 | res_time: 17:47:22.53 | latency:   0.83 s | tokens: 25 | gen_time: 0.081 s | tok/s: 308.79
Request 05 | res_time: 17:47:22.67 | latency:   0.97 s | tokens: 25 | gen_time: 0.085 s | tok/s: 294.30
Request 06 | res_time: 17:47:22.68 | latency:   0.88 s | tokens: 25 | gen_time: 0.184 s | tok/s: 135.72
Request 07 | res_time: 17:47:22.79 | latency:   1.06 s | tokens: 25 | gen_time: 0.139 s | tok/s: 179.51
Request 08 | res_time: 17:47:23.19 | latency:   1.33 s | tokens: 25 | gen_time: 0.222 s | tok/s: 112.43
Request 09 | res_time: 17:47:23.27 | latency:   1.60 s | tokens: 25 | gen_time: 0.202 s | tok/s: 123.70
Request 10 | res_time: 17:47:23.80 | latency:   2.10 s | tokens: 25 | gen_time: 0.235 s | tok/s: 106.34
Request 11 | res_time: 17:47:23.83 | latency:   1.99 s | tokens: 25 | gen_time: 0.323 s | tok/s: 77.41
Request 12 | res_time: 17:47:23.91 | latency:   2.11 s | tokens: 25 | gen_time: 0.257 s | tok/s: 97.17
Request 13 | res_time: 17:47:23.99 | latency:   1.50 s | tokens: 25 | gen_time: 0.206 s | tok/s: 121.64
Request 14 | res_time: 17:47:24.20 | latency:   2.48 s | tokens: 25 | gen_time: 0.211 s | tok/s: 118.68
Request 15 | res_time: 17:47:24.39 | latency:   2.61 s | tokens: 25 | gen_time: 0.312 s | tok/s: 80.02
Request 16 | res_time: 17:47:24.56 | latency:   2.84 s | tokens: 25 | gen_time: 0.182 s | tok/s: 137.12
Request 17 | res_time: 17:47:24.57 | latency:   2.70 s | tokens: 25 | gen_time: 0.128 s | tok/s: 195.00
Request 18 | res_time: 17:47:24.80 | latency:   2.78 s | tokens: 25 | gen_time: 0.163 s | tok/s: 153.14
Request 19 | res_time: 17:47:24.97 | latency:   3.04 s | tokens: 25 | gen_time: 0.123 s | tok/s: 203.14
Request 20 | res_time: 17:47:25.01 | latency:   3.25 s | tokens: 25 | gen_time: 0.151 s | tok/s: 165.34
Request 21 | res_time: 17:47:25.09 | latency:   3.02 s | tokens: 25 | gen_time: 0.424 s | tok/s: 58.95
Request 22 | res_time: 17:47:25.14 | latency:   3.27 s | tokens: 25 | gen_time: 0.098 s | tok/s: 255.15
Request 23 | res_time: 17:47:25.10 | latency:   3.36 s | tokens: 25 | gen_time: 0.302 s | tok/s: 82.75
Request 24 | res_time: 17:47:25.27 | latency:   3.49 s | tokens: 25 | gen_time: 0.094 s | tok/s: 266.74
Request 25 | res_time: 17:47:25.38 | latency:   3.29 s | tokens: 25 | gen_time: 0.171 s | tok/s: 146.54
Request 26 | res_time: 17:47:25.43 | latency:   3.35 s | tokens: 25 | gen_time: 0.130 s | tok/s: 192.87
Request 27 | res_time: 17:47:25.59 | latency:   3.86 s | tokens: 25 | gen_time: 0.336 s | tok/s: 74.34
Request 28 | res_time: 17:47:25.64 | latency:   3.90 s | tokens: 25 | gen_time: 0.218 s | tok/s: 114.89
Request 29 | res_time: 17:47:25.69 | latency:   3.65 s | tokens: 25 | gen_time: 0.423 s | tok/s: 59.15
Request 30 | res_time: 17:47:25.72 | latency:   3.81 s | tokens: 25 | gen_time: 0.257 s | tok/s: 97.35
Request 31 | res_time: 17:47:25.89 | latency:   4.11 s | tokens: 25 | gen_time: 0.275 s | tok/s: 90.92
Request 32 | res_time: 17:47:25.95 | latency:   4.06 s | tokens: 25 | gen_time: 0.275 s | tok/s: 90.80
Request 33 | res_time: 17:47:26.00 | latency:   4.28 s | tokens: 25 | gen_time: 0.279 s | tok/s: 89.47
Request 34 | res_time: 17:47:26.04 | latency:   3.95 s | tokens: 25 | gen_time: 0.280 s | tok/s: 89.14
Request 35 | res_time: 17:47:26.20 | latency:   4.06 s | tokens: 25 | gen_time: 0.281 s | tok/s: 89.03
Request 36 | res_time: 17:47:26.26 | latency:   4.06 s | tokens: 25 | gen_time: 0.281 s | tok/s: 88.81
Request 37 | res_time: 17:47:26.31 | latency:   3.96 s | tokens: 25 | gen_time: 0.281 s | tok/s: 89.04
Request 38 | res_time: 17:47:26.35 | latency:   4.49 s | tokens: 25 | gen_time: 0.282 s | tok/s: 88.81
Request 39 | res_time: 17:47:26.52 | latency:   4.63 s | tokens: 25 | gen_time: 0.280 s | tok/s: 89.16
Request 40 | res_time: 17:47:26.57 | latency:   4.25 s | tokens: 25 | gen_time: 0.280 s | tok/s: 89.27
Request 41 | res_time: 17:47:26.62 | latency:   4.45 s | tokens: 25 | gen_time: 0.280 s | tok/s: 89.37
Request 42 | res_time: 17:47:26.66 | latency:   4.84 s | tokens: 25 | gen_time: 0.279 s | tok/s: 89.54
Request 43 | res_time: 17:47:26.84 | latency:   4.88 s | tokens: 25 | gen_time: 0.293 s | tok/s: 85.28
Request 44 | res_time: 17:47:26.91 | latency:   4.84 s | tokens: 25 | gen_time: 0.312 s | tok/s: 80.05
Request 45 | res_time: 17:47:26.98 | latency:   5.03 s | tokens: 25 | gen_time: 0.321 s | tok/s: 77.90
Request 46 | res_time: 17:47:27.02 | latency:   5.20 s | tokens: 25 | gen_time: 0.326 s | tok/s: 76.60
Request 47 | res_time: 17:47:27.19 | latency:   5.03 s | tokens: 25 | gen_time: 0.316 s | tok/s: 79.22
Request 48 | res_time: 17:47:27.26 | latency:   5.52 s | tokens: 25 | gen_time: 0.313 s | tok/s: 79.79
Request 49 | res_time: 17:47:27.31 | latency:   4.80 s | tokens: 25 | gen_time: 0.295 s | tok/s: 84.60
Request 50 | res_time: 17:47:27.35 | latency:   5.32 s | tokens: 25 | gen_time: 0.303 s | tok/s: 82.55
Request 51 | res_time: 17:47:27.53 | latency:   5.67 s | tokens: 25 | gen_time: 0.308 s | tok/s: 81.22
Request 52 | res_time: 17:47:27.60 | latency:   5.74 s | tokens: 25 | gen_time: 0.306 s | tok/s: 81.81
Request 53 | res_time: 17:47:27.63 | latency:   4.55 s | tokens: 25 | gen_time: 0.293 s | tok/s: 85.24
Request 54 | res_time: 17:47:27.68 | latency:   5.43 s | tokens: 25 | gen_time: 0.296 s | tok/s: 84.47
Request 55 | res_time: 17:47:27.85 | latency:   5.74 s | tokens: 25 | gen_time: 0.286 s | tok/s: 87.33
Request 56 | res_time: 17:47:27.94 | latency:   5.08 s | tokens: 25 | gen_time: 0.305 s | tok/s: 82.01
Request 57 | res_time: 17:47:27.98 | latency:   5.82 s | tokens: 25 | gen_time: 0.311 s | tok/s: 80.51
Request 58 | res_time: 17:47:28.04 | latency:   5.38 s | tokens: 25 | gen_time: 0.320 s | tok/s: 78.08
Request 59 | res_time: 17:47:28.24 | latency:   6.44 s | tokens: 25 | gen_time: 0.360 s | tok/s: 69.37
Request 60 | res_time: 17:47:28.26 | latency:   6.59 s | tokens: 25 | gen_time: 0.362 s | tok/s: 69.07
Request 61 | res_time: 17:47:28.33 | latency:   6.41 s | tokens: 25 | gen_time: 0.356 s | tok/s: 70.30
Request 62 | res_time: 17:47:28.37 | latency:   6.05 s | tokens: 25 | gen_time: 0.355 s | tok/s: 70.34
Request 63 | res_time: 17:47:28.43 | latency:   6.23 s | tokens: 25 | gen_time: 0.353 s | tok/s: 70.72
Request 64 | res_time: 17:47:28.64 | latency:   5.80 s | tokens: 25 | gen_time: 0.355 s | tok/s: 70.37
Request 65 | res_time: 17:47:28.65 | latency:   6.87 s | tokens: 25 | gen_time: 0.355 s | tok/s: 70.50
Request 66 | res_time: 17:47:28.72 | latency:   6.60 s | tokens: 25 | gen_time: 0.356 s | tok/s: 70.31
Request 67 | res_time: 17:47:28.76 | latency:   6.49 s | tokens: 25 | gen_time: 0.357 s | tok/s: 70.06
Request 68 | res_time: 17:47:28.82 | latency:   6.44 s | tokens: 25 | gen_time: 0.356 s | tok/s: 70.18
Request 69 | res_time: 17:47:29.03 | latency:   7.25 s | tokens: 25 | gen_time: 0.355 s | tok/s: 70.42
Request 70 | res_time: 17:47:29.04 | latency:   6.98 s | tokens: 25 | gen_time: 0.356 s | tok/s: 70.24
Request 71 | res_time: 17:47:29.11 | latency:   6.99 s | tokens: 25 | gen_time: 0.355 s | tok/s: 70.34
Request 72 | res_time: 17:47:29.15 | latency:   6.91 s | tokens: 25 | gen_time: 0.356 s | tok/s: 70.13
Request 73 | res_time: 17:47:29.21 | latency:   7.23 s | tokens: 25 | gen_time: 0.356 s | tok/s: 70.27
Request 74 | res_time: 17:47:29.42 | latency:   7.00 s | tokens: 25 | gen_time: 0.356 s | tok/s: 70.18
Request 75 | res_time: 17:47:29.44 | latency:   7.44 s | tokens: 25 | gen_time: 0.355 s | tok/s: 70.49
Request 76 | res_time: 17:47:29.50 | latency:   7.18 s | tokens: 25 | gen_time: 0.356 s | tok/s: 70.32
Request 77 | res_time: 17:47:29.54 | latency:   7.36 s | tokens: 25 | gen_time: 0.356 s | tok/s: 70.28
Request 78 | res_time: 17:47:29.60 | latency:   7.60 s | tokens: 25 | gen_time: 0.355 s | tok/s: 70.38
Request 79 | res_time: 17:47:29.81 | latency:   7.65 s | tokens: 25 | gen_time: 0.355 s | tok/s: 70.51
Request 80 | res_time: 17:47:29.83 | latency:   8.08 s | tokens: 25 | gen_time: 0.355 s | tok/s: 70.35
Request 81 | res_time: 17:47:29.89 | latency:   6.92 s | tokens: 25 | gen_time: 0.356 s | tok/s: 70.20
Request 82 | res_time: 17:47:29.93 | latency:   7.69 s | tokens: 25 | gen_time: 0.355 s | tok/s: 70.39
Request 83 | res_time: 17:47:29.99 | latency:   7.85 s | tokens: 25 | gen_time: 0.356 s | tok/s: 70.29
Request 84 | res_time: 17:47:30.20 | latency:   7.05 s | tokens: 25 | gen_time: 0.355 s | tok/s: 70.44
Request 85 | res_time: 17:47:30.22 | latency:   8.05 s | tokens: 25 | gen_time: 0.355 s | tok/s: 70.38
Request 86 | res_time: 17:47:30.28 | latency:   6.93 s | tokens: 25 | gen_time: 0.355 s | tok/s: 70.34
Request 87 | res_time: 17:47:30.32 | latency:   8.57 s | tokens: 25 | gen_time: 0.355 s | tok/s: 70.52
Request 88 | res_time: 17:47:30.38 | latency:   8.00 s | tokens: 25 | gen_time: 0.355 s | tok/s: 70.43
Request 89 | res_time: 17:47:30.59 | latency:   7.98 s | tokens: 25 | gen_time: 0.355 s | tok/s: 70.51
Request 90 | res_time: 17:47:30.61 | latency:   7.74 s | tokens: 25 | gen_time: 0.353 s | tok/s: 70.92
Request 91 | res_time: 17:47:30.67 | latency:   8.74 s | tokens: 25 | gen_time: 0.355 s | tok/s: 70.36
Request 92 | res_time: 17:47:30.71 | latency:   8.90 s | tokens: 25 | gen_time: 0.353 s | tok/s: 70.81
Request 93 | res_time: 17:47:30.77 | latency:   8.33 s | tokens: 25 | gen_time: 0.354 s | tok/s: 70.59
Request 94 | res_time: 17:47:30.98 | latency:   8.55 s | tokens: 25 | gen_time: 0.355 s | tok/s: 70.45
Request 95 | res_time: 17:47:31.00 | latency:   9.16 s | tokens: 25 | gen_time: 0.356 s | tok/s: 70.18
Request 96 | res_time: 17:47:31.06 | latency:   8.60 s | tokens: 25 | gen_time: 0.355 s | tok/s: 70.49
Request 97 | res_time: 17:47:31.10 | latency:   9.39 s | tokens: 25 | gen_time: 0.355 s | tok/s: 70.42
Request 98 | res_time: 17:47:31.16 | latency:   8.53 s | tokens: 25 | gen_time: 0.356 s | tok/s: 70.28
Request 99 | res_time: 17:47:31.37 | latency:   8.51 s | tokens: 25 | gen_time: 0.355 s | tok/s: 70.33
Request 100 | res_time: 17:47:31.39 | latency:   9.61 s | tokens: 25 | gen_time: 0.354 s | tok/s: 70.54
Request 101 | res_time: 17:47:31.45 | latency:   9.43 s | tokens: 25 | gen_time: 0.356 s | tok/s: 70.25
Request 102 | res_time: 17:47:31.49 | latency:   9.73 s | tokens: 25 | gen_time: 0.355 s | tok/s: 70.37
Request 103 | res_time: 17:47:31.55 | latency:   9.28 s | tokens: 25 | gen_time: 0.355 s | tok/s: 70.33
Request 104 | res_time: 17:47:31.76 | latency:   8.82 s | tokens: 25 | gen_time: 0.355 s | tok/s: 70.47
Request 105 | res_time: 17:47:31.78 | latency:   9.85 s | tokens: 25 | gen_time: 0.356 s | tok/s: 70.21
Request 106 | res_time: 17:47:31.85 | latency:   9.52 s | tokens: 25 | gen_time: 0.354 s | tok/s: 70.63
Request 107 | res_time: 17:47:31.88 | latency:  10.16 s | tokens: 25 | gen_time: 0.354 s | tok/s: 70.55
Request 108 | res_time: 17:47:31.94 | latency:   9.73 s | tokens: 25 | gen_time: 0.354 s | tok/s: 70.56
Request 109 | res_time: 17:47:32.15 | latency:  10.00 s | tokens: 25 | gen_time: 0.357 s | tok/s: 70.09
Request 110 | res_time: 17:47:32.17 | latency:   9.52 s | tokens: 25 | gen_time: 0.356 s | tok/s: 70.29
Request 111 | res_time: 17:47:32.24 | latency:   9.39 s | tokens: 25 | gen_time: 0.356 s | tok/s: 70.15
Request 112 | res_time: 17:47:32.27 | latency:  10.24 s | tokens: 25 | gen_time: 0.355 s | tok/s: 70.39
Request 113 | res_time: 17:47:32.34 | latency:  10.21 s | tokens: 25 | gen_time: 0.355 s | tok/s: 70.40
Request 114 | res_time: 17:47:32.54 | latency:  10.00 s | tokens: 25 | gen_time: 0.355 s | tok/s: 70.40
Request 115 | res_time: 17:47:32.56 | latency:   9.58 s | tokens: 25 | gen_time: 0.354 s | tok/s: 70.66
Request 116 | res_time: 17:47:32.63 | latency:  10.60 s | tokens: 25 | gen_time: 0.356 s | tok/s: 70.19
Request 117 | res_time: 17:47:32.66 | latency:  10.55 s | tokens: 25 | gen_time: 0.355 s | tok/s: 70.34
Request 118 | res_time: 17:47:32.73 | latency:   9.93 s | tokens: 25 | gen_time: 0.356 s | tok/s: 70.31
Request 119 | res_time: 17:47:32.93 | latency:  10.22 s | tokens: 25 | gen_time: 0.356 s | tok/s: 70.14
Request 120 | res_time: 17:47:32.95 | latency:  10.78 s | tokens: 25 | gen_time: 0.355 s | tok/s: 70.36
Request 121 | res_time: 17:47:33.02 | latency:  11.03 s | tokens: 25 | gen_time: 0.355 s | tok/s: 70.49
Request 122 | res_time: 17:47:33.05 | latency:  10.27 s | tokens: 25 | gen_time: 0.356 s | tok/s: 70.29
Request 123 | res_time: 17:47:33.12 | latency:  10.24 s | tokens: 25 | gen_time: 0.355 s | tok/s: 70.43
Request 124 | res_time: 17:47:33.32 | latency:  11.04 s | tokens: 25 | gen_time: 0.356 s | tok/s: 70.20
Request 125 | res_time: 17:47:33.34 | latency:  11.17 s | tokens: 25 | gen_time: 0.355 s | tok/s: 70.37
Request 126 | res_time: 17:47:33.41 | latency:  10.63 s | tokens: 25 | gen_time: 0.355 s | tok/s: 70.41
Request 127 | res_time: 17:47:33.44 | latency:   9.87 s | tokens: 25 | gen_time: 0.355 s | tok/s: 70.43
Request 128 | res_time: 17:47:33.51 | latency:  11.22 s | tokens: 25 | gen_time: 0.355 s | tok/s: 70.38
Request 129 | res_time: 17:47:33.71 | latency:  11.34 s | tokens: 25 | gen_time: 0.354 s | tok/s: 70.56
Request 130 | res_time: 17:47:33.73 | latency:  11.66 s | tokens: 25 | gen_time: 0.355 s | tok/s: 70.39
Request 131 | res_time: 17:47:33.80 | latency:  11.03 s | tokens: 25 | gen_time: 0.355 s | tok/s: 70.40
Request 132 | res_time: 17:47:33.83 | latency:  11.27 s | tokens: 25 | gen_time: 0.355 s | tok/s: 70.38
Request 133 | res_time: 17:47:33.90 | latency:  11.35 s | tokens: 25 | gen_time: 0.355 s | tok/s: 70.49
Request 134 | res_time: 17:47:34.11 | latency:  11.35 s | tokens: 25 | gen_time: 0.355 s | tok/s: 70.46
Request 135 | res_time: 17:47:34.12 | latency:  12.27 s | tokens: 25 | gen_time: 0.355 s | tok/s: 70.35
Request 136 | res_time: 17:47:34.19 | latency:  11.78 s | tokens: 25 | gen_time: 0.355 s | tok/s: 70.49
Request 137 | res_time: 17:47:34.22 | latency:  11.70 s | tokens: 25 | gen_time: 0.356 s | tok/s: 70.30
Request 138 | res_time: 17:47:34.29 | latency:  11.81 s | tokens: 25 | gen_time: 0.355 s | tok/s: 70.44
Request 139 | res_time: 17:47:34.50 | latency:  11.64 s | tokens: 25 | gen_time: 0.354 s | tok/s: 70.57
Request 140 | res_time: 17:47:34.51 | latency:  11.51 s | tokens: 25 | gen_time: 0.355 s | tok/s: 70.46
Request 141 | res_time: 17:47:34.58 | latency:  11.88 s | tokens: 25 | gen_time: 0.355 s | tok/s: 70.48
Request 142 | res_time: 17:47:34.61 | latency:  11.88 s | tokens: 25 | gen_time: 0.354 s | tok/s: 70.57
Request 143 | res_time: 17:47:34.68 | latency:  12.21 s | tokens: 25 | gen_time: 0.356 s | tok/s: 70.15
Request 144 | res_time: 17:47:34.89 | latency:  12.94 s | tokens: 25 | gen_time: 0.355 s | tok/s: 70.36
Request 145 | res_time: 17:47:34.90 | latency:  12.85 s | tokens: 25 | gen_time: 0.355 s | tok/s: 70.35
Request 146 | res_time: 17:47:34.97 | latency:  12.03 s | tokens: 25 | gen_time: 0.355 s | tok/s: 70.39
Request 147 | res_time: 17:47:35.00 | latency:  12.51 s | tokens: 25 | gen_time: 0.355 s | tok/s: 70.37
Request 148 | res_time: 17:47:35.07 | latency:  12.71 s | tokens: 25 | gen_time: 0.355 s | tok/s: 70.46
Request 149 | res_time: 17:47:35.28 | latency:  13.33 s | tokens: 25 | gen_time: 0.356 s | tok/s: 70.20
Request 150 | res_time: 17:47:35.30 | latency:  12.82 s | tokens: 25 | gen_time: 0.355 s | tok/s: 70.39
Request 151 | res_time: 17:47:35.36 | latency:  13.40 s | tokens: 25 | gen_time: 0.355 s | tok/s: 70.39
Request 152 | res_time: 17:47:35.40 | latency:  13.35 s | tokens: 25 | gen_time: 0.355 s | tok/s: 70.45
Request 153 | res_time: 17:47:35.46 | latency:  12.69 s | tokens: 25 | gen_time: 0.355 s | tok/s: 70.36
Request 154 | res_time: 17:47:35.67 | latency:  13.31 s | tokens: 25 | gen_time: 0.356 s | tok/s: 70.24
Request 155 | res_time: 17:47:35.69 | latency:  13.87 s | tokens: 25 | gen_time: 0.356 s | tok/s: 70.24
Request 156 | res_time: 17:47:35.75 | latency:  12.73 s | tokens: 25 | gen_time: 0.356 s | tok/s: 70.30
Request 157 | res_time: 17:47:35.79 | latency:  13.08 s | tokens: 25 | gen_time: 0.355 s | tok/s: 70.38
Request 158 | res_time: 17:47:35.85 | latency:  13.24 s | tokens: 25 | gen_time: 0.355 s | tok/s: 70.35
Request 159 | res_time: 17:47:36.06 | latency:  13.40 s | tokens: 25 | gen_time: 0.355 s | tok/s: 70.51
Request 160 | res_time: 17:47:36.08 | latency:  14.11 s | tokens: 25 | gen_time: 0.355 s | tok/s: 70.46
Request 161 | res_time: 17:47:36.14 | latency:  13.62 s | tokens: 25 | gen_time: 0.356 s | tok/s: 70.24
Request 162 | res_time: 17:47:36.18 | latency:  14.11 s | tokens: 25 | gen_time: 0.356 s | tok/s: 70.24
Request 163 | res_time: 17:47:36.24 | latency:  14.38 s | tokens: 25 | gen_time: 0.356 s | tok/s: 70.17
Request 164 | res_time: 17:47:36.45 | latency:  13.86 s | tokens: 25 | gen_time: 0.356 s | tok/s: 70.17
Request 165 | res_time: 17:47:36.47 | latency:  12.71 s | tokens: 25 | gen_time: 0.356 s | tok/s: 70.28
Request 166 | res_time: 17:47:36.53 | latency:  13.61 s | tokens: 25 | gen_time: 0.355 s | tok/s: 70.42
Request 167 | res_time: 17:47:36.57 | latency:  14.28 s | tokens: 25 | gen_time: 0.356 s | tok/s: 70.31
Request 168 | res_time: 17:47:36.63 | latency:  14.19 s | tokens: 25 | gen_time: 0.356 s | tok/s: 70.32
Request 169 | res_time: 17:47:36.84 | latency:  14.70 s | tokens: 25 | gen_time: 0.357 s | tok/s: 70.12
Request 170 | res_time: 17:47:36.86 | latency:  15.11 s | tokens: 25 | gen_time: 0.355 s | tok/s: 70.33
Request 171 | res_time: 17:47:36.92 | latency:  14.78 s | tokens: 25 | gen_time: 0.355 s | tok/s: 70.37
Request 172 | res_time: 17:47:36.96 | latency:  14.17 s | tokens: 25 | gen_time: 0.355 s | tok/s: 70.40
Request 173 | res_time: 17:47:37.02 | latency:  14.54 s | tokens: 25 | gen_time: 0.355 s | tok/s: 70.34
Request 174 | res_time: 17:47:37.23 | latency:  14.22 s | tokens: 25 | gen_time: 0.355 s | tok/s: 70.50
Request 175 | res_time: 17:47:37.25 | latency:  14.60 s | tokens: 25 | gen_time: 0.356 s | tok/s: 70.13
Request 176 | res_time: 17:47:37.31 | latency:  14.14 s | tokens: 25 | gen_time: 0.355 s | tok/s: 70.42
Request 177 | res_time: 17:47:37.35 | latency:  14.61 s | tokens: 25 | gen_time: 0.354 s | tok/s: 70.58
Request 178 | res_time: 17:47:37.41 | latency:  15.23 s | tokens: 25 | gen_time: 0.356 s | tok/s: 70.22
Request 179 | res_time: 17:47:37.62 | latency:  15.13 s | tokens: 25 | gen_time: 0.356 s | tok/s: 70.21
Request 180 | res_time: 17:47:37.64 | latency:  14.99 s | tokens: 25 | gen_time: 0.354 s | tok/s: 70.55
Request 181 | res_time: 17:47:37.70 | latency:  14.81 s | tokens: 25 | gen_time: 0.356 s | tok/s: 70.18
Request 182 | res_time: 17:47:37.74 | latency:  14.18 s | tokens: 25 | gen_time: 0.356 s | tok/s: 70.24
Request 183 | res_time: 17:47:37.81 | latency:  15.04 s | tokens: 25 | gen_time: 0.356 s | tok/s: 70.24
Request 184 | res_time: 17:47:38.01 | latency:  15.85 s | tokens: 25 | gen_time: 0.356 s | tok/s: 70.31
Request 185 | res_time: 17:47:38.03 | latency:  14.28 s | tokens: 25 | gen_time: 0.354 s | tok/s: 70.56
Request 186 | res_time: 17:47:38.10 | latency:  15.75 s | tokens: 25 | gen_time: 0.354 s | tok/s: 70.66
Request 187 | res_time: 17:47:38.13 | latency:  16.21 s | tokens: 25 | gen_time: 0.355 s | tok/s: 70.40
Request 188 | res_time: 17:47:38.20 | latency:  15.88 s | tokens: 25 | gen_time: 0.354 s | tok/s: 70.67
Request 189 | res_time: 17:47:38.40 | latency:  15.47 s | tokens: 25 | gen_time: 0.354 s | tok/s: 70.53
Request 190 | res_time: 17:47:38.42 | latency:  15.77 s | tokens: 25 | gen_time: 0.354 s | tok/s: 70.57
Request 191 | res_time: 17:47:38.49 | latency:  15.54 s | tokens: 25 | gen_time: 0.355 s | tok/s: 70.43
Request 192 | res_time: 17:47:38.52 | latency:  16.63 s | tokens: 25 | gen_time: 0.354 s | tok/s: 70.70
Request 193 | res_time: 17:47:38.59 | latency:  15.97 s | tokens: 25 | gen_time: 0.355 s | tok/s: 70.33
Request 194 | res_time: 17:47:38.79 | latency:  16.72 s | tokens: 25 | gen_time: 0.356 s | tok/s: 70.25
Request 195 | res_time: 17:47:38.81 | latency:  16.48 s | tokens: 25 | gen_time: 0.356 s | tok/s: 70.25
Request 196 | res_time: 17:47:38.88 | latency:  15.88 s | tokens: 25 | gen_time: 0.356 s | tok/s: 70.32
Request 197 | res_time: 17:47:38.91 | latency:  16.93 s | tokens: 25 | gen_time: 0.355 s | tok/s: 70.39
Request 198 | res_time: 17:47:38.98 | latency:  16.93 s | tokens: 25 | gen_time: 0.355 s | tok/s: 70.44
Request 199 | res_time: 17:47:39.18 | latency:  16.46 s | tokens: 25 | gen_time: 0.354 s | tok/s: 70.57
Request 200 | res_time: 17:47:39.20 | latency:  16.93 s | tokens: 25 | gen_time: 0.354 s | tok/s: 70.63
Request 201 | res_time: 17:47:39.27 | latency:  16.90 s | tokens: 25 | gen_time: 0.355 s | tok/s: 70.34
Request 202 | res_time: 17:47:39.30 | latency:  15.41 s | tokens: 25 | gen_time: 0.355 s | tok/s: 70.45
Request 203 | res_time: 17:47:39.37 | latency:  17.36 s | tokens: 25 | gen_time: 0.355 s | tok/s: 70.36
Request 204 | res_time: 17:47:39.57 | latency:  16.93 s | tokens: 25 | gen_time: 0.355 s | tok/s: 70.40
Request 205 | res_time: 17:47:39.59 | latency:  17.41 s | tokens: 25 | gen_time: 0.354 s | tok/s: 70.53
Request 206 | res_time: 17:47:39.66 | latency:  16.87 s | tokens: 25 | gen_time: 0.356 s | tok/s: 70.28
Request 207 | res_time: 17:47:39.69 | latency:  17.12 s | tokens: 25 | gen_time: 0.355 s | tok/s: 70.45
Request 208 | res_time: 17:47:39.76 | latency:  17.29 s | tokens: 25 | gen_time: 0.355 s | tok/s: 70.34
Request 209 | res_time: 17:47:39.96 | latency:  17.70 s | tokens: 25 | gen_time: 0.355 s | tok/s: 70.38
Request 210 | res_time: 17:47:39.98 | latency:  17.38 s | tokens: 25 | gen_time: 0.356 s | tok/s: 70.23
Request 211 | res_time: 17:47:40.05 | latency:  17.94 s | tokens: 25 | gen_time: 0.356 s | tok/s: 70.26
Request 212 | res_time: 17:47:40.08 | latency:  17.46 s | tokens: 25 | gen_time: 0.354 s | tok/s: 70.55
Request 213 | res_time: 17:47:40.15 | latency:  17.17 s | tokens: 25 | gen_time: 0.354 s | tok/s: 70.57
Request 214 | res_time: 17:47:40.35 | latency:  17.68 s | tokens: 25 | gen_time: 0.354 s | tok/s: 70.68
Request 215 | res_time: 17:47:40.37 | latency:  17.62 s | tokens: 25 | gen_time: 0.354 s | tok/s: 70.57
Request 216 | res_time: 17:47:40.44 | latency:  18.44 s | tokens: 25 | gen_time: 0.357 s | tok/s: 70.02
Request 217 | res_time: 17:47:40.47 | latency:  16.89 s | tokens: 25 | gen_time: 0.351 s | tok/s: 71.27
Request 218 | res_time: 17:47:40.54 | latency:  17.59 s | tokens: 25 | gen_time: 0.353 s | tok/s: 70.91
Request 219 | res_time: 17:47:40.74 | latency:  18.04 s | tokens: 25 | gen_time: 0.355 s | tok/s: 70.48
Request 220 | res_time: 17:47:40.76 | latency:  18.16 s | tokens: 25 | gen_time: 0.355 s | tok/s: 70.38
Request 221 | res_time: 17:47:40.83 | latency:  18.49 s | tokens: 25 | gen_time: 0.355 s | tok/s: 70.33
Request 222 | res_time: 17:47:40.86 | latency:  17.33 s | tokens: 25 | gen_time: 0.354 s | tok/s: 70.69
Request 223 | res_time: 17:47:40.93 | latency:  17.93 s | tokens: 25 | gen_time: 0.355 s | tok/s: 70.35
Request 224 | res_time: 17:47:41.13 | latency:  18.25 s | tokens: 25 | gen_time: 0.356 s | tok/s: 70.26
Request 225 | res_time: 17:47:41.15 | latency:  18.21 s | tokens: 25 | gen_time: 0.356 s | tok/s: 70.26
Request 226 | res_time: 17:47:41.22 | latency:  18.79 s | tokens: 25 | gen_time: 0.355 s | tok/s: 70.47
Request 227 | res_time: 17:47:41.25 | latency:  19.42 s | tokens: 25 | gen_time: 0.356 s | tok/s: 70.28
Request 228 | res_time: 17:47:41.32 | latency:  18.62 s | tokens: 25 | gen_time: 0.355 s | tok/s: 70.42
Request 229 | res_time: 17:47:41.53 | latency:  19.51 s | tokens: 25 | gen_time: 0.356 s | tok/s: 70.25
Request 230 | res_time: 17:47:41.54 | latency:  19.53 s | tokens: 25 | gen_time: 0.356 s | tok/s: 70.30
Request 231 | res_time: 17:47:41.61 | latency:  19.29 s | tokens: 25 | gen_time: 0.356 s | tok/s: 70.17
Request 232 | res_time: 17:47:41.64 | latency:  19.68 s | tokens: 25 | gen_time: 0.355 s | tok/s: 70.40
Request 233 | res_time: 17:47:41.71 | latency:  18.80 s | tokens: 25 | gen_time: 0.356 s | tok/s: 70.24
Request 234 | res_time: 17:47:41.87 | latency:  19.52 s | tokens: 25 | gen_time: 0.314 s | tok/s: 79.51
Request 235 | res_time: 17:47:41.89 | latency:  19.26 s | tokens: 25 | gen_time: 0.312 s | tok/s: 80.24
Request 236 | res_time: 17:47:41.94 | latency:  19.97 s | tokens: 25 | gen_time: 0.296 s | tok/s: 84.37
Request 237 | res_time: 17:47:41.97 | latency:  18.10 s | tokens: 25 | gen_time: 0.294 s | tok/s: 85.08
Request 238 | res_time: 17:47:42.19 | latency:  19.00 s | tokens: 25 | gen_time: 0.281 s | tok/s: 89.08
Request 239 | res_time: 17:47:42.20 | latency:  19.74 s | tokens: 25 | gen_time: 0.280 s | tok/s: 89.41
Request 240 | res_time: 17:47:42.26 | latency:  19.40 s | tokens: 25 | gen_time: 0.281 s | tok/s: 89.06
Request 241 | res_time: 17:47:42.28 | latency:  18.72 s | tokens: 25 | gen_time: 0.280 s | tok/s: 89.31
Request 242 | res_time: 17:47:42.50 | latency:  19.52 s | tokens: 25 | gen_time: 0.280 s | tok/s: 89.31
Request 243 | res_time: 17:47:42.51 | latency:  18.71 s | tokens: 25 | gen_time: 0.282 s | tok/s: 88.70
Request 244 | res_time: 17:47:42.57 | latency:  19.66 s | tokens: 25 | gen_time: 0.280 s | tok/s: 89.16
Request 245 | res_time: 17:47:42.60 | latency:  18.74 s | tokens: 25 | gen_time: 0.281 s | tok/s: 89.11
Request 246 | res_time: 17:47:42.81 | latency:  20.51 s | tokens: 25 | gen_time: 0.282 s | tok/s: 88.57
Request 247 | res_time: 17:47:42.83 | latency:  20.53 s | tokens: 25 | gen_time: 0.281 s | tok/s: 88.91
Request 248 | res_time: 17:47:42.88 | latency:  20.46 s | tokens: 25 | gen_time: 0.281 s | tok/s: 88.86
Request 249 | res_time: 17:47:42.91 | latency:  19.04 s | tokens: 25 | gen_time: 0.281 s | tok/s: 89.09
Request 250 | res_time: 17:47:43.12 | latency:  21.20 s | tokens: 25 | gen_time: 0.280 s | tok/s: 89.33
Request 251 | res_time: 17:47:43.14 | latency:  20.94 s | tokens: 25 | gen_time: 0.281 s | tok/s: 88.88
Request 252 | res_time: 17:47:43.19 | latency:  20.17 s | tokens: 25 | gen_time: 0.281 s | tok/s: 88.90
Request 253 | res_time: 17:47:43.22 | latency:  19.36 s | tokens: 25 | gen_time: 0.281 s | tok/s: 88.89
Request 254 | res_time: 17:47:43.44 | latency:  20.50 s | tokens: 25 | gen_time: 0.281 s | tok/s: 88.93
Request 255 | res_time: 17:47:43.45 | latency:  21.39 s | tokens: 25 | gen_time: 0.281 s | tok/s: 89.05
Request 256 | res_time: 17:47:43.51 | latency:  20.56 s | tokens: 25 | gen_time: 0.281 s | tok/s: 88.92
Request 257 | res_time: 17:47:43.53 | latency:  19.67 s | tokens: 25 | gen_time: 0.281 s | tok/s: 89.01
Request 258 | res_time: 17:47:43.70 | latency:  21.64 s | tokens: 25 | gen_time: 0.228 s | tok/s: 109.54
Request 259 | res_time: 17:47:43.71 | latency:  20.80 s | tokens: 25 | gen_time: 0.226 s | tok/s: 110.38
Request 260 | res_time: 17:47:43.75 | latency:  20.96 s | tokens: 25 | gen_time: 0.214 s | tok/s: 117.06
Request 261 | res_time: 17:47:43.93 | latency:  21.82 s | tokens: 25 | gen_time: 0.206 s | tok/s: 121.46
Request 262 | res_time: 17:47:43.94 | latency:  21.70 s | tokens: 25 | gen_time: 0.207 s | tok/s: 121.00
Request 263 | res_time: 17:47:43.98 | latency:  21.08 s | tokens: 25 | gen_time: 0.207 s | tok/s: 120.61
Request 264 | res_time: 17:47:44.07 | latency:  21.04 s | tokens: 25 | gen_time: 0.118 s | tok/s: 211.22
Request 265 | res_time: 17:47:44.08 | latency:  21.75 s | tokens: 25 | gen_time: 0.114 s | tok/s: 219.88
Request 266 | res_time: 17:47:44.19 | latency:  21.38 s | tokens: 25 | gen_time: 0.097 s | tok/s: 258.30
Request 267 | res_time: 17:47:44.20 | latency:  21.56 s | tokens: 25 | gen_time: 0.095 s | tok/s: 263.45
Request 268 | res_time: 17:47:44.31 | latency:  21.39 s | tokens: 25 | gen_time: 0.095 s | tok/s: 262.88
Request 269 | res_time: 17:47:44.32 | latency:  22.07 s | tokens: 25 | gen_time: 0.096 s | tok/s: 261.58
Request 270 | res_time: 17:47:44.43 | latency:  22.13 s | tokens: 25 | gen_time: 0.095 s | tok/s: 262.52
Request 271 | res_time: 17:47:44.43 | latency:  21.74 s | tokens: 25 | gen_time: 0.095 s | tok/s: 262.77
Request 272 | res_time: 17:47:44.54 | latency:  21.49 s | tokens: 25 | gen_time: 0.094 s | tok/s: 265.33
Request 273 | res_time: 17:47:44.55 | latency:  22.80 s | tokens: 25 | gen_time: 0.096 s | tok/s: 259.47
Request 274 | res_time: 17:47:44.66 | latency:  22.47 s | tokens: 25 | gen_time: 0.096 s | tok/s: 259.91
Request 275 | res_time: 17:47:44.67 | latency:  22.03 s | tokens: 25 | gen_time: 0.095 s | tok/s: 264.09
Request 276 | res_time: 17:47:44.78 | latency:  21.68 s | tokens: 25 | gen_time: 0.095 s | tok/s: 262.56
Request 277 | res_time: 17:47:44.78 | latency:  22.72 s | tokens: 25 | gen_time: 0.094 s | tok/s: 265.61
Request 278 | res_time: 17:47:44.86 | latency:  22.49 s | tokens: 25 | gen_time: 0.054 s | tok/s: 459.12
Request 279 | res_time: 17:47:44.94 | latency:  22.33 s | tokens: 25 | gen_time: 0.054 s | tok/s: 459.43
Request 280 | res_time: 17:47:45.01 | latency:  22.38 s | tokens: 25 | gen_time: 0.054 s | tok/s: 462.82
Request 281 | res_time: 17:47:45.09 | latency:  22.84 s | tokens: 25 | gen_time: 0.054 s | tok/s: 464.20
Request 282 | res_time: 17:47:45.16 | latency:  22.57 s | tokens: 25 | gen_time: 0.054 s | tok/s: 460.75
Request 283 | res_time: 17:47:45.24 | latency:  22.60 s | tokens: 25 | gen_time: 0.054 s | tok/s: 459.14
Request 284 | res_time: 17:47:45.31 | latency:  21.53 s | tokens: 25 | gen_time: 0.054 s | tok/s: 465.79
Request 285 | res_time: 17:48:33.28 | latency:  71.57 s | tokens: 25 | gen_time: 0.061 s | tok/s: 412.59
Request 286 | res_time: 17:48:33.35 | latency:  71.50 s | tokens: 25 | gen_time: 0.054 s | tok/s: 466.52
Request 287 | res_time: 17:48:33.42 | latency:  71.54 s | tokens: 25 | gen_time: 0.054 s | tok/s: 466.03
Request 288 | res_time: 17:48:33.53 | latency:  71.58 s | tokens: 25 | gen_time: 0.086 s | tok/s: 291.47
Request 289 | res_time: 17:48:33.58 | latency:  71.92 s | tokens: 25 | gen_time: 0.101 s | tok/s: 247.23
Request 290 | res_time: 17:48:33.65 | latency:  71.32 s | tokens: 25 | gen_time: 0.095 s | tok/s: 262.50
Request 291 | res_time: 17:48:33.70 | latency:  72.03 s | tokens: 25 | gen_time: 0.095 s | tok/s: 263.59
Request 292 | res_time: 17:48:33.76 | latency:  72.01 s | tokens: 25 | gen_time: 0.095 s | tok/s: 263.45
Request 293 | res_time: 17:48:33.82 | latency:  72.11 s | tokens: 25 | gen_time: 0.095 s | tok/s: 262.11
Request 294 | res_time: 17:48:33.88 | latency:  71.94 s | tokens: 25 | gen_time: 0.095 s | tok/s: 262.01
Request 295 | res_time: 17:48:33.93 | latency:  72.08 s | tokens: 25 | gen_time: 0.095 s | tok/s: 262.06
Request 296 | res_time: 17:48:34.00 | latency:  71.66 s | tokens: 25 | gen_time: 0.096 s | tok/s: 261.12
Request 297 | res_time: 17:48:34.05 | latency:  71.66 s | tokens: 25 | gen_time: 0.096 s | tok/s: 261.38
Request 298 | res_time: 17:48:34.11 | latency:  72.06 s | tokens: 25 | gen_time: 0.096 s | tok/s: 261.55
Request 299 | res_time: 17:48:34.17 | latency:  71.24 s | tokens: 25 | gen_time: 0.095 s | tok/s: 262.68
Request 300 | res_time: 17:48:34.23 | latency:  72.25 s | tokens: 25 | gen_time: 0.096 s | tok/s: 260.89
Request 301 | res_time: 17:48:34.28 | latency:  71.85 s | tokens: 25 | gen_time: 0.096 s | tok/s: 260.95
Request 302 | res_time: 17:48:34.35 | latency:  72.62 s | tokens: 25 | gen_time: 0.095 s | tok/s: 262.29
Request 303 | res_time: 17:48:34.40 | latency:  72.63 s | tokens: 25 | gen_time: 0.096 s | tok/s: 261.21
Request 304 | res_time: 17:48:34.46 | latency:  72.31 s | tokens: 25 | gen_time: 0.096 s | tok/s: 260.98
Request 305 | res_time: 17:48:34.52 | latency:  72.78 s | tokens: 25 | gen_time: 0.096 s | tok/s: 260.94
Request 306 | res_time: 17:48:34.58 | latency:  72.29 s | tokens: 25 | gen_time: 0.095 s | tok/s: 261.88
Request 307 | res_time: 17:48:34.63 | latency:  72.73 s | tokens: 25 | gen_time: 0.095 s | tok/s: 262.18
Request 308 | res_time: 17:48:34.70 | latency:  71.83 s | tokens: 25 | gen_time: 0.095 s | tok/s: 262.64
Request 309 | res_time: 17:48:34.75 | latency:  72.85 s | tokens: 25 | gen_time: 0.095 s | tok/s: 261.97
Request 310 | res_time: 17:48:34.81 | latency:  71.98 s | tokens: 25 | gen_time: 0.096 s | tok/s: 261.11
Request 311 | res_time: 17:48:34.87 | latency:  73.05 s | tokens: 25 | gen_time: 0.095 s | tok/s: 261.85
Request 312 | res_time: 17:48:34.93 | latency:  73.21 s | tokens: 25 | gen_time: 0.096 s | tok/s: 261.12
Request 313 | res_time: 17:48:34.98 | latency:  73.09 s | tokens: 25 | gen_time: 0.096 s | tok/s: 260.51
Request 314 | res_time: 17:48:35.05 | latency:  72.65 s | tokens: 25 | gen_time: 0.096 s | tok/s: 261.25
Request 315 | res_time: 17:48:35.10 | latency:  72.58 s | tokens: 25 | gen_time: 0.095 s | tok/s: 261.79
Request 316 | res_time: 17:48:35.16 | latency:  72.43 s | tokens: 25 | gen_time: 0.095 s | tok/s: 262.89
Request 317 | res_time: 17:48:35.22 | latency:  73.32 s | tokens: 25 | gen_time: 0.095 s | tok/s: 262.17
Request 318 | res_time: 17:48:35.28 | latency:  73.33 s | tokens: 25 | gen_time: 0.095 s | tok/s: 262.22
Request 319 | res_time: 17:48:35.33 | latency:  73.48 s | tokens: 25 | gen_time: 0.096 s | tok/s: 261.55
Request 320 | res_time: 17:48:35.40 | latency:  72.97 s | tokens: 25 | gen_time: 0.095 s | tok/s: 262.58
Request 321 | res_time: 17:48:35.45 | latency:  73.33 s | tokens: 25 | gen_time: 0.095 s | tok/s: 261.83
Request 322 | res_time: 17:48:35.51 | latency:  72.65 s | tokens: 25 | gen_time: 0.095 s | tok/s: 262.58
Request 323 | res_time: 17:48:35.57 | latency:  73.78 s | tokens: 25 | gen_time: 0.096 s | tok/s: 260.79
Request 324 | res_time: 17:48:35.63 | latency:  73.63 s | tokens: 25 | gen_time: 0.095 s | tok/s: 262.48
Request 325 | res_time: 17:48:35.68 | latency:  73.22 s | tokens: 25 | gen_time: 0.096 s | tok/s: 261.39
Request 326 | res_time: 17:48:35.75 | latency:  73.36 s | tokens: 25 | gen_time: 0.095 s | tok/s: 263.21
Request 327 | res_time: 17:48:35.80 | latency:  73.66 s | tokens: 25 | gen_time: 0.095 s | tok/s: 263.33
Request 328 | res_time: 17:48:35.86 | latency:  73.38 s | tokens: 25 | gen_time: 0.096 s | tok/s: 260.50
Request 329 | res_time: 17:48:35.92 | latency:  73.76 s | tokens: 25 | gen_time: 0.096 s | tok/s: 261.09
Request 330 | res_time: 17:48:35.98 | latency:  73.51 s | tokens: 25 | gen_time: 0.096 s | tok/s: 261.58
Request 331 | res_time: 17:48:36.03 | latency:  73.67 s | tokens: 25 | gen_time: 0.096 s | tok/s: 261.45
Request 332 | res_time: 17:48:36.09 | latency:  73.69 s | tokens: 25 | gen_time: 0.096 s | tok/s: 260.79
Request 333 | res_time: 17:48:36.15 | latency:  73.94 s | tokens: 25 | gen_time: 0.096 s | tok/s: 261.15
Request 334 | res_time: 17:48:36.21 | latency:  73.03 s | tokens: 25 | gen_time: 0.095 s | tok/s: 264.28
Request 335 | res_time: 17:48:36.27 | latency:  74.10 s | tokens: 25 | gen_time: 0.095 s | tok/s: 263.91
Request 336 | res_time: 17:48:36.33 | latency:  74.07 s | tokens: 25 | gen_time: 0.095 s | tok/s: 264.55
Request 337 | res_time: 17:48:36.38 | latency:  74.22 s | tokens: 25 | gen_time: 0.095 s | tok/s: 264.28
Request 338 | res_time: 17:48:36.44 | latency:  73.81 s | tokens: 25 | gen_time: 0.095 s | tok/s: 262.51
Request 339 | res_time: 17:48:36.50 | latency:  74.17 s | tokens: 25 | gen_time: 0.095 s | tok/s: 261.89
Request 340 | res_time: 17:48:36.56 | latency:  74.43 s | tokens: 25 | gen_time: 0.095 s | tok/s: 263.30
Request 341 | res_time: 17:48:36.61 | latency:  74.52 s | tokens: 25 | gen_time: 0.095 s | tok/s: 262.51
Request 342 | res_time: 17:48:36.68 | latency:  74.73 s | tokens: 25 | gen_time: 0.095 s | tok/s: 263.48
Request 343 | res_time: 17:48:36.73 | latency:  74.13 s | tokens: 25 | gen_time: 0.095 s | tok/s: 263.49
Request 344 | res_time: 17:48:36.79 | latency:  74.83 s | tokens: 25 | gen_time: 0.096 s | tok/s: 261.70
Request 345 | res_time: 17:48:36.85 | latency:  73.81 s | tokens: 25 | gen_time: 0.096 s | tok/s: 260.90
Request 346 | res_time: 17:48:36.91 | latency:  75.04 s | tokens: 25 | gen_time: 0.094 s | tok/s: 266.72
Request 347 | res_time: 17:48:36.97 | latency:  74.82 s | tokens: 25 | gen_time: 0.096 s | tok/s: 261.45
Request 348 | res_time: 17:48:37.03 | latency:  74.52 s | tokens: 25 | gen_time: 0.095 s | tok/s: 263.39
Request 349 | res_time: 17:48:37.08 | latency:  74.89 s | tokens: 25 | gen_time: 0.096 s | tok/s: 260.93
Request 350 | res_time: 17:48:37.14 | latency:  74.42 s | tokens: 25 | gen_time: 0.096 s | tok/s: 260.94
Request 351 | res_time: 17:48:37.20 | latency:  75.02 s | tokens: 25 | gen_time: 0.096 s | tok/s: 261.37
Request 352 | res_time: 17:48:37.26 | latency:  74.87 s | tokens: 25 | gen_time: 0.095 s | tok/s: 262.31
Request 353 | res_time: 17:48:37.32 | latency:  74.49 s | tokens: 25 | gen_time: 0.094 s | tok/s: 264.77
Request 354 | res_time: 17:48:37.38 | latency:  74.82 s | tokens: 25 | gen_time: 0.095 s | tok/s: 263.40
Request 355 | res_time: 17:48:37.43 | latency:  75.04 s | tokens: 25 | gen_time: 0.095 s | tok/s: 261.85
Request 356 | res_time: 17:48:37.49 | latency:  74.74 s | tokens: 25 | gen_time: 0.096 s | tok/s: 260.75
Request 357 | res_time: 17:48:37.55 | latency:  74.93 s | tokens: 25 | gen_time: 0.096 s | tok/s: 261.71
Request 358 | res_time: 17:48:37.61 | latency:  75.33 s | tokens: 25 | gen_time: 0.095 s | tok/s: 261.84
Request 359 | res_time: 17:48:37.67 | latency:  74.55 s | tokens: 25 | gen_time: 0.096 s | tok/s: 261.36
Request 360 | res_time: 17:48:37.73 | latency:  75.96 s | tokens: 25 | gen_time: 0.097 s | tok/s: 258.16
Request 361 | res_time: 17:48:37.79 | latency:  74.69 s | tokens: 25 | gen_time: 0.095 s | tok/s: 262.32
Request 362 | res_time: 17:48:37.84 | latency:  74.78 s | tokens: 25 | gen_time: 0.095 s | tok/s: 262.35
Request 363 | res_time: 17:48:37.90 | latency:  75.27 s | tokens: 25 | gen_time: 0.095 s | tok/s: 263.05
Request 364 | res_time: 17:48:37.96 | latency:  75.39 s | tokens: 25 | gen_time: 0.095 s | tok/s: 262.66
Request 365 | res_time: 17:48:38.02 | latency:  75.67 s | tokens: 25 | gen_time: 0.096 s | tok/s: 261.45
Request 366 | res_time: 17:48:38.08 | latency:  75.56 s | tokens: 25 | gen_time: 0.096 s | tok/s: 260.85
Request 367 | res_time: 17:48:38.14 | latency:  76.02 s | tokens: 25 | gen_time: 0.095 s | tok/s: 263.28
Request 368 | res_time: 17:48:38.19 | latency:  76.24 s | tokens: 25 | gen_time: 0.095 s | tok/s: 263.59
Request 369 | res_time: 17:48:38.25 | latency:  75.88 s | tokens: 25 | gen_time: 0.096 s | tok/s: 259.77
Request 370 | res_time: 17:48:38.31 | latency:  75.49 s | tokens: 25 | gen_time: 0.094 s | tok/s: 264.60
Request 371 | res_time: 17:48:38.37 | latency:  75.27 s | tokens: 25 | gen_time: 0.095 s | tok/s: 263.98
Request 372 | res_time: 17:48:38.43 | latency:  75.73 s | tokens: 25 | gen_time: 0.095 s | tok/s: 262.30
Request 373 | res_time: 17:48:38.49 | latency:  75.66 s | tokens: 25 | gen_time: 0.095 s | tok/s: 262.07
Request 374 | res_time: 17:48:38.55 | latency:  75.66 s | tokens: 25 | gen_time: 0.096 s | tok/s: 261.64
Request 375 | res_time: 17:48:38.60 | latency:  75.72 s | tokens: 25 | gen_time: 0.096 s | tok/s: 261.49
Request 376 | res_time: 17:48:38.66 | latency:  76.24 s | tokens: 25 | gen_time: 0.096 s | tok/s: 261.30
Request 377 | res_time: 17:48:38.72 | latency:  76.40 s | tokens: 25 | gen_time: 0.095 s | tok/s: 261.94
Request 378 | res_time: 17:48:38.78 | latency:  75.95 s | tokens: 25 | gen_time: 0.095 s | tok/s: 263.50
Request 379 | res_time: 17:48:38.84 | latency:  76.25 s | tokens: 25 | gen_time: 0.096 s | tok/s: 261.66
Request 380 | res_time: 17:48:38.89 | latency:  75.65 s | tokens: 25 | gen_time: 0.096 s | tok/s: 261.70
Request 381 | res_time: 17:48:38.95 | latency:  76.60 s | tokens: 25 | gen_time: 0.096 s | tok/s: 261.51
Request 382 | res_time: 17:48:39.01 | latency:  76.37 s | tokens: 25 | gen_time: 0.096 s | tok/s: 261.48
Request 383 | res_time: 17:48:39.07 | latency:  76.85 s | tokens: 25 | gen_time: 0.095 s | tok/s: 262.36
Request 384 | res_time: 17:48:39.13 | latency:  76.09 s | tokens: 25 | gen_time: 0.096 s | tok/s: 260.14
Request 385 | res_time: 17:48:39.19 | latency:  76.49 s | tokens: 25 | gen_time: 0.095 s | tok/s: 262.14
Request 386 | res_time: 17:48:39.24 | latency:  76.36 s | tokens: 25 | gen_time: 0.096 s | tok/s: 260.36
Request 387 | res_time: 17:48:39.30 | latency:  76.55 s | tokens: 25 | gen_time: 0.095 s | tok/s: 262.31
Request 388 | res_time: 17:48:39.36 | latency:  76.95 s | tokens: 25 | gen_time: 0.095 s | tok/s: 261.86
Request 389 | res_time: 17:48:39.42 | latency:  76.34 s | tokens: 25 | gen_time: 0.096 s | tok/s: 260.36
Request 390 | res_time: 17:48:39.48 | latency:  76.67 s | tokens: 25 | gen_time: 0.095 s | tok/s: 262.51
Request 391 | res_time: 17:48:39.54 | latency:  77.45 s | tokens: 25 | gen_time: 0.096 s | tok/s: 260.58
Request 392 | res_time: 17:48:39.59 | latency:  77.21 s | tokens: 25 | gen_time: 0.096 s | tok/s: 261.15
Request 393 | res_time: 17:48:39.65 | latency:  77.21 s | tokens: 25 | gen_time: 0.096 s | tok/s: 261.63
Request 394 | res_time: 17:48:39.71 | latency:  76.85 s | tokens: 25 | gen_time: 0.096 s | tok/s: 260.41
Request 395 | res_time: 17:48:39.77 | latency:  77.52 s | tokens: 25 | gen_time: 0.095 s | tok/s: 262.78
Request 396 | res_time: 17:48:39.83 | latency:  77.44 s | tokens: 25 | gen_time: 0.096 s | tok/s: 260.20
Request 397 | res_time: 17:48:39.89 | latency:  77.10 s | tokens: 25 | gen_time: 0.096 s | tok/s: 261.36
Request 398 | res_time: 17:48:39.94 | latency:  77.10 s | tokens: 25 | gen_time: 0.096 s | tok/s: 261.54
Request 399 | res_time: 17:48:39.98 | latency:  77.59 s | tokens: 25 | gen_time: 0.075 s | tok/s: 333.17
Request 400 | res_time: 17:48:40.05 | latency:  77.23 s | tokens: 25 | gen_time: 0.053 s | tok/s: 467.71

--- TEST CONFIGURATION ---
MIG Config: all-7g.40gb
Ollama Replicas: 7
Total requests: 400
Concurrency: 400
Requested output tokens (effort): 25

Total tokens: 10000
Wall time (s): 78.40
GPU time (s): 97.13

--- METRICS ---
Throughput REAL (tok/s): 127.54
Throughput GPU (tok/s): 102.96
Avg tokens/sec per request: 150.92
Latency avg (ms): 30217.02
Latency p95 (ms): 76337.69

Run appended to CSV table: results/results_table.csv
Per-request stats appended to CSV table: results/result-20260902-174721-640-all-7g.40gb-replicas7-25.csv
