[17:52:02] Starting load test
[17:52:02] MIG Config: all-7g.40gb
[17:52:02] Ollama Replicas: 7
[17:52:02] Total requests: 400
[17:52:02] Concurrency: 400
[17:52:02] Output tokens (effort): 25
[17:52:02] REQUEST: 1 - STARTED in background (active_jobs=1)
[17:52:02] REQUEST: 2 - STARTED in background (active_jobs=2)
[17:52:02] REQUEST: 3 - STARTED in background (active_jobs=3)
[17:52:02] REQUEST: 4 - STARTED in background (active_jobs=4)
[17:52:02] REQUEST: 5 - STARTED in background (active_jobs=5)
[17:52:02] REQUEST: 6 - STARTED in background (active_jobs=6)
[17:52:02] REQUEST: 7 - STARTED in background (active_jobs=7)
[17:52:02] REQUEST: 8 - STARTED in background (active_jobs=8)
[17:52:02] REQUEST: 9 - STARTED in background (active_jobs=9)
[17:52:02] REQUEST: 10 - STARTED in background (active_jobs=10)
[17:52:02] REQUEST: 11 - STARTED in background (active_jobs=11)
[17:52:02] REQUEST: 12 - STARTED in background (active_jobs=12)
[17:52:02] REQUEST: 13 - STARTED in background (active_jobs=13)
[17:52:02] REQUEST: 14 - STARTED in background (active_jobs=14)
[17:52:02] REQUEST: 15 - STARTED in background (active_jobs=15)
[17:52:02] REQUEST: 16 - STARTED in background (active_jobs=16)
[17:52:02] REQUEST: 17 - STARTED in background (active_jobs=17)
[17:52:02] REQUEST: 18 - STARTED in background (active_jobs=18)
[17:52:02] REQUEST: 19 - STARTED in background (active_jobs=19)
[17:52:02] REQUEST: 20 - STARTED in background (active_jobs=20)
[17:52:02] REQUEST: 21 - STARTED in background (active_jobs=21)
[17:52:02] REQUEST: 22 - STARTED in background (active_jobs=22)
[17:52:02] REQUEST: 23 - STARTED in background (active_jobs=23)
[17:52:02] REQUEST: 24 - STARTED in background (active_jobs=24)
[17:52:02] REQUEST: 25 - STARTED in background (active_jobs=25)
[17:52:02] REQUEST: 26 - STARTED in background (active_jobs=26)
[17:52:02] REQUEST: 27 - STARTED in background (active_jobs=27)
[17:52:02] REQUEST: 28 - STARTED in background (active_jobs=28)
[17:52:02] REQUEST: 29 - STARTED in background (active_jobs=29)
[17:52:02] REQUEST: 30 - STARTED in background (active_jobs=30)
[17:52:02] REQUEST: 31 - STARTED in background (active_jobs=31)
[17:52:02] REQUEST: 32 - STARTED in background (active_jobs=32)
[17:52:02] REQUEST: 33 - STARTED in background (active_jobs=33)
[17:52:02] REQUEST: 34 - STARTED in background (active_jobs=34)
[17:52:02] REQUEST: 35 - STARTED in background (active_jobs=35)
[17:52:02] REQUEST: 36 - STARTED in background (active_jobs=36)
[17:52:02] REQUEST: 37 - STARTED in background (active_jobs=37)
[17:52:02] REQUEST: 38 - STARTED in background (active_jobs=38)
[17:52:02] REQUEST: 39 - STARTED in background (active_jobs=39)
[17:52:02] REQUEST: 40 - STARTED in background (active_jobs=40)
[17:52:02] REQUEST: 41 - STARTED in background (active_jobs=41)
[17:52:02] REQUEST: 42 - STARTED in background (active_jobs=42)
[17:52:02] REQUEST: 43 - STARTED in background (active_jobs=43)
[17:52:02] REQUEST: 44 - STARTED in background (active_jobs=44)
[17:52:02] REQUEST: 45 - STARTED in background (active_jobs=45)
[17:52:02] REQUEST: 46 - STARTED in background (active_jobs=46)
[17:52:02] REQUEST: 47 - STARTED in background (active_jobs=47)
[17:52:02] REQUEST: 48 - STARTED in background (active_jobs=48)
[17:52:02] REQUEST: 49 - STARTED in background (active_jobs=49)
[17:52:02] REQUEST: 50 - STARTED in background (active_jobs=50)
[17:52:02] REQUEST: 51 - STARTED in background (active_jobs=51)
[17:52:02] REQUEST: 52 - STARTED in background (active_jobs=52)
[17:52:02] REQUEST: 53 - STARTED in background (active_jobs=53)
[17:52:02] REQUEST: 54 - STARTED in background (active_jobs=54)
[17:52:02] REQUEST: 55 - STARTED in background (active_jobs=55)
[17:52:02] REQUEST: 56 - STARTED in background (active_jobs=56)
[17:52:02] REQUEST: 57 - STARTED in background (active_jobs=57)
[17:52:02] REQUEST: 58 - STARTED in background (active_jobs=58)
[17:52:02] REQUEST: 59 - STARTED in background (active_jobs=59)
[17:52:02] REQUEST: 60 - STARTED in background (active_jobs=60)
[17:52:02] REQUEST: 61 - STARTED in background (active_jobs=61)
[17:52:02] REQUEST: 62 - STARTED in background (active_jobs=62)
[17:52:02] REQUEST: 63 - STARTED in background (active_jobs=63)
[17:52:02] REQUEST: 64 - STARTED in background (active_jobs=64)
[17:52:02] REQUEST: 65 - STARTED in background (active_jobs=65)
[17:52:02] REQUEST: 66 - STARTED in background (active_jobs=66)
[17:52:02] REQUEST: 67 - STARTED in background (active_jobs=67)
[17:52:02] REQUEST: 68 - STARTED in background (active_jobs=68)
[17:52:02] REQUEST: 69 - STARTED in background (active_jobs=69)
[17:52:02] REQUEST: 70 - STARTED in background (active_jobs=70)
[17:52:02] REQUEST: 71 - STARTED in background (active_jobs=71)
[17:52:02] REQUEST: 72 - STARTED in background (active_jobs=72)
[17:52:02] REQUEST: 73 - STARTED in background (active_jobs=73)
[17:52:02] REQUEST: 74 - STARTED in background (active_jobs=74)
[17:52:02] REQUEST: 75 - STARTED in background (active_jobs=75)
[17:52:02] REQUEST: 76 - STARTED in background (active_jobs=76)
[17:52:02] REQUEST: 77 - STARTED in background (active_jobs=77)
[17:52:02] REQUEST: 78 - STARTED in background (active_jobs=78)
[17:52:02] REQUEST: 79 - STARTED in background (active_jobs=79)
[17:52:02] REQUEST: 80 - STARTED in background (active_jobs=80)
[17:52:02] REQUEST: 81 - STARTED in background (active_jobs=81)
[17:52:02] REQUEST: 82 - STARTED in background (active_jobs=82)
[17:52:02] REQUEST: 83 - STARTED in background (active_jobs=83)
[17:52:02] REQUEST: 84 - STARTED in background (active_jobs=84)
[17:52:02] REQUEST: 85 - STARTED in background (active_jobs=85)
[17:52:02] REQUEST: 86 - STARTED in background (active_jobs=86)
[17:52:02] REQUEST: 87 - STARTED in background (active_jobs=87)
[17:52:02] REQUEST: 88 - STARTED in background (active_jobs=88)
[17:52:02] REQUEST: 89 - STARTED in background (active_jobs=89)
[17:52:02] REQUEST: 90 - STARTED in background (active_jobs=90)
[17:52:02] REQUEST: 91 - STARTED in background (active_jobs=91)
[17:52:02] REQUEST: 92 - STARTED in background (active_jobs=92)
[17:52:02] REQUEST: 93 - STARTED in background (active_jobs=93)
[17:52:02] REQUEST: 94 - STARTED in background (active_jobs=94)
[17:52:02] REQUEST: 2 - COMPLETED
[17:52:02] REQUEST: 95 - STARTED in background (active_jobs=95)
[17:52:03] REQUEST: 96 - STARTED in background (active_jobs=96)
[17:52:03] REQUEST: 97 - STARTED in background (active_jobs=97)
[17:52:03] REQUEST: 98 - STARTED in background (active_jobs=98)
[17:52:03] REQUEST: 99 - STARTED in background (active_jobs=99)
[17:52:03] REQUEST: 100 - STARTED in background (active_jobs=100)
[17:52:03] REQUEST: 101 - STARTED in background (active_jobs=101)
[17:52:03] REQUEST: 102 - STARTED in background (active_jobs=102)
[17:52:03] REQUEST: 103 - STARTED in background (active_jobs=103)
[17:52:03] REQUEST: 104 - STARTED in background (active_jobs=104)
[17:52:03] REQUEST: 105 - STARTED in background (active_jobs=105)
[17:52:03] REQUEST: 106 - STARTED in background (active_jobs=106)
[17:52:03] REQUEST: 107 - STARTED in background (active_jobs=107)
[17:52:03] REQUEST: 108 - STARTED in background (active_jobs=108)
[17:52:03] REQUEST: 109 - STARTED in background (active_jobs=109)
[17:52:03] REQUEST: 110 - STARTED in background (active_jobs=110)
[17:52:03] REQUEST: 111 - STARTED in background (active_jobs=111)
[17:52:03] REQUEST: 112 - STARTED in background (active_jobs=112)
[17:52:03] REQUEST: 113 - STARTED in background (active_jobs=113)
[17:52:03] REQUEST: 114 - STARTED in background (active_jobs=114)
[17:52:03] REQUEST: 115 - STARTED in background (active_jobs=115)
[17:52:03] REQUEST: 116 - STARTED in background (active_jobs=116)
[17:52:03] REQUEST: 117 - STARTED in background (active_jobs=117)
[17:52:03] REQUEST: 118 - STARTED in background (active_jobs=118)
[17:52:03] REQUEST: 119 - STARTED in background (active_jobs=119)
[17:52:03] REQUEST: 120 - STARTED in background (active_jobs=120)
[17:52:03] REQUEST: 121 - STARTED in background (active_jobs=121)
[17:52:03] REQUEST: 122 - STARTED in background (active_jobs=122)
[17:52:03] REQUEST: 123 - STARTED in background (active_jobs=123)
[17:52:03] REQUEST: 124 - STARTED in background (active_jobs=124)
[17:52:03] REQUEST: 125 - STARTED in background (active_jobs=125)
[17:52:03] REQUEST: 126 - STARTED in background (active_jobs=126)
[17:52:03] REQUEST: 127 - STARTED in background (active_jobs=127)
[17:52:03] REQUEST: 128 - STARTED in background (active_jobs=128)
[17:52:03] REQUEST: 129 - STARTED in background (active_jobs=129)
[17:52:03] REQUEST: 130 - STARTED in background (active_jobs=130)
[17:52:03] REQUEST: 131 - STARTED in background (active_jobs=131)
[17:52:03] REQUEST: 132 - STARTED in background (active_jobs=132)
[17:52:03] REQUEST: 133 - STARTED in background (active_jobs=133)
[17:52:03] REQUEST: 134 - STARTED in background (active_jobs=134)
[17:52:03] REQUEST: 135 - STARTED in background (active_jobs=135)
[17:52:03] REQUEST: 136 - STARTED in background (active_jobs=136)
[17:52:03] REQUEST: 137 - STARTED in background (active_jobs=137)
[17:52:03] REQUEST: 138 - STARTED in background (active_jobs=138)
[17:52:03] REQUEST: 139 - STARTED in background (active_jobs=139)
[17:52:03] REQUEST: 140 - STARTED in background (active_jobs=140)
[17:52:03] REQUEST: 141 - STARTED in background (active_jobs=141)
[17:52:03] REQUEST: 142 - STARTED in background (active_jobs=142)
[17:52:03] REQUEST: 143 - STARTED in background (active_jobs=143)
[17:52:03] REQUEST: 144 - STARTED in background (active_jobs=144)
[17:52:03] REQUEST: 145 - STARTED in background (active_jobs=145)
[17:52:03] REQUEST: 146 - STARTED in background (active_jobs=146)
[17:52:03] REQUEST: 147 - STARTED in background (active_jobs=147)
[17:52:03] REQUEST: 148 - STARTED in background (active_jobs=148)
[17:52:03] REQUEST: 5 - COMPLETED
[17:52:03] REQUEST: 149 - STARTED in background (active_jobs=149)
[17:52:03] REQUEST: 150 - STARTED in background (active_jobs=150)
[17:52:03] REQUEST: 151 - STARTED in background (active_jobs=151)
[17:52:03] REQUEST: 152 - STARTED in background (active_jobs=152)
[17:52:03] REQUEST: 153 - STARTED in background (active_jobs=153)
[17:52:03] REQUEST: 154 - STARTED in background (active_jobs=154)
[17:52:03] REQUEST: 155 - STARTED in background (active_jobs=155)
[17:52:03] REQUEST: 156 - STARTED in background (active_jobs=156)
[17:52:03] REQUEST: 157 - STARTED in background (active_jobs=157)
[17:52:03] REQUEST: 158 - STARTED in background (active_jobs=158)
[17:52:03] REQUEST: 159 - STARTED in background (active_jobs=159)
[17:52:03] REQUEST: 160 - STARTED in background (active_jobs=160)
[17:52:03] REQUEST: 161 - STARTED in background (active_jobs=161)
[17:52:03] REQUEST: 162 - STARTED in background (active_jobs=162)
[17:52:03] REQUEST: 163 - STARTED in background (active_jobs=163)
[17:52:03] REQUEST: 164 - STARTED in background (active_jobs=164)
[17:52:03] REQUEST: 165 - STARTED in background (active_jobs=165)
[17:52:03] REQUEST: 166 - STARTED in background (active_jobs=166)
[17:52:03] REQUEST: 167 - STARTED in background (active_jobs=167)
[17:52:03] REQUEST: 168 - STARTED in background (active_jobs=168)
[17:52:03] REQUEST: 169 - STARTED in background (active_jobs=169)
[17:52:03] REQUEST: 170 - STARTED in background (active_jobs=170)
[17:52:03] REQUEST: 171 - STARTED in background (active_jobs=171)
[17:52:03] REQUEST: 172 - STARTED in background (active_jobs=172)
[17:52:03] REQUEST: 173 - STARTED in background (active_jobs=173)
[17:52:03] REQUEST: 174 - STARTED in background (active_jobs=174)
[17:52:03] REQUEST: 175 - STARTED in background (active_jobs=175)
[17:52:03] REQUEST: 176 - STARTED in background (active_jobs=176)
[17:52:03] REQUEST: 177 - STARTED in background (active_jobs=177)
[17:52:03] REQUEST: 178 - STARTED in background (active_jobs=178)
[17:52:03] REQUEST: 179 - STARTED in background (active_jobs=179)
[17:52:03] REQUEST: 180 - STARTED in background (active_jobs=180)
[17:52:03] REQUEST: 181 - STARTED in background (active_jobs=181)
[17:52:03] REQUEST: 182 - STARTED in background (active_jobs=182)
[17:52:03] REQUEST: 183 - STARTED in background (active_jobs=183)
[17:52:03] REQUEST: 184 - STARTED in background (active_jobs=184)
[17:52:03] REQUEST: 185 - STARTED in background (active_jobs=185)
[17:52:03] REQUEST: 186 - STARTED in background (active_jobs=186)
[17:52:03] REQUEST: 187 - STARTED in background (active_jobs=187)
[17:52:03] REQUEST: 188 - STARTED in background (active_jobs=188)
[17:52:03] REQUEST: 189 - STARTED in background (active_jobs=189)
[17:52:03] REQUEST: 190 - STARTED in background (active_jobs=190)
[17:52:03] REQUEST: 191 - STARTED in background (active_jobs=191)
[17:52:03] REQUEST: 192 - STARTED in background (active_jobs=192)
[17:52:03] REQUEST: 193 - STARTED in background (active_jobs=193)
[17:52:03] REQUEST: 194 - STARTED in background (active_jobs=194)
[17:52:03] REQUEST: 195 - STARTED in background (active_jobs=195)
[17:52:03] REQUEST: 196 - STARTED in background (active_jobs=196)
[17:52:03] REQUEST: 197 - STARTED in background (active_jobs=197)
[17:52:03] REQUEST: 198 - STARTED in background (active_jobs=198)
[17:52:03] REQUEST: 199 - STARTED in background (active_jobs=199)
[17:52:03] REQUEST: 200 - STARTED in background (active_jobs=200)
[17:52:03] REQUEST: 201 - STARTED in background (active_jobs=201)
[17:52:03] REQUEST: 202 - STARTED in background (active_jobs=202)
[17:52:03] REQUEST: 203 - STARTED in background (active_jobs=203)
[17:52:03] REQUEST: 204 - STARTED in background (active_jobs=204)
[17:52:03] REQUEST: 205 - STARTED in background (active_jobs=205)
[17:52:03] REQUEST: 206 - STARTED in background (active_jobs=206)
[17:52:03] REQUEST: 207 - STARTED in background (active_jobs=207)
[17:52:03] REQUEST: 208 - STARTED in background (active_jobs=208)
[17:52:03] REQUEST: 209 - STARTED in background (active_jobs=209)
[17:52:03] REQUEST: 210 - STARTED in background (active_jobs=210)
[17:52:03] REQUEST: 211 - STARTED in background (active_jobs=211)
[17:52:03] REQUEST: 212 - STARTED in background (active_jobs=212)
[17:52:03] REQUEST: 213 - STARTED in background (active_jobs=213)
[17:52:03] REQUEST: 214 - STARTED in background (active_jobs=214)
[17:52:03] REQUEST: 215 - STARTED in background (active_jobs=215)
[17:52:03] REQUEST: 216 - STARTED in background (active_jobs=216)
[17:52:03] REQUEST: 217 - STARTED in background (active_jobs=217)
[17:52:03] REQUEST: 218 - STARTED in background (active_jobs=218)
[17:52:03] REQUEST: 219 - STARTED in background (active_jobs=219)
[17:52:03] REQUEST: 220 - STARTED in background (active_jobs=220)
[17:52:03] REQUEST: 221 - STARTED in background (active_jobs=221)
[17:52:03] REQUEST: 222 - STARTED in background (active_jobs=222)
[17:52:03] REQUEST: 223 - STARTED in background (active_jobs=223)
[17:52:03] REQUEST: 224 - STARTED in background (active_jobs=224)
[17:52:03] REQUEST: 225 - STARTED in background (active_jobs=225)
[17:52:03] REQUEST: 226 - STARTED in background (active_jobs=226)
[17:52:03] REQUEST: 227 - STARTED in background (active_jobs=227)
[17:52:03] REQUEST: 228 - STARTED in background (active_jobs=228)
[17:52:03] REQUEST: 229 - STARTED in background (active_jobs=229)
[17:52:03] REQUEST: 230 - STARTED in background (active_jobs=230)
[17:52:03] REQUEST: 231 - STARTED in background (active_jobs=231)
[17:52:03] REQUEST: 232 - STARTED in background (active_jobs=232)
[17:52:03] REQUEST: 233 - STARTED in background (active_jobs=233)
[17:52:03] REQUEST: 234 - STARTED in background (active_jobs=234)
[17:52:03] REQUEST: 235 - STARTED in background (active_jobs=235)
[17:52:03] REQUEST: 236 - STARTED in background (active_jobs=236)
[17:52:03] REQUEST: 237 - STARTED in background (active_jobs=237)
[17:52:03] REQUEST: 238 - STARTED in background (active_jobs=238)
[17:52:03] REQUEST: 239 - STARTED in background (active_jobs=239)
[17:52:03] REQUEST: 240 - STARTED in background (active_jobs=240)
[17:52:03] REQUEST: 241 - STARTED in background (active_jobs=241)
[17:52:03] REQUEST: 242 - STARTED in background (active_jobs=242)
[17:52:03] REQUEST: 243 - STARTED in background (active_jobs=243)
[17:52:03] REQUEST: 244 - STARTED in background (active_jobs=244)
[17:52:03] REQUEST: 245 - STARTED in background (active_jobs=245)
[17:52:03] REQUEST: 246 - STARTED in background (active_jobs=246)
[17:52:03] REQUEST: 247 - STARTED in background (active_jobs=247)
[17:52:03] REQUEST: 248 - STARTED in background (active_jobs=248)
[17:52:03] REQUEST: 249 - STARTED in background (active_jobs=249)
[17:52:03] REQUEST: 250 - STARTED in background (active_jobs=250)
[17:52:03] REQUEST: 251 - STARTED in background (active_jobs=251)
[17:52:03] REQUEST: 252 - STARTED in background (active_jobs=252)
[17:52:03] REQUEST: 14 - COMPLETED
[17:52:03] REQUEST: 253 - STARTED in background (active_jobs=253)
[17:52:03] REQUEST: 254 - STARTED in background (active_jobs=254)
[17:52:03] REQUEST: 255 - STARTED in background (active_jobs=255)
[17:52:03] REQUEST: 256 - STARTED in background (active_jobs=256)
[17:52:03] REQUEST: 257 - STARTED in background (active_jobs=257)
[17:52:03] REQUEST: 258 - STARTED in background (active_jobs=258)
[17:52:03] REQUEST: 259 - STARTED in background (active_jobs=259)
[17:52:03] REQUEST: 260 - STARTED in background (active_jobs=260)
[17:52:03] REQUEST: 261 - STARTED in background (active_jobs=261)
[17:52:03] REQUEST: 262 - STARTED in background (active_jobs=262)
[17:52:03] REQUEST: 263 - STARTED in background (active_jobs=263)
[17:52:03] REQUEST: 264 - STARTED in background (active_jobs=264)
[17:52:03] REQUEST: 265 - STARTED in background (active_jobs=265)
[17:52:03] REQUEST: 266 - STARTED in background (active_jobs=266)
[17:52:03] REQUEST: 267 - STARTED in background (active_jobs=267)
[17:52:03] REQUEST: 268 - STARTED in background (active_jobs=268)
[17:52:03] REQUEST: 269 - STARTED in background (active_jobs=269)
[17:52:03] REQUEST: 270 - STARTED in background (active_jobs=270)
[17:52:03] REQUEST: 271 - STARTED in background (active_jobs=271)
[17:52:03] REQUEST: 272 - STARTED in background (active_jobs=272)
[17:52:03] REQUEST: 273 - STARTED in background (active_jobs=273)
[17:52:03] REQUEST: 274 - STARTED in background (active_jobs=274)
[17:52:03] REQUEST: 275 - STARTED in background (active_jobs=275)
[17:52:03] REQUEST: 276 - STARTED in background (active_jobs=276)
[17:52:03] REQUEST: 277 - STARTED in background (active_jobs=277)
[17:52:03] REQUEST: 278 - STARTED in background (active_jobs=278)
[17:52:03] REQUEST: 279 - STARTED in background (active_jobs=279)
[17:52:03] REQUEST: 280 - STARTED in background (active_jobs=280)
[17:52:03] REQUEST: 281 - STARTED in background (active_jobs=281)
[17:52:03] REQUEST: 282 - STARTED in background (active_jobs=282)
[17:52:03] REQUEST: 283 - STARTED in background (active_jobs=283)
[17:52:03] REQUEST: 284 - STARTED in background (active_jobs=284)
[17:52:03] REQUEST: 285 - STARTED in background (active_jobs=285)
[17:52:03] REQUEST: 286 - STARTED in background (active_jobs=286)
[17:52:03] REQUEST: 287 - STARTED in background (active_jobs=287)
[17:52:03] REQUEST: 288 - STARTED in background (active_jobs=288)
[17:52:03] REQUEST: 289 - STARTED in background (active_jobs=289)
[17:52:03] REQUEST: 290 - STARTED in background (active_jobs=290)
[17:52:03] REQUEST: 291 - STARTED in background (active_jobs=291)
[17:52:03] REQUEST: 292 - STARTED in background (active_jobs=292)
[17:52:03] REQUEST: 293 - STARTED in background (active_jobs=293)
[17:52:03] REQUEST: 294 - STARTED in background (active_jobs=294)
[17:52:03] REQUEST: 295 - STARTED in background (active_jobs=295)
[17:52:03] REQUEST: 296 - STARTED in background (active_jobs=296)
[17:52:03] REQUEST: 297 - STARTED in background (active_jobs=297)
[17:52:03] REQUEST: 298 - STARTED in background (active_jobs=298)
[17:52:03] REQUEST: 299 - STARTED in background (active_jobs=299)
[17:52:03] REQUEST: 300 - STARTED in background (active_jobs=300)
[17:52:03] REQUEST: 301 - STARTED in background (active_jobs=301)
[17:52:03] REQUEST: 302 - STARTED in background (active_jobs=302)
[17:52:03] REQUEST: 303 - STARTED in background (active_jobs=303)
[17:52:03] REQUEST: 304 - STARTED in background (active_jobs=304)
[17:52:03] REQUEST: 305 - STARTED in background (active_jobs=305)
[17:52:03] REQUEST: 306 - STARTED in background (active_jobs=306)
[17:52:03] REQUEST: 307 - STARTED in background (active_jobs=307)
[17:52:03] REQUEST: 308 - STARTED in background (active_jobs=308)
[17:52:03] REQUEST: 309 - STARTED in background (active_jobs=309)
[17:52:03] REQUEST: 310 - STARTED in background (active_jobs=310)
[17:52:03] REQUEST: 311 - STARTED in background (active_jobs=311)
[17:52:03] REQUEST: 312 - STARTED in background (active_jobs=312)
[17:52:03] REQUEST: 313 - STARTED in background (active_jobs=313)
[17:52:03] REQUEST: 314 - STARTED in background (active_jobs=314)
[17:52:03] REQUEST: 315 - STARTED in background (active_jobs=315)
[17:52:03] REQUEST: 316 - STARTED in background (active_jobs=316)
[17:52:03] REQUEST: 317 - STARTED in background (active_jobs=317)
[17:52:03] REQUEST: 318 - STARTED in background (active_jobs=318)
[17:52:03] REQUEST: 319 - STARTED in background (active_jobs=319)
[17:52:03] REQUEST: 320 - STARTED in background (active_jobs=320)
[17:52:03] REQUEST: 321 - STARTED in background (active_jobs=321)
[17:52:03] REQUEST: 322 - STARTED in background (active_jobs=322)
[17:52:03] REQUEST: 323 - STARTED in background (active_jobs=323)
[17:52:03] REQUEST: 324 - STARTED in background (active_jobs=324)
[17:52:03] REQUEST: 325 - STARTED in background (active_jobs=325)
[17:52:03] REQUEST: 326 - STARTED in background (active_jobs=326)
[17:52:03] REQUEST: 327 - STARTED in background (active_jobs=327)
[17:52:03] REQUEST: 328 - STARTED in background (active_jobs=328)
[17:52:03] REQUEST: 329 - STARTED in background (active_jobs=329)
[17:52:03] REQUEST: 330 - STARTED in background (active_jobs=330)
[17:52:03] REQUEST: 331 - STARTED in background (active_jobs=331)
[17:52:03] REQUEST: 332 - STARTED in background (active_jobs=332)
[17:52:03] REQUEST: 333 - STARTED in background (active_jobs=333)
[17:52:03] REQUEST: 334 - STARTED in background (active_jobs=334)
[17:52:03] REQUEST: 335 - STARTED in background (active_jobs=335)
[17:52:03] REQUEST: 336 - STARTED in background (active_jobs=336)
[17:52:03] REQUEST: 337 - STARTED in background (active_jobs=337)
[17:52:03] REQUEST: 338 - STARTED in background (active_jobs=338)
[17:52:03] REQUEST: 339 - STARTED in background (active_jobs=339)
[17:52:03] REQUEST: 340 - STARTED in background (active_jobs=340)
[17:52:03] REQUEST: 341 - STARTED in background (active_jobs=341)
[17:52:03] REQUEST: 342 - STARTED in background (active_jobs=342)
[17:52:03] REQUEST: 343 - STARTED in background (active_jobs=343)
[17:52:03] REQUEST: 344 - STARTED in background (active_jobs=344)
[17:52:03] REQUEST: 345 - STARTED in background (active_jobs=345)
[17:52:03] REQUEST: 346 - STARTED in background (active_jobs=346)
[17:52:03] REQUEST: 347 - STARTED in background (active_jobs=347)
[17:52:03] REQUEST: 348 - STARTED in background (active_jobs=348)
[17:52:03] REQUEST: 349 - STARTED in background (active_jobs=349)
[17:52:03] REQUEST: 350 - STARTED in background (active_jobs=350)
[17:52:03] REQUEST: 351 - STARTED in background (active_jobs=351)
[17:52:03] REQUEST: 352 - STARTED in background (active_jobs=352)
[17:52:03] REQUEST: 353 - STARTED in background (active_jobs=353)
[17:52:03] REQUEST: 354 - STARTED in background (active_jobs=354)
[17:52:03] REQUEST: 355 - STARTED in background (active_jobs=355)
[17:52:03] REQUEST: 356 - STARTED in background (active_jobs=356)
[17:52:03] REQUEST: 357 - STARTED in background (active_jobs=357)
[17:52:03] REQUEST: 358 - STARTED in background (active_jobs=358)
[17:52:03] REQUEST: 359 - STARTED in background (active_jobs=359)
[17:52:03] REQUEST: 360 - STARTED in background (active_jobs=360)
[17:52:03] REQUEST: 361 - STARTED in background (active_jobs=361)
[17:52:03] REQUEST: 362 - STARTED in background (active_jobs=362)
[17:52:03] REQUEST: 363 - STARTED in background (active_jobs=363)
[17:52:03] REQUEST: 364 - STARTED in background (active_jobs=364)
[17:52:03] REQUEST: 365 - STARTED in background (active_jobs=365)
[17:52:03] REQUEST: 366 - STARTED in background (active_jobs=366)
[17:52:03] REQUEST: 367 - STARTED in background (active_jobs=367)
[17:52:03] REQUEST: 368 - STARTED in background (active_jobs=368)
[17:52:03] REQUEST: 369 - STARTED in background (active_jobs=369)
[17:52:03] REQUEST: 370 - STARTED in background (active_jobs=370)
[17:52:03] REQUEST: 371 - STARTED in background (active_jobs=371)
[17:52:03] REQUEST: 372 - STARTED in background (active_jobs=372)
[17:52:03] REQUEST: 373 - STARTED in background (active_jobs=373)
[17:52:03] REQUEST: 374 - STARTED in background (active_jobs=374)
[17:52:03] REQUEST: 375 - STARTED in background (active_jobs=375)
[17:52:03] REQUEST: 376 - STARTED in background (active_jobs=376)
[17:52:03] REQUEST: 377 - STARTED in background (active_jobs=377)
[17:52:03] REQUEST: 378 - STARTED in background (active_jobs=378)
[17:52:03] REQUEST: 379 - STARTED in background (active_jobs=379)
[17:52:03] REQUEST: 380 - STARTED in background (active_jobs=380)
[17:52:03] REQUEST: 381 - STARTED in background (active_jobs=381)
[17:52:03] REQUEST: 17 - COMPLETED
[17:52:03] REQUEST: 382 - STARTED in background (active_jobs=382)
[17:52:03] REQUEST: 383 - STARTED in background (active_jobs=383)
[17:52:03] REQUEST: 384 - STARTED in background (active_jobs=384)
[17:52:03] REQUEST: 385 - STARTED in background (active_jobs=385)
[17:52:04] REQUEST: 386 - STARTED in background (active_jobs=386)
[17:52:04] REQUEST: 387 - STARTED in background (active_jobs=387)
[17:52:04] REQUEST: 388 - STARTED in background (active_jobs=388)
[17:52:04] REQUEST: 389 - STARTED in background (active_jobs=389)
[17:52:04] REQUEST: 390 - STARTED in background (active_jobs=390)
[17:52:04] REQUEST: 391 - STARTED in background (active_jobs=391)
[17:52:04] REQUEST: 392 - STARTED in background (active_jobs=392)
[17:52:04] REQUEST: 393 - STARTED in background (active_jobs=393)
[17:52:04] REQUEST: 394 - STARTED in background (active_jobs=394)
[17:52:04] REQUEST: 395 - STARTED in background (active_jobs=395)
[17:52:04] REQUEST: 396 - STARTED in background (active_jobs=396)
[17:52:04] REQUEST: 397 - STARTED in background (active_jobs=397)
[17:52:04] REQUEST: 398 - STARTED in background (active_jobs=398)
[17:52:04] REQUEST: 399 - STARTED in background (active_jobs=399)
[17:52:04] REQUEST: 400 - STARTED in background (active_jobs=400)
[17:52:04] WAITING -> active_jobs=400
[17:52:04] RESUMING -> a request finished (active_jobs=399)
[17:52:04] ALL REQUESTS LAUNCHED
[17:52:04] WAITING for remaining requests to finish (active_jobs=399)
[17:52:04] REQUEST COMPLETED -> remaining active_jobs=398
[17:52:04] WAITING for remaining requests to finish (active_jobs=398)
[17:52:04] REQUEST COMPLETED -> remaining active_jobs=397
[17:52:04] WAITING for remaining requests to finish (active_jobs=397)
[17:52:04] REQUEST COMPLETED -> remaining active_jobs=396
[17:52:04] WAITING for remaining requests to finish (active_jobs=396)
[17:52:04] REQUEST: 30 - COMPLETED
[17:52:04] REQUEST COMPLETED -> remaining active_jobs=395
[17:52:04] WAITING for remaining requests to finish (active_jobs=395)
[17:52:04] REQUEST: 15 - COMPLETED
[17:52:04] REQUEST COMPLETED -> remaining active_jobs=394
[17:52:04] WAITING for remaining requests to finish (active_jobs=394)
[17:52:04] REQUEST: 29 - COMPLETED
[17:52:04] REQUEST COMPLETED -> remaining active_jobs=393
[17:52:04] WAITING for remaining requests to finish (active_jobs=393)
[17:52:04] REQUEST: 1 - COMPLETED
[17:52:04] REQUEST COMPLETED -> remaining active_jobs=392
[17:52:04] WAITING for remaining requests to finish (active_jobs=392)
[17:52:04] REQUEST: 4 - COMPLETED
[17:52:04] REQUEST COMPLETED -> remaining active_jobs=391
[17:52:04] WAITING for remaining requests to finish (active_jobs=391)
[17:52:04] REQUEST: 34 - COMPLETED
[17:52:04] REQUEST COMPLETED -> remaining active_jobs=390
[17:52:04] WAITING for remaining requests to finish (active_jobs=390)
[17:52:04] REQUEST: 42 - COMPLETED
[17:52:04] REQUEST COMPLETED -> remaining active_jobs=389
[17:52:04] WAITING for remaining requests to finish (active_jobs=389)
[17:52:05] REQUEST: 6 - COMPLETED
[17:52:05] REQUEST COMPLETED -> remaining active_jobs=388
[17:52:05] WAITING for remaining requests to finish (active_jobs=388)
[17:52:05] REQUEST: 19 - COMPLETED
[17:52:05] REQUEST COMPLETED -> remaining active_jobs=387
[17:52:05] WAITING for remaining requests to finish (active_jobs=387)
[17:52:05] REQUEST: 11 - COMPLETED
[17:52:05] REQUEST COMPLETED -> remaining active_jobs=386
[17:52:05] WAITING for remaining requests to finish (active_jobs=386)
[17:52:05] REQUEST: 3 - COMPLETED
[17:52:05] REQUEST COMPLETED -> remaining active_jobs=385
[17:52:05] WAITING for remaining requests to finish (active_jobs=385)
[17:52:05] REQUEST: 85 - COMPLETED
[17:52:05] REQUEST COMPLETED -> remaining active_jobs=384
[17:52:05] WAITING for remaining requests to finish (active_jobs=384)
[17:52:05] REQUEST: 214 - COMPLETED
[17:52:06] REQUEST COMPLETED -> remaining active_jobs=383
[17:52:06] WAITING for remaining requests to finish (active_jobs=383)
[17:52:06] REQUEST: 16 - COMPLETED
[17:52:06] REQUEST COMPLETED -> remaining active_jobs=382
[17:52:06] WAITING for remaining requests to finish (active_jobs=382)
[17:52:06] REQUEST: 49 - COMPLETED
[17:52:06] REQUEST COMPLETED -> remaining active_jobs=381
[17:52:06] WAITING for remaining requests to finish (active_jobs=381)
[17:52:06] REQUEST: 99 - COMPLETED
[17:52:06] REQUEST COMPLETED -> remaining active_jobs=380
[17:52:06] WAITING for remaining requests to finish (active_jobs=380)
[17:52:06] REQUEST: 45 - COMPLETED
[17:52:06] REQUEST COMPLETED -> remaining active_jobs=379
[17:52:06] WAITING for remaining requests to finish (active_jobs=379)
[17:52:06] REQUEST: 8 - COMPLETED
[17:52:06] REQUEST COMPLETED -> remaining active_jobs=378
[17:52:06] WAITING for remaining requests to finish (active_jobs=378)
[17:52:06] REQUEST: 25 - COMPLETED
[17:52:06] REQUEST COMPLETED -> remaining active_jobs=377
[17:52:06] WAITING for remaining requests to finish (active_jobs=377)
[17:52:06] REQUEST: 31 - COMPLETED
[17:52:06] REQUEST COMPLETED -> remaining active_jobs=376
[17:52:06] WAITING for remaining requests to finish (active_jobs=376)
[17:52:06] REQUEST: 27 - COMPLETED
[17:52:06] REQUEST COMPLETED -> remaining active_jobs=375
[17:52:06] REQUEST: 86 - COMPLETED
[17:52:06] WAITING for remaining requests to finish (active_jobs=375)
[17:52:06] REQUEST COMPLETED -> remaining active_jobs=374
[17:52:06] WAITING for remaining requests to finish (active_jobs=374)
[17:52:06] REQUEST: 51 - COMPLETED
[17:52:06] REQUEST COMPLETED -> remaining active_jobs=373
[17:52:06] WAITING for remaining requests to finish (active_jobs=373)
[17:52:07] REQUEST: 48 - COMPLETED
[17:52:07] REQUEST COMPLETED -> remaining active_jobs=372
[17:52:07] WAITING for remaining requests to finish (active_jobs=372)
[17:52:07] REQUEST: 10 - COMPLETED
[17:52:07] REQUEST COMPLETED -> remaining active_jobs=371
[17:52:07] WAITING for remaining requests to finish (active_jobs=371)
[17:52:07] REQUEST: 102 - COMPLETED
[17:52:07] REQUEST COMPLETED -> remaining active_jobs=370
[17:52:07] WAITING for remaining requests to finish (active_jobs=370)
[17:52:07] REQUEST: 151 - COMPLETED
[17:52:07] REQUEST COMPLETED -> remaining active_jobs=369
[17:52:07] WAITING for remaining requests to finish (active_jobs=369)
[17:52:07] REQUEST: 35 - COMPLETED
[17:52:07] REQUEST COMPLETED -> remaining active_jobs=368
[17:52:07] WAITING for remaining requests to finish (active_jobs=368)
[17:52:07] REQUEST: 12 - COMPLETED
[17:52:07] REQUEST: 388 - COMPLETED
[17:52:07] REQUEST COMPLETED -> remaining active_jobs=367
[17:52:07] WAITING for remaining requests to finish (active_jobs=367)
[17:52:07] REQUEST COMPLETED -> remaining active_jobs=366
[17:52:07] WAITING for remaining requests to finish (active_jobs=366)
[17:52:07] REQUEST: 198 - COMPLETED
[17:52:07] REQUEST COMPLETED -> remaining active_jobs=365
[17:52:07] WAITING for remaining requests to finish (active_jobs=365)
[17:52:07] REQUEST: 43 - COMPLETED
[17:52:07] REQUEST COMPLETED -> remaining active_jobs=364
[17:52:07] WAITING for remaining requests to finish (active_jobs=364)
[17:52:07] REQUEST: 39 - COMPLETED
[17:52:07] REQUEST COMPLETED -> remaining active_jobs=363
[17:52:07] REQUEST: 62 - COMPLETED
[17:52:07] WAITING for remaining requests to finish (active_jobs=363)
[17:52:07] REQUEST COMPLETED -> remaining active_jobs=362
[17:52:07] WAITING for remaining requests to finish (active_jobs=362)
[17:52:07] REQUEST: 93 - COMPLETED
[17:52:07] REQUEST COMPLETED -> remaining active_jobs=361
[17:52:07] WAITING for remaining requests to finish (active_jobs=361)
[17:52:07] REQUEST: 82 - COMPLETED
[17:52:07] REQUEST COMPLETED -> remaining active_jobs=360
[17:52:07] WAITING for remaining requests to finish (active_jobs=360)
[17:52:08] REQUEST: 22 - COMPLETED
[17:52:08] REQUEST COMPLETED -> remaining active_jobs=359
[17:52:08] REQUEST: 21 - COMPLETED
[17:52:08] WAITING for remaining requests to finish (active_jobs=359)
[17:52:08] REQUEST COMPLETED -> remaining active_jobs=358
[17:52:08] WAITING for remaining requests to finish (active_jobs=358)
[17:52:08] REQUEST: 353 - COMPLETED
[17:52:08] REQUEST COMPLETED -> remaining active_jobs=357
[17:52:08] WAITING for remaining requests to finish (active_jobs=357)
[17:52:08] REQUEST: 68 - COMPLETED
[17:52:08] REQUEST COMPLETED -> remaining active_jobs=356
[17:52:08] WAITING for remaining requests to finish (active_jobs=356)
[17:52:08] REQUEST: 18 - COMPLETED
[17:52:08] REQUEST COMPLETED -> remaining active_jobs=355
[17:52:08] REQUEST: 89 - COMPLETED
[17:52:08] WAITING for remaining requests to finish (active_jobs=355)
[17:52:08] REQUEST COMPLETED -> remaining active_jobs=354
[17:52:08] WAITING for remaining requests to finish (active_jobs=354)
[17:52:08] REQUEST: 54 - COMPLETED
[17:52:08] REQUEST COMPLETED -> remaining active_jobs=353
[17:52:08] WAITING for remaining requests to finish (active_jobs=353)
[17:52:08] REQUEST: 134 - COMPLETED
[17:52:08] REQUEST COMPLETED -> remaining active_jobs=352
[17:52:08] WAITING for remaining requests to finish (active_jobs=352)
[17:52:08] REQUEST: 9 - COMPLETED
[17:52:08] REQUEST COMPLETED -> remaining active_jobs=351
[17:52:08] REQUEST: 221 - COMPLETED
[17:52:08] WAITING for remaining requests to finish (active_jobs=351)
[17:52:08] REQUEST COMPLETED -> remaining active_jobs=350
[17:52:08] WAITING for remaining requests to finish (active_jobs=350)
[17:52:08] REQUEST: 172 - COMPLETED
[17:52:08] REQUEST COMPLETED -> remaining active_jobs=349
[17:52:08] WAITING for remaining requests to finish (active_jobs=349)
[17:52:08] REQUEST: 37 - COMPLETED
[17:52:08] REQUEST COMPLETED -> remaining active_jobs=348
[17:52:08] WAITING for remaining requests to finish (active_jobs=348)
[17:52:09] REQUEST: 91 - COMPLETED
[17:52:09] REQUEST: 186 - COMPLETED
[17:52:09] REQUEST COMPLETED -> remaining active_jobs=347
[17:52:09] WAITING for remaining requests to finish (active_jobs=347)
[17:52:09] REQUEST COMPLETED -> remaining active_jobs=346
[17:52:09] WAITING for remaining requests to finish (active_jobs=346)
[17:52:09] REQUEST: 155 - COMPLETED
[17:52:09] REQUEST COMPLETED -> remaining active_jobs=345
[17:52:09] WAITING for remaining requests to finish (active_jobs=345)
[17:52:09] REQUEST: 131 - COMPLETED
[17:52:09] REQUEST COMPLETED -> remaining active_jobs=344
[17:52:09] WAITING for remaining requests to finish (active_jobs=344)
[17:52:09] REQUEST: 26 - COMPLETED
[17:52:09] REQUEST: 272 - COMPLETED
[17:52:09] REQUEST COMPLETED -> remaining active_jobs=343
[17:52:09] WAITING for remaining requests to finish (active_jobs=343)
[17:52:09] REQUEST COMPLETED -> remaining active_jobs=342
[17:52:09] WAITING for remaining requests to finish (active_jobs=342)
[17:52:09] REQUEST: 79 - COMPLETED
[17:52:09] REQUEST COMPLETED -> remaining active_jobs=341
[17:52:09] WAITING for remaining requests to finish (active_jobs=341)
[17:52:09] REQUEST: 71 - COMPLETED
[17:52:09] REQUEST COMPLETED -> remaining active_jobs=340
[17:52:09] WAITING for remaining requests to finish (active_jobs=340)
[17:52:09] REQUEST: 13 - COMPLETED
[17:52:09] REQUEST: 104 - COMPLETED
[17:52:09] REQUEST COMPLETED -> remaining active_jobs=339
[17:52:09] WAITING for remaining requests to finish (active_jobs=339)
[17:52:09] REQUEST COMPLETED -> remaining active_jobs=338
[17:52:09] WAITING for remaining requests to finish (active_jobs=338)
[17:52:09] REQUEST: 130 - COMPLETED
[17:52:09] REQUEST COMPLETED -> remaining active_jobs=337
[17:52:09] WAITING for remaining requests to finish (active_jobs=337)
[17:52:09] REQUEST: 166 - COMPLETED
[17:52:09] REQUEST COMPLETED -> remaining active_jobs=336
[17:52:09] WAITING for remaining requests to finish (active_jobs=336)
[17:52:09] REQUEST: 95 - COMPLETED
[17:52:09] REQUEST COMPLETED -> remaining active_jobs=335
[17:52:09] WAITING for remaining requests to finish (active_jobs=335)
[17:52:10] REQUEST: 189 - COMPLETED
[17:52:10] REQUEST COMPLETED -> remaining active_jobs=334
[17:52:10] WAITING for remaining requests to finish (active_jobs=334)
[17:52:10] REQUEST: 371 - COMPLETED
[17:52:10] REQUEST COMPLETED -> remaining active_jobs=333
[17:52:10] WAITING for remaining requests to finish (active_jobs=333)
[17:52:10] REQUEST: 290 - COMPLETED
[17:52:10] REQUEST COMPLETED -> remaining active_jobs=332
[17:52:10] WAITING for remaining requests to finish (active_jobs=332)
[17:52:10] REQUEST: 32 - COMPLETED
[17:52:10] REQUEST COMPLETED -> remaining active_jobs=331
[17:52:10] REQUEST: 135 - COMPLETED
[17:52:10] WAITING for remaining requests to finish (active_jobs=331)
[17:52:10] REQUEST COMPLETED -> remaining active_jobs=330
[17:52:10] WAITING for remaining requests to finish (active_jobs=330)
[17:52:10] REQUEST: 357 - COMPLETED
[17:52:10] REQUEST COMPLETED -> remaining active_jobs=329
[17:52:10] WAITING for remaining requests to finish (active_jobs=329)
[17:52:10] REQUEST: 74 - COMPLETED
[17:52:10] REQUEST COMPLETED -> remaining active_jobs=328
[17:52:10] WAITING for remaining requests to finish (active_jobs=328)
[17:52:10] REQUEST: 259 - COMPLETED
[17:52:10] REQUEST: 64 - COMPLETED
[17:52:10] REQUEST COMPLETED -> remaining active_jobs=327
[17:52:10] WAITING for remaining requests to finish (active_jobs=327)
[17:52:10] REQUEST COMPLETED -> remaining active_jobs=326
[17:52:10] WAITING for remaining requests to finish (active_jobs=326)
[17:52:10] REQUEST: 204 - COMPLETED
[17:52:10] REQUEST COMPLETED -> remaining active_jobs=325
[17:52:10] WAITING for remaining requests to finish (active_jobs=325)
[17:52:10] REQUEST: 379 - COMPLETED
[17:52:10] REQUEST COMPLETED -> remaining active_jobs=324
[17:52:10] WAITING for remaining requests to finish (active_jobs=324)
[17:52:10] REQUEST: 144 - COMPLETED
[17:52:10] REQUEST COMPLETED -> remaining active_jobs=323
[17:52:10] WAITING for remaining requests to finish (active_jobs=323)
[17:52:10] REQUEST: 238 - COMPLETED
[17:52:10] REQUEST COMPLETED -> remaining active_jobs=322
[17:52:10] WAITING for remaining requests to finish (active_jobs=322)
[17:52:10] REQUEST: 383 - COMPLETED
[17:52:10] REQUEST COMPLETED -> remaining active_jobs=321
[17:52:10] WAITING for remaining requests to finish (active_jobs=321)
[17:52:11] REQUEST: 133 - COMPLETED
[17:52:11] REQUEST COMPLETED -> remaining active_jobs=320
[17:52:11] WAITING for remaining requests to finish (active_jobs=320)
[17:52:11] REQUEST: 378 - COMPLETED
[17:52:11] REQUEST: 28 - COMPLETED
[17:52:11] REQUEST COMPLETED -> remaining active_jobs=319
[17:52:11] WAITING for remaining requests to finish (active_jobs=319)
[17:52:11] REQUEST COMPLETED -> remaining active_jobs=318
[17:52:11] WAITING for remaining requests to finish (active_jobs=318)
[17:52:11] REQUEST: 220 - COMPLETED
[17:52:11] REQUEST COMPLETED -> remaining active_jobs=317
[17:52:11] WAITING for remaining requests to finish (active_jobs=317)
[17:52:11] REQUEST: 105 - COMPLETED
[17:52:11] REQUEST COMPLETED -> remaining active_jobs=316
[17:52:11] WAITING for remaining requests to finish (active_jobs=316)
[17:52:11] REQUEST: 36 - COMPLETED
[17:52:11] REQUEST: 260 - COMPLETED
[17:52:11] REQUEST COMPLETED -> remaining active_jobs=315
[17:52:11] WAITING for remaining requests to finish (active_jobs=315)
[17:52:11] REQUEST COMPLETED -> remaining active_jobs=314
[17:52:11] WAITING for remaining requests to finish (active_jobs=314)
[17:52:11] REQUEST: 97 - COMPLETED
[17:52:11] REQUEST COMPLETED -> remaining active_jobs=313
[17:52:11] WAITING for remaining requests to finish (active_jobs=313)
[17:52:11] REQUEST: 270 - COMPLETED
[17:52:11] REQUEST COMPLETED -> remaining active_jobs=312
[17:52:11] WAITING for remaining requests to finish (active_jobs=312)
[17:52:11] REQUEST: 315 - COMPLETED
[17:52:11] REQUEST COMPLETED -> remaining active_jobs=311
[17:52:11] WAITING for remaining requests to finish (active_jobs=311)
[17:52:11] REQUEST: 183 - COMPLETED
[17:52:11] REQUEST COMPLETED -> remaining active_jobs=310
[17:52:11] WAITING for remaining requests to finish (active_jobs=310)
[17:52:11] REQUEST: 356 - COMPLETED
[17:52:11] REQUEST COMPLETED -> remaining active_jobs=309
[17:52:11] WAITING for remaining requests to finish (active_jobs=309)
[17:52:12] REQUEST: 343 - COMPLETED
[17:52:12] REQUEST COMPLETED -> remaining active_jobs=308
[17:52:12] WAITING for remaining requests to finish (active_jobs=308)
[17:52:12] REQUEST: 58 - COMPLETED
[17:52:12] REQUEST: 136 - COMPLETED
[17:52:12] REQUEST COMPLETED -> remaining active_jobs=307
[17:52:12] WAITING for remaining requests to finish (active_jobs=307)
[17:52:12] REQUEST COMPLETED -> remaining active_jobs=306
[17:52:12] WAITING for remaining requests to finish (active_jobs=306)
[17:52:12] REQUEST: 358 - COMPLETED
[17:52:12] REQUEST COMPLETED -> remaining active_jobs=305
[17:52:12] WAITING for remaining requests to finish (active_jobs=305)
[17:52:12] REQUEST: 380 - COMPLETED
[17:52:12] REQUEST COMPLETED -> remaining active_jobs=304
[17:52:12] WAITING for remaining requests to finish (active_jobs=304)
[17:52:12] REQUEST: 233 - COMPLETED
[17:52:12] REQUEST: 84 - COMPLETED
[17:52:12] REQUEST COMPLETED -> remaining active_jobs=303
[17:52:12] WAITING for remaining requests to finish (active_jobs=303)
[17:52:12] REQUEST COMPLETED -> remaining active_jobs=302
[17:52:12] WAITING for remaining requests to finish (active_jobs=302)
[17:52:12] REQUEST: 203 - COMPLETED
[17:52:12] REQUEST COMPLETED -> remaining active_jobs=301
[17:52:12] WAITING for remaining requests to finish (active_jobs=301)
[17:52:12] REQUEST: 232 - COMPLETED
[17:52:12] REQUEST COMPLETED -> remaining active_jobs=300
[17:52:12] WAITING for remaining requests to finish (active_jobs=300)
[17:52:12] REQUEST: 60 - COMPLETED
[17:52:12] REQUEST COMPLETED -> remaining active_jobs=299
[17:52:12] WAITING for remaining requests to finish (active_jobs=299)
[17:52:12] REQUEST: 362 - COMPLETED
[17:52:12] REQUEST COMPLETED -> remaining active_jobs=298
[17:52:12] WAITING for remaining requests to finish (active_jobs=298)
[17:52:12] REQUEST: 245 - COMPLETED
[17:52:12] REQUEST COMPLETED -> remaining active_jobs=297
[17:52:12] WAITING for remaining requests to finish (active_jobs=297)
[17:52:12] REQUEST: 139 - COMPLETED
[17:52:12] REQUEST COMPLETED -> remaining active_jobs=296
[17:52:12] WAITING for remaining requests to finish (active_jobs=296)
[17:52:13] REQUEST: 7 - COMPLETED
[17:52:13] REQUEST: 147 - COMPLETED
[17:52:13] REQUEST COMPLETED -> remaining active_jobs=295
[17:52:13] WAITING for remaining requests to finish (active_jobs=295)
[17:52:13] REQUEST COMPLETED -> remaining active_jobs=294
[17:52:13] WAITING for remaining requests to finish (active_jobs=294)
[17:52:13] REQUEST: 70 - COMPLETED
[17:52:13] REQUEST COMPLETED -> remaining active_jobs=293
[17:52:13] WAITING for remaining requests to finish (active_jobs=293)
[17:52:13] REQUEST: 350 - COMPLETED
[17:52:13] REQUEST COMPLETED -> remaining active_jobs=292
[17:52:13] WAITING for remaining requests to finish (active_jobs=292)
[17:52:13] REQUEST: 163 - COMPLETED
[17:52:13] REQUEST: 123 - COMPLETED
[17:52:13] REQUEST COMPLETED -> remaining active_jobs=291
[17:52:13] WAITING for remaining requests to finish (active_jobs=291)
[17:52:13] REQUEST COMPLETED -> remaining active_jobs=290
[17:52:13] WAITING for remaining requests to finish (active_jobs=290)
[17:52:13] REQUEST: 55 - COMPLETED
[17:52:13] REQUEST COMPLETED -> remaining active_jobs=289
[17:52:13] WAITING for remaining requests to finish (active_jobs=289)
[17:52:13] REQUEST: 83 - COMPLETED
[17:52:13] REQUEST COMPLETED -> remaining active_jobs=288
[17:52:13] WAITING for remaining requests to finish (active_jobs=288)
[17:52:13] REQUEST: 158 - COMPLETED
[17:52:13] REQUEST COMPLETED -> remaining active_jobs=287
[17:52:13] REQUEST: 127 - COMPLETED
[17:52:13] WAITING for remaining requests to finish (active_jobs=287)
[17:52:13] REQUEST COMPLETED -> remaining active_jobs=286
[17:52:13] WAITING for remaining requests to finish (active_jobs=286)
[17:52:13] REQUEST: 210 - COMPLETED
[17:52:13] REQUEST COMPLETED -> remaining active_jobs=285
[17:52:13] WAITING for remaining requests to finish (active_jobs=285)
[17:52:13] REQUEST: 106 - COMPLETED
[17:52:13] REQUEST COMPLETED -> remaining active_jobs=284
[17:52:13] WAITING for remaining requests to finish (active_jobs=284)
[17:52:14] REQUEST: 145 - COMPLETED
[17:52:14] REQUEST: 124 - COMPLETED
[17:52:14] REQUEST COMPLETED -> remaining active_jobs=283
[17:52:14] WAITING for remaining requests to finish (active_jobs=283)
[17:52:14] REQUEST COMPLETED -> remaining active_jobs=282
[17:52:14] WAITING for remaining requests to finish (active_jobs=282)
[17:52:14] REQUEST: 269 - COMPLETED
[17:52:14] REQUEST COMPLETED -> remaining active_jobs=281
[17:52:14] WAITING for remaining requests to finish (active_jobs=281)
[17:52:14] REQUEST: 249 - COMPLETED
[17:52:14] REQUEST COMPLETED -> remaining active_jobs=280
[17:52:14] WAITING for remaining requests to finish (active_jobs=280)
[17:52:14] REQUEST: 298 - COMPLETED
[17:52:14] REQUEST COMPLETED -> remaining active_jobs=279
[17:52:14] REQUEST: 181 - COMPLETED
[17:52:14] WAITING for remaining requests to finish (active_jobs=279)
[17:52:14] REQUEST COMPLETED -> remaining active_jobs=278
[17:52:14] WAITING for remaining requests to finish (active_jobs=278)
[17:52:14] REQUEST: 112 - COMPLETED
[17:52:14] REQUEST COMPLETED -> remaining active_jobs=277
[17:52:14] WAITING for remaining requests to finish (active_jobs=277)
[17:52:14] REQUEST: 81 - COMPLETED
[17:52:14] REQUEST COMPLETED -> remaining active_jobs=276
[17:52:14] WAITING for remaining requests to finish (active_jobs=276)
[17:52:14] REQUEST: 72 - COMPLETED
[17:52:14] REQUEST COMPLETED -> remaining active_jobs=275
[17:52:14] REQUEST: 120 - COMPLETED
[17:52:14] WAITING for remaining requests to finish (active_jobs=275)
[17:52:14] REQUEST COMPLETED -> remaining active_jobs=274
[17:52:14] WAITING for remaining requests to finish (active_jobs=274)
[17:52:14] REQUEST: 116 - COMPLETED
[17:52:14] REQUEST COMPLETED -> remaining active_jobs=273
[17:52:14] WAITING for remaining requests to finish (active_jobs=273)
[17:52:14] REQUEST: 239 - COMPLETED
[17:52:14] REQUEST COMPLETED -> remaining active_jobs=272
[17:52:14] WAITING for remaining requests to finish (active_jobs=272)
[17:52:14] REQUEST: 173 - COMPLETED
[17:52:14] REQUEST COMPLETED -> remaining active_jobs=271
[17:52:14] REQUEST: 349 - COMPLETED
[17:52:14] WAITING for remaining requests to finish (active_jobs=271)
[17:52:14] REQUEST COMPLETED -> remaining active_jobs=270
[17:52:15] WAITING for remaining requests to finish (active_jobs=270)
[17:52:15] REQUEST: 291 - COMPLETED
[17:52:15] REQUEST COMPLETED -> remaining active_jobs=269
[17:52:15] WAITING for remaining requests to finish (active_jobs=269)
[17:52:15] REQUEST: 222 - COMPLETED
[17:52:15] REQUEST COMPLETED -> remaining active_jobs=268
[17:52:15] WAITING for remaining requests to finish (active_jobs=268)
[17:52:15] REQUEST: 118 - COMPLETED
[17:52:15] REQUEST: 107 - COMPLETED
[17:52:15] REQUEST COMPLETED -> remaining active_jobs=267
[17:52:15] WAITING for remaining requests to finish (active_jobs=267)
[17:52:15] REQUEST COMPLETED -> remaining active_jobs=266
[17:52:15] WAITING for remaining requests to finish (active_jobs=266)
[17:52:15] REQUEST: 46 - COMPLETED
[17:52:15] REQUEST COMPLETED -> remaining active_jobs=265
[17:52:15] WAITING for remaining requests to finish (active_jobs=265)
[17:52:15] REQUEST: 168 - COMPLETED
[17:52:15] REQUEST COMPLETED -> remaining active_jobs=264
[17:52:15] WAITING for remaining requests to finish (active_jobs=264)
[17:52:15] REQUEST: 109 - COMPLETED
[17:52:15] REQUEST COMPLETED -> remaining active_jobs=263
[17:52:15] REQUEST: 199 - COMPLETED
[17:52:15] WAITING for remaining requests to finish (active_jobs=263)
[17:52:15] REQUEST COMPLETED -> remaining active_jobs=262
[17:52:15] WAITING for remaining requests to finish (active_jobs=262)
[17:52:15] REQUEST: 208 - COMPLETED
[17:52:15] REQUEST COMPLETED -> remaining active_jobs=261
[17:52:15] WAITING for remaining requests to finish (active_jobs=261)
[17:52:15] REQUEST: 153 - COMPLETED
[17:52:15] REQUEST COMPLETED -> remaining active_jobs=260
[17:52:15] WAITING for remaining requests to finish (active_jobs=260)
[17:52:15] REQUEST: 188 - COMPLETED
[17:52:15] REQUEST COMPLETED -> remaining active_jobs=259
[17:52:15] REQUEST: 206 - COMPLETED
[17:52:15] WAITING for remaining requests to finish (active_jobs=259)
[17:52:15] REQUEST COMPLETED -> remaining active_jobs=258
[17:52:15] WAITING for remaining requests to finish (active_jobs=258)
[17:52:15] REQUEST: 246 - COMPLETED
[17:52:15] REQUEST COMPLETED -> remaining active_jobs=257
[17:52:15] WAITING for remaining requests to finish (active_jobs=257)
[17:52:16] REQUEST: 392 - COMPLETED
[17:52:16] REQUEST COMPLETED -> remaining active_jobs=256
[17:52:16] WAITING for remaining requests to finish (active_jobs=256)
[17:52:16] REQUEST: 90 - COMPLETED
[17:52:16] REQUEST: 278 - COMPLETED
[17:52:16] REQUEST COMPLETED -> remaining active_jobs=255
[17:52:16] WAITING for remaining requests to finish (active_jobs=255)
[17:52:16] REQUEST COMPLETED -> remaining active_jobs=254
[17:52:16] WAITING for remaining requests to finish (active_jobs=254)
[17:52:16] REQUEST: 365 - COMPLETED
[17:52:16] REQUEST COMPLETED -> remaining active_jobs=253
[17:52:16] WAITING for remaining requests to finish (active_jobs=253)
[17:52:16] REQUEST: 324 - COMPLETED
[17:52:16] REQUEST COMPLETED -> remaining active_jobs=252
[17:52:16] WAITING for remaining requests to finish (active_jobs=252)
[17:52:16] REQUEST: 171 - COMPLETED
[17:52:16] REQUEST: 317 - COMPLETED
[17:52:16] REQUEST COMPLETED -> remaining active_jobs=251
[17:52:16] WAITING for remaining requests to finish (active_jobs=251)
[17:52:16] REQUEST COMPLETED -> remaining active_jobs=250
[17:52:16] WAITING for remaining requests to finish (active_jobs=250)
[17:52:16] REQUEST: 205 - COMPLETED
[17:52:16] REQUEST COMPLETED -> remaining active_jobs=249
[17:52:16] WAITING for remaining requests to finish (active_jobs=249)
[17:52:16] REQUEST: 395 - COMPLETED
[17:52:16] REQUEST COMPLETED -> remaining active_jobs=248
[17:52:16] WAITING for remaining requests to finish (active_jobs=248)
[17:52:16] REQUEST: 196 - COMPLETED
[17:52:16] REQUEST: 148 - COMPLETED
[17:52:16] REQUEST COMPLETED -> remaining active_jobs=247
[17:52:16] WAITING for remaining requests to finish (active_jobs=247)
[17:52:16] REQUEST COMPLETED -> remaining active_jobs=246
[17:52:16] WAITING for remaining requests to finish (active_jobs=246)
[17:52:16] REQUEST: 100 - COMPLETED
[17:52:16] REQUEST COMPLETED -> remaining active_jobs=245
[17:52:16] WAITING for remaining requests to finish (active_jobs=245)
[17:52:17] REQUEST: 113 - COMPLETED
[17:52:17] REQUEST COMPLETED -> remaining active_jobs=244
[17:52:17] WAITING for remaining requests to finish (active_jobs=244)
[17:52:17] REQUEST: 180 - COMPLETED
[17:52:17] REQUEST COMPLETED -> remaining active_jobs=243
[17:52:17] REQUEST: 281 - COMPLETED
[17:52:17] WAITING for remaining requests to finish (active_jobs=243)
[17:52:17] REQUEST COMPLETED -> remaining active_jobs=242
[17:52:17] WAITING for remaining requests to finish (active_jobs=242)
[17:52:17] REQUEST: 160 - COMPLETED
[17:52:17] REQUEST COMPLETED -> remaining active_jobs=241
[17:52:17] WAITING for remaining requests to finish (active_jobs=241)
[17:52:17] REQUEST: 164 - COMPLETED
[17:52:17] REQUEST COMPLETED -> remaining active_jobs=240
[17:52:17] WAITING for remaining requests to finish (active_jobs=240)
[17:52:17] REQUEST: 244 - COMPLETED
[17:52:17] REQUEST COMPLETED -> remaining active_jobs=239
[17:52:17] REQUEST: 117 - COMPLETED
[17:52:17] WAITING for remaining requests to finish (active_jobs=239)
[17:52:17] REQUEST COMPLETED -> remaining active_jobs=238
[17:52:17] WAITING for remaining requests to finish (active_jobs=238)
[17:52:17] REQUEST: 346 - COMPLETED
[17:52:17] REQUEST COMPLETED -> remaining active_jobs=237
[17:52:17] WAITING for remaining requests to finish (active_jobs=237)
[17:52:17] REQUEST: 295 - COMPLETED
[17:52:17] REQUEST COMPLETED -> remaining active_jobs=236
[17:52:17] WAITING for remaining requests to finish (active_jobs=236)
[17:52:17] REQUEST: 313 - COMPLETED
[17:52:17] REQUEST COMPLETED -> remaining active_jobs=235
[17:52:17] REQUEST: 103 - COMPLETED
[17:52:17] WAITING for remaining requests to finish (active_jobs=235)
[17:52:17] REQUEST COMPLETED -> remaining active_jobs=234
[17:52:17] WAITING for remaining requests to finish (active_jobs=234)
[17:52:17] REQUEST: 202 - COMPLETED
[17:52:17] REQUEST COMPLETED -> remaining active_jobs=233
[17:52:17] WAITING for remaining requests to finish (active_jobs=233)
[17:52:17] REQUEST: 268 - COMPLETED
[17:52:17] REQUEST COMPLETED -> remaining active_jobs=232
[17:52:17] WAITING for remaining requests to finish (active_jobs=232)
[17:52:18] REQUEST: 381 - COMPLETED
[17:52:18] REQUEST: 364 - COMPLETED
[17:52:18] REQUEST COMPLETED -> remaining active_jobs=231
[17:52:18] WAITING for remaining requests to finish (active_jobs=231)
[17:52:18] REQUEST COMPLETED -> remaining active_jobs=230
[17:52:18] WAITING for remaining requests to finish (active_jobs=230)
[17:52:18] REQUEST: 126 - COMPLETED
[17:52:18] REQUEST COMPLETED -> remaining active_jobs=229
[17:52:18] WAITING for remaining requests to finish (active_jobs=229)
[17:52:18] REQUEST: 225 - COMPLETED
[17:52:18] REQUEST COMPLETED -> remaining active_jobs=228
[17:52:18] WAITING for remaining requests to finish (active_jobs=228)
[17:52:18] REQUEST: 41 - COMPLETED
[17:52:18] REQUEST COMPLETED -> remaining active_jobs=227
[17:52:18] REQUEST: 241 - COMPLETED
[17:52:18] WAITING for remaining requests to finish (active_jobs=227)
[17:52:18] REQUEST COMPLETED -> remaining active_jobs=226
[17:52:18] WAITING for remaining requests to finish (active_jobs=226)
[17:52:18] REQUEST: 252 - COMPLETED
[17:52:18] REQUEST COMPLETED -> remaining active_jobs=225
[17:52:18] WAITING for remaining requests to finish (active_jobs=225)
[17:52:18] REQUEST: 92 - COMPLETED
[17:52:18] REQUEST COMPLETED -> remaining active_jobs=224
[17:52:18] WAITING for remaining requests to finish (active_jobs=224)
[17:52:18] REQUEST: 250 - COMPLETED
[17:52:18] REQUEST COMPLETED -> remaining active_jobs=223
[17:52:18] REQUEST: 236 - COMPLETED
[17:52:18] WAITING for remaining requests to finish (active_jobs=223)
[17:52:18] REQUEST COMPLETED -> remaining active_jobs=222
[17:52:18] WAITING for remaining requests to finish (active_jobs=222)
[17:52:18] REQUEST: 56 - COMPLETED
[17:52:18] REQUEST COMPLETED -> remaining active_jobs=221
[17:52:18] WAITING for remaining requests to finish (active_jobs=221)
[17:52:18] REQUEST: 40 - COMPLETED
[17:52:18] REQUEST COMPLETED -> remaining active_jobs=220
[17:52:18] WAITING for remaining requests to finish (active_jobs=220)
[17:52:19] REQUEST: 261 - COMPLETED
[17:52:19] REQUEST COMPLETED -> remaining active_jobs=219
[17:52:19] REQUEST: 292 - COMPLETED
[17:52:19] WAITING for remaining requests to finish (active_jobs=219)
[17:52:19] REQUEST COMPLETED -> remaining active_jobs=218
[17:52:19] WAITING for remaining requests to finish (active_jobs=218)
[17:52:19] REQUEST: 284 - COMPLETED
[17:52:19] REQUEST COMPLETED -> remaining active_jobs=217
[17:52:19] WAITING for remaining requests to finish (active_jobs=217)
[17:52:19] REQUEST: 400 - COMPLETED
[17:52:19] REQUEST COMPLETED -> remaining active_jobs=216
[17:52:19] WAITING for remaining requests to finish (active_jobs=216)
[17:52:19] REQUEST: 307 - COMPLETED
[17:52:19] REQUEST COMPLETED -> remaining active_jobs=215
[17:52:19] REQUEST: 121 - COMPLETED
[17:52:19] WAITING for remaining requests to finish (active_jobs=215)
[17:52:19] REQUEST COMPLETED -> remaining active_jobs=214
[17:52:19] WAITING for remaining requests to finish (active_jobs=214)
[17:52:19] REQUEST: 75 - COMPLETED
[17:52:19] REQUEST COMPLETED -> remaining active_jobs=213
[17:52:19] WAITING for remaining requests to finish (active_jobs=213)
[17:52:19] REQUEST: 336 - COMPLETED
[17:52:19] REQUEST COMPLETED -> remaining active_jobs=212
[17:52:19] WAITING for remaining requests to finish (active_jobs=212)
[17:52:19] REQUEST: 279 - COMPLETED
[17:52:19] REQUEST COMPLETED -> remaining active_jobs=211
[17:52:19] REQUEST: 152 - COMPLETED
[17:52:19] WAITING for remaining requests to finish (active_jobs=211)
[17:52:19] REQUEST COMPLETED -> remaining active_jobs=210
[17:52:19] WAITING for remaining requests to finish (active_jobs=210)
[17:52:19] REQUEST: 52 - COMPLETED
[17:52:19] REQUEST COMPLETED -> remaining active_jobs=209
[17:52:19] WAITING for remaining requests to finish (active_jobs=209)
[17:52:19] REQUEST: 162 - COMPLETED
[17:52:19] REQUEST COMPLETED -> remaining active_jobs=208
[17:52:19] WAITING for remaining requests to finish (active_jobs=208)
[17:52:19] REQUEST: 224 - COMPLETED
[17:52:19] REQUEST COMPLETED -> remaining active_jobs=207
[17:52:19] REQUEST: 397 - COMPLETED
[17:52:19] WAITING for remaining requests to finish (active_jobs=207)
[17:52:19] REQUEST COMPLETED -> remaining active_jobs=206
[17:52:19] WAITING for remaining requests to finish (active_jobs=206)
[17:52:20] REQUEST: 254 - COMPLETED
[17:52:20] REQUEST COMPLETED -> remaining active_jobs=205
[17:52:20] WAITING for remaining requests to finish (active_jobs=205)
[17:52:20] REQUEST: 226 - COMPLETED
[17:52:20] REQUEST COMPLETED -> remaining active_jobs=204
[17:52:20] WAITING for remaining requests to finish (active_jobs=204)
[17:52:20] REQUEST: 287 - COMPLETED
[17:52:20] REQUEST COMPLETED -> remaining active_jobs=203
[17:52:20] REQUEST: 300 - COMPLETED
[17:52:20] WAITING for remaining requests to finish (active_jobs=203)
[17:52:20] REQUEST COMPLETED -> remaining active_jobs=202
[17:52:20] WAITING for remaining requests to finish (active_jobs=202)
[17:52:20] REQUEST: 375 - COMPLETED
[17:52:20] REQUEST COMPLETED -> remaining active_jobs=201
[17:52:20] WAITING for remaining requests to finish (active_jobs=201)
[17:52:20] REQUEST: 321 - COMPLETED
[17:52:20] REQUEST COMPLETED -> remaining active_jobs=200
[17:52:20] WAITING for remaining requests to finish (active_jobs=200)
[17:52:20] REQUEST: 372 - COMPLETED
[17:52:20] REQUEST COMPLETED -> remaining active_jobs=199
[17:52:20] WAITING for remaining requests to finish (active_jobs=199)
[17:52:20] REQUEST: 119 - COMPLETED
[17:52:20] REQUEST COMPLETED -> remaining active_jobs=198
[17:52:20] WAITING for remaining requests to finish (active_jobs=198)
[17:52:20] REQUEST: 47 - COMPLETED
[17:52:20] REQUEST COMPLETED -> remaining active_jobs=197
[17:52:20] WAITING for remaining requests to finish (active_jobs=197)
[17:52:20] REQUEST: 215 - COMPLETED
[17:52:20] REQUEST COMPLETED -> remaining active_jobs=196
[17:52:20] WAITING for remaining requests to finish (active_jobs=196)
[17:52:20] REQUEST: 87 - COMPLETED
[17:52:20] REQUEST COMPLETED -> remaining active_jobs=195
[17:52:20] WAITING for remaining requests to finish (active_jobs=195)
[17:52:20] REQUEST: 53 - COMPLETED
[17:52:20] REQUEST COMPLETED -> remaining active_jobs=194
[17:52:20] WAITING for remaining requests to finish (active_jobs=194)
[17:52:20] REQUEST: 157 - COMPLETED
[17:52:20] REQUEST COMPLETED -> remaining active_jobs=193
[17:52:20] WAITING for remaining requests to finish (active_jobs=193)
[17:52:21] REQUEST: 115 - COMPLETED
[17:52:21] REQUEST COMPLETED -> remaining active_jobs=192
[17:52:21] WAITING for remaining requests to finish (active_jobs=192)
[17:52:21] REQUEST: 330 - COMPLETED
[17:52:21] REQUEST COMPLETED -> remaining active_jobs=191
[17:52:21] WAITING for remaining requests to finish (active_jobs=191)
[17:52:21] REQUEST: 319 - COMPLETED
[17:52:21] REQUEST COMPLETED -> remaining active_jobs=190
[17:52:21] WAITING for remaining requests to finish (active_jobs=190)
[17:52:21] REQUEST: 88 - COMPLETED
[17:52:21] REQUEST COMPLETED -> remaining active_jobs=189
[17:52:21] WAITING for remaining requests to finish (active_jobs=189)
[17:52:21] REQUEST: 150 - COMPLETED
[17:52:21] REQUEST COMPLETED -> remaining active_jobs=188
[17:52:21] WAITING for remaining requests to finish (active_jobs=188)
[17:52:21] REQUEST: 156 - COMPLETED
[17:52:21] REQUEST COMPLETED -> remaining active_jobs=187
[17:52:21] WAITING for remaining requests to finish (active_jobs=187)
[17:52:21] REQUEST: 303 - COMPLETED
[17:52:21] REQUEST COMPLETED -> remaining active_jobs=186
[17:52:21] WAITING for remaining requests to finish (active_jobs=186)
[17:52:21] REQUEST: 231 - COMPLETED
[17:52:21] REQUEST COMPLETED -> remaining active_jobs=185
[17:52:21] WAITING for remaining requests to finish (active_jobs=185)
[17:52:21] REQUEST: 193 - COMPLETED
[17:52:21] REQUEST COMPLETED -> remaining active_jobs=184
[17:52:21] WAITING for remaining requests to finish (active_jobs=184)
[17:52:21] REQUEST: 197 - COMPLETED
[17:52:21] REQUEST COMPLETED -> remaining active_jobs=183
[17:52:21] WAITING for remaining requests to finish (active_jobs=183)
[17:52:21] REQUEST: 140 - COMPLETED
[17:52:21] REQUEST COMPLETED -> remaining active_jobs=182
[17:52:21] WAITING for remaining requests to finish (active_jobs=182)
[17:52:21] REQUEST: 382 - COMPLETED
[17:52:21] REQUEST COMPLETED -> remaining active_jobs=181
[17:52:21] WAITING for remaining requests to finish (active_jobs=181)
[17:52:22] REQUEST: 257 - COMPLETED
[17:52:22] REQUEST COMPLETED -> remaining active_jobs=180
[17:52:22] WAITING for remaining requests to finish (active_jobs=180)
[17:52:22] REQUEST: 65 - COMPLETED
[17:52:22] REQUEST COMPLETED -> remaining active_jobs=179
[17:52:22] WAITING for remaining requests to finish (active_jobs=179)
[17:52:22] REQUEST: 63 - COMPLETED
[17:52:22] REQUEST COMPLETED -> remaining active_jobs=178
[17:52:22] WAITING for remaining requests to finish (active_jobs=178)
[17:52:22] REQUEST: 67 - COMPLETED
[17:52:22] REQUEST COMPLETED -> remaining active_jobs=177
[17:52:22] WAITING for remaining requests to finish (active_jobs=177)
[17:52:22] REQUEST: 66 - COMPLETED
[17:52:22] REQUEST COMPLETED -> remaining active_jobs=176
[17:52:22] WAITING for remaining requests to finish (active_jobs=176)
[17:52:22] REQUEST: 96 - COMPLETED
[17:52:22] REQUEST COMPLETED -> remaining active_jobs=175
[17:52:22] WAITING for remaining requests to finish (active_jobs=175)
[17:52:22] REQUEST: 384 - COMPLETED
[17:52:22] REQUEST COMPLETED -> remaining active_jobs=174
[17:52:22] WAITING for remaining requests to finish (active_jobs=174)
[17:52:22] REQUEST: 23 - COMPLETED
[17:52:22] REQUEST COMPLETED -> remaining active_jobs=173
[17:52:22] WAITING for remaining requests to finish (active_jobs=173)
[17:52:22] REQUEST: 185 - COMPLETED
[17:52:22] REQUEST COMPLETED -> remaining active_jobs=172
[17:52:22] WAITING for remaining requests to finish (active_jobs=172)
[17:52:22] REQUEST: 44 - COMPLETED
[17:52:22] REQUEST COMPLETED -> remaining active_jobs=171
[17:52:22] WAITING for remaining requests to finish (active_jobs=171)
[17:52:22] REQUEST: 277 - COMPLETED
[17:52:22] REQUEST COMPLETED -> remaining active_jobs=170
[17:52:22] WAITING for remaining requests to finish (active_jobs=170)
[17:52:22] REQUEST: 391 - COMPLETED
[17:52:22] REQUEST COMPLETED -> remaining active_jobs=169
[17:52:22] WAITING for remaining requests to finish (active_jobs=169)
[17:52:22] REQUEST: 263 - COMPLETED
[17:52:22] REQUEST COMPLETED -> remaining active_jobs=168
[17:52:22] WAITING for remaining requests to finish (active_jobs=168)
[17:52:23] REQUEST: 366 - COMPLETED
[17:52:23] REQUEST COMPLETED -> remaining active_jobs=167
[17:52:23] WAITING for remaining requests to finish (active_jobs=167)
[17:52:23] REQUEST: 142 - COMPLETED
[17:52:23] REQUEST COMPLETED -> remaining active_jobs=166
[17:52:23] WAITING for remaining requests to finish (active_jobs=166)
[17:52:23] REQUEST: 219 - COMPLETED
[17:52:23] REQUEST COMPLETED -> remaining active_jobs=165
[17:52:23] WAITING for remaining requests to finish (active_jobs=165)
[17:52:23] REQUEST: 308 - COMPLETED
[17:52:23] REQUEST COMPLETED -> remaining active_jobs=164
[17:52:23] WAITING for remaining requests to finish (active_jobs=164)
[17:52:23] REQUEST: 283 - COMPLETED
[17:52:23] REQUEST COMPLETED -> remaining active_jobs=163
[17:52:23] WAITING for remaining requests to finish (active_jobs=163)
[17:52:23] REQUEST: 33 - COMPLETED
[17:52:23] REQUEST COMPLETED -> remaining active_jobs=162
[17:52:23] WAITING for remaining requests to finish (active_jobs=162)
[17:52:23] REQUEST: 187 - COMPLETED
[17:52:23] REQUEST COMPLETED -> remaining active_jobs=161
[17:52:23] WAITING for remaining requests to finish (active_jobs=161)
[17:52:23] REQUEST: 73 - COMPLETED
[17:52:23] REQUEST COMPLETED -> remaining active_jobs=160
[17:52:23] WAITING for remaining requests to finish (active_jobs=160)
[17:52:23] REQUEST: 360 - COMPLETED
[17:52:23] REQUEST COMPLETED -> remaining active_jobs=159
[17:52:23] WAITING for remaining requests to finish (active_jobs=159)
[17:52:23] REQUEST: 338 - COMPLETED
[17:52:23] REQUEST COMPLETED -> remaining active_jobs=158
[17:52:23] WAITING for remaining requests to finish (active_jobs=158)
[17:52:23] REQUEST: 266 - COMPLETED
[17:52:23] REQUEST COMPLETED -> remaining active_jobs=157
[17:52:23] WAITING for remaining requests to finish (active_jobs=157)
[17:52:23] REQUEST: 355 - COMPLETED
[17:52:23] REQUEST COMPLETED -> remaining active_jobs=156
[17:52:23] WAITING for remaining requests to finish (active_jobs=156)
[17:52:24] REQUEST: 76 - COMPLETED
[17:52:24] REQUEST COMPLETED -> remaining active_jobs=155
[17:52:24] WAITING for remaining requests to finish (active_jobs=155)
[17:52:24] REQUEST: 217 - COMPLETED
[17:52:24] REQUEST COMPLETED -> remaining active_jobs=154
[17:52:24] WAITING for remaining requests to finish (active_jobs=154)
[17:52:24] REQUEST: 184 - COMPLETED
[17:52:24] REQUEST COMPLETED -> remaining active_jobs=153
[17:52:24] WAITING for remaining requests to finish (active_jobs=153)
[17:52:24] REQUEST: 370 - COMPLETED
[17:52:24] REQUEST COMPLETED -> remaining active_jobs=152
[17:52:24] WAITING for remaining requests to finish (active_jobs=152)
[17:52:24] REQUEST: 258 - COMPLETED
[17:52:24] REQUEST COMPLETED -> remaining active_jobs=151
[17:52:24] WAITING for remaining requests to finish (active_jobs=151)
[17:52:24] REQUEST: 348 - COMPLETED
[17:52:24] REQUEST COMPLETED -> remaining active_jobs=150
[17:52:24] WAITING for remaining requests to finish (active_jobs=150)
[17:52:24] REQUEST: 332 - COMPLETED
[17:52:24] REQUEST COMPLETED -> remaining active_jobs=149
[17:52:24] WAITING for remaining requests to finish (active_jobs=149)
[17:52:24] REQUEST: 334 - COMPLETED
[17:52:24] REQUEST COMPLETED -> remaining active_jobs=148
[17:52:24] WAITING for remaining requests to finish (active_jobs=148)
[17:52:24] REQUEST: 256 - COMPLETED
[17:52:24] REQUEST COMPLETED -> remaining active_jobs=147
[17:52:24] WAITING for remaining requests to finish (active_jobs=147)
[17:52:24] REQUEST: 363 - COMPLETED
[17:52:24] REQUEST COMPLETED -> remaining active_jobs=146
[17:52:24] WAITING for remaining requests to finish (active_jobs=146)
[17:52:24] REQUEST: 50 - COMPLETED
[17:52:24] REQUEST COMPLETED -> remaining active_jobs=145
[17:52:24] WAITING for remaining requests to finish (active_jobs=145)
[17:52:24] REQUEST: 251 - COMPLETED
[17:52:24] REQUEST COMPLETED -> remaining active_jobs=144
[17:52:24] WAITING for remaining requests to finish (active_jobs=144)
[17:52:25] REQUEST: 316 - COMPLETED
[17:52:25] REQUEST COMPLETED -> remaining active_jobs=143
[17:52:25] WAITING for remaining requests to finish (active_jobs=143)
[17:52:25] REQUEST: 146 - COMPLETED
[17:52:25] REQUEST COMPLETED -> remaining active_jobs=142
[17:52:25] WAITING for remaining requests to finish (active_jobs=142)
[17:52:25] REQUEST: 101 - COMPLETED
[17:52:25] REQUEST COMPLETED -> remaining active_jobs=141
[17:52:25] WAITING for remaining requests to finish (active_jobs=141)
[17:52:25] REQUEST: 143 - COMPLETED
[17:52:25] REQUEST COMPLETED -> remaining active_jobs=140
[17:52:25] WAITING for remaining requests to finish (active_jobs=140)
[17:52:25] REQUEST: 191 - COMPLETED
[17:52:25] REQUEST COMPLETED -> remaining active_jobs=139
[17:52:25] WAITING for remaining requests to finish (active_jobs=139)
[17:52:25] REQUEST: 138 - COMPLETED
[17:52:25] REQUEST COMPLETED -> remaining active_jobs=138
[17:52:25] REQUEST: 333 - COMPLETED
[17:52:25] WAITING for remaining requests to finish (active_jobs=138)
[17:52:25] REQUEST COMPLETED -> remaining active_jobs=137
[17:52:25] WAITING for remaining requests to finish (active_jobs=137)
[17:52:25] REQUEST: 280 - COMPLETED
[17:52:25] REQUEST COMPLETED -> remaining active_jobs=136
[17:52:25] WAITING for remaining requests to finish (active_jobs=136)
[17:52:25] REQUEST: 393 - COMPLETED
[17:52:25] REQUEST COMPLETED -> remaining active_jobs=135
[17:52:25] WAITING for remaining requests to finish (active_jobs=135)
[17:52:25] REQUEST: 235 - COMPLETED
[17:52:25] REQUEST: 387 - COMPLETED
[17:52:25] REQUEST COMPLETED -> remaining active_jobs=134
[17:52:25] WAITING for remaining requests to finish (active_jobs=134)
[17:52:25] REQUEST COMPLETED -> remaining active_jobs=133
[17:52:25] WAITING for remaining requests to finish (active_jobs=133)
[17:52:25] REQUEST: 309 - COMPLETED
[17:52:25] REQUEST COMPLETED -> remaining active_jobs=132
[17:52:25] WAITING for remaining requests to finish (active_jobs=132)
[17:52:25] REQUEST: 234 - COMPLETED
[17:52:25] REQUEST COMPLETED -> remaining active_jobs=131
[17:52:25] WAITING for remaining requests to finish (active_jobs=131)
[17:52:25] REQUEST: 192 - COMPLETED
[17:52:25] REQUEST COMPLETED -> remaining active_jobs=130
[17:52:25] REQUEST: 178 - COMPLETED
[17:52:25] WAITING for remaining requests to finish (active_jobs=130)
[17:52:25] REQUEST COMPLETED -> remaining active_jobs=129
[17:52:26] WAITING for remaining requests to finish (active_jobs=129)
[17:52:26] REQUEST: 294 - COMPLETED
[17:52:26] REQUEST COMPLETED -> remaining active_jobs=128
[17:52:26] WAITING for remaining requests to finish (active_jobs=128)
[17:52:26] REQUEST: 149 - COMPLETED
[17:52:26] REQUEST COMPLETED -> remaining active_jobs=127
[17:52:26] WAITING for remaining requests to finish (active_jobs=127)
[17:52:26] REQUEST: 374 - COMPLETED
[17:52:26] REQUEST COMPLETED -> remaining active_jobs=126
[17:52:26] REQUEST: 59 - COMPLETED
[17:52:26] WAITING for remaining requests to finish (active_jobs=126)
[17:52:26] REQUEST COMPLETED -> remaining active_jobs=125
[17:52:26] WAITING for remaining requests to finish (active_jobs=125)
[17:52:26] REQUEST: 286 - COMPLETED
[17:52:26] REQUEST COMPLETED -> remaining active_jobs=124
[17:52:26] WAITING for remaining requests to finish (active_jobs=124)
[17:52:26] REQUEST: 398 - COMPLETED
[17:52:26] REQUEST COMPLETED -> remaining active_jobs=123
[17:52:26] WAITING for remaining requests to finish (active_jobs=123)
[17:52:26] REQUEST: 345 - COMPLETED
[17:52:26] REQUEST: 20 - COMPLETED
[17:52:26] REQUEST COMPLETED -> remaining active_jobs=122
[17:52:26] WAITING for remaining requests to finish (active_jobs=122)
[17:52:26] REQUEST COMPLETED -> remaining active_jobs=121
[17:52:26] WAITING for remaining requests to finish (active_jobs=121)
[17:52:26] REQUEST: 61 - COMPLETED
[17:52:26] REQUEST COMPLETED -> remaining active_jobs=120
[17:52:26] WAITING for remaining requests to finish (active_jobs=120)
[17:52:26] REQUEST: 227 - COMPLETED
[17:52:26] REQUEST COMPLETED -> remaining active_jobs=119
[17:52:26] WAITING for remaining requests to finish (active_jobs=119)
[17:52:26] REQUEST: 399 - COMPLETED
[17:52:26] REQUEST COMPLETED -> remaining active_jobs=118
[17:52:26] REQUEST: 129 - COMPLETED
[17:52:26] WAITING for remaining requests to finish (active_jobs=118)
[17:52:26] REQUEST COMPLETED -> remaining active_jobs=117
[17:52:26] WAITING for remaining requests to finish (active_jobs=117)
[17:52:27] REQUEST: 125 - COMPLETED
[17:52:27] REQUEST COMPLETED -> remaining active_jobs=116
[17:52:27] WAITING for remaining requests to finish (active_jobs=116)
[17:52:27] REQUEST: 248 - COMPLETED
[17:52:27] REQUEST COMPLETED -> remaining active_jobs=115
[17:52:27] WAITING for remaining requests to finish (active_jobs=115)
[17:52:27] REQUEST: 265 - COMPLETED
[17:52:27] REQUEST COMPLETED -> remaining active_jobs=114
[17:52:27] REQUEST: 255 - COMPLETED
[17:52:27] WAITING for remaining requests to finish (active_jobs=114)
[17:52:27] REQUEST COMPLETED -> remaining active_jobs=113
[17:52:27] WAITING for remaining requests to finish (active_jobs=113)
[17:52:27] REQUEST: 301 - COMPLETED
[17:52:27] REQUEST COMPLETED -> remaining active_jobs=112
[17:52:27] WAITING for remaining requests to finish (active_jobs=112)
[17:52:27] REQUEST: 179 - COMPLETED
[17:52:27] REQUEST COMPLETED -> remaining active_jobs=111
[17:52:27] WAITING for remaining requests to finish (active_jobs=111)
[17:52:27] REQUEST: 38 - COMPLETED
[17:52:27] REQUEST COMPLETED -> remaining active_jobs=110
[17:52:27] REQUEST: 351 - COMPLETED
[17:52:27] WAITING for remaining requests to finish (active_jobs=110)
[17:52:27] REQUEST COMPLETED -> remaining active_jobs=109
[17:52:27] WAITING for remaining requests to finish (active_jobs=109)
[17:52:27] REQUEST: 376 - COMPLETED
[17:52:27] REQUEST COMPLETED -> remaining active_jobs=108
[17:52:27] WAITING for remaining requests to finish (active_jobs=108)
[17:52:27] REQUEST: 282 - COMPLETED
[17:52:27] REQUEST COMPLETED -> remaining active_jobs=107
[17:52:27] WAITING for remaining requests to finish (active_jobs=107)
[17:52:27] REQUEST: 264 - COMPLETED
[17:52:27] REQUEST: 274 - COMPLETED
[17:52:27] REQUEST COMPLETED -> remaining active_jobs=106
[17:52:27] WAITING for remaining requests to finish (active_jobs=106)
[17:52:27] REQUEST COMPLETED -> remaining active_jobs=105
[17:52:27] WAITING for remaining requests to finish (active_jobs=105)
[17:52:28] REQUEST: 190 - COMPLETED
[17:52:28] REQUEST COMPLETED -> remaining active_jobs=104
[17:52:28] WAITING for remaining requests to finish (active_jobs=104)
[17:52:28] REQUEST: 201 - COMPLETED
[17:52:28] REQUEST COMPLETED -> remaining active_jobs=103
[17:52:28] WAITING for remaining requests to finish (active_jobs=103)
[17:52:28] REQUEST: 385 - COMPLETED
[17:52:28] REQUEST COMPLETED -> remaining active_jobs=102
[17:52:28] REQUEST: 271 - COMPLETED
[17:52:28] WAITING for remaining requests to finish (active_jobs=102)
[17:52:28] REQUEST COMPLETED -> remaining active_jobs=101
[17:52:28] WAITING for remaining requests to finish (active_jobs=101)
[17:52:28] REQUEST: 318 - COMPLETED
[17:52:28] REQUEST COMPLETED -> remaining active_jobs=100
[17:52:28] WAITING for remaining requests to finish (active_jobs=100)
[17:52:28] REQUEST: 347 - COMPLETED
[17:52:28] REQUEST COMPLETED -> remaining active_jobs=99
[17:52:28] WAITING for remaining requests to finish (active_jobs=99)
[17:52:28] REQUEST: 359 - COMPLETED
[17:52:28] REQUEST COMPLETED -> remaining active_jobs=98
[17:52:28] REQUEST: 253 - COMPLETED
[17:52:28] WAITING for remaining requests to finish (active_jobs=98)
[17:52:28] REQUEST COMPLETED -> remaining active_jobs=97
[17:52:28] WAITING for remaining requests to finish (active_jobs=97)
[17:52:28] REQUEST: 310 - COMPLETED
[17:52:28] REQUEST COMPLETED -> remaining active_jobs=96
[17:52:28] WAITING for remaining requests to finish (active_jobs=96)
[17:52:28] REQUEST: 98 - COMPLETED
[17:52:28] REQUEST COMPLETED -> remaining active_jobs=95
[17:52:28] WAITING for remaining requests to finish (active_jobs=95)
[17:52:28] REQUEST: 306 - COMPLETED
[17:52:28] REQUEST: 132 - COMPLETED
[17:52:28] REQUEST COMPLETED -> remaining active_jobs=94
[17:52:28] WAITING for remaining requests to finish (active_jobs=94)
[17:52:28] REQUEST COMPLETED -> remaining active_jobs=93
[17:52:28] WAITING for remaining requests to finish (active_jobs=93)
[17:52:29] REQUEST: 78 - COMPLETED
[17:52:29] REQUEST COMPLETED -> remaining active_jobs=92
[17:52:29] WAITING for remaining requests to finish (active_jobs=92)
[17:52:29] REQUEST: 390 - COMPLETED
[17:52:29] REQUEST COMPLETED -> remaining active_jobs=91
[17:52:29] WAITING for remaining requests to finish (active_jobs=91)
[17:52:29] REQUEST: 329 - COMPLETED
[17:52:29] REQUEST: 331 - COMPLETED
[17:52:29] REQUEST COMPLETED -> remaining active_jobs=90
[17:52:29] WAITING for remaining requests to finish (active_jobs=90)
[17:52:29] REQUEST COMPLETED -> remaining active_jobs=89
[17:52:29] WAITING for remaining requests to finish (active_jobs=89)
[17:52:29] REQUEST: 122 - COMPLETED
[17:52:29] REQUEST COMPLETED -> remaining active_jobs=88
[17:52:29] WAITING for remaining requests to finish (active_jobs=88)
[17:52:29] REQUEST: 339 - COMPLETED
[17:52:29] REQUEST COMPLETED -> remaining active_jobs=87
[17:52:29] WAITING for remaining requests to finish (active_jobs=87)
[17:52:29] REQUEST: 77 - COMPLETED
[17:52:29] REQUEST COMPLETED -> remaining active_jobs=86
[17:52:29] REQUEST: 288 - COMPLETED
[17:52:29] WAITING for remaining requests to finish (active_jobs=86)
[17:52:29] REQUEST COMPLETED -> remaining active_jobs=85
[17:52:29] WAITING for remaining requests to finish (active_jobs=85)
[17:52:29] REQUEST: 108 - COMPLETED
[17:52:29] REQUEST COMPLETED -> remaining active_jobs=84
[17:52:29] WAITING for remaining requests to finish (active_jobs=84)
[17:52:29] REQUEST: 161 - COMPLETED
[17:52:29] REQUEST COMPLETED -> remaining active_jobs=83
[17:52:29] WAITING for remaining requests to finish (active_jobs=83)
[17:52:29] REQUEST: 137 - COMPLETED
[17:52:29] REQUEST COMPLETED -> remaining active_jobs=82
[17:52:29] REQUEST: 211 - COMPLETED
[17:52:29] WAITING for remaining requests to finish (active_jobs=82)
[17:52:29] REQUEST COMPLETED -> remaining active_jobs=81
[17:52:29] WAITING for remaining requests to finish (active_jobs=81)
[17:52:29] REQUEST: 169 - COMPLETED
[17:52:29] REQUEST COMPLETED -> remaining active_jobs=80
[17:52:29] WAITING for remaining requests to finish (active_jobs=80)
[17:52:30] REQUEST: 337 - COMPLETED
[17:52:30] REQUEST COMPLETED -> remaining active_jobs=79
[17:52:30] WAITING for remaining requests to finish (active_jobs=79)
[17:52:30] REQUEST: 368 - COMPLETED
[17:52:30] REQUEST: 386 - COMPLETED
[17:52:30] REQUEST COMPLETED -> remaining active_jobs=78
[17:52:30] WAITING for remaining requests to finish (active_jobs=78)
[17:52:30] REQUEST COMPLETED -> remaining active_jobs=77
[17:52:30] WAITING for remaining requests to finish (active_jobs=77)
[17:52:30] REQUEST: 195 - COMPLETED
[17:52:30] REQUEST COMPLETED -> remaining active_jobs=76
[17:52:30] WAITING for remaining requests to finish (active_jobs=76)
[17:52:30] REQUEST: 267 - COMPLETED
[17:52:30] REQUEST COMPLETED -> remaining active_jobs=75
[17:52:30] WAITING for remaining requests to finish (active_jobs=75)
[17:52:30] REQUEST: 177 - COMPLETED
[17:52:30] REQUEST COMPLETED -> remaining active_jobs=74
[17:52:30] REQUEST: 344 - COMPLETED
[17:52:30] WAITING for remaining requests to finish (active_jobs=74)
[17:52:30] REQUEST COMPLETED -> remaining active_jobs=73
[17:52:30] WAITING for remaining requests to finish (active_jobs=73)
[17:52:30] REQUEST: 320 - COMPLETED
[17:52:30] REQUEST COMPLETED -> remaining active_jobs=72
[17:52:30] WAITING for remaining requests to finish (active_jobs=72)
[17:52:30] REQUEST: 302 - COMPLETED
[17:52:30] REQUEST COMPLETED -> remaining active_jobs=71
[17:52:30] WAITING for remaining requests to finish (active_jobs=71)
[17:52:30] REQUEST: 262 - COMPLETED
[17:52:30] REQUEST COMPLETED -> remaining active_jobs=70
[17:52:30] REQUEST: 297 - COMPLETED
[17:52:30] WAITING for remaining requests to finish (active_jobs=70)
[17:52:30] REQUEST COMPLETED -> remaining active_jobs=69
[17:52:30] WAITING for remaining requests to finish (active_jobs=69)
[17:52:30] REQUEST: 80 - COMPLETED
[17:52:30] REQUEST COMPLETED -> remaining active_jobs=68
[17:52:30] WAITING for remaining requests to finish (active_jobs=68)
[17:52:30] REQUEST: 273 - COMPLETED
[17:52:30] REQUEST COMPLETED -> remaining active_jobs=67
[17:52:30] WAITING for remaining requests to finish (active_jobs=67)
[17:52:30] REQUEST: 243 - COMPLETED
[17:52:30] REQUEST COMPLETED -> remaining active_jobs=66
[17:52:30] WAITING for remaining requests to finish (active_jobs=66)
[17:52:30] REQUEST: 275 - COMPLETED
[17:52:30] REQUEST COMPLETED -> remaining active_jobs=65
[17:52:30] WAITING for remaining requests to finish (active_jobs=65)
[17:52:31] REQUEST: 209 - COMPLETED
[17:52:31] REQUEST COMPLETED -> remaining active_jobs=64
[17:52:31] WAITING for remaining requests to finish (active_jobs=64)
[17:52:31] REQUEST: 335 - COMPLETED
[17:52:31] REQUEST COMPLETED -> remaining active_jobs=63
[17:52:31] WAITING for remaining requests to finish (active_jobs=63)
[17:52:31] REQUEST: 289 - COMPLETED
[17:52:31] REQUEST COMPLETED -> remaining active_jobs=62
[17:52:31] WAITING for remaining requests to finish (active_jobs=62)
[17:52:31] REQUEST: 276 - COMPLETED
[17:52:31] REQUEST COMPLETED -> remaining active_jobs=61
[17:52:31] WAITING for remaining requests to finish (active_jobs=61)
[17:52:31] REQUEST: 373 - COMPLETED
[17:52:31] REQUEST COMPLETED -> remaining active_jobs=60
[17:52:31] WAITING for remaining requests to finish (active_jobs=60)
[17:52:31] REQUEST: 228 - COMPLETED
[17:52:31] REQUEST COMPLETED -> remaining active_jobs=59
[17:52:31] WAITING for remaining requests to finish (active_jobs=59)
[17:52:31] REQUEST: 170 - COMPLETED
[17:52:31] REQUEST COMPLETED -> remaining active_jobs=58
[17:52:31] WAITING for remaining requests to finish (active_jobs=58)
[17:52:31] REQUEST: 111 - COMPLETED
[17:52:31] REQUEST COMPLETED -> remaining active_jobs=57
[17:52:31] WAITING for remaining requests to finish (active_jobs=57)
[17:52:31] REQUEST: 213 - COMPLETED
[17:52:31] REQUEST COMPLETED -> remaining active_jobs=56
[17:52:31] WAITING for remaining requests to finish (active_jobs=56)
[17:52:31] REQUEST: 24 - COMPLETED
[17:52:31] REQUEST COMPLETED -> remaining active_jobs=55
[17:52:31] WAITING for remaining requests to finish (active_jobs=55)
[17:52:31] REQUEST: 207 - COMPLETED
[17:52:31] REQUEST COMPLETED -> remaining active_jobs=54
[17:52:31] WAITING for remaining requests to finish (active_jobs=54)
[17:52:31] REQUEST: 194 - COMPLETED
[17:52:31] REQUEST COMPLETED -> remaining active_jobs=53
[17:52:31] WAITING for remaining requests to finish (active_jobs=53)
[17:52:32] REQUEST: 218 - COMPLETED
[17:52:32] REQUEST COMPLETED -> remaining active_jobs=52
[17:52:32] WAITING for remaining requests to finish (active_jobs=52)
[17:52:32] REQUEST: 296 - COMPLETED
[17:52:32] REQUEST COMPLETED -> remaining active_jobs=51
[17:52:32] WAITING for remaining requests to finish (active_jobs=51)
[17:52:32] REQUEST: 229 - COMPLETED
[17:52:32] REQUEST COMPLETED -> remaining active_jobs=50
[17:52:32] WAITING for remaining requests to finish (active_jobs=50)
[17:52:32] REQUEST: 216 - COMPLETED
[17:52:32] REQUEST COMPLETED -> remaining active_jobs=49
[17:52:32] WAITING for remaining requests to finish (active_jobs=49)
[17:52:32] REQUEST: 176 - COMPLETED
[17:52:32] REQUEST COMPLETED -> remaining active_jobs=48
[17:52:32] WAITING for remaining requests to finish (active_jobs=48)
[17:52:32] REQUEST: 389 - COMPLETED
[17:52:32] REQUEST COMPLETED -> remaining active_jobs=47
[17:52:32] WAITING for remaining requests to finish (active_jobs=47)
[17:52:32] REQUEST: 293 - COMPLETED
[17:52:32] REQUEST COMPLETED -> remaining active_jobs=46
[17:52:32] WAITING for remaining requests to finish (active_jobs=46)
[17:52:32] REQUEST: 247 - COMPLETED
[17:52:32] REQUEST COMPLETED -> remaining active_jobs=45
[17:52:32] WAITING for remaining requests to finish (active_jobs=45)
[17:52:32] REQUEST: 304 - COMPLETED
[17:52:32] REQUEST COMPLETED -> remaining active_jobs=44
[17:52:32] WAITING for remaining requests to finish (active_jobs=44)
[17:52:32] REQUEST: 367 - COMPLETED
[17:52:32] REQUEST COMPLETED -> remaining active_jobs=43
[17:52:32] WAITING for remaining requests to finish (active_jobs=43)
[17:52:32] REQUEST: 57 - COMPLETED
[17:52:32] REQUEST COMPLETED -> remaining active_jobs=42
[17:52:32] WAITING for remaining requests to finish (active_jobs=42)
[17:52:32] REQUEST: 312 - COMPLETED
[17:52:32] REQUEST COMPLETED -> remaining active_jobs=41
[17:52:32] WAITING for remaining requests to finish (active_jobs=41)
[17:52:33] REQUEST: 174 - COMPLETED
[17:52:33] REQUEST COMPLETED -> remaining active_jobs=40
[17:52:33] WAITING for remaining requests to finish (active_jobs=40)
[17:52:33] REQUEST: 285 - COMPLETED
[17:52:33] REQUEST COMPLETED -> remaining active_jobs=39
[17:52:33] WAITING for remaining requests to finish (active_jobs=39)
[17:52:33] REQUEST: 223 - COMPLETED
[17:52:33] REQUEST COMPLETED -> remaining active_jobs=38
[17:52:33] WAITING for remaining requests to finish (active_jobs=38)
[17:52:33] REQUEST: 167 - COMPLETED
[17:52:33] REQUEST COMPLETED -> remaining active_jobs=37
[17:52:33] WAITING for remaining requests to finish (active_jobs=37)
[17:52:33] REQUEST: 154 - COMPLETED
[17:52:33] REQUEST COMPLETED -> remaining active_jobs=36
[17:52:33] WAITING for remaining requests to finish (active_jobs=36)
[17:52:33] REQUEST: 327 - COMPLETED
[17:52:33] REQUEST COMPLETED -> remaining active_jobs=35
[17:52:33] WAITING for remaining requests to finish (active_jobs=35)
[17:52:33] REQUEST: 326 - COMPLETED
[17:52:33] REQUEST COMPLETED -> remaining active_jobs=34
[17:52:33] WAITING for remaining requests to finish (active_jobs=34)
[17:52:33] REQUEST: 159 - COMPLETED
[17:52:33] REQUEST COMPLETED -> remaining active_jobs=33
[17:52:33] WAITING for remaining requests to finish (active_jobs=33)
[17:52:33] REQUEST: 341 - COMPLETED
[17:52:33] REQUEST COMPLETED -> remaining active_jobs=32
[17:52:33] WAITING for remaining requests to finish (active_jobs=32)
[17:52:33] REQUEST: 212 - COMPLETED
[17:52:33] REQUEST COMPLETED -> remaining active_jobs=31
[17:52:33] WAITING for remaining requests to finish (active_jobs=31)
[17:52:33] REQUEST: 369 - COMPLETED
[17:52:33] REQUEST COMPLETED -> remaining active_jobs=30
[17:52:33] WAITING for remaining requests to finish (active_jobs=30)
[17:52:33] REQUEST: 69 - COMPLETED
[17:52:33] REQUEST COMPLETED -> remaining active_jobs=29
[17:52:33] WAITING for remaining requests to finish (active_jobs=29)
[17:52:33] REQUEST: 242 - COMPLETED
[17:52:34] REQUEST COMPLETED -> remaining active_jobs=28
[17:52:34] WAITING for remaining requests to finish (active_jobs=28)
[17:52:34] REQUEST: 396 - COMPLETED
[17:52:34] REQUEST COMPLETED -> remaining active_jobs=27
[17:52:34] WAITING for remaining requests to finish (active_jobs=27)
[17:52:34] REQUEST: 352 - COMPLETED
[17:52:34] REQUEST COMPLETED -> remaining active_jobs=26
[17:52:34] WAITING for remaining requests to finish (active_jobs=26)
[17:52:34] REQUEST: 94 - COMPLETED
[17:52:34] REQUEST COMPLETED -> remaining active_jobs=25
[17:52:34] WAITING for remaining requests to finish (active_jobs=25)
[17:52:34] REQUEST: 175 - COMPLETED
[17:52:34] REQUEST COMPLETED -> remaining active_jobs=24
[17:52:34] WAITING for remaining requests to finish (active_jobs=24)
[17:52:34] REQUEST: 325 - COMPLETED
[17:52:34] REQUEST COMPLETED -> remaining active_jobs=23
[17:52:34] WAITING for remaining requests to finish (active_jobs=23)
[17:52:34] REQUEST: 240 - COMPLETED
[17:52:34] REQUEST COMPLETED -> remaining active_jobs=22
[17:52:34] WAITING for remaining requests to finish (active_jobs=22)
[17:52:34] REQUEST: 314 - COMPLETED
[17:52:34] REQUEST COMPLETED -> remaining active_jobs=21
[17:52:34] WAITING for remaining requests to finish (active_jobs=21)
[17:52:34] REQUEST: 299 - COMPLETED
[17:52:34] REQUEST COMPLETED -> remaining active_jobs=20
[17:52:34] WAITING for remaining requests to finish (active_jobs=20)
[17:52:34] REQUEST: 141 - COMPLETED
[17:52:34] REQUEST COMPLETED -> remaining active_jobs=19
[17:52:34] WAITING for remaining requests to finish (active_jobs=19)
[17:52:34] REQUEST: 237 - COMPLETED
[17:52:34] REQUEST COMPLETED -> remaining active_jobs=18
[17:52:34] REQUEST: 328 - COMPLETED
[17:52:34] WAITING for remaining requests to finish (active_jobs=18)
[17:52:34] REQUEST COMPLETED -> remaining active_jobs=17
[17:52:34] WAITING for remaining requests to finish (active_jobs=17)
[17:52:34] REQUEST: 354 - COMPLETED
[17:52:34] REQUEST COMPLETED -> remaining active_jobs=16
[17:52:34] WAITING for remaining requests to finish (active_jobs=16)
[17:52:35] REQUEST: 128 - COMPLETED
[17:52:35] REQUEST COMPLETED -> remaining active_jobs=15
[17:52:35] WAITING for remaining requests to finish (active_jobs=15)
[17:52:35] REQUEST: 377 - COMPLETED
[17:52:35] REQUEST COMPLETED -> remaining active_jobs=14
[17:52:35] WAITING for remaining requests to finish (active_jobs=14)
[17:52:35] REQUEST: 323 - COMPLETED
[17:52:35] REQUEST COMPLETED -> remaining active_jobs=13
[17:52:35] WAITING for remaining requests to finish (active_jobs=13)
[17:52:35] REQUEST: 110 - COMPLETED
[17:52:35] REQUEST COMPLETED -> remaining active_jobs=12
[17:52:35] WAITING for remaining requests to finish (active_jobs=12)
[17:52:35] REQUEST: 311 - COMPLETED
[17:52:35] REQUEST COMPLETED -> remaining active_jobs=11
[17:52:35] WAITING for remaining requests to finish (active_jobs=11)
[17:52:35] REQUEST: 361 - COMPLETED
[17:52:35] REQUEST COMPLETED -> remaining active_jobs=10
[17:52:35] WAITING for remaining requests to finish (active_jobs=10)
[17:52:35] REQUEST: 340 - COMPLETED
[17:52:35] REQUEST COMPLETED -> remaining active_jobs=9
[17:52:35] WAITING for remaining requests to finish (active_jobs=9)
[17:52:35] REQUEST: 182 - COMPLETED
[17:52:35] REQUEST COMPLETED -> remaining active_jobs=8
[17:52:35] WAITING for remaining requests to finish (active_jobs=8)
[17:52:35] REQUEST: 200 - COMPLETED
[17:52:35] REQUEST COMPLETED -> remaining active_jobs=7
[17:52:35] WAITING for remaining requests to finish (active_jobs=7)
[17:52:35] REQUEST: 230 - COMPLETED
[17:52:35] REQUEST COMPLETED -> remaining active_jobs=6
[17:52:35] WAITING for remaining requests to finish (active_jobs=6)
[17:52:35] REQUEST: 305 - COMPLETED
[17:52:35] REQUEST COMPLETED -> remaining active_jobs=5
[17:52:35] WAITING for remaining requests to finish (active_jobs=5)
[17:52:35] REQUEST: 322 - COMPLETED
[17:52:35] REQUEST COMPLETED -> remaining active_jobs=4
[17:52:35] WAITING for remaining requests to finish (active_jobs=4)
[17:52:35] REQUEST: 114 - COMPLETED
[17:52:35] REQUEST COMPLETED -> remaining active_jobs=3
[17:52:35] WAITING for remaining requests to finish (active_jobs=3)
[17:52:35] REQUEST: 165 - COMPLETED
[17:52:35] REQUEST COMPLETED -> remaining active_jobs=2
[17:52:35] WAITING for remaining requests to finish (active_jobs=2)
[17:52:35] REQUEST: 394 - COMPLETED
[17:52:35] REQUEST COMPLETED -> remaining active_jobs=1
[17:52:35] WAITING for remaining requests to finish (active_jobs=1)
[17:52:35] REQUEST: 342 - COMPLETED
[17:52:35] REQUEST COMPLETED -> remaining active_jobs=0
[17:52:35] Load test completed
[17:52:35] Running results evaluation


--- PER-REQUEST STATS ---
Request 01 | res_time: 17:52:02.98 | latency:   0.22 s | tokens: 25 | gen_time: 0.070 s | tok/s: 355.10
Request 02 | res_time: 17:52:03.14 | latency:   0.38 s | tokens: 25 | gen_time: 0.073 s | tok/s: 340.61
Request 03 | res_time: 17:52:03.49 | latency:   0.70 s | tokens: 25 | gen_time: 0.167 s | tok/s: 149.34
Request 04 | res_time: 17:52:03.91 | latency:   1.12 s | tokens: 25 | gen_time: 0.325 s | tok/s: 76.82
Request 05 | res_time: 17:52:03.92 | latency:   1.09 s | tokens: 25 | gen_time: 0.218 s | tok/s: 114.44
Request 06 | res_time: 17:52:04.23 | latency:   1.44 s | tokens: 25 | gen_time: 0.124 s | tok/s: 201.76
Request 07 | res_time: 17:52:04.32 | latency:   1.48 s | tokens: 25 | gen_time: 0.065 s | tok/s: 386.31
Request 08 | res_time: 17:52:04.31 | latency:   1.56 s | tokens: 25 | gen_time: 0.117 s | tok/s: 213.18
Request 09 | res_time: 17:52:04.44 | latency:   1.68 s | tokens: 25 | gen_time: 0.115 s | tok/s: 216.86
Request 10 | res_time: 17:52:04.73 | latency:   1.89 s | tokens: 25 | gen_time: 0.131 s | tok/s: 190.14
Request 11 | res_time: 17:52:04.91 | latency:   2.05 s | tokens: 25 | gen_time: 0.224 s | tok/s: 111.54
Request 12 | res_time: 17:52:05.19 | latency:   2.43 s | tokens: 25 | gen_time: 0.276 s | tok/s: 90.43
Request 13 | res_time: 17:52:05.44 | latency:   2.64 s | tokens: 25 | gen_time: 0.437 s | tok/s: 57.25
Request 14 | res_time: 17:52:05.66 | latency:   2.88 s | tokens: 25 | gen_time: 0.293 s | tok/s: 85.23
Request 15 | res_time: 17:52:05.60 | latency:   2.85 s | tokens: 25 | gen_time: 0.192 s | tok/s: 130.44
Request 16 | res_time: 17:52:05.72 | latency:   2.60 s | tokens: 25 | gen_time: 0.118 s | tok/s: 211.76
Request 17 | res_time: 17:52:05.98 | latency:   2.61 s | tokens: 25 | gen_time: 0.088 s | tok/s: 282.52
Request 18 | res_time: 17:52:06.03 | latency:   3.23 s | tokens: 25 | gen_time: 0.161 s | tok/s: 155.59
Request 19 | res_time: 17:52:06.33 | latency:   3.45 s | tokens: 25 | gen_time: 0.207 s | tok/s: 120.97
Request 20 | res_time: 17:52:06.13 | latency:   3.11 s | tokens: 25 | gen_time: 0.102 s | tok/s: 244.14
Request 21 | res_time: 17:52:06.40 | latency:   3.52 s | tokens: 25 | gen_time: 0.103 s | tok/s: 243.48
Request 22 | res_time: 17:52:06.42 | latency:   3.65 s | tokens: 25 | gen_time: 0.203 s | tok/s: 123.39
Request 23 | res_time: 17:52:06.59 | latency:   3.77 s | tokens: 25 | gen_time: 0.126 s | tok/s: 198.18
Request 24 | res_time: 17:52:06.73 | latency:   3.89 s | tokens: 25 | gen_time: 0.182 s | tok/s: 137.14
Request 25 | res_time: 17:52:06.90 | latency:   4.07 s | tokens: 25 | gen_time: 0.214 s | tok/s: 116.80
Request 26 | res_time: 17:52:06.90 | latency:   3.78 s | tokens: 25 | gen_time: 0.375 s | tok/s: 66.61
Request 27 | res_time: 17:52:06.96 | latency:   4.07 s | tokens: 25 | gen_time: 0.219 s | tok/s: 114.34
Request 28 | res_time: 17:52:07.01 | latency:   4.14 s | tokens: 25 | gen_time: 0.091 s | tok/s: 275.91
Request 29 | res_time: 17:52:07.15 | latency:   4.38 s | tokens: 25 | gen_time: 0.195 s | tok/s: 128.18
Request 30 | res_time: 17:52:07.18 | latency:   4.13 s | tokens: 25 | gen_time: 0.168 s | tok/s: 148.60
Request 31 | res_time: 17:52:07.22 | latency:   3.79 s | tokens: 25 | gen_time: 0.162 s | tok/s: 154.34
Request 32 | res_time: 17:52:07.34 | latency:   4.50 s | tokens: 25 | gen_time: 0.281 s | tok/s: 88.90
Request 33 | res_time: 17:52:07.48 | latency:   4.71 s | tokens: 25 | gen_time: 0.283 s | tok/s: 88.47
Request 34 | res_time: 17:52:07.49 | latency:   3.47 s | tokens: 25 | gen_time: 0.281 s | tok/s: 88.83
Request 35 | res_time: 17:52:07.53 | latency:   4.20 s | tokens: 25 | gen_time: 0.282 s | tok/s: 88.63
Request 36 | res_time: 17:52:07.66 | latency:   4.79 s | tokens: 25 | gen_time: 0.283 s | tok/s: 88.48
Request 37 | res_time: 17:52:07.80 | latency:   4.94 s | tokens: 25 | gen_time: 0.283 s | tok/s: 88.49
Request 38 | res_time: 17:52:07.80 | latency:   4.82 s | tokens: 25 | gen_time: 0.283 s | tok/s: 88.47
Request 39 | res_time: 17:52:07.84 | latency:   4.84 s | tokens: 25 | gen_time: 0.282 s | tok/s: 88.56
Request 40 | res_time: 17:52:07.97 | latency:   4.96 s | tokens: 25 | gen_time: 0.282 s | tok/s: 88.70
Request 41 | res_time: 17:52:08.11 | latency:   5.30 s | tokens: 25 | gen_time: 0.282 s | tok/s: 88.59
Request 42 | res_time: 17:52:08.11 | latency:   5.31 s | tokens: 25 | gen_time: 0.282 s | tok/s: 88.62
Request 43 | res_time: 17:52:08.16 | latency:   4.26 s | tokens: 25 | gen_time: 0.283 s | tok/s: 88.48
Request 44 | res_time: 17:52:08.28 | latency:   5.32 s | tokens: 25 | gen_time: 0.278 s | tok/s: 89.79
Request 45 | res_time: 17:52:08.42 | latency:   5.62 s | tokens: 25 | gen_time: 0.281 s | tok/s: 88.86
Request 46 | res_time: 17:52:08.42 | latency:   5.44 s | tokens: 25 | gen_time: 0.281 s | tok/s: 88.83
Request 47 | res_time: 17:52:08.47 | latency:   5.54 s | tokens: 25 | gen_time: 0.283 s | tok/s: 88.40
Request 48 | res_time: 17:52:08.59 | latency:   5.46 s | tokens: 25 | gen_time: 0.282 s | tok/s: 88.56
Request 49 | res_time: 17:52:08.73 | latency:   5.95 s | tokens: 25 | gen_time: 0.282 s | tok/s: 88.60
Request 50 | res_time: 17:52:08.74 | latency:   5.28 s | tokens: 25 | gen_time: 0.282 s | tok/s: 88.58
Request 51 | res_time: 17:52:08.78 | latency:   5.52 s | tokens: 25 | gen_time: 0.282 s | tok/s: 88.56
Request 52 | res_time: 17:52:08.90 | latency:   6.05 s | tokens: 25 | gen_time: 0.283 s | tok/s: 88.44
Request 53 | res_time: 17:52:09.05 | latency:   5.94 s | tokens: 25 | gen_time: 0.282 s | tok/s: 88.79
Request 54 | res_time: 17:52:09.05 | latency:   5.76 s | tokens: 25 | gen_time: 0.283 s | tok/s: 88.38
Request 55 | res_time: 17:52:09.09 | latency:   5.63 s | tokens: 25 | gen_time: 0.282 s | tok/s: 88.61
Request 56 | res_time: 17:52:09.21 | latency:   6.10 s | tokens: 25 | gen_time: 0.281 s | tok/s: 88.83
Request 57 | res_time: 17:52:09.36 | latency:   6.53 s | tokens: 25 | gen_time: 0.282 s | tok/s: 88.60
Request 58 | res_time: 17:52:09.36 | latency:   5.75 s | tokens: 25 | gen_time: 0.281 s | tok/s: 89.11
Request 59 | res_time: 17:52:09.40 | latency:   6.45 s | tokens: 25 | gen_time: 0.281 s | tok/s: 88.93
Request 60 | res_time: 17:52:09.53 | latency:   6.59 s | tokens: 25 | gen_time: 0.282 s | tok/s: 88.58
Request 61 | res_time: 17:52:09.67 | latency:   6.89 s | tokens: 25 | gen_time: 0.283 s | tok/s: 88.46
Request 62 | res_time: 17:52:09.67 | latency:   6.64 s | tokens: 25 | gen_time: 0.282 s | tok/s: 88.60
Request 63 | res_time: 17:52:09.72 | latency:   6.31 s | tokens: 25 | gen_time: 0.282 s | tok/s: 88.69
Request 64 | res_time: 17:52:09.84 | latency:   6.54 s | tokens: 25 | gen_time: 0.282 s | tok/s: 88.62
Request 65 | res_time: 17:52:09.98 | latency:   6.85 s | tokens: 25 | gen_time: 0.282 s | tok/s: 88.63
Request 66 | res_time: 17:52:09.99 | latency:   6.69 s | tokens: 25 | gen_time: 0.283 s | tok/s: 88.43
Request 67 | res_time: 17:52:10.03 | latency:   6.06 s | tokens: 25 | gen_time: 0.282 s | tok/s: 88.70
Request 68 | res_time: 17:52:10.15 | latency:   6.35 s | tokens: 25 | gen_time: 0.283 s | tok/s: 88.35
Request 69 | res_time: 17:52:10.29 | latency:   7.46 s | tokens: 25 | gen_time: 0.282 s | tok/s: 88.66
Request 70 | res_time: 17:52:10.30 | latency:   7.13 s | tokens: 25 | gen_time: 0.282 s | tok/s: 88.62
Request 71 | res_time: 17:52:10.34 | latency:   6.44 s | tokens: 25 | gen_time: 0.281 s | tok/s: 88.92
Request 72 | res_time: 17:52:10.46 | latency:   7.33 s | tokens: 25 | gen_time: 0.280 s | tok/s: 89.25
Request 73 | res_time: 17:52:10.61 | latency:   6.96 s | tokens: 25 | gen_time: 0.283 s | tok/s: 88.45
Request 74 | res_time: 17:52:10.61 | latency:   7.64 s | tokens: 25 | gen_time: 0.283 s | tok/s: 88.46
Request 75 | res_time: 17:52:10.65 | latency:   7.26 s | tokens: 25 | gen_time: 0.282 s | tok/s: 88.72
Request 76 | res_time: 17:52:10.77 | latency:   6.27 s | tokens: 25 | gen_time: 0.282 s | tok/s: 88.64
Request 77 | res_time: 17:52:10.92 | latency:   7.68 s | tokens: 25 | gen_time: 0.283 s | tok/s: 88.45
Request 78 | res_time: 17:52:10.92 | latency:   7.39 s | tokens: 25 | gen_time: 0.283 s | tok/s: 88.40
Request 79 | res_time: 17:52:10.97 | latency:   6.91 s | tokens: 25 | gen_time: 0.282 s | tok/s: 88.65
Request 80 | res_time: 17:52:11.09 | latency:   7.97 s | tokens: 25 | gen_time: 0.282 s | tok/s: 88.79
Request 81 | res_time: 17:52:11.23 | latency:   7.13 s | tokens: 25 | gen_time: 0.282 s | tok/s: 88.72
Request 82 | res_time: 17:52:11.23 | latency:   8.41 s | tokens: 25 | gen_time: 0.282 s | tok/s: 88.67
Request 83 | res_time: 17:52:11.28 | latency:   7.87 s | tokens: 25 | gen_time: 0.281 s | tok/s: 89.01
Request 84 | res_time: 17:52:11.40 | latency:   8.33 s | tokens: 25 | gen_time: 0.282 s | tok/s: 88.68
Request 85 | res_time: 17:52:11.54 | latency:   8.70 s | tokens: 25 | gen_time: 0.282 s | tok/s: 88.67
Request 86 | res_time: 17:52:11.55 | latency:   7.98 s | tokens: 25 | gen_time: 0.282 s | tok/s: 88.75
Request 87 | res_time: 17:52:11.59 | latency:   8.58 s | tokens: 25 | gen_time: 0.283 s | tok/s: 88.48
Request 88 | res_time: 17:52:11.71 | latency:   8.12 s | tokens: 25 | gen_time: 0.281 s | tok/s: 88.85
Request 89 | res_time: 17:52:11.86 | latency:   7.96 s | tokens: 25 | gen_time: 0.283 s | tok/s: 88.36
Request 90 | res_time: 17:52:11.85 | latency:   8.57 s | tokens: 25 | gen_time: 0.282 s | tok/s: 88.58
Request 91 | res_time: 17:52:11.90 | latency:   7.98 s | tokens: 25 | gen_time: 0.282 s | tok/s: 88.61
Request 92 | res_time: 17:52:12.02 | latency:   8.02 s | tokens: 25 | gen_time: 0.281 s | tok/s: 88.84
Request 93 | res_time: 17:52:12.17 | latency:   9.23 s | tokens: 25 | gen_time: 0.283 s | tok/s: 88.34
Request 94 | res_time: 17:52:12.17 | latency:   8.96 s | tokens: 25 | gen_time: 0.282 s | tok/s: 88.57
Request 95 | res_time: 17:52:12.21 | latency:   8.30 s | tokens: 25 | gen_time: 0.283 s | tok/s: 88.29
Request 96 | res_time: 17:52:12.34 | latency:   8.35 s | tokens: 25 | gen_time: 0.282 s | tok/s: 88.51
Request 97 | res_time: 17:52:12.48 | latency:   8.56 s | tokens: 25 | gen_time: 0.282 s | tok/s: 88.73
Request 98 | res_time: 17:52:12.48 | latency:   9.51 s | tokens: 25 | gen_time: 0.281 s | tok/s: 88.93
Request 99 | res_time: 17:52:12.53 | latency:   9.15 s | tokens: 25 | gen_time: 0.282 s | tok/s: 88.54
Request 100 | res_time: 17:52:12.65 | latency:   9.18 s | tokens: 25 | gen_time: 0.282 s | tok/s: 88.62
Request 101 | res_time: 17:52:12.79 | latency:   9.80 s | tokens: 25 | gen_time: 0.282 s | tok/s: 88.81
Request 102 | res_time: 17:52:12.80 | latency:   8.86 s | tokens: 25 | gen_time: 0.281 s | tok/s: 88.92
Request 103 | res_time: 17:52:12.84 | latency:   9.18 s | tokens: 25 | gen_time: 0.280 s | tok/s: 89.15
Request 104 | res_time: 17:52:12.96 | latency:   9.82 s | tokens: 25 | gen_time: 0.283 s | tok/s: 88.49
Request 105 | res_time: 17:52:13.10 | latency:  10.34 s | tokens: 25 | gen_time: 0.280 s | tok/s: 89.29
Request 106 | res_time: 17:52:13.11 | latency:   9.91 s | tokens: 25 | gen_time: 0.283 s | tok/s: 88.48
Request 107 | res_time: 17:52:13.15 | latency:  10.21 s | tokens: 25 | gen_time: 0.281 s | tok/s: 88.81
Request 108 | res_time: 17:52:13.27 | latency:   9.21 s | tokens: 25 | gen_time: 0.282 s | tok/s: 88.79
Request 109 | res_time: 17:52:13.42 | latency:  10.18 s | tokens: 25 | gen_time: 0.282 s | tok/s: 88.67
Request 110 | res_time: 17:52:13.42 | latency:  10.33 s | tokens: 25 | gen_time: 0.280 s | tok/s: 89.30
Request 111 | res_time: 17:52:13.46 | latency:  10.57 s | tokens: 25 | gen_time: 0.281 s | tok/s: 89.03
Request 112 | res_time: 17:52:13.58 | latency:  10.60 s | tokens: 25 | gen_time: 0.281 s | tok/s: 88.86
Request 113 | res_time: 17:52:13.73 | latency:  10.48 s | tokens: 25 | gen_time: 0.282 s | tok/s: 88.54
Request 114 | res_time: 17:52:13.73 | latency:  10.63 s | tokens: 25 | gen_time: 0.280 s | tok/s: 89.26
Request 115 | res_time: 17:52:13.78 | latency:  10.39 s | tokens: 25 | gen_time: 0.282 s | tok/s: 88.70
Request 116 | res_time: 17:52:13.90 | latency:  10.83 s | tokens: 25 | gen_time: 0.281 s | tok/s: 89.12
Request 117 | res_time: 17:52:14.04 | latency:  10.68 s | tokens: 25 | gen_time: 0.280 s | tok/s: 89.42
Request 118 | res_time: 17:52:14.04 | latency:  10.87 s | tokens: 25 | gen_time: 0.281 s | tok/s: 89.08
Request 119 | res_time: 17:52:14.09 | latency:  10.49 s | tokens: 25 | gen_time: 0.280 s | tok/s: 89.23
Request 120 | res_time: 17:52:14.21 | latency:  10.66 s | tokens: 25 | gen_time: 0.281 s | tok/s: 88.93
Request 121 | res_time: 17:52:14.35 | latency:  10.66 s | tokens: 25 | gen_time: 0.280 s | tok/s: 89.41
Request 122 | res_time: 17:52:14.36 | latency:  11.09 s | tokens: 25 | gen_time: 0.281 s | tok/s: 88.90
Request 123 | res_time: 17:52:14.40 | latency:  11.04 s | tokens: 25 | gen_time: 0.281 s | tok/s: 89.07
Request 124 | res_time: 17:52:14.52 | latency:  11.56 s | tokens: 25 | gen_time: 0.281 s | tok/s: 88.87
Request 125 | res_time: 17:52:14.66 | latency:  11.65 s | tokens: 25 | gen_time: 0.281 s | tok/s: 88.92
Request 126 | res_time: 17:52:14.67 | latency:  11.55 s | tokens: 25 | gen_time: 0.283 s | tok/s: 88.47
Request 127 | res_time: 17:52:14.71 | latency:  11.34 s | tokens: 25 | gen_time: 0.280 s | tok/s: 89.39
Request 128 | res_time: 17:52:14.83 | latency:  11.27 s | tokens: 25 | gen_time: 0.281 s | tok/s: 89.08
Request 129 | res_time: 17:52:14.98 | latency:  11.73 s | tokens: 25 | gen_time: 0.280 s | tok/s: 89.42
Request 130 | res_time: 17:52:14.98 | latency:  10.61 s | tokens: 25 | gen_time: 0.281 s | tok/s: 89.03
Request 131 | res_time: 17:52:15.02 | latency:  11.25 s | tokens: 25 | gen_time: 0.280 s | tok/s: 89.34
Request 132 | res_time: 17:52:15.15 | latency:  11.74 s | tokens: 25 | gen_time: 0.281 s | tok/s: 88.86
Request 133 | res_time: 17:52:15.29 | latency:  12.20 s | tokens: 25 | gen_time: 0.283 s | tok/s: 88.46
Request 134 | res_time: 17:52:15.29 | latency:  12.24 s | tokens: 25 | gen_time: 0.281 s | tok/s: 88.90
Request 135 | res_time: 17:52:15.34 | latency:  12.46 s | tokens: 25 | gen_time: 0.282 s | tok/s: 88.70
Request 136 | res_time: 17:52:15.46 | latency:  12.15 s | tokens: 25 | gen_time: 0.282 s | tok/s: 88.72
Request 137 | res_time: 17:52:15.60 | latency:  12.41 s | tokens: 25 | gen_time: 0.282 s | tok/s: 88.78
Request 138 | res_time: 17:52:15.60 | latency:  12.27 s | tokens: 25 | gen_time: 0.282 s | tok/s: 88.66
Request 139 | res_time: 17:52:15.65 | latency:  12.28 s | tokens: 25 | gen_time: 0.280 s | tok/s: 89.30
Request 140 | res_time: 17:52:15.77 | latency:  12.56 s | tokens: 25 | gen_time: 0.282 s | tok/s: 88.76
Request 141 | res_time: 17:52:15.91 | latency:  12.62 s | tokens: 25 | gen_time: 0.281 s | tok/s: 88.87
Request 142 | res_time: 17:52:15.92 | latency:  12.53 s | tokens: 25 | gen_time: 0.282 s | tok/s: 88.70
Request 143 | res_time: 17:52:15.96 | latency:  12.33 s | tokens: 25 | gen_time: 0.282 s | tok/s: 88.66
Request 144 | res_time: 17:52:16.08 | latency:  11.98 s | tokens: 25 | gen_time: 0.282 s | tok/s: 88.67
Request 145 | res_time: 17:52:16.23 | latency:  13.16 s | tokens: 25 | gen_time: 0.282 s | tok/s: 88.60
Request 146 | res_time: 17:52:16.23 | latency:  12.60 s | tokens: 25 | gen_time: 0.281 s | tok/s: 88.95
Request 147 | res_time: 17:52:16.27 | latency:  12.32 s | tokens: 25 | gen_time: 0.282 s | tok/s: 88.77
Request 148 | res_time: 17:52:16.39 | latency:  12.61 s | tokens: 25 | gen_time: 0.281 s | tok/s: 88.85
Request 149 | res_time: 17:52:16.54 | latency:  13.15 s | tokens: 25 | gen_time: 0.280 s | tok/s: 89.27
Request 150 | res_time: 17:52:16.54 | latency:  12.62 s | tokens: 25 | gen_time: 0.281 s | tok/s: 89.12
Request 151 | res_time: 17:52:16.58 | latency:  13.23 s | tokens: 25 | gen_time: 0.281 s | tok/s: 88.98
Request 152 | res_time: 17:52:16.71 | latency:  12.54 s | tokens: 25 | gen_time: 0.282 s | tok/s: 88.65
Request 153 | res_time: 17:52:16.85 | latency:  13.48 s | tokens: 25 | gen_time: 0.282 s | tok/s: 88.59
Request 154 | res_time: 17:52:16.85 | latency:  13.68 s | tokens: 25 | gen_time: 0.283 s | tok/s: 88.49
Request 155 | res_time: 17:52:16.90 | latency:  13.63 s | tokens: 25 | gen_time: 0.282 s | tok/s: 88.56
Request 156 | res_time: 17:52:17.02 | latency:  13.94 s | tokens: 25 | gen_time: 0.282 s | tok/s: 88.67
Request 157 | res_time: 17:52:17.16 | latency:  13.90 s | tokens: 25 | gen_time: 0.281 s | tok/s: 89.01
Request 158 | res_time: 17:52:17.16 | latency:  13.51 s | tokens: 25 | gen_time: 0.281 s | tok/s: 88.83
Request 159 | res_time: 17:52:17.21 | latency:  13.91 s | tokens: 25 | gen_time: 0.282 s | tok/s: 88.77
Request 160 | res_time: 17:52:17.33 | latency:  14.06 s | tokens: 25 | gen_time: 0.281 s | tok/s: 88.82
Request 161 | res_time: 17:52:17.47 | latency:  13.60 s | tokens: 25 | gen_time: 0.282 s | tok/s: 88.56
Request 162 | res_time: 17:52:17.48 | latency:  14.41 s | tokens: 25 | gen_time: 0.281 s | tok/s: 88.88
Request 163 | res_time: 17:52:17.52 | latency:  13.65 s | tokens: 25 | gen_time: 0.282 s | tok/s: 88.70
Request 164 | res_time: 17:52:17.64 | latency:  13.69 s | tokens: 25 | gen_time: 0.282 s | tok/s: 88.67
Request 165 | res_time: 17:52:17.78 | latency:  13.37 s | tokens: 25 | gen_time: 0.282 s | tok/s: 88.62
Request 166 | res_time: 17:52:17.79 | latency:  14.73 s | tokens: 25 | gen_time: 0.283 s | tok/s: 88.44
Request 167 | res_time: 17:52:17.83 | latency:  14.47 s | tokens: 25 | gen_time: 0.282 s | tok/s: 88.64
Request 168 | res_time: 17:52:17.95 | latency:  14.30 s | tokens: 25 | gen_time: 0.282 s | tok/s: 88.78
Request 169 | res_time: 17:52:18.10 | latency:  13.41 s | tokens: 25 | gen_time: 0.282 s | tok/s: 88.69
Request 170 | res_time: 17:52:18.10 | latency:  14.15 s | tokens: 25 | gen_time: 0.282 s | tok/s: 88.72
Request 171 | res_time: 17:52:18.14 | latency:  14.77 s | tokens: 25 | gen_time: 0.281 s | tok/s: 88.95
Request 172 | res_time: 17:52:18.27 | latency:  14.81 s | tokens: 25 | gen_time: 0.281 s | tok/s: 88.96
Request 173 | res_time: 17:52:18.41 | latency:  15.52 s | tokens: 25 | gen_time: 0.282 s | tok/s: 88.68
Request 174 | res_time: 17:52:18.41 | latency:  14.39 s | tokens: 25 | gen_time: 0.282 s | tok/s: 88.55
Request 175 | res_time: 17:52:18.46 | latency:  14.92 s | tokens: 25 | gen_time: 0.281 s | tok/s: 88.92
Request 176 | res_time: 17:52:18.58 | latency:  15.58 s | tokens: 25 | gen_time: 0.282 s | tok/s: 88.75
Request 177 | res_time: 17:52:18.72 | latency:  15.20 s | tokens: 25 | gen_time: 0.282 s | tok/s: 88.79
Request 178 | res_time: 17:52:18.72 | latency:  15.10 s | tokens: 25 | gen_time: 0.282 s | tok/s: 88.74
Request 179 | res_time: 17:52:18.77 | latency:  15.83 s | tokens: 25 | gen_time: 0.282 s | tok/s: 88.65
Request 180 | res_time: 17:52:18.89 | latency:  16.03 s | tokens: 25 | gen_time: 0.282 s | tok/s: 88.72
Request 181 | res_time: 17:52:19.03 | latency:  15.34 s | tokens: 25 | gen_time: 0.282 s | tok/s: 88.80
Request 182 | res_time: 17:52:19.04 | latency:  15.20 s | tokens: 25 | gen_time: 0.282 s | tok/s: 88.62
Request 183 | res_time: 17:52:19.08 | latency:  15.34 s | tokens: 25 | gen_time: 0.282 s | tok/s: 88.64
Request 184 | res_time: 17:52:19.20 | latency:  15.11 s | tokens: 25 | gen_time: 0.281 s | tok/s: 88.89
Request 185 | res_time: 17:52:19.35 | latency:  15.54 s | tokens: 25 | gen_time: 0.283 s | tok/s: 88.28
Request 186 | res_time: 17:52:19.35 | latency:  16.22 s | tokens: 25 | gen_time: 0.281 s | tok/s: 88.97
Request 187 | res_time: 17:52:19.39 | latency:  16.32 s | tokens: 25 | gen_time: 0.283 s | tok/s: 88.37
Request 188 | res_time: 17:52:19.51 | latency:  15.57 s | tokens: 25 | gen_time: 0.282 s | tok/s: 88.76
Request 189 | res_time: 17:52:19.66 | latency:  15.97 s | tokens: 25 | gen_time: 0.282 s | tok/s: 88.76
Request 190 | res_time: 17:52:19.66 | latency:  16.47 s | tokens: 25 | gen_time: 0.282 s | tok/s: 88.58
Request 191 | res_time: 17:52:19.71 | latency:  16.79 s | tokens: 25 | gen_time: 0.282 s | tok/s: 88.65
Request 192 | res_time: 17:52:19.83 | latency:  16.58 s | tokens: 25 | gen_time: 0.282 s | tok/s: 88.60
Request 193 | res_time: 17:52:19.97 | latency:  16.42 s | tokens: 25 | gen_time: 0.283 s | tok/s: 88.44
Request 194 | res_time: 17:52:19.97 | latency:  15.90 s | tokens: 25 | gen_time: 0.283 s | tok/s: 88.41
Request 195 | res_time: 17:52:20.02 | latency:  16.47 s | tokens: 25 | gen_time: 0.283 s | tok/s: 88.37
Request 196 | res_time: 17:52:20.14 | latency:  16.71 s | tokens: 25 | gen_time: 0.282 s | tok/s: 88.64
Request 197 | res_time: 17:52:20.28 | latency:  16.62 s | tokens: 25 | gen_time: 0.282 s | tok/s: 88.78
Request 198 | res_time: 17:52:20.29 | latency:  16.58 s | tokens: 25 | gen_time: 0.282 s | tok/s: 88.78
Request 199 | res_time: 17:52:20.32 | latency:  16.30 s | tokens: 25 | gen_time: 0.270 s | tok/s: 92.45
Request 200 | res_time: 17:52:20.47 | latency:  16.63 s | tokens: 25 | gen_time: 0.297 s | tok/s: 84.14
Request 201 | res_time: 17:52:20.58 | latency:  16.57 s | tokens: 25 | gen_time: 0.266 s | tok/s: 94.12
Request 202 | res_time: 17:52:20.60 | latency:  17.52 s | tokens: 25 | gen_time: 0.275 s | tok/s: 90.88
Request 203 | res_time: 17:52:20.63 | latency:  17.66 s | tokens: 25 | gen_time: 0.276 s | tok/s: 90.50
Request 204 | res_time: 17:52:20.79 | latency:  17.40 s | tokens: 25 | gen_time: 0.282 s | tok/s: 88.74
Request 205 | res_time: 17:52:20.89 | latency:  17.91 s | tokens: 25 | gen_time: 0.281 s | tok/s: 88.84
Request 206 | res_time: 17:52:20.91 | latency:  18.02 s | tokens: 25 | gen_time: 0.282 s | tok/s: 88.65
Request 207 | res_time: 17:52:20.94 | latency:  17.46 s | tokens: 25 | gen_time: 0.280 s | tok/s: 89.17
Request 208 | res_time: 17:52:21.10 | latency:  18.04 s | tokens: 25 | gen_time: 0.282 s | tok/s: 88.72
Request 209 | res_time: 17:52:21.21 | latency:  16.54 s | tokens: 25 | gen_time: 0.281 s | tok/s: 88.84
Request 210 | res_time: 17:52:21.22 | latency:  17.28 s | tokens: 25 | gen_time: 0.282 s | tok/s: 88.63
Request 211 | res_time: 17:52:21.25 | latency:  18.26 s | tokens: 25 | gen_time: 0.282 s | tok/s: 88.55
Request 212 | res_time: 17:52:21.41 | latency:  18.24 s | tokens: 25 | gen_time: 0.281 s | tok/s: 89.01
Request 213 | res_time: 17:52:21.52 | latency:  18.03 s | tokens: 25 | gen_time: 0.282 s | tok/s: 88.75
Request 214 | res_time: 17:52:21.53 | latency:  17.78 s | tokens: 25 | gen_time: 0.282 s | tok/s: 88.52
Request 215 | res_time: 17:52:21.56 | latency:  18.09 s | tokens: 25 | gen_time: 0.281 s | tok/s: 88.88
Request 216 | res_time: 17:52:21.72 | latency:  17.64 s | tokens: 25 | gen_time: 0.283 s | tok/s: 88.34
Request 217 | res_time: 17:52:21.83 | latency:  18.43 s | tokens: 25 | gen_time: 0.281 s | tok/s: 88.89
Request 218 | res_time: 17:52:21.84 | latency:  18.70 s | tokens: 25 | gen_time: 0.282 s | tok/s: 88.66
Request 219 | res_time: 17:52:21.88 | latency:  17.88 s | tokens: 25 | gen_time: 0.282 s | tok/s: 88.70
Request 220 | res_time: 17:52:22.04 | latency:  18.42 s | tokens: 25 | gen_time: 0.282 s | tok/s: 88.77
Request 221 | res_time: 17:52:22.14 | latency:  19.11 s | tokens: 25 | gen_time: 0.281 s | tok/s: 89.10
Request 222 | res_time: 17:52:22.16 | latency:  19.24 s | tokens: 25 | gen_time: 0.282 s | tok/s: 88.78
Request 223 | res_time: 17:52:22.19 | latency:  19.21 s | tokens: 25 | gen_time: 0.277 s | tok/s: 90.26
Request 224 | res_time: 17:52:22.35 | latency:  19.41 s | tokens: 25 | gen_time: 0.281 s | tok/s: 89.12
Request 225 | res_time: 17:52:22.45 | latency:  19.29 s | tokens: 25 | gen_time: 0.276 s | tok/s: 90.49
Request 226 | res_time: 17:52:22.47 | latency:  18.47 s | tokens: 25 | gen_time: 0.278 s | tok/s: 90.03
Request 227 | res_time: 17:52:22.50 | latency:  19.69 s | tokens: 25 | gen_time: 0.284 s | tok/s: 87.88
Request 228 | res_time: 17:52:22.66 | latency:  18.42 s | tokens: 25 | gen_time: 0.281 s | tok/s: 88.97
Request 229 | res_time: 17:52:22.76 | latency:  19.86 s | tokens: 25 | gen_time: 0.283 s | tok/s: 88.28
Request 230 | res_time: 17:52:22.78 | latency:  19.15 s | tokens: 25 | gen_time: 0.280 s | tok/s: 89.26
Request 231 | res_time: 17:52:22.81 | latency:  18.79 s | tokens: 25 | gen_time: 0.276 s | tok/s: 90.45
Request 232 | res_time: 17:52:22.97 | latency:  19.34 s | tokens: 25 | gen_time: 0.280 s | tok/s: 89.21
Request 233 | res_time: 17:52:23.08 | latency:  19.01 s | tokens: 25 | gen_time: 0.280 s | tok/s: 89.16
Request 234 | res_time: 17:52:23.09 | latency:  19.87 s | tokens: 25 | gen_time: 0.278 s | tok/s: 89.80
Request 235 | res_time: 17:52:23.12 | latency:  19.52 s | tokens: 25 | gen_time: 0.280 s | tok/s: 89.20
Request 236 | res_time: 17:52:23.28 | latency:  19.55 s | tokens: 25 | gen_time: 0.278 s | tok/s: 90.03
Request 237 | res_time: 17:52:23.39 | latency:  19.75 s | tokens: 25 | gen_time: 0.280 s | tok/s: 89.28
Request 238 | res_time: 17:52:23.40 | latency:  20.56 s | tokens: 25 | gen_time: 0.279 s | tok/s: 89.52
Request 239 | res_time: 17:52:23.44 | latency:  19.98 s | tokens: 25 | gen_time: 0.283 s | tok/s: 88.27
Request 240 | res_time: 17:52:23.62 | latency:  20.67 s | tokens: 25 | gen_time: 0.313 s | tok/s: 79.86
Request 241 | res_time: 17:52:23.73 | latency:  19.82 s | tokens: 25 | gen_time: 0.306 s | tok/s: 81.80
Request 242 | res_time: 17:52:23.75 | latency:  19.36 s | tokens: 25 | gen_time: 0.317 s | tok/s: 78.96
Request 243 | res_time: 17:52:23.78 | latency:  20.20 s | tokens: 25 | gen_time: 0.304 s | tok/s: 82.25
Request 244 | res_time: 17:52:23.95 | latency:  19.89 s | tokens: 25 | gen_time: 0.289 s | tok/s: 86.55
Request 245 | res_time: 17:52:24.04 | latency:  21.09 s | tokens: 25 | gen_time: 0.282 s | tok/s: 88.71
Request 246 | res_time: 17:52:24.07 | latency:  20.62 s | tokens: 25 | gen_time: 0.292 s | tok/s: 85.53
Request 247 | res_time: 17:52:24.09 | latency:  20.80 s | tokens: 25 | gen_time: 0.280 s | tok/s: 89.17
Request 248 | res_time: 17:52:24.26 | latency:  20.20 s | tokens: 25 | gen_time: 0.283 s | tok/s: 88.20
Request 249 | res_time: 17:52:24.36 | latency:  20.35 s | tokens: 25 | gen_time: 0.282 s | tok/s: 88.72
Request 250 | res_time: 17:52:24.38 | latency:  19.95 s | tokens: 25 | gen_time: 0.281 s | tok/s: 88.87
Request 251 | res_time: 17:52:24.40 | latency:  20.56 s | tokens: 25 | gen_time: 0.281 s | tok/s: 89.11
Request 252 | res_time: 17:52:24.57 | latency:  20.65 s | tokens: 25 | gen_time: 0.281 s | tok/s: 88.95
Request 253 | res_time: 17:52:24.67 | latency:  20.89 s | tokens: 25 | gen_time: 0.281 s | tok/s: 88.93
Request 254 | res_time: 17:52:24.69 | latency:  20.75 s | tokens: 25 | gen_time: 0.277 s | tok/s: 90.20
Request 255 | res_time: 17:52:24.71 | latency:  21.82 s | tokens: 25 | gen_time: 0.280 s | tok/s: 89.23
Request 256 | res_time: 17:52:24.88 | latency:  21.35 s | tokens: 25 | gen_time: 0.276 s | tok/s: 90.43
Request 257 | res_time: 17:52:24.98 | latency:  20.57 s | tokens: 25 | gen_time: 0.280 s | tok/s: 89.42
Request 258 | res_time: 17:52:25.00 | latency:  21.75 s | tokens: 25 | gen_time: 0.280 s | tok/s: 89.15
Request 259 | res_time: 17:52:25.03 | latency:  21.70 s | tokens: 25 | gen_time: 0.284 s | tok/s: 88.11
Request 260 | res_time: 17:52:25.22 | latency:  22.07 s | tokens: 25 | gen_time: 0.309 s | tok/s: 80.81
Request 261 | res_time: 17:52:25.32 | latency:  22.01 s | tokens: 25 | gen_time: 0.305 s | tok/s: 82.03
Request 262 | res_time: 17:52:25.35 | latency:  22.12 s | tokens: 25 | gen_time: 0.319 s | tok/s: 78.47
Request 263 | res_time: 17:52:25.36 | latency:  21.06 s | tokens: 25 | gen_time: 0.296 s | tok/s: 84.33
Request 264 | res_time: 17:52:25.56 | latency:  21.78 s | tokens: 25 | gen_time: 0.308 s | tok/s: 81.05
Request 265 | res_time: 17:52:25.64 | latency:  21.60 s | tokens: 25 | gen_time: 0.283 s | tok/s: 88.19
Request 266 | res_time: 17:52:25.67 | latency:  22.07 s | tokens: 25 | gen_time: 0.283 s | tok/s: 88.33
Request 267 | res_time: 17:52:25.67 | latency:  21.57 s | tokens: 25 | gen_time: 0.284 s | tok/s: 87.99
Request 268 | res_time: 17:52:25.87 | latency:  22.13 s | tokens: 25 | gen_time: 0.283 s | tok/s: 88.20
Request 269 | res_time: 17:52:25.95 | latency:  22.09 s | tokens: 25 | gen_time: 0.282 s | tok/s: 88.71
Request 270 | res_time: 17:52:25.98 | latency:  22.67 s | tokens: 25 | gen_time: 0.283 s | tok/s: 88.45
Request 271 | res_time: 17:52:25.98 | latency:  22.69 s | tokens: 25 | gen_time: 0.282 s | tok/s: 88.64
Request 272 | res_time: 17:52:26.18 | latency:  22.19 s | tokens: 25 | gen_time: 0.284 s | tok/s: 88.02
Request 273 | res_time: 17:52:26.26 | latency:  23.09 s | tokens: 25 | gen_time: 0.282 s | tok/s: 88.58
Request 274 | res_time: 17:52:26.29 | latency:  21.81 s | tokens: 25 | gen_time: 0.283 s | tok/s: 88.47
Request 275 | res_time: 17:52:26.29 | latency:  23.38 s | tokens: 25 | gen_time: 0.283 s | tok/s: 88.35
Request 276 | res_time: 17:52:26.50 | latency:  22.73 s | tokens: 25 | gen_time: 0.282 s | tok/s: 88.74
Request 277 | res_time: 17:52:26.57 | latency:  22.51 s | tokens: 25 | gen_time: 0.282 s | tok/s: 88.53
Request 278 | res_time: 17:52:26.60 | latency:  22.19 s | tokens: 25 | gen_time: 0.283 s | tok/s: 88.31
Request 279 | res_time: 17:52:26.60 | latency:  23.79 s | tokens: 25 | gen_time: 0.281 s | tok/s: 88.96
Request 280 | res_time: 17:52:26.81 | latency:  23.88 s | tokens: 25 | gen_time: 0.283 s | tok/s: 88.33
Request 281 | res_time: 17:52:26.89 | latency:  22.98 s | tokens: 25 | gen_time: 0.283 s | tok/s: 88.45
Request 282 | res_time: 17:52:26.91 | latency:  22.86 s | tokens: 25 | gen_time: 0.283 s | tok/s: 88.21
Request 283 | res_time: 17:52:26.92 | latency:  23.53 s | tokens: 25 | gen_time: 0.283 s | tok/s: 88.38
Request 284 | res_time: 17:52:27.12 | latency:  23.43 s | tokens: 25 | gen_time: 0.283 s | tok/s: 88.23
Request 285 | res_time: 17:52:27.20 | latency:  23.32 s | tokens: 25 | gen_time: 0.282 s | tok/s: 88.77
Request 286 | res_time: 17:52:27.23 | latency:  23.64 s | tokens: 25 | gen_time: 0.282 s | tok/s: 88.56
Request 287 | res_time: 17:52:27.23 | latency:  23.68 s | tokens: 25 | gen_time: 0.283 s | tok/s: 88.37
Request 288 | res_time: 17:52:27.43 | latency:  22.81 s | tokens: 25 | gen_time: 0.282 s | tok/s: 88.53
Request 289 | res_time: 17:52:27.51 | latency:  24.24 s | tokens: 25 | gen_time: 0.283 s | tok/s: 88.47
Request 290 | res_time: 17:52:27.54 | latency:  24.68 s | tokens: 25 | gen_time: 0.282 s | tok/s: 88.63
Request 291 | res_time: 17:52:27.54 | latency:  23.63 s | tokens: 25 | gen_time: 0.281 s | tok/s: 88.92
Request 292 | res_time: 17:52:27.74 | latency:  23.63 s | tokens: 25 | gen_time: 0.282 s | tok/s: 88.55
Request 293 | res_time: 17:52:27.82 | latency:  24.11 s | tokens: 25 | gen_time: 0.282 s | tok/s: 88.71
Request 294 | res_time: 17:52:27.85 | latency:  24.28 s | tokens: 25 | gen_time: 0.282 s | tok/s: 88.75
Request 295 | res_time: 17:52:27.85 | latency:  24.22 s | tokens: 25 | gen_time: 0.282 s | tok/s: 88.71
Request 296 | res_time: 17:52:28.06 | latency:  23.87 s | tokens: 25 | gen_time: 0.282 s | tok/s: 88.61
Request 297 | res_time: 17:52:28.13 | latency:  24.78 s | tokens: 25 | gen_time: 0.281 s | tok/s: 88.88
Request 298 | res_time: 17:52:28.16 | latency:  24.14 s | tokens: 25 | gen_time: 0.282 s | tok/s: 88.81
Request 299 | res_time: 17:52:28.17 | latency:  24.54 s | tokens: 25 | gen_time: 0.281 s | tok/s: 88.97
Request 300 | res_time: 17:52:28.37 | latency:  24.56 s | tokens: 25 | gen_time: 0.283 s | tok/s: 88.44
Request 301 | res_time: 17:52:28.45 | latency:  24.19 s | tokens: 25 | gen_time: 0.282 s | tok/s: 88.51
Request 302 | res_time: 17:52:28.47 | latency:  24.56 s | tokens: 25 | gen_time: 0.282 s | tok/s: 88.69
Request 303 | res_time: 17:52:28.48 | latency:  24.94 s | tokens: 25 | gen_time: 0.282 s | tok/s: 88.56
Request 304 | res_time: 17:52:28.68 | latency:  24.91 s | tokens: 25 | gen_time: 0.283 s | tok/s: 88.39
Request 305 | res_time: 17:52:28.76 | latency:  25.59 s | tokens: 25 | gen_time: 0.283 s | tok/s: 88.29
Request 306 | res_time: 17:52:28.79 | latency:  25.05 s | tokens: 25 | gen_time: 0.283 s | tok/s: 88.36
Request 307 | res_time: 17:52:28.79 | latency:  25.17 s | tokens: 25 | gen_time: 0.282 s | tok/s: 88.57
Request 308 | res_time: 17:52:28.99 | latency:  26.04 s | tokens: 25 | gen_time: 0.283 s | tok/s: 88.25
Request 309 | res_time: 17:52:29.07 | latency:  24.36 s | tokens: 25 | gen_time: 0.282 s | tok/s: 88.67
Request 310 | res_time: 17:52:29.10 | latency:  25.26 s | tokens: 25 | gen_time: 0.282 s | tok/s: 88.64
Request 311 | res_time: 17:52:29.10 | latency:  23.70 s | tokens: 25 | gen_time: 0.283 s | tok/s: 88.21
Request 312 | res_time: 17:52:29.31 | latency:  25.82 s | tokens: 25 | gen_time: 0.282 s | tok/s: 88.55
Request 313 | res_time: 17:52:29.38 | latency:  25.21 s | tokens: 25 | gen_time: 0.282 s | tok/s: 88.69
Request 314 | res_time: 17:52:29.41 | latency:  26.45 s | tokens: 25 | gen_time: 0.283 s | tok/s: 88.34
Request 315 | res_time: 17:52:29.41 | latency:  25.65 s | tokens: 25 | gen_time: 0.281 s | tok/s: 88.99
Request 316 | res_time: 17:52:29.62 | latency:  26.54 s | tokens: 25 | gen_time: 0.282 s | tok/s: 88.70
Request 317 | res_time: 17:52:29.69 | latency:  26.30 s | tokens: 25 | gen_time: 0.282 s | tok/s: 88.63
Request 318 | res_time: 17:52:29.72 | latency:  26.51 s | tokens: 25 | gen_time: 0.283 s | tok/s: 88.25
Request 319 | res_time: 17:52:29.73 | latency:  26.35 s | tokens: 25 | gen_time: 0.282 s | tok/s: 88.64
Request 320 | res_time: 17:52:29.93 | latency:  26.57 s | tokens: 25 | gen_time: 0.283 s | tok/s: 88.47
Request 321 | res_time: 17:52:30.01 | latency:  25.85 s | tokens: 25 | gen_time: 0.283 s | tok/s: 88.34
Request 322 | res_time: 17:52:30.04 | latency:  25.56 s | tokens: 25 | gen_time: 0.283 s | tok/s: 88.35
Request 323 | res_time: 17:52:30.04 | latency:  25.96 s | tokens: 25 | gen_time: 0.283 s | tok/s: 88.47
Request 324 | res_time: 17:52:30.24 | latency:  26.92 s | tokens: 25 | gen_time: 0.282 s | tok/s: 88.63
Request 325 | res_time: 17:52:30.32 | latency:  26.56 s | tokens: 25 | gen_time: 0.281 s | tok/s: 89.10
Request 326 | res_time: 17:52:30.35 | latency:  26.92 s | tokens: 25 | gen_time: 0.283 s | tok/s: 88.36
Request 327 | res_time: 17:52:30.35 | latency:  26.48 s | tokens: 25 | gen_time: 0.281 s | tok/s: 89.07
Request 328 | res_time: 17:52:30.55 | latency:  26.71 s | tokens: 25 | gen_time: 0.283 s | tok/s: 88.34
Request 329 | res_time: 17:52:30.63 | latency:  26.84 s | tokens: 25 | gen_time: 0.282 s | tok/s: 88.66
Request 330 | res_time: 17:52:30.66 | latency:  27.07 s | tokens: 25 | gen_time: 0.283 s | tok/s: 88.41
Request 331 | res_time: 17:52:30.66 | latency:  26.95 s | tokens: 25 | gen_time: 0.284 s | tok/s: 88.18
Request 332 | res_time: 17:52:30.86 | latency:  27.90 s | tokens: 25 | gen_time: 0.279 s | tok/s: 89.51
Request 333 | res_time: 17:52:30.94 | latency:  27.04 s | tokens: 25 | gen_time: 0.283 s | tok/s: 88.44
Request 334 | res_time: 17:52:30.97 | latency:  27.30 s | tokens: 25 | gen_time: 0.282 s | tok/s: 88.65
Request 335 | res_time: 17:52:30.98 | latency:  27.37 s | tokens: 25 | gen_time: 0.283 s | tok/s: 88.49
Request 336 | res_time: 17:52:31.18 | latency:  27.81 s | tokens: 25 | gen_time: 0.281 s | tok/s: 88.88
Request 337 | res_time: 17:52:31.26 | latency:  26.20 s | tokens: 25 | gen_time: 0.281 s | tok/s: 88.87
Request 338 | res_time: 17:52:31.28 | latency:  27.47 s | tokens: 25 | gen_time: 0.282 s | tok/s: 88.61
Request 339 | res_time: 17:52:31.29 | latency:  27.60 s | tokens: 25 | gen_time: 0.281 s | tok/s: 88.92
Request 340 | res_time: 17:52:31.49 | latency:  27.39 s | tokens: 25 | gen_time: 0.283 s | tok/s: 88.40
Request 341 | res_time: 17:52:31.57 | latency:  27.86 s | tokens: 25 | gen_time: 0.282 s | tok/s: 88.50
Request 342 | res_time: 17:52:31.60 | latency:  28.10 s | tokens: 25 | gen_time: 0.283 s | tok/s: 88.46
Request 343 | res_time: 17:52:31.60 | latency:  28.26 s | tokens: 25 | gen_time: 0.281 s | tok/s: 89.08
Request 344 | res_time: 17:52:31.80 | latency:  28.42 s | tokens: 25 | gen_time: 0.283 s | tok/s: 88.47
Request 345 | res_time: 17:52:31.88 | latency:  28.98 s | tokens: 25 | gen_time: 0.282 s | tok/s: 88.79
Request 346 | res_time: 17:52:31.91 | latency:  28.55 s | tokens: 25 | gen_time: 0.283 s | tok/s: 88.31
Request 347 | res_time: 17:52:31.91 | latency:  28.61 s | tokens: 25 | gen_time: 0.282 s | tok/s: 88.55
Request 348 | res_time: 17:52:32.11 | latency:  28.72 s | tokens: 25 | gen_time: 0.282 s | tok/s: 88.58
Request 349 | res_time: 17:52:32.19 | latency:  28.50 s | tokens: 25 | gen_time: 0.282 s | tok/s: 88.60
Request 350 | res_time: 17:52:32.22 | latency:  28.52 s | tokens: 25 | gen_time: 0.282 s | tok/s: 88.50
Request 351 | res_time: 17:52:32.23 | latency:  28.81 s | tokens: 25 | gen_time: 0.281 s | tok/s: 88.94
Request 352 | res_time: 17:52:32.42 | latency:  28.27 s | tokens: 25 | gen_time: 0.282 s | tok/s: 88.58
Request 353 | res_time: 17:52:32.51 | latency:  27.73 s | tokens: 25 | gen_time: 0.283 s | tok/s: 88.44
Request 354 | res_time: 17:52:32.53 | latency:  28.68 s | tokens: 25 | gen_time: 0.282 s | tok/s: 88.78
Request 355 | res_time: 17:52:32.54 | latency:  28.81 s | tokens: 25 | gen_time: 0.282 s | tok/s: 88.64
Request 356 | res_time: 17:52:32.74 | latency:  28.39 s | tokens: 25 | gen_time: 0.282 s | tok/s: 88.55
Request 357 | res_time: 17:52:32.82 | latency:  28.55 s | tokens: 25 | gen_time: 0.282 s | tok/s: 88.63
Request 358 | res_time: 17:52:32.85 | latency:  29.94 s | tokens: 25 | gen_time: 0.282 s | tok/s: 88.61
Request 359 | res_time: 17:52:32.85 | latency:  29.01 s | tokens: 25 | gen_time: 0.281 s | tok/s: 88.82
Request 360 | res_time: 17:52:33.05 | latency:  29.72 s | tokens: 25 | gen_time: 0.282 s | tok/s: 88.69
Request 361 | res_time: 17:52:33.13 | latency:  29.45 s | tokens: 25 | gen_time: 0.282 s | tok/s: 88.61
Request 362 | res_time: 17:52:33.16 | latency:  29.70 s | tokens: 25 | gen_time: 0.282 s | tok/s: 88.66
Request 363 | res_time: 17:52:33.16 | latency:  29.54 s | tokens: 25 | gen_time: 0.283 s | tok/s: 88.43
Request 364 | res_time: 17:52:33.36 | latency:  30.18 s | tokens: 25 | gen_time: 0.282 s | tok/s: 88.52
Request 365 | res_time: 17:52:33.44 | latency:  29.03 s | tokens: 25 | gen_time: 0.282 s | tok/s: 88.75
Request 366 | res_time: 17:52:33.47 | latency:  29.54 s | tokens: 25 | gen_time: 0.283 s | tok/s: 88.41
Request 367 | res_time: 17:52:33.48 | latency:  29.98 s | tokens: 25 | gen_time: 0.281 s | tok/s: 88.82
Request 368 | res_time: 17:52:33.67 | latency:  28.87 s | tokens: 25 | gen_time: 0.282 s | tok/s: 88.76
Request 369 | res_time: 17:52:33.76 | latency:  30.22 s | tokens: 25 | gen_time: 0.282 s | tok/s: 88.77
Request 370 | res_time: 17:52:33.78 | latency:  29.30 s | tokens: 25 | gen_time: 0.282 s | tok/s: 88.73
Request 371 | res_time: 17:52:33.79 | latency:  30.80 s | tokens: 25 | gen_time: 0.281 s | tok/s: 88.92
Request 372 | res_time: 17:52:33.99 | latency:  30.48 s | tokens: 25 | gen_time: 0.282 s | tok/s: 88.64
Request 373 | res_time: 17:52:34.07 | latency:  30.03 s | tokens: 25 | gen_time: 0.281 s | tok/s: 88.92
Request 374 | res_time: 17:52:34.09 | latency:  29.70 s | tokens: 25 | gen_time: 0.283 s | tok/s: 88.43
Request 375 | res_time: 17:52:34.10 | latency:  31.07 s | tokens: 25 | gen_time: 0.281 s | tok/s: 88.87
Request 376 | res_time: 17:52:34.30 | latency:  30.63 s | tokens: 25 | gen_time: 0.282 s | tok/s: 88.53
Request 377 | res_time: 17:52:34.38 | latency:  29.97 s | tokens: 25 | gen_time: 0.282 s | tok/s: 88.65
Request 378 | res_time: 17:52:34.41 | latency:  30.66 s | tokens: 25 | gen_time: 0.282 s | tok/s: 88.68
Request 379 | res_time: 17:52:34.41 | latency:  28.95 s | tokens: 25 | gen_time: 0.282 s | tok/s: 88.71
Request 380 | res_time: 17:52:34.61 | latency:  30.66 s | tokens: 25 | gen_time: 0.283 s | tok/s: 88.47
Request 381 | res_time: 17:52:34.69 | latency:  31.47 s | tokens: 25 | gen_time: 0.282 s | tok/s: 88.57
Request 382 | res_time: 17:52:34.72 | latency:  31.14 s | tokens: 25 | gen_time: 0.282 s | tok/s: 88.72
Request 383 | res_time: 17:52:34.73 | latency:  29.21 s | tokens: 25 | gen_time: 0.283 s | tok/s: 88.43
Request 384 | res_time: 17:52:34.92 | latency:  31.03 s | tokens: 25 | gen_time: 0.282 s | tok/s: 88.51
Request 385 | res_time: 17:52:35.00 | latency:  31.80 s | tokens: 25 | gen_time: 0.282 s | tok/s: 88.51
Request 386 | res_time: 17:52:35.03 | latency:  30.60 s | tokens: 25 | gen_time: 0.282 s | tok/s: 88.59
Request 387 | res_time: 17:52:35.04 | latency:  29.52 s | tokens: 25 | gen_time: 0.283 s | tok/s: 88.26
Request 388 | res_time: 17:52:35.23 | latency:  32.16 s | tokens: 25 | gen_time: 0.282 s | tok/s: 88.53
Request 389 | res_time: 17:52:35.32 | latency:  31.57 s | tokens: 25 | gen_time: 0.283 s | tok/s: 88.49
Request 390 | res_time: 17:52:35.34 | latency:  31.40 s | tokens: 25 | gen_time: 0.283 s | tok/s: 88.39
Request 391 | res_time: 17:52:35.35 | latency:  29.84 s | tokens: 25 | gen_time: 0.282 s | tok/s: 88.66
Request 392 | res_time: 17:52:35.50 | latency:  32.22 s | tokens: 25 | gen_time: 0.232 s | tok/s: 107.69
Request 393 | res_time: 17:52:35.56 | latency:  32.12 s | tokens: 25 | gen_time: 0.213 s | tok/s: 117.57
Request 394 | res_time: 17:52:35.57 | latency:  31.78 s | tokens: 25 | gen_time: 0.198 s | tok/s: 126.09
Request 395 | res_time: 17:52:35.65 | latency:  31.89 s | tokens: 25 | gen_time: 0.123 s | tok/s: 203.28
Request 396 | res_time: 17:52:35.69 | latency:  30.20 s | tokens: 25 | gen_time: 0.096 s | tok/s: 261.09
Request 397 | res_time: 17:52:35.74 | latency:  32.66 s | tokens: 25 | gen_time: 0.069 s | tok/s: 360.22
Request 398 | res_time: 17:52:35.81 | latency:  32.52 s | tokens: 25 | gen_time: 0.054 s | tok/s: 465.47
Request 399 | res_time: 17:52:35.88 | latency:  31.75 s | tokens: 25 | gen_time: 0.053 s | tok/s: 467.38
Request 400 | res_time: 17:52:35.96 | latency:  31.97 s | tokens: 25 | gen_time: 0.054 s | tok/s: 466.56

--- TEST CONFIGURATION ---
MIG Config: all-7g.40gb
Ollama Replicas: 7
Total requests: 400
Concurrency: 400
Requested output tokens (effort): 25

Total tokens: 10000
Wall time (s): 33.22
GPU time (s): 108.30

--- METRICS ---
Throughput REAL (tok/s): 301.05
Throughput GPU (tok/s): 92.33
Avg tokens/sec per request: 99.73
Latency avg (ms): 16969.14
Latency p95 (ms): 30628.30

Run appended to CSV table: results/results_table.csv
Per-request stats appended to CSV table: results/result-20260902-175202-736-all-7g.40gb-replicas7-25.csv
