[17:22:05] Starting load test
[17:22:05] MIG Config: all-7g.40gb
[17:22:05] Ollama Replicas: 1
[17:22:05] Total requests: 500
[17:22:05] Concurrency: 500
[17:22:05] Output tokens (effort): 25
[17:22:05] REQUEST: 1 - STARTED in background (active_jobs=1)
[17:22:05] REQUEST: 2 - STARTED in background (active_jobs=2)
[17:22:05] REQUEST: 3 - STARTED in background (active_jobs=3)
[17:22:05] REQUEST: 4 - STARTED in background (active_jobs=4)
[17:22:05] REQUEST: 5 - STARTED in background (active_jobs=5)
[17:22:05] REQUEST: 6 - STARTED in background (active_jobs=6)
[17:22:05] REQUEST: 7 - STARTED in background (active_jobs=7)
[17:22:05] REQUEST: 8 - STARTED in background (active_jobs=8)
[17:22:05] REQUEST: 9 - STARTED in background (active_jobs=9)
[17:22:05] REQUEST: 10 - STARTED in background (active_jobs=10)
[17:22:05] REQUEST: 11 - STARTED in background (active_jobs=11)
[17:22:05] REQUEST: 12 - STARTED in background (active_jobs=12)
[17:22:05] REQUEST: 13 - STARTED in background (active_jobs=13)
[17:22:05] REQUEST: 14 - STARTED in background (active_jobs=14)
[17:22:05] REQUEST: 15 - STARTED in background (active_jobs=15)
[17:22:05] REQUEST: 16 - STARTED in background (active_jobs=16)
[17:22:05] REQUEST: 17 - STARTED in background (active_jobs=17)
[17:22:05] REQUEST: 18 - STARTED in background (active_jobs=18)
[17:22:05] REQUEST: 19 - STARTED in background (active_jobs=19)
[17:22:05] REQUEST: 20 - STARTED in background (active_jobs=20)
[17:22:05] REQUEST: 21 - STARTED in background (active_jobs=21)
[17:22:05] REQUEST: 22 - STARTED in background (active_jobs=22)
[17:22:05] REQUEST: 23 - STARTED in background (active_jobs=23)
[17:22:05] REQUEST: 24 - STARTED in background (active_jobs=24)
[17:22:05] REQUEST: 25 - STARTED in background (active_jobs=25)
[17:22:05] REQUEST: 26 - STARTED in background (active_jobs=26)
[17:22:05] REQUEST: 27 - STARTED in background (active_jobs=27)
[17:22:05] REQUEST: 28 - STARTED in background (active_jobs=28)
[17:22:05] REQUEST: 29 - STARTED in background (active_jobs=29)
[17:22:05] REQUEST: 30 - STARTED in background (active_jobs=30)
[17:22:05] REQUEST: 31 - STARTED in background (active_jobs=31)
[17:22:05] REQUEST: 32 - STARTED in background (active_jobs=32)
[17:22:05] REQUEST: 33 - STARTED in background (active_jobs=33)
[17:22:05] REQUEST: 34 - STARTED in background (active_jobs=34)
[17:22:05] REQUEST: 35 - STARTED in background (active_jobs=35)
[17:22:05] REQUEST: 36 - STARTED in background (active_jobs=36)
[17:22:05] REQUEST: 37 - STARTED in background (active_jobs=37)
[17:22:05] REQUEST: 38 - STARTED in background (active_jobs=38)
[17:22:05] REQUEST: 39 - STARTED in background (active_jobs=39)
[17:22:05] REQUEST: 40 - STARTED in background (active_jobs=40)
[17:22:05] REQUEST: 41 - STARTED in background (active_jobs=41)
[17:22:05] REQUEST: 42 - STARTED in background (active_jobs=42)
[17:22:05] REQUEST: 43 - STARTED in background (active_jobs=43)
[17:22:05] REQUEST: 44 - STARTED in background (active_jobs=44)
[17:22:05] REQUEST: 45 - STARTED in background (active_jobs=45)
[17:22:05] REQUEST: 46 - STARTED in background (active_jobs=46)
[17:22:05] REQUEST: 47 - STARTED in background (active_jobs=47)
[17:22:05] REQUEST: 48 - STARTED in background (active_jobs=48)
[17:22:05] REQUEST: 49 - STARTED in background (active_jobs=49)
[17:22:05] REQUEST: 50 - STARTED in background (active_jobs=50)
[17:22:05] REQUEST: 51 - STARTED in background (active_jobs=51)
[17:22:05] REQUEST: 52 - STARTED in background (active_jobs=52)
[17:22:05] REQUEST: 53 - STARTED in background (active_jobs=53)
[17:22:05] REQUEST: 54 - STARTED in background (active_jobs=54)
[17:22:05] REQUEST: 55 - STARTED in background (active_jobs=55)
[17:22:05] REQUEST: 56 - STARTED in background (active_jobs=56)
[17:22:05] REQUEST: 57 - STARTED in background (active_jobs=57)
[17:22:05] REQUEST: 58 - STARTED in background (active_jobs=58)
[17:22:05] REQUEST: 59 - STARTED in background (active_jobs=59)
[17:22:05] REQUEST: 60 - STARTED in background (active_jobs=60)
[17:22:05] REQUEST: 61 - STARTED in background (active_jobs=61)
[17:22:05] REQUEST: 62 - STARTED in background (active_jobs=62)
[17:22:05] REQUEST: 63 - STARTED in background (active_jobs=63)
[17:22:05] REQUEST: 64 - STARTED in background (active_jobs=64)
[17:22:05] REQUEST: 65 - STARTED in background (active_jobs=65)
[17:22:05] REQUEST: 66 - STARTED in background (active_jobs=66)
[17:22:05] REQUEST: 67 - STARTED in background (active_jobs=67)
[17:22:05] REQUEST: 68 - STARTED in background (active_jobs=68)
[17:22:05] REQUEST: 69 - STARTED in background (active_jobs=69)
[17:22:05] REQUEST: 70 - STARTED in background (active_jobs=70)
[17:22:05] REQUEST: 71 - STARTED in background (active_jobs=71)
[17:22:05] REQUEST: 72 - STARTED in background (active_jobs=72)
[17:22:05] REQUEST: 73 - STARTED in background (active_jobs=73)
[17:22:05] REQUEST: 74 - STARTED in background (active_jobs=74)
[17:22:05] REQUEST: 75 - STARTED in background (active_jobs=75)
[17:22:05] REQUEST: 76 - STARTED in background (active_jobs=76)
[17:22:05] REQUEST: 77 - STARTED in background (active_jobs=77)
[17:22:05] REQUEST: 78 - STARTED in background (active_jobs=78)
[17:22:05] REQUEST: 79 - STARTED in background (active_jobs=79)
[17:22:05] REQUEST: 80 - STARTED in background (active_jobs=80)
[17:22:05] REQUEST: 81 - STARTED in background (active_jobs=81)
[17:22:05] REQUEST: 82 - STARTED in background (active_jobs=82)
[17:22:05] REQUEST: 83 - STARTED in background (active_jobs=83)
[17:22:05] REQUEST: 84 - STARTED in background (active_jobs=84)
[17:22:05] REQUEST: 85 - STARTED in background (active_jobs=85)
[17:22:05] REQUEST: 86 - STARTED in background (active_jobs=86)
[17:22:05] REQUEST: 87 - STARTED in background (active_jobs=87)
[17:22:05] REQUEST: 88 - STARTED in background (active_jobs=88)
[17:22:05] REQUEST: 89 - STARTED in background (active_jobs=89)
[17:22:05] REQUEST: 90 - STARTED in background (active_jobs=90)
[17:22:05] REQUEST: 91 - STARTED in background (active_jobs=91)
[17:22:05] REQUEST: 92 - STARTED in background (active_jobs=92)
[17:22:05] REQUEST: 93 - STARTED in background (active_jobs=93)
[17:22:05] REQUEST: 94 - STARTED in background (active_jobs=94)
[17:22:05] REQUEST: 95 - STARTED in background (active_jobs=95)
[17:22:05] REQUEST: 96 - STARTED in background (active_jobs=96)
[17:22:05] REQUEST: 97 - STARTED in background (active_jobs=97)
[17:22:05] REQUEST: 98 - STARTED in background (active_jobs=98)
[17:22:05] REQUEST: 99 - STARTED in background (active_jobs=99)
[17:22:05] REQUEST: 100 - STARTED in background (active_jobs=100)
[17:22:05] REQUEST: 101 - STARTED in background (active_jobs=101)
[17:22:05] REQUEST: 102 - STARTED in background (active_jobs=102)
[17:22:05] REQUEST: 103 - STARTED in background (active_jobs=103)
[17:22:05] REQUEST: 104 - STARTED in background (active_jobs=104)
[17:22:05] REQUEST: 105 - STARTED in background (active_jobs=105)
[17:22:05] REQUEST: 106 - STARTED in background (active_jobs=106)
[17:22:05] REQUEST: 107 - STARTED in background (active_jobs=107)
[17:22:05] REQUEST: 108 - STARTED in background (active_jobs=108)
[17:22:05] REQUEST: 109 - STARTED in background (active_jobs=109)
[17:22:05] REQUEST: 110 - STARTED in background (active_jobs=110)
[17:22:05] REQUEST: 111 - STARTED in background (active_jobs=111)
[17:22:05] REQUEST: 112 - STARTED in background (active_jobs=112)
[17:22:05] REQUEST: 113 - STARTED in background (active_jobs=113)
[17:22:05] REQUEST: 114 - STARTED in background (active_jobs=114)
[17:22:05] REQUEST: 115 - STARTED in background (active_jobs=115)
[17:22:05] REQUEST: 116 - STARTED in background (active_jobs=116)
[17:22:05] REQUEST: 117 - STARTED in background (active_jobs=117)
[17:22:05] REQUEST: 118 - STARTED in background (active_jobs=118)
[17:22:05] REQUEST: 119 - STARTED in background (active_jobs=119)
[17:22:05] REQUEST: 120 - STARTED in background (active_jobs=120)
[17:22:05] REQUEST: 121 - STARTED in background (active_jobs=121)
[17:22:05] REQUEST: 122 - STARTED in background (active_jobs=122)
[17:22:05] REQUEST: 123 - STARTED in background (active_jobs=123)
[17:22:05] REQUEST: 124 - STARTED in background (active_jobs=124)
[17:22:05] REQUEST: 125 - STARTED in background (active_jobs=125)
[17:22:05] REQUEST: 126 - STARTED in background (active_jobs=126)
[17:22:05] REQUEST: 127 - STARTED in background (active_jobs=127)
[17:22:05] REQUEST: 128 - STARTED in background (active_jobs=128)
[17:22:05] REQUEST: 129 - STARTED in background (active_jobs=129)
[17:22:05] REQUEST: 130 - STARTED in background (active_jobs=130)
[17:22:06] REQUEST: 131 - STARTED in background (active_jobs=131)
[17:22:06] REQUEST: 132 - STARTED in background (active_jobs=132)
[17:22:06] REQUEST: 133 - STARTED in background (active_jobs=133)
[17:22:06] REQUEST: 134 - STARTED in background (active_jobs=134)
[17:22:06] REQUEST: 135 - STARTED in background (active_jobs=135)
[17:22:06] REQUEST: 136 - STARTED in background (active_jobs=136)
[17:22:06] REQUEST: 137 - STARTED in background (active_jobs=137)
[17:22:06] REQUEST: 138 - STARTED in background (active_jobs=138)
[17:22:06] REQUEST: 139 - STARTED in background (active_jobs=139)
[17:22:06] REQUEST: 140 - STARTED in background (active_jobs=140)
[17:22:06] REQUEST: 141 - STARTED in background (active_jobs=141)
[17:22:06] REQUEST: 142 - STARTED in background (active_jobs=142)
[17:22:06] REQUEST: 143 - STARTED in background (active_jobs=143)
[17:22:06] REQUEST: 144 - STARTED in background (active_jobs=144)
[17:22:06] REQUEST: 145 - STARTED in background (active_jobs=145)
[17:22:06] REQUEST: 146 - STARTED in background (active_jobs=146)
[17:22:06] REQUEST: 147 - STARTED in background (active_jobs=147)
[17:22:06] REQUEST: 148 - STARTED in background (active_jobs=148)
[17:22:06] REQUEST: 149 - STARTED in background (active_jobs=149)
[17:22:06] REQUEST: 150 - STARTED in background (active_jobs=150)
[17:22:06] REQUEST: 151 - STARTED in background (active_jobs=151)
[17:22:06] REQUEST: 152 - STARTED in background (active_jobs=152)
[17:22:06] REQUEST: 153 - STARTED in background (active_jobs=153)
[17:22:06] REQUEST: 154 - STARTED in background (active_jobs=154)
[17:22:06] REQUEST: 155 - STARTED in background (active_jobs=155)
[17:22:06] REQUEST: 156 - STARTED in background (active_jobs=156)
[17:22:06] REQUEST: 157 - STARTED in background (active_jobs=157)
[17:22:06] REQUEST: 158 - STARTED in background (active_jobs=158)
[17:22:06] REQUEST: 159 - STARTED in background (active_jobs=159)
[17:22:06] REQUEST: 160 - STARTED in background (active_jobs=160)
[17:22:06] REQUEST: 161 - STARTED in background (active_jobs=161)
[17:22:06] REQUEST: 162 - STARTED in background (active_jobs=162)
[17:22:06] REQUEST: 163 - STARTED in background (active_jobs=163)
[17:22:06] REQUEST: 164 - STARTED in background (active_jobs=164)
[17:22:06] REQUEST: 165 - STARTED in background (active_jobs=165)
[17:22:06] REQUEST: 166 - STARTED in background (active_jobs=166)
[17:22:06] REQUEST: 167 - STARTED in background (active_jobs=167)
[17:22:06] REQUEST: 168 - STARTED in background (active_jobs=168)
[17:22:06] REQUEST: 169 - STARTED in background (active_jobs=169)
[17:22:06] REQUEST: 170 - STARTED in background (active_jobs=170)
[17:22:06] REQUEST: 171 - STARTED in background (active_jobs=171)
[17:22:06] REQUEST: 172 - STARTED in background (active_jobs=172)
[17:22:06] REQUEST: 173 - STARTED in background (active_jobs=173)
[17:22:06] REQUEST: 174 - STARTED in background (active_jobs=174)
[17:22:06] REQUEST: 175 - STARTED in background (active_jobs=175)
[17:22:06] REQUEST: 176 - STARTED in background (active_jobs=176)
[17:22:06] REQUEST: 177 - STARTED in background (active_jobs=177)
[17:22:06] REQUEST: 178 - STARTED in background (active_jobs=178)
[17:22:06] REQUEST: 179 - STARTED in background (active_jobs=179)
[17:22:06] REQUEST: 180 - STARTED in background (active_jobs=180)
[17:22:06] REQUEST: 181 - STARTED in background (active_jobs=181)
[17:22:06] REQUEST: 182 - STARTED in background (active_jobs=182)
[17:22:06] REQUEST: 183 - STARTED in background (active_jobs=183)
[17:22:06] REQUEST: 184 - STARTED in background (active_jobs=184)
[17:22:06] REQUEST: 185 - STARTED in background (active_jobs=185)
[17:22:06] REQUEST: 186 - STARTED in background (active_jobs=186)
[17:22:06] REQUEST: 187 - STARTED in background (active_jobs=187)
[17:22:06] REQUEST: 188 - STARTED in background (active_jobs=188)
[17:22:06] REQUEST: 189 - STARTED in background (active_jobs=189)
[17:22:06] REQUEST: 190 - STARTED in background (active_jobs=190)
[17:22:06] REQUEST: 191 - STARTED in background (active_jobs=191)
[17:22:06] REQUEST: 192 - STARTED in background (active_jobs=192)
[17:22:06] REQUEST: 193 - STARTED in background (active_jobs=193)
[17:22:06] REQUEST: 194 - STARTED in background (active_jobs=194)
[17:22:06] REQUEST: 195 - STARTED in background (active_jobs=195)
[17:22:06] REQUEST: 196 - STARTED in background (active_jobs=196)
[17:22:06] REQUEST: 197 - STARTED in background (active_jobs=197)
[17:22:06] REQUEST: 198 - STARTED in background (active_jobs=198)
[17:22:06] REQUEST: 199 - STARTED in background (active_jobs=199)
[17:22:06] REQUEST: 200 - STARTED in background (active_jobs=200)
[17:22:06] REQUEST: 201 - STARTED in background (active_jobs=201)
[17:22:06] REQUEST: 202 - STARTED in background (active_jobs=202)
[17:22:06] REQUEST: 203 - STARTED in background (active_jobs=203)
[17:22:06] REQUEST: 204 - STARTED in background (active_jobs=204)
[17:22:06] REQUEST: 205 - STARTED in background (active_jobs=205)
[17:22:06] REQUEST: 206 - STARTED in background (active_jobs=206)
[17:22:06] REQUEST: 207 - STARTED in background (active_jobs=207)
[17:22:06] REQUEST: 208 - STARTED in background (active_jobs=208)
[17:22:06] REQUEST: 209 - STARTED in background (active_jobs=209)
[17:22:06] REQUEST: 210 - STARTED in background (active_jobs=210)
[17:22:06] REQUEST: 211 - STARTED in background (active_jobs=211)
[17:22:06] REQUEST: 212 - STARTED in background (active_jobs=212)
[17:22:06] REQUEST: 213 - STARTED in background (active_jobs=213)
[17:22:06] REQUEST: 214 - STARTED in background (active_jobs=214)
[17:22:06] REQUEST: 215 - STARTED in background (active_jobs=215)
[17:22:06] REQUEST: 216 - STARTED in background (active_jobs=216)
[17:22:06] REQUEST: 217 - STARTED in background (active_jobs=217)
[17:22:06] REQUEST: 218 - STARTED in background (active_jobs=218)
[17:22:06] REQUEST: 219 - STARTED in background (active_jobs=219)
[17:22:06] REQUEST: 220 - STARTED in background (active_jobs=220)
[17:22:06] REQUEST: 221 - STARTED in background (active_jobs=221)
[17:22:06] REQUEST: 222 - STARTED in background (active_jobs=222)
[17:22:06] REQUEST: 223 - STARTED in background (active_jobs=223)
[17:22:06] REQUEST: 224 - STARTED in background (active_jobs=224)
[17:22:06] REQUEST: 225 - STARTED in background (active_jobs=225)
[17:22:06] REQUEST: 226 - STARTED in background (active_jobs=226)
[17:22:06] REQUEST: 227 - STARTED in background (active_jobs=227)
[17:22:06] REQUEST: 228 - STARTED in background (active_jobs=228)
[17:22:06] REQUEST: 229 - STARTED in background (active_jobs=229)
[17:22:06] REQUEST: 230 - STARTED in background (active_jobs=230)
[17:22:06] REQUEST: 231 - STARTED in background (active_jobs=231)
[17:22:06] REQUEST: 232 - STARTED in background (active_jobs=232)
[17:22:06] REQUEST: 233 - STARTED in background (active_jobs=233)
[17:22:06] REQUEST: 234 - STARTED in background (active_jobs=234)
[17:22:06] REQUEST: 235 - STARTED in background (active_jobs=235)
[17:22:06] REQUEST: 236 - STARTED in background (active_jobs=236)
[17:22:06] REQUEST: 237 - STARTED in background (active_jobs=237)
[17:22:06] REQUEST: 238 - STARTED in background (active_jobs=238)
[17:22:06] REQUEST: 239 - STARTED in background (active_jobs=239)
[17:22:06] REQUEST: 240 - STARTED in background (active_jobs=240)
[17:22:06] REQUEST: 241 - STARTED in background (active_jobs=241)
[17:22:06] REQUEST: 242 - STARTED in background (active_jobs=242)
[17:22:06] REQUEST: 243 - STARTED in background (active_jobs=243)
[17:22:06] REQUEST: 244 - STARTED in background (active_jobs=244)
[17:22:06] REQUEST: 245 - STARTED in background (active_jobs=245)
[17:22:06] REQUEST: 246 - STARTED in background (active_jobs=246)
[17:22:06] REQUEST: 247 - STARTED in background (active_jobs=247)
[17:22:06] REQUEST: 248 - STARTED in background (active_jobs=248)
[17:22:06] REQUEST: 249 - STARTED in background (active_jobs=249)
[17:22:06] REQUEST: 250 - STARTED in background (active_jobs=250)
[17:22:06] REQUEST: 251 - STARTED in background (active_jobs=251)
[17:22:06] REQUEST: 252 - STARTED in background (active_jobs=252)
[17:22:06] REQUEST: 253 - STARTED in background (active_jobs=253)
[17:22:06] REQUEST: 254 - STARTED in background (active_jobs=254)
[17:22:06] REQUEST: 255 - STARTED in background (active_jobs=255)
[17:22:06] REQUEST: 256 - STARTED in background (active_jobs=256)
[17:22:06] REQUEST: 257 - STARTED in background (active_jobs=257)
[17:22:06] REQUEST: 258 - STARTED in background (active_jobs=258)
[17:22:06] REQUEST: 259 - STARTED in background (active_jobs=259)
[17:22:06] REQUEST: 260 - STARTED in background (active_jobs=260)
[17:22:06] REQUEST: 261 - STARTED in background (active_jobs=261)
[17:22:06] REQUEST: 262 - STARTED in background (active_jobs=262)
[17:22:06] REQUEST: 263 - STARTED in background (active_jobs=263)
[17:22:06] REQUEST: 264 - STARTED in background (active_jobs=264)
[17:22:06] REQUEST: 265 - STARTED in background (active_jobs=265)
[17:22:06] REQUEST: 266 - STARTED in background (active_jobs=266)
[17:22:06] REQUEST: 267 - STARTED in background (active_jobs=267)
[17:22:06] REQUEST: 268 - STARTED in background (active_jobs=268)
[17:22:06] REQUEST: 269 - STARTED in background (active_jobs=269)
[17:22:06] REQUEST: 270 - STARTED in background (active_jobs=270)
[17:22:06] REQUEST: 271 - STARTED in background (active_jobs=271)
[17:22:06] REQUEST: 272 - STARTED in background (active_jobs=272)
[17:22:06] REQUEST: 273 - STARTED in background (active_jobs=273)
[17:22:06] REQUEST: 274 - STARTED in background (active_jobs=274)
[17:22:06] REQUEST: 275 - STARTED in background (active_jobs=275)
[17:22:06] REQUEST: 276 - STARTED in background (active_jobs=276)
[17:22:06] REQUEST: 277 - STARTED in background (active_jobs=277)
[17:22:06] REQUEST: 278 - STARTED in background (active_jobs=278)
[17:22:06] REQUEST: 279 - STARTED in background (active_jobs=279)
[17:22:06] REQUEST: 280 - STARTED in background (active_jobs=280)
[17:22:06] REQUEST: 281 - STARTED in background (active_jobs=281)
[17:22:06] REQUEST: 282 - STARTED in background (active_jobs=282)
[17:22:06] REQUEST: 283 - STARTED in background (active_jobs=283)
[17:22:06] REQUEST: 284 - STARTED in background (active_jobs=284)
[17:22:06] REQUEST: 285 - STARTED in background (active_jobs=285)
[17:22:06] REQUEST: 286 - STARTED in background (active_jobs=286)
[17:22:06] REQUEST: 287 - STARTED in background (active_jobs=287)
[17:22:06] REQUEST: 288 - STARTED in background (active_jobs=288)
[17:22:06] REQUEST: 289 - STARTED in background (active_jobs=289)
[17:22:06] REQUEST: 290 - STARTED in background (active_jobs=290)
[17:22:06] REQUEST: 291 - STARTED in background (active_jobs=291)
[17:22:06] REQUEST: 292 - STARTED in background (active_jobs=292)
[17:22:06] REQUEST: 293 - STARTED in background (active_jobs=293)
[17:22:06] REQUEST: 294 - STARTED in background (active_jobs=294)
[17:22:06] REQUEST: 295 - STARTED in background (active_jobs=295)
[17:22:06] REQUEST: 296 - STARTED in background (active_jobs=296)
[17:22:06] REQUEST: 297 - STARTED in background (active_jobs=297)
[17:22:06] REQUEST: 298 - STARTED in background (active_jobs=298)
[17:22:06] REQUEST: 299 - STARTED in background (active_jobs=299)
[17:22:06] REQUEST: 300 - STARTED in background (active_jobs=300)
[17:22:06] REQUEST: 301 - STARTED in background (active_jobs=301)
[17:22:06] REQUEST: 302 - STARTED in background (active_jobs=302)
[17:22:06] REQUEST: 303 - STARTED in background (active_jobs=303)
[17:22:06] REQUEST: 304 - STARTED in background (active_jobs=304)
[17:22:06] REQUEST: 305 - STARTED in background (active_jobs=305)
[17:22:06] REQUEST: 306 - STARTED in background (active_jobs=306)
[17:22:06] REQUEST: 307 - STARTED in background (active_jobs=307)
[17:22:06] REQUEST: 308 - STARTED in background (active_jobs=308)
[17:22:06] REQUEST: 309 - STARTED in background (active_jobs=309)
[17:22:06] REQUEST: 310 - STARTED in background (active_jobs=310)
[17:22:06] REQUEST: 311 - STARTED in background (active_jobs=311)
[17:22:06] REQUEST: 312 - STARTED in background (active_jobs=312)
[17:22:06] REQUEST: 313 - STARTED in background (active_jobs=313)
[17:22:06] REQUEST: 314 - STARTED in background (active_jobs=314)
[17:22:06] REQUEST: 315 - STARTED in background (active_jobs=315)
[17:22:06] REQUEST: 316 - STARTED in background (active_jobs=316)
[17:22:06] REQUEST: 317 - STARTED in background (active_jobs=317)
[17:22:06] REQUEST: 318 - STARTED in background (active_jobs=318)
[17:22:06] REQUEST: 319 - STARTED in background (active_jobs=319)
[17:22:06] REQUEST: 320 - STARTED in background (active_jobs=320)
[17:22:06] REQUEST: 321 - STARTED in background (active_jobs=321)
[17:22:06] REQUEST: 322 - STARTED in background (active_jobs=322)
[17:22:06] REQUEST: 323 - STARTED in background (active_jobs=323)
[17:22:06] REQUEST: 324 - STARTED in background (active_jobs=324)
[17:22:06] REQUEST: 325 - STARTED in background (active_jobs=325)
[17:22:06] REQUEST: 326 - STARTED in background (active_jobs=326)
[17:22:06] REQUEST: 327 - STARTED in background (active_jobs=327)
[17:22:06] REQUEST: 328 - STARTED in background (active_jobs=328)
[17:22:06] REQUEST: 329 - STARTED in background (active_jobs=329)
[17:22:06] REQUEST: 330 - STARTED in background (active_jobs=330)
[17:22:06] REQUEST: 331 - STARTED in background (active_jobs=331)
[17:22:06] REQUEST: 332 - STARTED in background (active_jobs=332)
[17:22:06] REQUEST: 333 - STARTED in background (active_jobs=333)
[17:22:06] REQUEST: 334 - STARTED in background (active_jobs=334)
[17:22:06] REQUEST: 335 - STARTED in background (active_jobs=335)
[17:22:06] REQUEST: 336 - STARTED in background (active_jobs=336)
[17:22:06] REQUEST: 337 - STARTED in background (active_jobs=337)
[17:22:06] REQUEST: 338 - STARTED in background (active_jobs=338)
[17:22:06] REQUEST: 339 - STARTED in background (active_jobs=339)
[17:22:06] REQUEST: 340 - STARTED in background (active_jobs=340)
[17:22:06] REQUEST: 341 - STARTED in background (active_jobs=341)
[17:22:06] REQUEST: 342 - STARTED in background (active_jobs=342)
[17:22:06] REQUEST: 343 - STARTED in background (active_jobs=343)
[17:22:06] REQUEST: 344 - STARTED in background (active_jobs=344)
[17:22:06] REQUEST: 345 - STARTED in background (active_jobs=345)
[17:22:06] REQUEST: 346 - STARTED in background (active_jobs=346)
[17:22:06] REQUEST: 347 - STARTED in background (active_jobs=347)
[17:22:06] REQUEST: 348 - STARTED in background (active_jobs=348)
[17:22:06] REQUEST: 349 - STARTED in background (active_jobs=349)
[17:22:06] REQUEST: 350 - STARTED in background (active_jobs=350)
[17:22:06] REQUEST: 351 - STARTED in background (active_jobs=351)
[17:22:06] REQUEST: 352 - STARTED in background (active_jobs=352)
[17:22:06] REQUEST: 353 - STARTED in background (active_jobs=353)
[17:22:06] REQUEST: 354 - STARTED in background (active_jobs=354)
[17:22:06] REQUEST: 355 - STARTED in background (active_jobs=355)
[17:22:06] REQUEST: 356 - STARTED in background (active_jobs=356)
[17:22:06] REQUEST: 357 - STARTED in background (active_jobs=357)
[17:22:06] REQUEST: 358 - STARTED in background (active_jobs=358)
[17:22:06] REQUEST: 359 - STARTED in background (active_jobs=359)
[17:22:06] REQUEST: 360 - STARTED in background (active_jobs=360)
[17:22:06] REQUEST: 361 - STARTED in background (active_jobs=361)
[17:22:06] REQUEST: 362 - STARTED in background (active_jobs=362)
[17:22:06] REQUEST: 363 - STARTED in background (active_jobs=363)
[17:22:06] REQUEST: 364 - STARTED in background (active_jobs=364)
[17:22:06] REQUEST: 365 - STARTED in background (active_jobs=365)
[17:22:06] REQUEST: 366 - STARTED in background (active_jobs=366)
[17:22:06] REQUEST: 367 - STARTED in background (active_jobs=367)
[17:22:06] REQUEST: 368 - STARTED in background (active_jobs=368)
[17:22:06] REQUEST: 369 - STARTED in background (active_jobs=369)
[17:22:06] REQUEST: 370 - STARTED in background (active_jobs=370)
[17:22:06] REQUEST: 371 - STARTED in background (active_jobs=371)
[17:22:06] REQUEST: 372 - STARTED in background (active_jobs=372)
[17:22:06] REQUEST: 373 - STARTED in background (active_jobs=373)
[17:22:06] REQUEST: 374 - STARTED in background (active_jobs=374)
[17:22:06] REQUEST: 375 - STARTED in background (active_jobs=375)
[17:22:06] REQUEST: 376 - STARTED in background (active_jobs=376)
[17:22:06] REQUEST: 377 - STARTED in background (active_jobs=377)
[17:22:06] REQUEST: 378 - STARTED in background (active_jobs=378)
[17:22:06] REQUEST: 379 - STARTED in background (active_jobs=379)
[17:22:06] REQUEST: 380 - STARTED in background (active_jobs=380)
[17:22:06] REQUEST: 381 - STARTED in background (active_jobs=381)
[17:22:06] REQUEST: 382 - STARTED in background (active_jobs=382)
[17:22:06] REQUEST: 383 - STARTED in background (active_jobs=383)
[17:22:06] REQUEST: 384 - STARTED in background (active_jobs=384)
[17:22:06] REQUEST: 385 - STARTED in background (active_jobs=385)
[17:22:06] REQUEST: 386 - STARTED in background (active_jobs=386)
[17:22:06] REQUEST: 387 - STARTED in background (active_jobs=387)
[17:22:06] REQUEST: 388 - STARTED in background (active_jobs=388)
[17:22:06] REQUEST: 389 - STARTED in background (active_jobs=389)
[17:22:06] REQUEST: 390 - STARTED in background (active_jobs=390)
[17:22:06] REQUEST: 391 - STARTED in background (active_jobs=391)
[17:22:06] REQUEST: 392 - STARTED in background (active_jobs=392)
[17:22:06] REQUEST: 393 - STARTED in background (active_jobs=393)
[17:22:06] REQUEST: 394 - STARTED in background (active_jobs=394)
[17:22:06] REQUEST: 395 - STARTED in background (active_jobs=395)
[17:22:06] REQUEST: 396 - STARTED in background (active_jobs=396)
[17:22:06] REQUEST: 1 - COMPLETED
[17:22:06] REQUEST: 397 - STARTED in background (active_jobs=397)
[17:22:06] REQUEST: 398 - STARTED in background (active_jobs=398)
[17:22:06] REQUEST: 399 - STARTED in background (active_jobs=399)
[17:22:06] REQUEST: 400 - STARTED in background (active_jobs=400)
[17:22:06] REQUEST: 401 - STARTED in background (active_jobs=401)
[17:22:06] REQUEST: 402 - STARTED in background (active_jobs=402)
[17:22:06] REQUEST: 403 - STARTED in background (active_jobs=403)
[17:22:06] REQUEST: 404 - STARTED in background (active_jobs=404)
[17:22:06] REQUEST: 405 - STARTED in background (active_jobs=405)
[17:22:06] REQUEST: 406 - STARTED in background (active_jobs=406)
[17:22:06] REQUEST: 407 - STARTED in background (active_jobs=407)
[17:22:06] REQUEST: 408 - STARTED in background (active_jobs=408)
[17:22:06] REQUEST: 409 - STARTED in background (active_jobs=409)
[17:22:06] REQUEST: 410 - STARTED in background (active_jobs=410)
[17:22:06] REQUEST: 411 - STARTED in background (active_jobs=411)
[17:22:06] REQUEST: 412 - STARTED in background (active_jobs=412)
[17:22:06] REQUEST: 413 - STARTED in background (active_jobs=413)
[17:22:06] REQUEST: 414 - STARTED in background (active_jobs=414)
[17:22:06] REQUEST: 415 - STARTED in background (active_jobs=415)
[17:22:06] REQUEST: 416 - STARTED in background (active_jobs=416)
[17:22:06] REQUEST: 417 - STARTED in background (active_jobs=417)
[17:22:06] REQUEST: 418 - STARTED in background (active_jobs=418)
[17:22:06] REQUEST: 419 - STARTED in background (active_jobs=419)
[17:22:06] REQUEST: 420 - STARTED in background (active_jobs=420)
[17:22:06] REQUEST: 421 - STARTED in background (active_jobs=421)
[17:22:06] REQUEST: 422 - STARTED in background (active_jobs=422)
[17:22:06] REQUEST: 423 - STARTED in background (active_jobs=423)
[17:22:06] REQUEST: 424 - STARTED in background (active_jobs=424)
[17:22:06] REQUEST: 425 - STARTED in background (active_jobs=425)
[17:22:06] REQUEST: 426 - STARTED in background (active_jobs=426)
[17:22:06] REQUEST: 427 - STARTED in background (active_jobs=427)
[17:22:06] REQUEST: 428 - STARTED in background (active_jobs=428)
[17:22:06] REQUEST: 429 - STARTED in background (active_jobs=429)
[17:22:06] REQUEST: 430 - STARTED in background (active_jobs=430)
[17:22:06] REQUEST: 431 - STARTED in background (active_jobs=431)
[17:22:06] REQUEST: 432 - STARTED in background (active_jobs=432)
[17:22:06] REQUEST: 433 - STARTED in background (active_jobs=433)
[17:22:06] REQUEST: 434 - STARTED in background (active_jobs=434)
[17:22:06] REQUEST: 435 - STARTED in background (active_jobs=435)
[17:22:06] REQUEST: 436 - STARTED in background (active_jobs=436)
[17:22:06] REQUEST: 437 - STARTED in background (active_jobs=437)
[17:22:06] REQUEST: 438 - STARTED in background (active_jobs=438)
[17:22:06] REQUEST: 439 - STARTED in background (active_jobs=439)
[17:22:06] REQUEST: 440 - STARTED in background (active_jobs=440)
[17:22:06] REQUEST: 441 - STARTED in background (active_jobs=441)
[17:22:06] REQUEST: 442 - STARTED in background (active_jobs=442)
[17:22:06] REQUEST: 443 - STARTED in background (active_jobs=443)
[17:22:06] REQUEST: 444 - STARTED in background (active_jobs=444)
[17:22:06] REQUEST: 445 - STARTED in background (active_jobs=445)
[17:22:06] REQUEST: 446 - STARTED in background (active_jobs=446)
[17:22:06] REQUEST: 447 - STARTED in background (active_jobs=447)
[17:22:06] REQUEST: 448 - STARTED in background (active_jobs=448)
[17:22:06] REQUEST: 449 - STARTED in background (active_jobs=449)
[17:22:06] REQUEST: 450 - STARTED in background (active_jobs=450)
[17:22:06] REQUEST: 451 - STARTED in background (active_jobs=451)
[17:22:06] REQUEST: 452 - STARTED in background (active_jobs=452)
[17:22:06] REQUEST: 453 - STARTED in background (active_jobs=453)
[17:22:06] REQUEST: 454 - STARTED in background (active_jobs=454)
[17:22:07] REQUEST: 455 - STARTED in background (active_jobs=455)
[17:22:07] REQUEST: 456 - STARTED in background (active_jobs=456)
[17:22:07] REQUEST: 457 - STARTED in background (active_jobs=457)
[17:22:07] REQUEST: 458 - STARTED in background (active_jobs=458)
[17:22:07] REQUEST: 2 - COMPLETED
[17:22:07] REQUEST: 459 - STARTED in background (active_jobs=459)
[17:22:07] REQUEST: 460 - STARTED in background (active_jobs=460)
[17:22:07] REQUEST: 461 - STARTED in background (active_jobs=461)
[17:22:07] REQUEST: 462 - STARTED in background (active_jobs=462)
[17:22:07] REQUEST: 463 - STARTED in background (active_jobs=463)
[17:22:07] REQUEST: 464 - STARTED in background (active_jobs=464)
[17:22:07] REQUEST: 465 - STARTED in background (active_jobs=465)
[17:22:07] REQUEST: 466 - STARTED in background (active_jobs=466)
[17:22:07] REQUEST: 467 - STARTED in background (active_jobs=467)
[17:22:07] REQUEST: 468 - STARTED in background (active_jobs=468)
[17:22:07] REQUEST: 469 - STARTED in background (active_jobs=469)
[17:22:07] REQUEST: 470 - STARTED in background (active_jobs=470)
[17:22:07] REQUEST: 471 - STARTED in background (active_jobs=471)
[17:22:07] REQUEST: 472 - STARTED in background (active_jobs=472)
[17:22:07] REQUEST: 473 - STARTED in background (active_jobs=473)
[17:22:07] REQUEST: 474 - STARTED in background (active_jobs=474)
[17:22:07] REQUEST: 475 - STARTED in background (active_jobs=475)
[17:22:07] REQUEST: 476 - STARTED in background (active_jobs=476)
[17:22:07] REQUEST: 477 - STARTED in background (active_jobs=477)
[17:22:07] REQUEST: 478 - STARTED in background (active_jobs=478)
[17:22:07] REQUEST: 479 - STARTED in background (active_jobs=479)
[17:22:07] REQUEST: 480 - STARTED in background (active_jobs=480)
[17:22:07] REQUEST: 481 - STARTED in background (active_jobs=481)
[17:22:07] REQUEST: 482 - STARTED in background (active_jobs=482)
[17:22:07] REQUEST: 483 - STARTED in background (active_jobs=483)
[17:22:07] REQUEST: 484 - STARTED in background (active_jobs=484)
[17:22:07] REQUEST: 485 - STARTED in background (active_jobs=485)
[17:22:07] REQUEST: 486 - STARTED in background (active_jobs=486)
[17:22:07] REQUEST: 487 - STARTED in background (active_jobs=487)
[17:22:07] REQUEST: 488 - STARTED in background (active_jobs=488)
[17:22:07] REQUEST: 489 - STARTED in background (active_jobs=489)
[17:22:07] REQUEST: 490 - STARTED in background (active_jobs=490)
[17:22:07] REQUEST: 491 - STARTED in background (active_jobs=491)
[17:22:07] REQUEST: 492 - STARTED in background (active_jobs=492)
[17:22:07] REQUEST: 493 - STARTED in background (active_jobs=493)
[17:22:07] REQUEST: 494 - STARTED in background (active_jobs=494)
[17:22:07] REQUEST: 495 - STARTED in background (active_jobs=495)
[17:22:07] REQUEST: 496 - STARTED in background (active_jobs=496)
[17:22:07] REQUEST: 497 - STARTED in background (active_jobs=497)
[17:22:07] REQUEST: 498 - STARTED in background (active_jobs=498)
[17:22:07] REQUEST: 499 - STARTED in background (active_jobs=499)
[17:22:07] REQUEST: 500 - STARTED in background (active_jobs=500)
[17:22:07] WAITING -> active_jobs=500
[17:22:07] RESUMING -> a request finished (active_jobs=499)
[17:22:07] ALL REQUESTS LAUNCHED
[17:22:07] WAITING for remaining requests to finish (active_jobs=499)
[17:22:07] REQUEST COMPLETED -> remaining active_jobs=498
[17:22:07] WAITING for remaining requests to finish (active_jobs=498)
[17:22:09] REQUEST: 5 - COMPLETED
[17:22:09] REQUEST COMPLETED -> remaining active_jobs=497
[17:22:09] WAITING for remaining requests to finish (active_jobs=497)
[17:22:09] REQUEST: 7 - COMPLETED
[17:22:09] REQUEST COMPLETED -> remaining active_jobs=496
[17:22:09] WAITING for remaining requests to finish (active_jobs=496)
[17:22:10] REQUEST: 4 - COMPLETED
[17:22:10] REQUEST COMPLETED -> remaining active_jobs=495
[17:22:10] WAITING for remaining requests to finish (active_jobs=495)
[17:22:10] REQUEST: 9 - COMPLETED
[17:22:10] REQUEST COMPLETED -> remaining active_jobs=494
[17:22:10] WAITING for remaining requests to finish (active_jobs=494)
[17:22:10] REQUEST: 8 - COMPLETED
[17:22:10] REQUEST COMPLETED -> remaining active_jobs=493
[17:22:10] WAITING for remaining requests to finish (active_jobs=493)
[17:22:10] REQUEST: 12 - COMPLETED
[17:22:10] REQUEST COMPLETED -> remaining active_jobs=492
[17:22:10] WAITING for remaining requests to finish (active_jobs=492)
[17:22:10] REQUEST: 11 - COMPLETED
[17:22:10] REQUEST COMPLETED -> remaining active_jobs=491
[17:22:10] WAITING for remaining requests to finish (active_jobs=491)
[17:22:10] REQUEST: 20 - COMPLETED
[17:22:10] REQUEST COMPLETED -> remaining active_jobs=490
[17:22:10] WAITING for remaining requests to finish (active_jobs=490)
[17:22:10] REQUEST: 22 - COMPLETED
[17:22:10] REQUEST COMPLETED -> remaining active_jobs=489
[17:22:10] WAITING for remaining requests to finish (active_jobs=489)
[17:22:10] REQUEST: 26 - COMPLETED
[17:22:10] REQUEST COMPLETED -> remaining active_jobs=488
[17:22:10] WAITING for remaining requests to finish (active_jobs=488)
[17:22:10] REQUEST: 25 - COMPLETED
[17:22:10] REQUEST COMPLETED -> remaining active_jobs=487
[17:22:10] WAITING for remaining requests to finish (active_jobs=487)
[17:22:10] REQUEST: 24 - COMPLETED
[17:22:10] REQUEST COMPLETED -> remaining active_jobs=486
[17:22:10] WAITING for remaining requests to finish (active_jobs=486)
[17:22:10] REQUEST: 65 - COMPLETED
[17:22:10] REQUEST COMPLETED -> remaining active_jobs=485
[17:22:10] WAITING for remaining requests to finish (active_jobs=485)
[17:22:10] REQUEST: 110 - COMPLETED
[17:22:10] REQUEST COMPLETED -> remaining active_jobs=484
[17:22:10] WAITING for remaining requests to finish (active_jobs=484)
[17:22:11] REQUEST: 64 - COMPLETED
[17:22:11] REQUEST COMPLETED -> remaining active_jobs=483
[17:22:11] WAITING for remaining requests to finish (active_jobs=483)
[17:22:11] REQUEST: 30 - COMPLETED
[17:22:11] REQUEST COMPLETED -> remaining active_jobs=482
[17:22:11] WAITING for remaining requests to finish (active_jobs=482)
[17:22:11] REQUEST: 16 - COMPLETED
[17:22:11] REQUEST COMPLETED -> remaining active_jobs=481
[17:22:11] WAITING for remaining requests to finish (active_jobs=481)
[17:22:11] REQUEST: 34 - COMPLETED
[17:22:11] REQUEST COMPLETED -> remaining active_jobs=480
[17:22:11] WAITING for remaining requests to finish (active_jobs=480)
[17:22:11] REQUEST: 75 - COMPLETED
[17:22:11] REQUEST COMPLETED -> remaining active_jobs=479
[17:22:11] WAITING for remaining requests to finish (active_jobs=479)
[17:22:11] REQUEST: 27 - COMPLETED
[17:22:11] REQUEST COMPLETED -> remaining active_jobs=478
[17:22:11] WAITING for remaining requests to finish (active_jobs=478)
[17:22:11] REQUEST: 86 - COMPLETED
[17:22:11] REQUEST COMPLETED -> remaining active_jobs=477
[17:22:11] WAITING for remaining requests to finish (active_jobs=477)
[17:22:11] REQUEST: 74 - COMPLETED
[17:22:11] REQUEST COMPLETED -> remaining active_jobs=476
[17:22:11] WAITING for remaining requests to finish (active_jobs=476)
[17:22:11] REQUEST: 15 - COMPLETED
[17:22:11] REQUEST COMPLETED -> remaining active_jobs=475
[17:22:11] WAITING for remaining requests to finish (active_jobs=475)
[17:22:11] REQUEST: 39 - COMPLETED
[17:22:11] REQUEST COMPLETED -> remaining active_jobs=474
[17:22:11] WAITING for remaining requests to finish (active_jobs=474)
[17:22:11] REQUEST: 29 - COMPLETED
[17:22:11] REQUEST COMPLETED -> remaining active_jobs=473
[17:22:11] WAITING for remaining requests to finish (active_jobs=473)
[17:22:11] REQUEST: 83 - COMPLETED
[17:22:11] REQUEST COMPLETED -> remaining active_jobs=472
[17:22:11] WAITING for remaining requests to finish (active_jobs=472)
[17:22:11] REQUEST: 40 - COMPLETED
[17:22:11] REQUEST COMPLETED -> remaining active_jobs=471
[17:22:11] WAITING for remaining requests to finish (active_jobs=471)
[17:22:12] REQUEST: 68 - COMPLETED
[17:22:12] REQUEST COMPLETED -> remaining active_jobs=470
[17:22:12] WAITING for remaining requests to finish (active_jobs=470)
[17:22:12] REQUEST: 82 - COMPLETED
[17:22:12] REQUEST COMPLETED -> remaining active_jobs=469
[17:22:12] WAITING for remaining requests to finish (active_jobs=469)
[17:22:12] REQUEST: 108 - COMPLETED
[17:22:12] REQUEST COMPLETED -> remaining active_jobs=468
[17:22:12] WAITING for remaining requests to finish (active_jobs=468)
[17:22:12] REQUEST: 98 - COMPLETED
[17:22:12] REQUEST COMPLETED -> remaining active_jobs=467
[17:22:12] WAITING for remaining requests to finish (active_jobs=467)
[17:22:12] REQUEST: 350 - COMPLETED
[17:22:12] REQUEST COMPLETED -> remaining active_jobs=466
[17:22:12] WAITING for remaining requests to finish (active_jobs=466)
[17:22:12] REQUEST: 87 - COMPLETED
[17:22:12] REQUEST COMPLETED -> remaining active_jobs=465
[17:22:12] WAITING for remaining requests to finish (active_jobs=465)
[17:22:12] REQUEST: 84 - COMPLETED
[17:22:12] REQUEST COMPLETED -> remaining active_jobs=464
[17:22:12] WAITING for remaining requests to finish (active_jobs=464)
[17:22:12] REQUEST: 101 - COMPLETED
[17:22:12] REQUEST COMPLETED -> remaining active_jobs=463
[17:22:12] WAITING for remaining requests to finish (active_jobs=463)
[17:22:12] REQUEST: 100 - COMPLETED
[17:22:12] REQUEST COMPLETED -> remaining active_jobs=462
[17:22:12] WAITING for remaining requests to finish (active_jobs=462)
[17:22:12] REQUEST: 94 - COMPLETED
[17:22:12] REQUEST COMPLETED -> remaining active_jobs=461
[17:22:12] WAITING for remaining requests to finish (active_jobs=461)
[17:22:12] REQUEST: 62 - COMPLETED
[17:22:12] REQUEST COMPLETED -> remaining active_jobs=460
[17:22:12] WAITING for remaining requests to finish (active_jobs=460)
[17:22:12] REQUEST: 88 - COMPLETED
[17:22:12] REQUEST COMPLETED -> remaining active_jobs=459
[17:22:12] WAITING for remaining requests to finish (active_jobs=459)
[17:22:12] REQUEST: 95 - COMPLETED
[17:22:12] REQUEST COMPLETED -> remaining active_jobs=458
[17:22:12] WAITING for remaining requests to finish (active_jobs=458)
[17:22:12] REQUEST: 93 - COMPLETED
[17:22:12] REQUEST COMPLETED -> remaining active_jobs=457
[17:22:12] WAITING for remaining requests to finish (active_jobs=457)
[17:22:13] REQUEST: 66 - COMPLETED
[17:22:13] REQUEST COMPLETED -> remaining active_jobs=456
[17:22:13] WAITING for remaining requests to finish (active_jobs=456)
[17:22:13] REQUEST: 38 - COMPLETED
[17:22:13] REQUEST COMPLETED -> remaining active_jobs=455
[17:22:13] WAITING for remaining requests to finish (active_jobs=455)
[17:22:13] REQUEST: 99 - COMPLETED
[17:22:13] REQUEST COMPLETED -> remaining active_jobs=454
[17:22:13] WAITING for remaining requests to finish (active_jobs=454)
[17:22:13] REQUEST: 102 - COMPLETED
[17:22:13] REQUEST COMPLETED -> remaining active_jobs=453
[17:22:13] WAITING for remaining requests to finish (active_jobs=453)
[17:22:13] REQUEST: 105 - COMPLETED
[17:22:13] REQUEST COMPLETED -> remaining active_jobs=452
[17:22:13] WAITING for remaining requests to finish (active_jobs=452)
[17:22:13] REQUEST: 37 - COMPLETED
[17:22:13] REQUEST COMPLETED -> remaining active_jobs=451
[17:22:13] WAITING for remaining requests to finish (active_jobs=451)
[17:22:13] REQUEST: 104 - COMPLETED
[17:22:13] REQUEST COMPLETED -> remaining active_jobs=450
[17:22:13] WAITING for remaining requests to finish (active_jobs=450)
[17:22:13] REQUEST: 91 - COMPLETED
[17:22:13] REQUEST COMPLETED -> remaining active_jobs=449
[17:22:13] WAITING for remaining requests to finish (active_jobs=449)
[17:22:13] REQUEST: 130 - COMPLETED
[17:22:13] REQUEST COMPLETED -> remaining active_jobs=448
[17:22:13] WAITING for remaining requests to finish (active_jobs=448)
[17:22:13] REQUEST: 85 - COMPLETED
[17:22:13] REQUEST COMPLETED -> remaining active_jobs=447
[17:22:13] WAITING for remaining requests to finish (active_jobs=447)
[17:22:13] REQUEST: 55 - COMPLETED
[17:22:13] REQUEST COMPLETED -> remaining active_jobs=446
[17:22:13] WAITING for remaining requests to finish (active_jobs=446)
[17:22:13] REQUEST: 77 - COMPLETED
[17:22:13] REQUEST COMPLETED -> remaining active_jobs=445
[17:22:13] WAITING for remaining requests to finish (active_jobs=445)
[17:22:13] REQUEST: 28 - COMPLETED
[17:22:13] REQUEST COMPLETED -> remaining active_jobs=444
[17:22:13] WAITING for remaining requests to finish (active_jobs=444)
[17:22:14] REQUEST: 76 - COMPLETED
[17:22:14] REQUEST COMPLETED -> remaining active_jobs=443
[17:22:14] WAITING for remaining requests to finish (active_jobs=443)
[17:22:14] REQUEST: 113 - COMPLETED
[17:22:14] REQUEST COMPLETED -> remaining active_jobs=442
[17:22:14] WAITING for remaining requests to finish (active_jobs=442)
[17:22:14] REQUEST: 89 - COMPLETED
[17:22:14] REQUEST COMPLETED -> remaining active_jobs=441
[17:22:14] WAITING for remaining requests to finish (active_jobs=441)
[17:22:14] REQUEST: 46 - COMPLETED
[17:22:14] REQUEST COMPLETED -> remaining active_jobs=440
[17:22:14] WAITING for remaining requests to finish (active_jobs=440)
[17:22:14] REQUEST: 137 - COMPLETED
[17:22:14] REQUEST COMPLETED -> remaining active_jobs=439
[17:22:14] WAITING for remaining requests to finish (active_jobs=439)
[17:22:14] REQUEST: 147 - COMPLETED
[17:22:14] REQUEST COMPLETED -> remaining active_jobs=438
[17:22:14] WAITING for remaining requests to finish (active_jobs=438)
[17:22:14] REQUEST: 70 - COMPLETED
[17:22:14] REQUEST COMPLETED -> remaining active_jobs=437
[17:22:14] WAITING for remaining requests to finish (active_jobs=437)
[17:22:14] REQUEST: 33 - COMPLETED
[17:22:14] REQUEST COMPLETED -> remaining active_jobs=436
[17:22:14] WAITING for remaining requests to finish (active_jobs=436)
[17:22:14] REQUEST: 90 - COMPLETED
[17:22:14] REQUEST COMPLETED -> remaining active_jobs=435
[17:22:14] WAITING for remaining requests to finish (active_jobs=435)
[17:22:14] REQUEST: 136 - COMPLETED
[17:22:14] REQUEST COMPLETED -> remaining active_jobs=434
[17:22:14] WAITING for remaining requests to finish (active_jobs=434)
[17:22:14] REQUEST: 151 - COMPLETED
[17:22:14] REQUEST COMPLETED -> remaining active_jobs=433
[17:22:14] WAITING for remaining requests to finish (active_jobs=433)
[17:22:14] REQUEST: 103 - COMPLETED
[17:22:14] REQUEST COMPLETED -> remaining active_jobs=432
[17:22:14] WAITING for remaining requests to finish (active_jobs=432)
[17:22:14] REQUEST: 114 - COMPLETED
[17:22:14] REQUEST COMPLETED -> remaining active_jobs=431
[17:22:14] WAITING for remaining requests to finish (active_jobs=431)
[17:22:15] REQUEST: 13 - COMPLETED
[17:22:15] REQUEST COMPLETED -> remaining active_jobs=430
[17:22:15] WAITING for remaining requests to finish (active_jobs=430)
[17:22:15] REQUEST: 142 - COMPLETED
[17:22:15] REQUEST COMPLETED -> remaining active_jobs=429
[17:22:15] WAITING for remaining requests to finish (active_jobs=429)
[17:22:15] REQUEST: 48 - COMPLETED
[17:22:15] REQUEST COMPLETED -> remaining active_jobs=428
[17:22:15] WAITING for remaining requests to finish (active_jobs=428)
[17:22:15] REQUEST: 138 - COMPLETED
[17:22:15] REQUEST COMPLETED -> remaining active_jobs=427
[17:22:15] WAITING for remaining requests to finish (active_jobs=427)
[17:22:15] REQUEST: 159 - COMPLETED
[17:22:15] REQUEST COMPLETED -> remaining active_jobs=426
[17:22:15] WAITING for remaining requests to finish (active_jobs=426)
[17:22:15] REQUEST: 131 - COMPLETED
[17:22:15] REQUEST COMPLETED -> remaining active_jobs=425
[17:22:15] WAITING for remaining requests to finish (active_jobs=425)
[17:22:15] REQUEST: 111 - COMPLETED
[17:22:15] REQUEST COMPLETED -> remaining active_jobs=424
[17:22:15] WAITING for remaining requests to finish (active_jobs=424)
[17:22:15] REQUEST: 57 - COMPLETED
[17:22:15] REQUEST COMPLETED -> remaining active_jobs=423
[17:22:15] WAITING for remaining requests to finish (active_jobs=423)
[17:22:15] REQUEST: 14 - COMPLETED
[17:22:15] REQUEST COMPLETED -> remaining active_jobs=422
[17:22:15] WAITING for remaining requests to finish (active_jobs=422)
[17:22:15] REQUEST: 345 - COMPLETED
[17:22:15] REQUEST COMPLETED -> remaining active_jobs=421
[17:22:15] WAITING for remaining requests to finish (active_jobs=421)
[17:22:15] REQUEST: 19 - COMPLETED
[17:22:15] REQUEST COMPLETED -> remaining active_jobs=420
[17:22:15] WAITING for remaining requests to finish (active_jobs=420)
[17:22:15] REQUEST: 133 - COMPLETED
[17:22:15] REQUEST COMPLETED -> remaining active_jobs=419
[17:22:15] WAITING for remaining requests to finish (active_jobs=419)
[17:22:15] REQUEST: 107 - COMPLETED
[17:22:15] REQUEST COMPLETED -> remaining active_jobs=418
[17:22:15] WAITING for remaining requests to finish (active_jobs=418)
[17:22:15] REQUEST: 17 - COMPLETED
[17:22:15] REQUEST COMPLETED -> remaining active_jobs=417
[17:22:15] WAITING for remaining requests to finish (active_jobs=417)
[17:22:16] REQUEST: 247 - COMPLETED
[17:22:16] REQUEST COMPLETED -> remaining active_jobs=416
[17:22:16] WAITING for remaining requests to finish (active_jobs=416)
[17:22:16] REQUEST: 58 - COMPLETED
[17:22:16] REQUEST COMPLETED -> remaining active_jobs=415
[17:22:16] WAITING for remaining requests to finish (active_jobs=415)
[17:22:16] REQUEST: 134 - COMPLETED
[17:22:16] REQUEST COMPLETED -> remaining active_jobs=414
[17:22:16] WAITING for remaining requests to finish (active_jobs=414)
[17:22:16] REQUEST: 53 - COMPLETED
[17:22:16] REQUEST COMPLETED -> remaining active_jobs=413
[17:22:16] WAITING for remaining requests to finish (active_jobs=413)
[17:22:16] REQUEST: 144 - COMPLETED
[17:22:16] REQUEST COMPLETED -> remaining active_jobs=412
[17:22:16] WAITING for remaining requests to finish (active_jobs=412)
[17:22:16] REQUEST: 3 - COMPLETED
[17:22:16] REQUEST COMPLETED -> remaining active_jobs=411
[17:22:16] WAITING for remaining requests to finish (active_jobs=411)
[17:22:16] REQUEST: 47 - COMPLETED
[17:22:16] REQUEST COMPLETED -> remaining active_jobs=410
[17:22:16] WAITING for remaining requests to finish (active_jobs=410)
[17:22:16] REQUEST: 35 - COMPLETED
[17:22:16] REQUEST COMPLETED -> remaining active_jobs=409
[17:22:16] WAITING for remaining requests to finish (active_jobs=409)
[17:22:16] REQUEST: 69 - COMPLETED
[17:22:16] REQUEST COMPLETED -> remaining active_jobs=408
[17:22:16] WAITING for remaining requests to finish (active_jobs=408)
[17:22:16] REQUEST: 145 - COMPLETED
[17:22:16] REQUEST COMPLETED -> remaining active_jobs=407
[17:22:16] WAITING for remaining requests to finish (active_jobs=407)
[17:22:16] REQUEST: 78 - COMPLETED
[17:22:16] REQUEST COMPLETED -> remaining active_jobs=406
[17:22:16] WAITING for remaining requests to finish (active_jobs=406)
[17:22:16] REQUEST: 52 - COMPLETED
[17:22:16] REQUEST COMPLETED -> remaining active_jobs=405
[17:22:16] WAITING for remaining requests to finish (active_jobs=405)
[17:22:16] REQUEST: 67 - COMPLETED
[17:22:16] REQUEST COMPLETED -> remaining active_jobs=404
[17:22:16] WAITING for remaining requests to finish (active_jobs=404)
[17:22:17] REQUEST: 56 - COMPLETED
[17:22:17] REQUEST COMPLETED -> remaining active_jobs=403
[17:22:17] WAITING for remaining requests to finish (active_jobs=403)
[17:22:17] REQUEST: 476 - COMPLETED
[17:22:17] REQUEST COMPLETED -> remaining active_jobs=402
[17:22:17] WAITING for remaining requests to finish (active_jobs=402)
[17:22:17] REQUEST: 154 - COMPLETED
[17:22:17] REQUEST COMPLETED -> remaining active_jobs=401
[17:22:17] WAITING for remaining requests to finish (active_jobs=401)
[17:22:17] REQUEST: 54 - COMPLETED
[17:22:17] REQUEST COMPLETED -> remaining active_jobs=400
[17:22:17] WAITING for remaining requests to finish (active_jobs=400)
[17:22:17] REQUEST: 23 - COMPLETED
[17:22:17] REQUEST COMPLETED -> remaining active_jobs=399
[17:22:17] WAITING for remaining requests to finish (active_jobs=399)
[17:22:17] REQUEST: 63 - COMPLETED
[17:22:17] REQUEST COMPLETED -> remaining active_jobs=398
[17:22:17] WAITING for remaining requests to finish (active_jobs=398)
[17:22:17] REQUEST: 97 - COMPLETED
[17:22:17] REQUEST COMPLETED -> remaining active_jobs=397
[17:22:17] WAITING for remaining requests to finish (active_jobs=397)
[17:22:17] REQUEST: 32 - COMPLETED
[17:22:17] REQUEST COMPLETED -> remaining active_jobs=396
[17:22:17] WAITING for remaining requests to finish (active_jobs=396)
[17:22:17] REQUEST: 160 - COMPLETED
[17:22:17] REQUEST COMPLETED -> remaining active_jobs=395
[17:22:17] WAITING for remaining requests to finish (active_jobs=395)
[17:22:17] REQUEST: 6 - COMPLETED
[17:22:17] REQUEST COMPLETED -> remaining active_jobs=394
[17:22:17] WAITING for remaining requests to finish (active_jobs=394)
[17:22:17] REQUEST: 18 - COMPLETED
[17:22:17] REQUEST COMPLETED -> remaining active_jobs=393
[17:22:17] WAITING for remaining requests to finish (active_jobs=393)
[17:22:17] REQUEST: 72 - COMPLETED
[17:22:17] REQUEST COMPLETED -> remaining active_jobs=392
[17:22:17] WAITING for remaining requests to finish (active_jobs=392)
[17:22:17] REQUEST: 61 - COMPLETED
[17:22:17] REQUEST COMPLETED -> remaining active_jobs=391
[17:22:17] WAITING for remaining requests to finish (active_jobs=391)
[17:22:17] REQUEST: 112 - COMPLETED
[17:22:17] REQUEST COMPLETED -> remaining active_jobs=390
[17:22:17] WAITING for remaining requests to finish (active_jobs=390)
[17:22:18] REQUEST: 116 - COMPLETED
[17:22:18] REQUEST COMPLETED -> remaining active_jobs=389
[17:22:18] WAITING for remaining requests to finish (active_jobs=389)
[17:22:18] REQUEST: 161 - COMPLETED
[17:22:18] REQUEST COMPLETED -> remaining active_jobs=388
[17:22:18] WAITING for remaining requests to finish (active_jobs=388)
[17:22:18] REQUEST: 150 - COMPLETED
[17:22:18] REQUEST COMPLETED -> remaining active_jobs=387
[17:22:18] WAITING for remaining requests to finish (active_jobs=387)
[17:22:18] REQUEST: 109 - COMPLETED
[17:22:18] REQUEST COMPLETED -> remaining active_jobs=386
[17:22:18] WAITING for remaining requests to finish (active_jobs=386)
[17:22:18] REQUEST: 119 - COMPLETED
[17:22:18] REQUEST COMPLETED -> remaining active_jobs=385
[17:22:18] WAITING for remaining requests to finish (active_jobs=385)
[17:22:18] REQUEST: 31 - COMPLETED
[17:22:18] REQUEST COMPLETED -> remaining active_jobs=384
[17:22:18] WAITING for remaining requests to finish (active_jobs=384)
[17:22:18] REQUEST: 148 - COMPLETED
[17:22:18] REQUEST COMPLETED -> remaining active_jobs=383
[17:22:18] WAITING for remaining requests to finish (active_jobs=383)
[17:22:18] REQUEST: 60 - COMPLETED
[17:22:18] REQUEST COMPLETED -> remaining active_jobs=382
[17:22:18] WAITING for remaining requests to finish (active_jobs=382)
[17:22:18] REQUEST: 79 - COMPLETED
[17:22:18] REQUEST COMPLETED -> remaining active_jobs=381
[17:22:18] WAITING for remaining requests to finish (active_jobs=381)
[17:22:18] REQUEST: 42 - COMPLETED
[17:22:18] REQUEST COMPLETED -> remaining active_jobs=380
[17:22:18] WAITING for remaining requests to finish (active_jobs=380)
[17:22:18] REQUEST: 143 - COMPLETED
[17:22:18] REQUEST COMPLETED -> remaining active_jobs=379
[17:22:18] WAITING for remaining requests to finish (active_jobs=379)
[17:22:18] REQUEST: 135 - COMPLETED
[17:22:18] REQUEST COMPLETED -> remaining active_jobs=378
[17:22:18] WAITING for remaining requests to finish (active_jobs=378)
[17:22:18] REQUEST: 43 - COMPLETED
[17:22:18] REQUEST COMPLETED -> remaining active_jobs=377
[17:22:18] WAITING for remaining requests to finish (active_jobs=377)
[17:22:19] REQUEST: 231 - COMPLETED
[17:22:19] REQUEST COMPLETED -> remaining active_jobs=376
[17:22:19] WAITING for remaining requests to finish (active_jobs=376)
[17:22:19] REQUEST: 246 - COMPLETED
[17:22:19] REQUEST COMPLETED -> remaining active_jobs=375
[17:22:19] WAITING for remaining requests to finish (active_jobs=375)
[17:22:19] REQUEST: 117 - COMPLETED
[17:22:19] REQUEST COMPLETED -> remaining active_jobs=374
[17:22:19] WAITING for remaining requests to finish (active_jobs=374)
[17:22:19] REQUEST: 49 - COMPLETED
[17:22:19] REQUEST COMPLETED -> remaining active_jobs=373
[17:22:19] WAITING for remaining requests to finish (active_jobs=373)
[17:22:19] REQUEST: 96 - COMPLETED
[17:22:19] REQUEST COMPLETED -> remaining active_jobs=372
[17:22:19] WAITING for remaining requests to finish (active_jobs=372)
[17:22:19] REQUEST: 250 - COMPLETED
[17:22:19] REQUEST COMPLETED -> remaining active_jobs=371
[17:22:19] WAITING for remaining requests to finish (active_jobs=371)
[17:22:19] REQUEST: 193 - COMPLETED
[17:22:19] REQUEST COMPLETED -> remaining active_jobs=370
[17:22:19] WAITING for remaining requests to finish (active_jobs=370)
[17:22:19] REQUEST: 179 - COMPLETED
[17:22:19] REQUEST COMPLETED -> remaining active_jobs=369
[17:22:19] WAITING for remaining requests to finish (active_jobs=369)
[17:22:19] REQUEST: 21 - COMPLETED
[17:22:19] REQUEST COMPLETED -> remaining active_jobs=368
[17:22:19] WAITING for remaining requests to finish (active_jobs=368)
[17:22:19] REQUEST: 210 - COMPLETED
[17:22:19] REQUEST COMPLETED -> remaining active_jobs=367
[17:22:19] WAITING for remaining requests to finish (active_jobs=367)
[17:22:19] REQUEST: 224 - COMPLETED
[17:22:19] REQUEST COMPLETED -> remaining active_jobs=366
[17:22:19] WAITING for remaining requests to finish (active_jobs=366)
[17:22:19] REQUEST: 403 - COMPLETED
[17:22:19] REQUEST COMPLETED -> remaining active_jobs=365
[17:22:19] WAITING for remaining requests to finish (active_jobs=365)
[17:22:19] REQUEST: 125 - COMPLETED
[17:22:19] REQUEST COMPLETED -> remaining active_jobs=364
[17:22:19] WAITING for remaining requests to finish (active_jobs=364)
[17:22:19] REQUEST: 73 - COMPLETED
[17:22:19] REQUEST COMPLETED -> remaining active_jobs=363
[17:22:19] WAITING for remaining requests to finish (active_jobs=363)
[17:22:20] REQUEST: 139 - COMPLETED
[17:22:20] REQUEST COMPLETED -> remaining active_jobs=362
[17:22:20] WAITING for remaining requests to finish (active_jobs=362)
[17:22:20] REQUEST: 326 - COMPLETED
[17:22:20] REQUEST COMPLETED -> remaining active_jobs=361
[17:22:20] WAITING for remaining requests to finish (active_jobs=361)
[17:22:20] REQUEST: 223 - COMPLETED
[17:22:20] REQUEST COMPLETED -> remaining active_jobs=360
[17:22:20] WAITING for remaining requests to finish (active_jobs=360)
[17:22:20] REQUEST: 352 - COMPLETED
[17:22:20] REQUEST COMPLETED -> remaining active_jobs=359
[17:22:20] WAITING for remaining requests to finish (active_jobs=359)
[17:22:20] REQUEST: 252 - COMPLETED
[17:22:20] REQUEST COMPLETED -> remaining active_jobs=358
[17:22:20] WAITING for remaining requests to finish (active_jobs=358)
[17:22:20] REQUEST: 199 - COMPLETED
[17:22:20] REQUEST COMPLETED -> remaining active_jobs=357
[17:22:20] WAITING for remaining requests to finish (active_jobs=357)
[17:22:20] REQUEST: 391 - COMPLETED
[17:22:20] REQUEST COMPLETED -> remaining active_jobs=356
[17:22:20] WAITING for remaining requests to finish (active_jobs=356)
[17:22:20] REQUEST: 152 - COMPLETED
[17:22:20] REQUEST COMPLETED -> remaining active_jobs=355
[17:22:20] WAITING for remaining requests to finish (active_jobs=355)
[17:22:20] REQUEST: 258 - COMPLETED
[17:22:20] REQUEST COMPLETED -> remaining active_jobs=354
[17:22:20] WAITING for remaining requests to finish (active_jobs=354)
[17:22:20] REQUEST: 174 - COMPLETED
[17:22:20] REQUEST COMPLETED -> remaining active_jobs=353
[17:22:20] WAITING for remaining requests to finish (active_jobs=353)
[17:22:20] REQUEST: 427 - COMPLETED
[17:22:20] REQUEST COMPLETED -> remaining active_jobs=352
[17:22:20] WAITING for remaining requests to finish (active_jobs=352)
[17:22:20] REQUEST: 338 - COMPLETED
[17:22:20] REQUEST COMPLETED -> remaining active_jobs=351
[17:22:20] WAITING for remaining requests to finish (active_jobs=351)
[17:22:20] REQUEST: 219 - COMPLETED
[17:22:20] REQUEST COMPLETED -> remaining active_jobs=350
[17:22:20] WAITING for remaining requests to finish (active_jobs=350)
[17:22:21] REQUEST: 206 - COMPLETED
[17:22:21] REQUEST COMPLETED -> remaining active_jobs=349
[17:22:21] WAITING for remaining requests to finish (active_jobs=349)
[17:22:21] REQUEST: 239 - COMPLETED
[17:22:21] REQUEST COMPLETED -> remaining active_jobs=348
[17:22:21] WAITING for remaining requests to finish (active_jobs=348)
[17:22:21] REQUEST: 288 - COMPLETED
[17:22:21] REQUEST COMPLETED -> remaining active_jobs=347
[17:22:21] WAITING for remaining requests to finish (active_jobs=347)
[17:22:21] REQUEST: 175 - COMPLETED
[17:22:21] REQUEST COMPLETED -> remaining active_jobs=346
[17:22:21] WAITING for remaining requests to finish (active_jobs=346)
[17:22:21] REQUEST: 280 - COMPLETED
[17:22:21] REQUEST COMPLETED -> remaining active_jobs=345
[17:22:21] WAITING for remaining requests to finish (active_jobs=345)
[17:22:21] REQUEST: 242 - COMPLETED
[17:22:21] REQUEST COMPLETED -> remaining active_jobs=344
[17:22:21] WAITING for remaining requests to finish (active_jobs=344)
[17:22:21] REQUEST: 36 - COMPLETED
[17:22:21] REQUEST COMPLETED -> remaining active_jobs=343
[17:22:21] WAITING for remaining requests to finish (active_jobs=343)
[17:22:21] REQUEST: 309 - COMPLETED
[17:22:21] REQUEST COMPLETED -> remaining active_jobs=342
[17:22:21] WAITING for remaining requests to finish (active_jobs=342)
[17:22:21] REQUEST: 254 - COMPLETED
[17:22:21] REQUEST COMPLETED -> remaining active_jobs=341
[17:22:21] WAITING for remaining requests to finish (active_jobs=341)
[17:22:21] REQUEST: 313 - COMPLETED
[17:22:21] REQUEST COMPLETED -> remaining active_jobs=340
[17:22:21] WAITING for remaining requests to finish (active_jobs=340)
[17:22:21] REQUEST: 359 - COMPLETED
[17:22:21] REQUEST COMPLETED -> remaining active_jobs=339
[17:22:21] WAITING for remaining requests to finish (active_jobs=339)
[17:22:21] REQUEST: 180 - COMPLETED
[17:22:21] REQUEST COMPLETED -> remaining active_jobs=338
[17:22:21] WAITING for remaining requests to finish (active_jobs=338)
[17:22:21] REQUEST: 184 - COMPLETED
[17:22:21] REQUEST COMPLETED -> remaining active_jobs=337
[17:22:21] WAITING for remaining requests to finish (active_jobs=337)
[17:22:22] REQUEST: 392 - COMPLETED
[17:22:22] REQUEST COMPLETED -> remaining active_jobs=336
[17:22:22] WAITING for remaining requests to finish (active_jobs=336)
[17:22:22] REQUEST: 194 - COMPLETED
[17:22:22] REQUEST COMPLETED -> remaining active_jobs=335
[17:22:22] WAITING for remaining requests to finish (active_jobs=335)
[17:22:22] REQUEST: 426 - COMPLETED
[17:22:22] REQUEST COMPLETED -> remaining active_jobs=334
[17:22:22] WAITING for remaining requests to finish (active_jobs=334)
[17:22:22] REQUEST: 187 - COMPLETED
[17:22:22] REQUEST COMPLETED -> remaining active_jobs=333
[17:22:22] WAITING for remaining requests to finish (active_jobs=333)
[17:22:22] REQUEST: 208 - COMPLETED
[17:22:22] REQUEST COMPLETED -> remaining active_jobs=332
[17:22:22] WAITING for remaining requests to finish (active_jobs=332)
[17:22:22] REQUEST: 118 - COMPLETED
[17:22:22] REQUEST COMPLETED -> remaining active_jobs=331
[17:22:22] WAITING for remaining requests to finish (active_jobs=331)
[17:22:22] REQUEST: 253 - COMPLETED
[17:22:22] REQUEST COMPLETED -> remaining active_jobs=330
[17:22:22] WAITING for remaining requests to finish (active_jobs=330)
[17:22:22] REQUEST: 81 - COMPLETED
[17:22:22] REQUEST COMPLETED -> remaining active_jobs=329
[17:22:22] WAITING for remaining requests to finish (active_jobs=329)
[17:22:22] REQUEST: 228 - COMPLETED
[17:22:22] REQUEST COMPLETED -> remaining active_jobs=328
[17:22:22] WAITING for remaining requests to finish (active_jobs=328)
[17:22:22] REQUEST: 186 - COMPLETED
[17:22:22] REQUEST COMPLETED -> remaining active_jobs=327
[17:22:22] WAITING for remaining requests to finish (active_jobs=327)
[17:22:22] REQUEST: 453 - COMPLETED
[17:22:22] REQUEST COMPLETED -> remaining active_jobs=326
[17:22:22] WAITING for remaining requests to finish (active_jobs=326)
[17:22:22] REQUEST: 379 - COMPLETED
[17:22:22] REQUEST COMPLETED -> remaining active_jobs=325
[17:22:22] WAITING for remaining requests to finish (active_jobs=325)
[17:22:22] REQUEST: 121 - COMPLETED
[17:22:22] REQUEST COMPLETED -> remaining active_jobs=324
[17:22:22] WAITING for remaining requests to finish (active_jobs=324)
[17:22:22] REQUEST: 236 - COMPLETED
[17:22:22] REQUEST COMPLETED -> remaining active_jobs=323
[17:22:22] WAITING for remaining requests to finish (active_jobs=323)
[17:22:23] REQUEST: 369 - COMPLETED
[17:22:23] REQUEST COMPLETED -> remaining active_jobs=322
[17:22:23] WAITING for remaining requests to finish (active_jobs=322)
[17:22:23] REQUEST: 296 - COMPLETED
[17:22:23] REQUEST COMPLETED -> remaining active_jobs=321
[17:22:23] WAITING for remaining requests to finish (active_jobs=321)
[17:22:23] REQUEST: 330 - COMPLETED
[17:22:23] REQUEST COMPLETED -> remaining active_jobs=320
[17:22:23] WAITING for remaining requests to finish (active_jobs=320)
[17:22:23] REQUEST: 365 - COMPLETED
[17:22:23] REQUEST COMPLETED -> remaining active_jobs=319
[17:22:23] WAITING for remaining requests to finish (active_jobs=319)
[17:22:23] REQUEST: 80 - COMPLETED
[17:22:23] REQUEST COMPLETED -> remaining active_jobs=318
[17:22:23] WAITING for remaining requests to finish (active_jobs=318)
[17:22:23] REQUEST: 472 - COMPLETED
[17:22:23] REQUEST COMPLETED -> remaining active_jobs=317
[17:22:23] WAITING for remaining requests to finish (active_jobs=317)
[17:22:23] REQUEST: 51 - COMPLETED
[17:22:23] REQUEST COMPLETED -> remaining active_jobs=316
[17:22:23] WAITING for remaining requests to finish (active_jobs=316)
[17:22:23] REQUEST: 146 - COMPLETED
[17:22:23] REQUEST COMPLETED -> remaining active_jobs=315
[17:22:23] WAITING for remaining requests to finish (active_jobs=315)
[17:22:23] REQUEST: 245 - COMPLETED
[17:22:23] REQUEST COMPLETED -> remaining active_jobs=314
[17:22:23] WAITING for remaining requests to finish (active_jobs=314)
[17:22:23] REQUEST: 377 - COMPLETED
[17:22:23] REQUEST COMPLETED -> remaining active_jobs=313
[17:22:23] WAITING for remaining requests to finish (active_jobs=313)
[17:22:23] REQUEST: 451 - COMPLETED
[17:22:23] REQUEST COMPLETED -> remaining active_jobs=312
[17:22:23] WAITING for remaining requests to finish (active_jobs=312)
[17:22:23] REQUEST: 140 - COMPLETED
[17:22:23] REQUEST COMPLETED -> remaining active_jobs=311
[17:22:23] WAITING for remaining requests to finish (active_jobs=311)
[17:22:23] REQUEST: 122 - COMPLETED
[17:22:23] REQUEST COMPLETED -> remaining active_jobs=310
[17:22:23] WAITING for remaining requests to finish (active_jobs=310)
[17:22:24] REQUEST: 456 - COMPLETED
[17:22:24] REQUEST COMPLETED -> remaining active_jobs=309
[17:22:24] WAITING for remaining requests to finish (active_jobs=309)
[17:22:24] REQUEST: 205 - COMPLETED
[17:22:24] REQUEST COMPLETED -> remaining active_jobs=308
[17:22:24] WAITING for remaining requests to finish (active_jobs=308)
[17:22:24] REQUEST: 320 - COMPLETED
[17:22:24] REQUEST COMPLETED -> remaining active_jobs=307
[17:22:24] WAITING for remaining requests to finish (active_jobs=307)
[17:22:24] REQUEST: 297 - COMPLETED
[17:22:24] REQUEST COMPLETED -> remaining active_jobs=306
[17:22:24] WAITING for remaining requests to finish (active_jobs=306)
[17:22:24] REQUEST: 209 - COMPLETED
[17:22:24] REQUEST COMPLETED -> remaining active_jobs=305
[17:22:24] WAITING for remaining requests to finish (active_jobs=305)
[17:22:24] REQUEST: 355 - COMPLETED
[17:22:24] REQUEST COMPLETED -> remaining active_jobs=304
[17:22:24] WAITING for remaining requests to finish (active_jobs=304)
[17:22:24] REQUEST: 437 - COMPLETED
[17:22:24] REQUEST COMPLETED -> remaining active_jobs=303
[17:22:24] WAITING for remaining requests to finish (active_jobs=303)
[17:22:24] REQUEST: 286 - COMPLETED
[17:22:24] REQUEST COMPLETED -> remaining active_jobs=302
[17:22:24] WAITING for remaining requests to finish (active_jobs=302)
[17:22:24] REQUEST: 371 - COMPLETED
[17:22:24] REQUEST COMPLETED -> remaining active_jobs=301
[17:22:24] WAITING for remaining requests to finish (active_jobs=301)
[17:22:24] REQUEST: 169 - COMPLETED
[17:22:24] REQUEST COMPLETED -> remaining active_jobs=300
[17:22:24] WAITING for remaining requests to finish (active_jobs=300)
[17:22:24] REQUEST: 430 - COMPLETED
[17:22:24] REQUEST COMPLETED -> remaining active_jobs=299
[17:22:24] WAITING for remaining requests to finish (active_jobs=299)
[17:22:24] REQUEST: 395 - COMPLETED
[17:22:24] REQUEST COMPLETED -> remaining active_jobs=298
[17:22:24] WAITING for remaining requests to finish (active_jobs=298)
[17:22:24] REQUEST: 71 - COMPLETED
[17:22:24] REQUEST COMPLETED -> remaining active_jobs=297
[17:22:24] WAITING for remaining requests to finish (active_jobs=297)
[17:22:25] REQUEST: 462 - COMPLETED
[17:22:25] REQUEST COMPLETED -> remaining active_jobs=296
[17:22:25] WAITING for remaining requests to finish (active_jobs=296)
[17:22:25] REQUEST: 167 - COMPLETED
[17:22:25] REQUEST COMPLETED -> remaining active_jobs=295
[17:22:25] WAITING for remaining requests to finish (active_jobs=295)
[17:22:25] REQUEST: 232 - COMPLETED
[17:22:25] REQUEST COMPLETED -> remaining active_jobs=294
[17:22:25] WAITING for remaining requests to finish (active_jobs=294)
[17:22:25] REQUEST: 230 - COMPLETED
[17:22:25] REQUEST COMPLETED -> remaining active_jobs=293
[17:22:25] WAITING for remaining requests to finish (active_jobs=293)
[17:22:25] REQUEST: 225 - COMPLETED
[17:22:25] REQUEST COMPLETED -> remaining active_jobs=292
[17:22:25] WAITING for remaining requests to finish (active_jobs=292)
[17:22:25] REQUEST: 302 - COMPLETED
[17:22:25] REQUEST COMPLETED -> remaining active_jobs=291
[17:22:25] WAITING for remaining requests to finish (active_jobs=291)
[17:22:25] REQUEST: 317 - COMPLETED
[17:22:25] REQUEST COMPLETED -> remaining active_jobs=290
[17:22:25] WAITING for remaining requests to finish (active_jobs=290)
[17:22:25] REQUEST: 432 - COMPLETED
[17:22:25] REQUEST COMPLETED -> remaining active_jobs=289
[17:22:25] WAITING for remaining requests to finish (active_jobs=289)
[17:22:25] REQUEST: 363 - COMPLETED
[17:22:25] REQUEST COMPLETED -> remaining active_jobs=288
[17:22:25] WAITING for remaining requests to finish (active_jobs=288)
[17:22:25] REQUEST: 264 - COMPLETED
[17:22:25] REQUEST COMPLETED -> remaining active_jobs=287
[17:22:25] WAITING for remaining requests to finish (active_jobs=287)
[17:22:25] REQUEST: 394 - COMPLETED
[17:22:25] REQUEST COMPLETED -> remaining active_jobs=286
[17:22:25] WAITING for remaining requests to finish (active_jobs=286)
[17:22:25] REQUEST: 153 - COMPLETED
[17:22:25] REQUEST COMPLETED -> remaining active_jobs=285
[17:22:25] WAITING for remaining requests to finish (active_jobs=285)
[17:22:25] REQUEST: 344 - COMPLETED
[17:22:25] REQUEST COMPLETED -> remaining active_jobs=284
[17:22:25] WAITING for remaining requests to finish (active_jobs=284)
[17:22:25] REQUEST: 181 - COMPLETED
[17:22:25] REQUEST COMPLETED -> remaining active_jobs=283
[17:22:25] WAITING for remaining requests to finish (active_jobs=283)
[17:22:26] REQUEST: 120 - COMPLETED
[17:22:26] REQUEST COMPLETED -> remaining active_jobs=282
[17:22:26] WAITING for remaining requests to finish (active_jobs=282)
[17:22:26] REQUEST: 255 - COMPLETED
[17:22:26] REQUEST COMPLETED -> remaining active_jobs=281
[17:22:26] WAITING for remaining requests to finish (active_jobs=281)
[17:22:26] REQUEST: 368 - COMPLETED
[17:22:26] REQUEST COMPLETED -> remaining active_jobs=280
[17:22:26] WAITING for remaining requests to finish (active_jobs=280)
[17:22:26] REQUEST: 331 - COMPLETED
[17:22:26] REQUEST COMPLETED -> remaining active_jobs=279
[17:22:26] WAITING for remaining requests to finish (active_jobs=279)
[17:22:26] REQUEST: 44 - COMPLETED
[17:22:26] REQUEST COMPLETED -> remaining active_jobs=278
[17:22:26] WAITING for remaining requests to finish (active_jobs=278)
[17:22:26] REQUEST: 455 - COMPLETED
[17:22:26] REQUEST COMPLETED -> remaining active_jobs=277
[17:22:26] WAITING for remaining requests to finish (active_jobs=277)
[17:22:26] REQUEST: 305 - COMPLETED
[17:22:26] REQUEST COMPLETED -> remaining active_jobs=276
[17:22:26] WAITING for remaining requests to finish (active_jobs=276)
[17:22:26] REQUEST: 207 - COMPLETED
[17:22:26] REQUEST COMPLETED -> remaining active_jobs=275
[17:22:26] WAITING for remaining requests to finish (active_jobs=275)
[17:22:26] REQUEST: 172 - COMPLETED
[17:22:26] REQUEST COMPLETED -> remaining active_jobs=274
[17:22:26] WAITING for remaining requests to finish (active_jobs=274)
[17:22:26] REQUEST: 273 - COMPLETED
[17:22:26] REQUEST COMPLETED -> remaining active_jobs=273
[17:22:26] WAITING for remaining requests to finish (active_jobs=273)
[17:22:26] REQUEST: 212 - COMPLETED
[17:22:26] REQUEST COMPLETED -> remaining active_jobs=272
[17:22:26] WAITING for remaining requests to finish (active_jobs=272)
[17:22:26] REQUEST: 191 - COMPLETED
[17:22:26] REQUEST COMPLETED -> remaining active_jobs=271
[17:22:26] WAITING for remaining requests to finish (active_jobs=271)
[17:22:26] REQUEST: 425 - COMPLETED
[17:22:26] REQUEST COMPLETED -> remaining active_jobs=270
[17:22:26] WAITING for remaining requests to finish (active_jobs=270)
[17:22:27] REQUEST: 213 - COMPLETED
[17:22:27] REQUEST COMPLETED -> remaining active_jobs=269
[17:22:27] WAITING for remaining requests to finish (active_jobs=269)
[17:22:27] REQUEST: 471 - COMPLETED
[17:22:27] REQUEST COMPLETED -> remaining active_jobs=268
[17:22:27] WAITING for remaining requests to finish (active_jobs=268)
[17:22:27] REQUEST: 115 - COMPLETED
[17:22:27] REQUEST COMPLETED -> remaining active_jobs=267
[17:22:27] WAITING for remaining requests to finish (active_jobs=267)
[17:22:27] REQUEST: 259 - COMPLETED
[17:22:27] REQUEST COMPLETED -> remaining active_jobs=266
[17:22:27] WAITING for remaining requests to finish (active_jobs=266)
[17:22:27] REQUEST: 357 - COMPLETED
[17:22:27] REQUEST COMPLETED -> remaining active_jobs=265
[17:22:27] WAITING for remaining requests to finish (active_jobs=265)
[17:22:27] REQUEST: 334 - COMPLETED
[17:22:27] REQUEST COMPLETED -> remaining active_jobs=264
[17:22:27] WAITING for remaining requests to finish (active_jobs=264)
[17:22:27] REQUEST: 378 - COMPLETED
[17:22:27] REQUEST COMPLETED -> remaining active_jobs=263
[17:22:27] WAITING for remaining requests to finish (active_jobs=263)
[17:22:27] REQUEST: 383 - COMPLETED
[17:22:27] REQUEST COMPLETED -> remaining active_jobs=262
[17:22:27] WAITING for remaining requests to finish (active_jobs=262)
[17:22:27] REQUEST: 216 - COMPLETED
[17:22:27] REQUEST COMPLETED -> remaining active_jobs=261
[17:22:27] WAITING for remaining requests to finish (active_jobs=261)
[17:22:27] REQUEST: 220 - COMPLETED
[17:22:27] REQUEST COMPLETED -> remaining active_jobs=260
[17:22:27] WAITING for remaining requests to finish (active_jobs=260)
[17:22:27] REQUEST: 466 - COMPLETED
[17:22:27] REQUEST COMPLETED -> remaining active_jobs=259
[17:22:27] WAITING for remaining requests to finish (active_jobs=259)
[17:22:27] REQUEST: 200 - COMPLETED
[17:22:27] REQUEST COMPLETED -> remaining active_jobs=258
[17:22:27] WAITING for remaining requests to finish (active_jobs=258)
[17:22:27] REQUEST: 124 - COMPLETED
[17:22:27] REQUEST COMPLETED -> remaining active_jobs=257
[17:22:27] WAITING for remaining requests to finish (active_jobs=257)
[17:22:27] REQUEST: 460 - COMPLETED
[17:22:27] REQUEST COMPLETED -> remaining active_jobs=256
[17:22:27] WAITING for remaining requests to finish (active_jobs=256)
[17:22:28] REQUEST: 461 - COMPLETED
[17:22:28] REQUEST COMPLETED -> remaining active_jobs=255
[17:22:28] WAITING for remaining requests to finish (active_jobs=255)
[17:22:28] REQUEST: 267 - COMPLETED
[17:22:28] REQUEST COMPLETED -> remaining active_jobs=254
[17:22:28] WAITING for remaining requests to finish (active_jobs=254)
[17:22:28] REQUEST: 318 - COMPLETED
[17:22:28] REQUEST COMPLETED -> remaining active_jobs=253
[17:22:28] WAITING for remaining requests to finish (active_jobs=253)
[17:22:28] REQUEST: 452 - COMPLETED
[17:22:28] REQUEST COMPLETED -> remaining active_jobs=252
[17:22:28] WAITING for remaining requests to finish (active_jobs=252)
[17:22:28] REQUEST: 59 - COMPLETED
[17:22:28] REQUEST COMPLETED -> remaining active_jobs=251
[17:22:28] WAITING for remaining requests to finish (active_jobs=251)
[17:22:28] REQUEST: 380 - COMPLETED
[17:22:28] REQUEST COMPLETED -> remaining active_jobs=250
[17:22:28] WAITING for remaining requests to finish (active_jobs=250)
[17:22:28] REQUEST: 303 - COMPLETED
[17:22:28] REQUEST COMPLETED -> remaining active_jobs=249
[17:22:28] WAITING for remaining requests to finish (active_jobs=249)
[17:22:28] REQUEST: 173 - COMPLETED
[17:22:28] REQUEST COMPLETED -> remaining active_jobs=248
[17:22:28] WAITING for remaining requests to finish (active_jobs=248)
[17:22:28] REQUEST: 482 - COMPLETED
[17:22:28] REQUEST COMPLETED -> remaining active_jobs=247
[17:22:28] WAITING for remaining requests to finish (active_jobs=247)
[17:22:28] REQUEST: 162 - COMPLETED
[17:22:28] REQUEST COMPLETED -> remaining active_jobs=246
[17:22:28] WAITING for remaining requests to finish (active_jobs=246)
[17:22:28] REQUEST: 293 - COMPLETED
[17:22:28] REQUEST COMPLETED -> remaining active_jobs=245
[17:22:28] WAITING for remaining requests to finish (active_jobs=245)
[17:22:28] REQUEST: 189 - COMPLETED
[17:22:28] REQUEST COMPLETED -> remaining active_jobs=244
[17:22:28] WAITING for remaining requests to finish (active_jobs=244)
[17:22:28] REQUEST: 229 - COMPLETED
[17:22:28] REQUEST COMPLETED -> remaining active_jobs=243
[17:22:28] WAITING for remaining requests to finish (active_jobs=243)
[17:22:29] REQUEST: 475 - COMPLETED
[17:22:29] REQUEST COMPLETED -> remaining active_jobs=242
[17:22:29] WAITING for remaining requests to finish (active_jobs=242)
[17:22:29] REQUEST: 282 - COMPLETED
[17:22:29] REQUEST COMPLETED -> remaining active_jobs=241
[17:22:29] WAITING for remaining requests to finish (active_jobs=241)
[17:22:29] REQUEST: 469 - COMPLETED
[17:22:29] REQUEST COMPLETED -> remaining active_jobs=240
[17:22:29] WAITING for remaining requests to finish (active_jobs=240)
[17:22:29] REQUEST: 265 - COMPLETED
[17:22:29] REQUEST COMPLETED -> remaining active_jobs=239
[17:22:29] WAITING for remaining requests to finish (active_jobs=239)
[17:22:29] REQUEST: 324 - COMPLETED
[17:22:29] REQUEST COMPLETED -> remaining active_jobs=238
[17:22:29] WAITING for remaining requests to finish (active_jobs=238)
[17:22:29] REQUEST: 463 - COMPLETED
[17:22:29] REQUEST COMPLETED -> remaining active_jobs=237
[17:22:29] WAITING for remaining requests to finish (active_jobs=237)
[17:22:29] REQUEST: 156 - COMPLETED
[17:22:29] REQUEST COMPLETED -> remaining active_jobs=236
[17:22:29] WAITING for remaining requests to finish (active_jobs=236)
[17:22:29] REQUEST: 279 - COMPLETED
[17:22:29] REQUEST COMPLETED -> remaining active_jobs=235
[17:22:29] WAITING for remaining requests to finish (active_jobs=235)
[17:22:29] REQUEST: 454 - COMPLETED
[17:22:29] REQUEST COMPLETED -> remaining active_jobs=234
[17:22:29] WAITING for remaining requests to finish (active_jobs=234)
[17:22:29] REQUEST: 158 - COMPLETED
[17:22:29] REQUEST COMPLETED -> remaining active_jobs=233
[17:22:29] WAITING for remaining requests to finish (active_jobs=233)
[17:22:29] REQUEST: 271 - COMPLETED
[17:22:29] REQUEST COMPLETED -> remaining active_jobs=232
[17:22:29] WAITING for remaining requests to finish (active_jobs=232)
[17:22:29] REQUEST: 316 - COMPLETED
[17:22:29] REQUEST COMPLETED -> remaining active_jobs=231
[17:22:29] WAITING for remaining requests to finish (active_jobs=231)
[17:22:29] REQUEST: 470 - COMPLETED
[17:22:29] REQUEST COMPLETED -> remaining active_jobs=230
[17:22:29] WAITING for remaining requests to finish (active_jobs=230)
[17:22:29] REQUEST: 458 - COMPLETED
[17:22:29] REQUEST COMPLETED -> remaining active_jobs=229
[17:22:30] WAITING for remaining requests to finish (active_jobs=229)
[17:22:30] REQUEST: 436 - COMPLETED
[17:22:30] REQUEST COMPLETED -> remaining active_jobs=228
[17:22:30] WAITING for remaining requests to finish (active_jobs=228)
[17:22:30] REQUEST: 233 - COMPLETED
[17:22:30] REQUEST COMPLETED -> remaining active_jobs=227
[17:22:30] WAITING for remaining requests to finish (active_jobs=227)
[17:22:30] REQUEST: 349 - COMPLETED
[17:22:30] REQUEST COMPLETED -> remaining active_jobs=226
[17:22:30] WAITING for remaining requests to finish (active_jobs=226)
[17:22:30] REQUEST: 126 - COMPLETED
[17:22:30] REQUEST COMPLETED -> remaining active_jobs=225
[17:22:30] WAITING for remaining requests to finish (active_jobs=225)
[17:22:30] REQUEST: 358 - COMPLETED
[17:22:30] REQUEST COMPLETED -> remaining active_jobs=224
[17:22:30] WAITING for remaining requests to finish (active_jobs=224)
[17:22:30] REQUEST: 346 - COMPLETED
[17:22:30] REQUEST COMPLETED -> remaining active_jobs=223
[17:22:30] WAITING for remaining requests to finish (active_jobs=223)
[17:22:30] REQUEST: 353 - COMPLETED
[17:22:30] REQUEST COMPLETED -> remaining active_jobs=222
[17:22:30] WAITING for remaining requests to finish (active_jobs=222)
[17:22:30] REQUEST: 171 - COMPLETED
[17:22:30] REQUEST COMPLETED -> remaining active_jobs=221
[17:22:30] WAITING for remaining requests to finish (active_jobs=221)
[17:22:30] REQUEST: 128 - COMPLETED
[17:22:30] REQUEST COMPLETED -> remaining active_jobs=220
[17:22:30] WAITING for remaining requests to finish (active_jobs=220)
[17:22:30] REQUEST: 312 - COMPLETED
[17:22:30] REQUEST COMPLETED -> remaining active_jobs=219
[17:22:30] WAITING for remaining requests to finish (active_jobs=219)
[17:22:30] REQUEST: 157 - COMPLETED
[17:22:30] REQUEST COMPLETED -> remaining active_jobs=218
[17:22:30] WAITING for remaining requests to finish (active_jobs=218)
[17:22:30] REQUEST: 298 - COMPLETED
[17:22:30] REQUEST COMPLETED -> remaining active_jobs=217
[17:22:30] WAITING for remaining requests to finish (active_jobs=217)
[17:22:30] REQUEST: 360 - COMPLETED
[17:22:30] REQUEST COMPLETED -> remaining active_jobs=216
[17:22:30] WAITING for remaining requests to finish (active_jobs=216)
[17:22:31] REQUEST: 428 - COMPLETED
[17:22:31] REQUEST COMPLETED -> remaining active_jobs=215
[17:22:31] WAITING for remaining requests to finish (active_jobs=215)
[17:22:31] REQUEST: 170 - COMPLETED
[17:22:31] REQUEST COMPLETED -> remaining active_jobs=214
[17:22:31] WAITING for remaining requests to finish (active_jobs=214)
[17:22:31] REQUEST: 92 - COMPLETED
[17:22:31] REQUEST COMPLETED -> remaining active_jobs=213
[17:22:31] WAITING for remaining requests to finish (active_jobs=213)
[17:22:31] REQUEST: 450 - COMPLETED
[17:22:31] REQUEST COMPLETED -> remaining active_jobs=212
[17:22:31] WAITING for remaining requests to finish (active_jobs=212)
[17:22:31] REQUEST: 243 - COMPLETED
[17:22:31] REQUEST COMPLETED -> remaining active_jobs=211
[17:22:31] WAITING for remaining requests to finish (active_jobs=211)
[17:22:31] REQUEST: 155 - COMPLETED
[17:22:31] REQUEST COMPLETED -> remaining active_jobs=210
[17:22:31] WAITING for remaining requests to finish (active_jobs=210)
[17:22:31] REQUEST: 301 - COMPLETED
[17:22:31] REQUEST COMPLETED -> remaining active_jobs=209
[17:22:31] WAITING for remaining requests to finish (active_jobs=209)
[17:22:31] REQUEST: 249 - COMPLETED
[17:22:31] REQUEST COMPLETED -> remaining active_jobs=208
[17:22:31] WAITING for remaining requests to finish (active_jobs=208)
[17:22:31] REQUEST: 176 - COMPLETED
[17:22:31] REQUEST COMPLETED -> remaining active_jobs=207
[17:22:31] WAITING for remaining requests to finish (active_jobs=207)
[17:22:31] REQUEST: 294 - COMPLETED
[17:22:31] REQUEST COMPLETED -> remaining active_jobs=206
[17:22:31] WAITING for remaining requests to finish (active_jobs=206)
[17:22:31] REQUEST: 434 - COMPLETED
[17:22:31] REQUEST COMPLETED -> remaining active_jobs=205
[17:22:31] WAITING for remaining requests to finish (active_jobs=205)
[17:22:31] REQUEST: 335 - COMPLETED
[17:22:31] REQUEST COMPLETED -> remaining active_jobs=204
[17:22:31] WAITING for remaining requests to finish (active_jobs=204)
[17:22:31] REQUEST: 238 - COMPLETED
[17:22:31] REQUEST COMPLETED -> remaining active_jobs=203
[17:22:31] WAITING for remaining requests to finish (active_jobs=203)
[17:22:32] REQUEST: 183 - COMPLETED
[17:22:32] REQUEST COMPLETED -> remaining active_jobs=202
[17:22:32] WAITING for remaining requests to finish (active_jobs=202)
[17:22:32] REQUEST: 256 - COMPLETED
[17:22:32] REQUEST COMPLETED -> remaining active_jobs=201
[17:22:32] WAITING for remaining requests to finish (active_jobs=201)
[17:22:32] REQUEST: 188 - COMPLETED
[17:22:32] REQUEST COMPLETED -> remaining active_jobs=200
[17:22:32] WAITING for remaining requests to finish (active_jobs=200)
[17:22:32] REQUEST: 308 - COMPLETED
[17:22:32] REQUEST COMPLETED -> remaining active_jobs=199
[17:22:32] WAITING for remaining requests to finish (active_jobs=199)
[17:22:32] REQUEST: 284 - COMPLETED
[17:22:32] REQUEST COMPLETED -> remaining active_jobs=198
[17:22:32] WAITING for remaining requests to finish (active_jobs=198)
[17:22:32] REQUEST: 409 - COMPLETED
[17:22:32] REQUEST COMPLETED -> remaining active_jobs=197
[17:22:32] WAITING for remaining requests to finish (active_jobs=197)
[17:22:32] REQUEST: 376 - COMPLETED
[17:22:32] REQUEST COMPLETED -> remaining active_jobs=196
[17:22:32] WAITING for remaining requests to finish (active_jobs=196)
[17:22:32] REQUEST: 149 - COMPLETED
[17:22:32] REQUEST COMPLETED -> remaining active_jobs=195
[17:22:32] WAITING for remaining requests to finish (active_jobs=195)
[17:22:32] REQUEST: 234 - COMPLETED
[17:22:32] REQUEST COMPLETED -> remaining active_jobs=194
[17:22:32] WAITING for remaining requests to finish (active_jobs=194)
[17:22:32] REQUEST: 321 - COMPLETED
[17:22:32] REQUEST COMPLETED -> remaining active_jobs=193
[17:22:32] WAITING for remaining requests to finish (active_jobs=193)
[17:22:32] REQUEST: 390 - COMPLETED
[17:22:32] REQUEST COMPLETED -> remaining active_jobs=192
[17:22:32] WAITING for remaining requests to finish (active_jobs=192)
[17:22:32] REQUEST: 123 - COMPLETED
[17:22:32] REQUEST COMPLETED -> remaining active_jobs=191
[17:22:32] WAITING for remaining requests to finish (active_jobs=191)
[17:22:32] REQUEST: 323 - COMPLETED
[17:22:32] REQUEST COMPLETED -> remaining active_jobs=190
[17:22:32] WAITING for remaining requests to finish (active_jobs=190)
[17:22:32] REQUEST: 348 - COMPLETED
[17:22:32] REQUEST COMPLETED -> remaining active_jobs=189
[17:22:32] WAITING for remaining requests to finish (active_jobs=189)
[17:22:33] REQUEST: 370 - COMPLETED
[17:22:33] REQUEST COMPLETED -> remaining active_jobs=188
[17:22:33] WAITING for remaining requests to finish (active_jobs=188)
[17:22:33] REQUEST: 165 - COMPLETED
[17:22:33] REQUEST COMPLETED -> remaining active_jobs=187
[17:22:33] WAITING for remaining requests to finish (active_jobs=187)
[17:22:33] REQUEST: 221 - COMPLETED
[17:22:33] REQUEST COMPLETED -> remaining active_jobs=186
[17:22:33] WAITING for remaining requests to finish (active_jobs=186)
[17:22:33] REQUEST: 196 - COMPLETED
[17:22:33] REQUEST COMPLETED -> remaining active_jobs=185
[17:22:33] WAITING for remaining requests to finish (active_jobs=185)
[17:22:33] REQUEST: 197 - COMPLETED
[17:22:33] REQUEST COMPLETED -> remaining active_jobs=184
[17:22:33] WAITING for remaining requests to finish (active_jobs=184)
[17:22:33] REQUEST: 468 - COMPLETED
[17:22:33] REQUEST COMPLETED -> remaining active_jobs=183
[17:22:33] WAITING for remaining requests to finish (active_jobs=183)
[17:22:33] REQUEST: 263 - COMPLETED
[17:22:33] REQUEST COMPLETED -> remaining active_jobs=182
[17:22:33] WAITING for remaining requests to finish (active_jobs=182)
[17:22:33] REQUEST: 287 - COMPLETED
[17:22:33] REQUEST COMPLETED -> remaining active_jobs=181
[17:22:33] WAITING for remaining requests to finish (active_jobs=181)
[17:22:33] REQUEST: 381 - COMPLETED
[17:22:33] REQUEST COMPLETED -> remaining active_jobs=180
[17:22:33] WAITING for remaining requests to finish (active_jobs=180)
[17:22:33] REQUEST: 431 - COMPLETED
[17:22:33] REQUEST COMPLETED -> remaining active_jobs=179
[17:22:33] WAITING for remaining requests to finish (active_jobs=179)
[17:22:33] REQUEST: 474 - COMPLETED
[17:22:33] REQUEST COMPLETED -> remaining active_jobs=178
[17:22:33] WAITING for remaining requests to finish (active_jobs=178)
[17:22:33] REQUEST: 182 - COMPLETED
[17:22:33] REQUEST COMPLETED -> remaining active_jobs=177
[17:22:33] WAITING for remaining requests to finish (active_jobs=177)
[17:22:33] REQUEST: 260 - COMPLETED
[17:22:33] REQUEST COMPLETED -> remaining active_jobs=176
[17:22:33] WAITING for remaining requests to finish (active_jobs=176)
[17:22:34] REQUEST: 336 - COMPLETED
[17:22:34] REQUEST COMPLETED -> remaining active_jobs=175
[17:22:34] WAITING for remaining requests to finish (active_jobs=175)
[17:22:34] REQUEST: 141 - COMPLETED
[17:22:34] REQUEST COMPLETED -> remaining active_jobs=174
[17:22:34] WAITING for remaining requests to finish (active_jobs=174)
[17:22:34] REQUEST: 366 - COMPLETED
[17:22:34] REQUEST COMPLETED -> remaining active_jobs=173
[17:22:34] WAITING for remaining requests to finish (active_jobs=173)
[17:22:34] REQUEST: 356 - COMPLETED
[17:22:34] REQUEST COMPLETED -> remaining active_jobs=172
[17:22:34] WAITING for remaining requests to finish (active_jobs=172)
[17:22:34] REQUEST: 459 - COMPLETED
[17:22:34] REQUEST COMPLETED -> remaining active_jobs=171
[17:22:34] WAITING for remaining requests to finish (active_jobs=171)
[17:22:34] REQUEST: 405 - COMPLETED
[17:22:34] REQUEST COMPLETED -> remaining active_jobs=170
[17:22:34] WAITING for remaining requests to finish (active_jobs=170)
[17:22:34] REQUEST: 393 - COMPLETED
[17:22:34] REQUEST COMPLETED -> remaining active_jobs=169
[17:22:34] WAITING for remaining requests to finish (active_jobs=169)
[17:22:34] REQUEST: 500 - COMPLETED
[17:22:34] REQUEST COMPLETED -> remaining active_jobs=168
[17:22:34] WAITING for remaining requests to finish (active_jobs=168)
[17:22:34] REQUEST: 387 - COMPLETED
[17:22:34] REQUEST COMPLETED -> remaining active_jobs=167
[17:22:34] WAITING for remaining requests to finish (active_jobs=167)
[17:22:34] REQUEST: 404 - COMPLETED
[17:22:34] REQUEST COMPLETED -> remaining active_jobs=166
[17:22:34] WAITING for remaining requests to finish (active_jobs=166)
[17:22:34] REQUEST: 292 - COMPLETED
[17:22:34] REQUEST COMPLETED -> remaining active_jobs=165
[17:22:34] WAITING for remaining requests to finish (active_jobs=165)
[17:22:34] REQUEST: 226 - COMPLETED
[17:22:34] REQUEST COMPLETED -> remaining active_jobs=164
[17:22:34] WAITING for remaining requests to finish (active_jobs=164)
[17:22:34] REQUEST: 262 - COMPLETED
[17:22:34] REQUEST COMPLETED -> remaining active_jobs=163
[17:22:34] WAITING for remaining requests to finish (active_jobs=163)
[17:22:34] REQUEST: 227 - COMPLETED
[17:22:34] REQUEST COMPLETED -> remaining active_jobs=162
[17:22:34] WAITING for remaining requests to finish (active_jobs=162)
[17:22:35] REQUEST: 361 - COMPLETED
[17:22:35] REQUEST COMPLETED -> remaining active_jobs=161
[17:22:35] WAITING for remaining requests to finish (active_jobs=161)
[17:22:35] REQUEST: 283 - COMPLETED
[17:22:35] REQUEST COMPLETED -> remaining active_jobs=160
[17:22:35] WAITING for remaining requests to finish (active_jobs=160)
[17:22:35] REQUEST: 300 - COMPLETED
[17:22:35] REQUEST COMPLETED -> remaining active_jobs=159
[17:22:35] WAITING for remaining requests to finish (active_jobs=159)
[17:22:35] REQUEST: 433 - COMPLETED
[17:22:35] REQUEST COMPLETED -> remaining active_jobs=158
[17:22:35] WAITING for remaining requests to finish (active_jobs=158)
[17:22:35] REQUEST: 449 - COMPLETED
[17:22:35] REQUEST COMPLETED -> remaining active_jobs=157
[17:22:35] WAITING for remaining requests to finish (active_jobs=157)
[17:22:35] REQUEST: 375 - COMPLETED
[17:22:35] REQUEST COMPLETED -> remaining active_jobs=156
[17:22:35] WAITING for remaining requests to finish (active_jobs=156)
[17:22:35] REQUEST: 106 - COMPLETED
[17:22:35] REQUEST COMPLETED -> remaining active_jobs=155
[17:22:35] WAITING for remaining requests to finish (active_jobs=155)
[17:22:35] REQUEST: 447 - COMPLETED
[17:22:35] REQUEST COMPLETED -> remaining active_jobs=154
[17:22:35] WAITING for remaining requests to finish (active_jobs=154)
[17:22:35] REQUEST: 478 - COMPLETED
[17:22:35] REQUEST COMPLETED -> remaining active_jobs=153
[17:22:35] WAITING for remaining requests to finish (active_jobs=153)
[17:22:35] REQUEST: 491 - COMPLETED
[17:22:35] REQUEST COMPLETED -> remaining active_jobs=152
[17:22:35] WAITING for remaining requests to finish (active_jobs=152)
[17:22:35] REQUEST: 401 - COMPLETED
[17:22:35] REQUEST COMPLETED -> remaining active_jobs=151
[17:22:35] WAITING for remaining requests to finish (active_jobs=151)
[17:22:35] REQUEST: 164 - COMPLETED
[17:22:35] REQUEST COMPLETED -> remaining active_jobs=150
[17:22:35] WAITING for remaining requests to finish (active_jobs=150)
[17:22:35] REQUEST: 494 - COMPLETED
[17:22:35] REQUEST COMPLETED -> remaining active_jobs=149
[17:22:35] WAITING for remaining requests to finish (active_jobs=149)
[17:22:36] REQUEST: 218 - COMPLETED
[17:22:36] REQUEST COMPLETED -> remaining active_jobs=148
[17:22:36] WAITING for remaining requests to finish (active_jobs=148)
[17:22:36] REQUEST: 177 - COMPLETED
[17:22:36] REQUEST COMPLETED -> remaining active_jobs=147
[17:22:36] WAITING for remaining requests to finish (active_jobs=147)
[17:22:36] REQUEST: 473 - COMPLETED
[17:22:36] REQUEST COMPLETED -> remaining active_jobs=146
[17:22:36] WAITING for remaining requests to finish (active_jobs=146)
[17:22:36] REQUEST: 486 - COMPLETED
[17:22:36] REQUEST COMPLETED -> remaining active_jobs=145
[17:22:36] WAITING for remaining requests to finish (active_jobs=145)
[17:22:36] REQUEST: 307 - COMPLETED
[17:22:36] REQUEST COMPLETED -> remaining active_jobs=144
[17:22:36] WAITING for remaining requests to finish (active_jobs=144)
[17:22:36] REQUEST: 424 - COMPLETED
[17:22:36] REQUEST COMPLETED -> remaining active_jobs=143
[17:22:36] WAITING for remaining requests to finish (active_jobs=143)
[17:22:36] REQUEST: 417 - COMPLETED
[17:22:36] REQUEST COMPLETED -> remaining active_jobs=142
[17:22:36] WAITING for remaining requests to finish (active_jobs=142)
[17:22:36] REQUEST: 311 - COMPLETED
[17:22:36] REQUEST COMPLETED -> remaining active_jobs=141
[17:22:36] WAITING for remaining requests to finish (active_jobs=141)
[17:22:36] REQUEST: 299 - COMPLETED
[17:22:36] REQUEST COMPLETED -> remaining active_jobs=140
[17:22:36] WAITING for remaining requests to finish (active_jobs=140)
[17:22:36] REQUEST: 485 - COMPLETED
[17:22:36] REQUEST COMPLETED -> remaining active_jobs=139
[17:22:36] WAITING for remaining requests to finish (active_jobs=139)
[17:22:36] REQUEST: 240 - COMPLETED
[17:22:36] REQUEST COMPLETED -> remaining active_jobs=138
[17:22:36] WAITING for remaining requests to finish (active_jobs=138)
[17:22:36] REQUEST: 202 - COMPLETED
[17:22:36] REQUEST COMPLETED -> remaining active_jobs=137
[17:22:36] WAITING for remaining requests to finish (active_jobs=137)
[17:22:36] REQUEST: 272 - COMPLETED
[17:22:36] REQUEST COMPLETED -> remaining active_jobs=136
[17:22:36] WAITING for remaining requests to finish (active_jobs=136)
[17:22:36] REQUEST: 444 - COMPLETED
[17:22:36] REQUEST COMPLETED -> remaining active_jobs=135
[17:22:36] WAITING for remaining requests to finish (active_jobs=135)
[17:22:37] REQUEST: 477 - COMPLETED
[17:22:37] REQUEST COMPLETED -> remaining active_jobs=134
[17:22:37] WAITING for remaining requests to finish (active_jobs=134)
[17:22:37] REQUEST: 373 - COMPLETED
[17:22:37] REQUEST COMPLETED -> remaining active_jobs=133
[17:22:37] WAITING for remaining requests to finish (active_jobs=133)
[17:22:37] REQUEST: 484 - COMPLETED
[17:22:37] REQUEST COMPLETED -> remaining active_jobs=132
[17:22:37] WAITING for remaining requests to finish (active_jobs=132)
[17:22:37] REQUEST: 465 - COMPLETED
[17:22:37] REQUEST COMPLETED -> remaining active_jobs=131
[17:22:37] WAITING for remaining requests to finish (active_jobs=131)
[17:22:37] REQUEST: 440 - COMPLETED
[17:22:37] REQUEST COMPLETED -> remaining active_jobs=130
[17:22:37] WAITING for remaining requests to finish (active_jobs=130)
[17:22:37] REQUEST: 374 - COMPLETED
[17:22:37] REQUEST COMPLETED -> remaining active_jobs=129
[17:22:37] WAITING for remaining requests to finish (active_jobs=129)
[17:22:37] REQUEST: 275 - COMPLETED
[17:22:37] REQUEST COMPLETED -> remaining active_jobs=128
[17:22:37] WAITING for remaining requests to finish (active_jobs=128)
[17:22:37] REQUEST: 354 - COMPLETED
[17:22:37] REQUEST COMPLETED -> remaining active_jobs=127
[17:22:37] WAITING for remaining requests to finish (active_jobs=127)
[17:22:37] REQUEST: 310 - COMPLETED
[17:22:37] REQUEST COMPLETED -> remaining active_jobs=126
[17:22:37] WAITING for remaining requests to finish (active_jobs=126)
[17:22:37] REQUEST: 480 - COMPLETED
[17:22:37] REQUEST COMPLETED -> remaining active_jobs=125
[17:22:37] WAITING for remaining requests to finish (active_jobs=125)
[17:22:37] REQUEST: 414 - COMPLETED
[17:22:37] REQUEST COMPLETED -> remaining active_jobs=124
[17:22:37] WAITING for remaining requests to finish (active_jobs=124)
[17:22:37] REQUEST: 281 - COMPLETED
[17:22:37] REQUEST COMPLETED -> remaining active_jobs=123
[17:22:37] WAITING for remaining requests to finish (active_jobs=123)
[17:22:37] REQUEST: 396 - COMPLETED
[17:22:37] REQUEST COMPLETED -> remaining active_jobs=122
[17:22:37] WAITING for remaining requests to finish (active_jobs=122)
[17:22:38] REQUEST: 178 - COMPLETED
[17:22:38] REQUEST COMPLETED -> remaining active_jobs=121
[17:22:38] WAITING for remaining requests to finish (active_jobs=121)
[17:22:38] REQUEST: 457 - COMPLETED
[17:22:38] REQUEST COMPLETED -> remaining active_jobs=120
[17:22:38] WAITING for remaining requests to finish (active_jobs=120)
[17:22:38] REQUEST: 385 - COMPLETED
[17:22:38] REQUEST COMPLETED -> remaining active_jobs=119
[17:22:38] WAITING for remaining requests to finish (active_jobs=119)
[17:22:38] REQUEST: 257 - COMPLETED
[17:22:38] REQUEST COMPLETED -> remaining active_jobs=118
[17:22:38] WAITING for remaining requests to finish (active_jobs=118)
[17:22:38] REQUEST: 211 - COMPLETED
[17:22:38] REQUEST COMPLETED -> remaining active_jobs=117
[17:22:38] WAITING for remaining requests to finish (active_jobs=117)
[17:22:38] REQUEST: 362 - COMPLETED
[17:22:38] REQUEST COMPLETED -> remaining active_jobs=116
[17:22:38] WAITING for remaining requests to finish (active_jobs=116)
[17:22:38] REQUEST: 464 - COMPLETED
[17:22:38] REQUEST COMPLETED -> remaining active_jobs=115
[17:22:38] WAITING for remaining requests to finish (active_jobs=115)
[17:22:38] REQUEST: 398 - COMPLETED
[17:22:38] REQUEST COMPLETED -> remaining active_jobs=114
[17:22:38] WAITING for remaining requests to finish (active_jobs=114)
[17:22:38] REQUEST: 422 - COMPLETED
[17:22:38] REQUEST COMPLETED -> remaining active_jobs=113
[17:22:38] WAITING for remaining requests to finish (active_jobs=113)
[17:22:38] REQUEST: 419 - COMPLETED
[17:22:38] REQUEST COMPLETED -> remaining active_jobs=112
[17:22:38] WAITING for remaining requests to finish (active_jobs=112)
[17:22:38] REQUEST: 407 - COMPLETED
[17:22:38] REQUEST COMPLETED -> remaining active_jobs=111
[17:22:38] WAITING for remaining requests to finish (active_jobs=111)
[17:22:38] REQUEST: 166 - COMPLETED
[17:22:38] REQUEST COMPLETED -> remaining active_jobs=110
[17:22:38] WAITING for remaining requests to finish (active_jobs=110)
[17:22:38] REQUEST: 384 - COMPLETED
[17:22:38] REQUEST COMPLETED -> remaining active_jobs=109
[17:22:38] WAITING for remaining requests to finish (active_jobs=109)
[17:22:38] REQUEST: 416 - COMPLETED
[17:22:38] REQUEST COMPLETED -> remaining active_jobs=108
[17:22:38] WAITING for remaining requests to finish (active_jobs=108)
[17:22:39] REQUEST: 421 - COMPLETED
[17:22:39] REQUEST COMPLETED -> remaining active_jobs=107
[17:22:39] WAITING for remaining requests to finish (active_jobs=107)
[17:22:39] REQUEST: 235 - COMPLETED
[17:22:39] REQUEST COMPLETED -> remaining active_jobs=106
[17:22:39] WAITING for remaining requests to finish (active_jobs=106)
[17:22:39] REQUEST: 429 - COMPLETED
[17:22:39] REQUEST COMPLETED -> remaining active_jobs=105
[17:22:39] WAITING for remaining requests to finish (active_jobs=105)
[17:22:39] REQUEST: 415 - COMPLETED
[17:22:39] REQUEST COMPLETED -> remaining active_jobs=104
[17:22:39] WAITING for remaining requests to finish (active_jobs=104)
[17:22:39] REQUEST: 333 - COMPLETED
[17:22:39] REQUEST COMPLETED -> remaining active_jobs=103
[17:22:39] WAITING for remaining requests to finish (active_jobs=103)
[17:22:39] REQUEST: 420 - COMPLETED
[17:22:39] REQUEST COMPLETED -> remaining active_jobs=102
[17:22:39] WAITING for remaining requests to finish (active_jobs=102)
[17:22:39] REQUEST: 399 - COMPLETED
[17:22:39] REQUEST COMPLETED -> remaining active_jobs=101
[17:22:39] WAITING for remaining requests to finish (active_jobs=101)
[17:22:39] REQUEST: 340 - COMPLETED
[17:22:39] REQUEST COMPLETED -> remaining active_jobs=100
[17:22:39] WAITING for remaining requests to finish (active_jobs=100)
[17:22:39] REQUEST: 163 - COMPLETED
[17:22:39] REQUEST COMPLETED -> remaining active_jobs=99
[17:22:39] WAITING for remaining requests to finish (active_jobs=99)
[17:22:39] REQUEST: 408 - COMPLETED
[17:22:39] REQUEST COMPLETED -> remaining active_jobs=98
[17:22:39] WAITING for remaining requests to finish (active_jobs=98)
[17:22:39] REQUEST: 489 - COMPLETED
[17:22:39] REQUEST COMPLETED -> remaining active_jobs=97
[17:22:39] WAITING for remaining requests to finish (active_jobs=97)
[17:22:39] REQUEST: 10 - COMPLETED
[17:22:39] REQUEST COMPLETED -> remaining active_jobs=96
[17:22:39] WAITING for remaining requests to finish (active_jobs=96)
[17:22:39] REQUEST: 481 - COMPLETED
[17:22:39] REQUEST COMPLETED -> remaining active_jobs=95
[17:22:39] WAITING for remaining requests to finish (active_jobs=95)
[17:22:40] REQUEST: 339 - COMPLETED
[17:22:40] REQUEST COMPLETED -> remaining active_jobs=94
[17:22:40] WAITING for remaining requests to finish (active_jobs=94)
[17:22:40] REQUEST: 386 - COMPLETED
[17:22:40] REQUEST COMPLETED -> remaining active_jobs=93
[17:22:40] WAITING for remaining requests to finish (active_jobs=93)
[17:22:40] REQUEST: 496 - COMPLETED
[17:22:40] REQUEST COMPLETED -> remaining active_jobs=92
[17:22:40] WAITING for remaining requests to finish (active_jobs=92)
[17:22:40] REQUEST: 251 - COMPLETED
[17:22:40] REQUEST COMPLETED -> remaining active_jobs=91
[17:22:40] WAITING for remaining requests to finish (active_jobs=91)
[17:22:40] REQUEST: 222 - COMPLETED
[17:22:40] REQUEST COMPLETED -> remaining active_jobs=90
[17:22:40] WAITING for remaining requests to finish (active_jobs=90)
[17:22:40] REQUEST: 41 - COMPLETED
[17:22:40] REQUEST COMPLETED -> remaining active_jobs=89
[17:22:40] WAITING for remaining requests to finish (active_jobs=89)
[17:22:40] REQUEST: 204 - COMPLETED
[17:22:40] REQUEST COMPLETED -> remaining active_jobs=88
[17:22:40] WAITING for remaining requests to finish (active_jobs=88)
[17:22:40] REQUEST: 495 - COMPLETED
[17:22:40] REQUEST COMPLETED -> remaining active_jobs=87
[17:22:40] WAITING for remaining requests to finish (active_jobs=87)
[17:22:40] REQUEST: 364 - COMPLETED
[17:22:40] REQUEST COMPLETED -> remaining active_jobs=86
[17:22:40] WAITING for remaining requests to finish (active_jobs=86)
[17:22:40] REQUEST: 192 - COMPLETED
[17:22:40] REQUEST COMPLETED -> remaining active_jobs=85
[17:22:40] WAITING for remaining requests to finish (active_jobs=85)
[17:22:40] REQUEST: 498 - COMPLETED
[17:22:40] REQUEST COMPLETED -> remaining active_jobs=84
[17:22:40] WAITING for remaining requests to finish (active_jobs=84)
[17:22:40] REQUEST: 306 - COMPLETED
[17:22:40] REQUEST COMPLETED -> remaining active_jobs=83
[17:22:40] WAITING for remaining requests to finish (active_jobs=83)
[17:22:40] REQUEST: 442 - COMPLETED
[17:22:40] REQUEST COMPLETED -> remaining active_jobs=82
[17:22:40] WAITING for remaining requests to finish (active_jobs=82)
[17:22:41] REQUEST: 423 - COMPLETED
[17:22:41] REQUEST COMPLETED -> remaining active_jobs=81
[17:22:41] WAITING for remaining requests to finish (active_jobs=81)
[17:22:41] REQUEST: 347 - COMPLETED
[17:22:41] REQUEST COMPLETED -> remaining active_jobs=80
[17:22:41] WAITING for remaining requests to finish (active_jobs=80)
[17:22:41] REQUEST: 435 - COMPLETED
[17:22:41] REQUEST COMPLETED -> remaining active_jobs=79
[17:22:41] WAITING for remaining requests to finish (active_jobs=79)
[17:22:41] REQUEST: 412 - COMPLETED
[17:22:41] REQUEST COMPLETED -> remaining active_jobs=78
[17:22:41] WAITING for remaining requests to finish (active_jobs=78)
[17:22:41] REQUEST: 277 - COMPLETED
[17:22:41] REQUEST COMPLETED -> remaining active_jobs=77
[17:22:41] WAITING for remaining requests to finish (active_jobs=77)
[17:22:41] REQUEST: 214 - COMPLETED
[17:22:41] REQUEST COMPLETED -> remaining active_jobs=76
[17:22:41] WAITING for remaining requests to finish (active_jobs=76)
[17:22:41] REQUEST: 388 - COMPLETED
[17:22:41] REQUEST COMPLETED -> remaining active_jobs=75
[17:22:41] WAITING for remaining requests to finish (active_jobs=75)
[17:22:41] REQUEST: 351 - COMPLETED
[17:22:41] REQUEST COMPLETED -> remaining active_jobs=74
[17:22:41] WAITING for remaining requests to finish (active_jobs=74)
[17:22:41] REQUEST: 400 - COMPLETED
[17:22:41] REQUEST COMPLETED -> remaining active_jobs=73
[17:22:41] WAITING for remaining requests to finish (active_jobs=73)
[17:22:41] REQUEST: 490 - COMPLETED
[17:22:41] REQUEST COMPLETED -> remaining active_jobs=72
[17:22:41] WAITING for remaining requests to finish (active_jobs=72)
[17:22:41] REQUEST: 439 - COMPLETED
[17:22:41] REQUEST COMPLETED -> remaining active_jobs=71
[17:22:41] WAITING for remaining requests to finish (active_jobs=71)
[17:22:41] REQUEST: 274 - COMPLETED
[17:22:41] REQUEST COMPLETED -> remaining active_jobs=70
[17:22:41] WAITING for remaining requests to finish (active_jobs=70)
[17:22:41] REQUEST: 441 - COMPLETED
[17:22:41] REQUEST COMPLETED -> remaining active_jobs=69
[17:22:41] WAITING for remaining requests to finish (active_jobs=69)
[17:22:41] REQUEST: 488 - COMPLETED
[17:22:41] REQUEST COMPLETED -> remaining active_jobs=68
[17:22:41] WAITING for remaining requests to finish (active_jobs=68)
[17:22:42] REQUEST: 479 - COMPLETED
[17:22:42] REQUEST COMPLETED -> remaining active_jobs=67
[17:22:42] WAITING for remaining requests to finish (active_jobs=67)
[17:22:42] REQUEST: 127 - COMPLETED
[17:22:42] REQUEST COMPLETED -> remaining active_jobs=66
[17:22:42] WAITING for remaining requests to finish (active_jobs=66)
[17:22:42] REQUEST: 237 - COMPLETED
[17:22:42] REQUEST COMPLETED -> remaining active_jobs=65
[17:22:42] WAITING for remaining requests to finish (active_jobs=65)
[17:22:42] REQUEST: 467 - COMPLETED
[17:22:42] REQUEST COMPLETED -> remaining active_jobs=64
[17:22:42] WAITING for remaining requests to finish (active_jobs=64)
[17:22:42] REQUEST: 397 - COMPLETED
[17:22:42] REQUEST COMPLETED -> remaining active_jobs=63
[17:22:42] WAITING for remaining requests to finish (active_jobs=63)
[17:22:42] REQUEST: 499 - COMPLETED
[17:22:42] REQUEST COMPLETED -> remaining active_jobs=62
[17:22:42] WAITING for remaining requests to finish (active_jobs=62)
[17:22:42] REQUEST: 266 - COMPLETED
[17:22:42] REQUEST COMPLETED -> remaining active_jobs=61
[17:22:42] WAITING for remaining requests to finish (active_jobs=61)
[17:22:42] REQUEST: 285 - COMPLETED
[17:22:42] REQUEST COMPLETED -> remaining active_jobs=60
[17:22:42] WAITING for remaining requests to finish (active_jobs=60)
[17:22:42] REQUEST: 438 - COMPLETED
[17:22:42] REQUEST COMPLETED -> remaining active_jobs=59
[17:22:42] WAITING for remaining requests to finish (active_jobs=59)
[17:22:42] REQUEST: 402 - COMPLETED
[17:22:42] REQUEST COMPLETED -> remaining active_jobs=58
[17:22:42] WAITING for remaining requests to finish (active_jobs=58)
[17:22:42] REQUEST: 217 - COMPLETED
[17:22:42] REQUEST COMPLETED -> remaining active_jobs=57
[17:22:42] WAITING for remaining requests to finish (active_jobs=57)
[17:22:42] REQUEST: 443 - COMPLETED
[17:22:42] REQUEST COMPLETED -> remaining active_jobs=56
[17:22:42] WAITING for remaining requests to finish (active_jobs=56)
[17:22:42] REQUEST: 270 - COMPLETED
[17:22:42] REQUEST COMPLETED -> remaining active_jobs=55
[17:22:42] WAITING for remaining requests to finish (active_jobs=55)
[17:22:43] REQUEST: 190 - COMPLETED
[17:22:43] REQUEST COMPLETED -> remaining active_jobs=54
[17:22:43] WAITING for remaining requests to finish (active_jobs=54)
[17:22:43] REQUEST: 343 - COMPLETED
[17:22:43] REQUEST COMPLETED -> remaining active_jobs=53
[17:22:43] WAITING for remaining requests to finish (active_jobs=53)
[17:22:43] REQUEST: 367 - COMPLETED
[17:22:43] REQUEST COMPLETED -> remaining active_jobs=52
[17:22:43] WAITING for remaining requests to finish (active_jobs=52)
[17:22:43] REQUEST: 413 - COMPLETED
[17:22:43] REQUEST COMPLETED -> remaining active_jobs=51
[17:22:43] WAITING for remaining requests to finish (active_jobs=51)
[17:22:43] REQUEST: 314 - COMPLETED
[17:22:43] REQUEST COMPLETED -> remaining active_jobs=50
[17:22:43] WAITING for remaining requests to finish (active_jobs=50)
[17:22:43] REQUEST: 289 - COMPLETED
[17:22:43] REQUEST COMPLETED -> remaining active_jobs=49
[17:22:43] WAITING for remaining requests to finish (active_jobs=49)
[17:22:43] REQUEST: 322 - COMPLETED
[17:22:43] REQUEST COMPLETED -> remaining active_jobs=48
[17:22:43] WAITING for remaining requests to finish (active_jobs=48)
[17:22:43] REQUEST: 328 - COMPLETED
[17:22:43] REQUEST COMPLETED -> remaining active_jobs=47
[17:22:43] WAITING for remaining requests to finish (active_jobs=47)
[17:22:43] REQUEST: 445 - COMPLETED
[17:22:43] REQUEST COMPLETED -> remaining active_jobs=46
[17:22:43] WAITING for remaining requests to finish (active_jobs=46)
[17:22:43] REQUEST: 372 - COMPLETED
[17:22:43] REQUEST COMPLETED -> remaining active_jobs=45
[17:22:43] WAITING for remaining requests to finish (active_jobs=45)
[17:22:43] REQUEST: 315 - COMPLETED
[17:22:43] REQUEST COMPLETED -> remaining active_jobs=44
[17:22:43] WAITING for remaining requests to finish (active_jobs=44)
[17:22:43] REQUEST: 325 - COMPLETED
[17:22:43] REQUEST COMPLETED -> remaining active_jobs=43
[17:22:43] WAITING for remaining requests to finish (active_jobs=43)
[17:22:43] REQUEST: 215 - COMPLETED
[17:22:43] REQUEST COMPLETED -> remaining active_jobs=42
[17:22:43] WAITING for remaining requests to finish (active_jobs=42)
[17:22:43] REQUEST: 337 - COMPLETED
[17:22:43] REQUEST COMPLETED -> remaining active_jobs=41
[17:22:43] WAITING for remaining requests to finish (active_jobs=41)
[17:22:44] REQUEST: 278 - COMPLETED
[17:22:44] REQUEST COMPLETED -> remaining active_jobs=40
[17:22:44] WAITING for remaining requests to finish (active_jobs=40)
[17:22:44] REQUEST: 389 - COMPLETED
[17:22:44] REQUEST COMPLETED -> remaining active_jobs=39
[17:22:44] WAITING for remaining requests to finish (active_jobs=39)
[17:22:44] REQUEST: 276 - COMPLETED
[17:22:44] REQUEST COMPLETED -> remaining active_jobs=38
[17:22:44] WAITING for remaining requests to finish (active_jobs=38)
[17:22:44] REQUEST: 268 - COMPLETED
[17:22:44] REQUEST COMPLETED -> remaining active_jobs=37
[17:22:44] WAITING for remaining requests to finish (active_jobs=37)
[17:22:44] REQUEST: 492 - COMPLETED
[17:22:44] REQUEST COMPLETED -> remaining active_jobs=36
[17:22:44] WAITING for remaining requests to finish (active_jobs=36)
[17:22:44] REQUEST: 446 - COMPLETED
[17:22:44] REQUEST COMPLETED -> remaining active_jobs=35
[17:22:44] WAITING for remaining requests to finish (active_jobs=35)
[17:22:44] REQUEST: 410 - COMPLETED
[17:22:44] REQUEST COMPLETED -> remaining active_jobs=34
[17:22:44] WAITING for remaining requests to finish (active_jobs=34)
[17:22:44] REQUEST: 448 - COMPLETED
[17:22:44] REQUEST COMPLETED -> remaining active_jobs=33
[17:22:44] WAITING for remaining requests to finish (active_jobs=33)
[17:22:44] REQUEST: 382 - COMPLETED
[17:22:44] REQUEST COMPLETED -> remaining active_jobs=32
[17:22:44] WAITING for remaining requests to finish (active_jobs=32)
[17:22:44] REQUEST: 248 - COMPLETED
[17:22:44] REQUEST COMPLETED -> remaining active_jobs=31
[17:22:44] WAITING for remaining requests to finish (active_jobs=31)
[17:22:44] REQUEST: 342 - COMPLETED
[17:22:44] REQUEST COMPLETED -> remaining active_jobs=30
[17:22:44] WAITING for remaining requests to finish (active_jobs=30)
[17:22:44] REQUEST: 332 - COMPLETED
[17:22:44] REQUEST COMPLETED -> remaining active_jobs=29
[17:22:44] WAITING for remaining requests to finish (active_jobs=29)
[17:22:44] REQUEST: 295 - COMPLETED
[17:22:44] REQUEST COMPLETED -> remaining active_jobs=28
[17:22:44] WAITING for remaining requests to finish (active_jobs=28)
[17:22:45] REQUEST: 304 - COMPLETED
[17:22:45] REQUEST COMPLETED -> remaining active_jobs=27
[17:22:45] WAITING for remaining requests to finish (active_jobs=27)
[17:22:45] REQUEST: 327 - COMPLETED
[17:22:45] REQUEST COMPLETED -> remaining active_jobs=26
[17:22:45] WAITING for remaining requests to finish (active_jobs=26)
[17:22:45] REQUEST: 483 - COMPLETED
[17:22:45] REQUEST COMPLETED -> remaining active_jobs=25
[17:22:45] WAITING for remaining requests to finish (active_jobs=25)
[17:22:45] REQUEST: 269 - COMPLETED
[17:22:45] REQUEST COMPLETED -> remaining active_jobs=24
[17:22:45] WAITING for remaining requests to finish (active_jobs=24)
[17:22:45] REQUEST: 45 - COMPLETED
[17:22:45] REQUEST COMPLETED -> remaining active_jobs=23
[17:22:45] WAITING for remaining requests to finish (active_jobs=23)
[17:22:45] REQUEST: 132 - COMPLETED
[17:22:45] REQUEST COMPLETED -> remaining active_jobs=22
[17:22:45] WAITING for remaining requests to finish (active_jobs=22)
[17:22:45] REQUEST: 290 - COMPLETED
[17:22:45] REQUEST COMPLETED -> remaining active_jobs=21
[17:22:45] WAITING for remaining requests to finish (active_jobs=21)
[17:22:45] REQUEST: 418 - COMPLETED
[17:22:45] REQUEST COMPLETED -> remaining active_jobs=20
[17:22:45] WAITING for remaining requests to finish (active_jobs=20)
[17:22:45] REQUEST: 244 - COMPLETED
[17:22:45] REQUEST COMPLETED -> remaining active_jobs=19
[17:22:45] WAITING for remaining requests to finish (active_jobs=19)
[17:22:45] REQUEST: 341 - COMPLETED
[17:22:45] REQUEST COMPLETED -> remaining active_jobs=18
[17:22:45] WAITING for remaining requests to finish (active_jobs=18)
[17:22:45] REQUEST: 129 - COMPLETED
[17:22:45] REQUEST COMPLETED -> remaining active_jobs=17
[17:22:45] WAITING for remaining requests to finish (active_jobs=17)
[17:22:45] REQUEST: 411 - COMPLETED
[17:22:45] REQUEST COMPLETED -> remaining active_jobs=16
[17:22:45] WAITING for remaining requests to finish (active_jobs=16)
[17:22:45] REQUEST: 329 - COMPLETED
[17:22:45] REQUEST COMPLETED -> remaining active_jobs=15
[17:22:45] WAITING for remaining requests to finish (active_jobs=15)
[17:22:45] REQUEST: 319 - COMPLETED
[17:22:45] REQUEST COMPLETED -> remaining active_jobs=14
[17:22:45] WAITING for remaining requests to finish (active_jobs=14)
[17:22:46] REQUEST: 185 - COMPLETED
[17:22:46] REQUEST COMPLETED -> remaining active_jobs=13
[17:22:46] WAITING for remaining requests to finish (active_jobs=13)
[17:22:46] REQUEST: 241 - COMPLETED
[17:22:46] REQUEST COMPLETED -> remaining active_jobs=12
[17:22:46] WAITING for remaining requests to finish (active_jobs=12)
[17:22:46] REQUEST: 198 - COMPLETED
[17:22:46] REQUEST COMPLETED -> remaining active_jobs=11
[17:22:46] WAITING for remaining requests to finish (active_jobs=11)
[17:22:46] REQUEST: 201 - COMPLETED
[17:22:46] REQUEST COMPLETED -> remaining active_jobs=10
[17:22:46] WAITING for remaining requests to finish (active_jobs=10)
[17:22:46] REQUEST: 487 - COMPLETED
[17:22:46] REQUEST COMPLETED -> remaining active_jobs=9
[17:22:46] WAITING for remaining requests to finish (active_jobs=9)
[17:22:46] REQUEST: 291 - COMPLETED
[17:22:46] REQUEST COMPLETED -> remaining active_jobs=8
[17:22:46] WAITING for remaining requests to finish (active_jobs=8)
[17:22:46] REQUEST: 195 - COMPLETED
[17:22:46] REQUEST COMPLETED -> remaining active_jobs=7
[17:22:46] WAITING for remaining requests to finish (active_jobs=7)
[17:22:46] REQUEST: 497 - COMPLETED
[17:22:46] REQUEST COMPLETED -> remaining active_jobs=6
[17:22:46] WAITING for remaining requests to finish (active_jobs=6)
[17:22:46] REQUEST: 261 - COMPLETED
[17:22:46] REQUEST COMPLETED -> remaining active_jobs=5
[17:22:46] WAITING for remaining requests to finish (active_jobs=5)
[17:22:46] REQUEST: 168 - COMPLETED
[17:22:46] REQUEST COMPLETED -> remaining active_jobs=4
[17:22:46] WAITING for remaining requests to finish (active_jobs=4)
[17:22:46] REQUEST: 406 - COMPLETED
[17:22:46] REQUEST COMPLETED -> remaining active_jobs=3
[17:22:46] WAITING for remaining requests to finish (active_jobs=3)
[17:22:46] REQUEST: 493 - COMPLETED
[17:22:46] REQUEST COMPLETED -> remaining active_jobs=2
[17:22:46] WAITING for remaining requests to finish (active_jobs=2)
[17:22:46] REQUEST: 203 - COMPLETED
[17:22:46] REQUEST COMPLETED -> remaining active_jobs=1
[17:22:46] WAITING for remaining requests to finish (active_jobs=1)
[17:22:47] REQUEST: 50 - COMPLETED
[17:22:47] REQUEST COMPLETED -> remaining active_jobs=0
[17:22:47] Load test completed
[17:22:47] Running results evaluation


--- PER-REQUEST STATS ---
Request 01 | res_time: 17:22:06.76 | latency:   1.12 s | tokens: 25 | gen_time: 0.060 s | tok/s: 419.67
Request 02 | res_time: 17:22:07.00 | latency:   1.35 s | tokens: 25 | gen_time: 0.057 s | tok/s: 441.00
Request 03 | res_time: 17:22:09.12 | latency:   3.47 s | tokens: 25 | gen_time: 0.069 s | tok/s: 364.32
Request 04 | res_time: 17:22:09.69 | latency:   4.03 s | tokens: 25 | gen_time: 0.072 s | tok/s: 349.24
Request 05 | res_time: 17:22:10.12 | latency:   4.47 s | tokens: 25 | gen_time: 0.055 s | tok/s: 455.21
Request 06 | res_time: 17:22:10.19 | latency:   4.53 s | tokens: 25 | gen_time: 0.055 s | tok/s: 454.96
Request 07 | res_time: 17:22:10.29 | latency:   4.64 s | tokens: 25 | gen_time: 0.055 s | tok/s: 457.13
Request 08 | res_time: 17:22:10.37 | latency:   4.70 s | tokens: 25 | gen_time: 0.054 s | tok/s: 459.16
Request 09 | res_time: 17:22:10.45 | latency:   4.78 s | tokens: 25 | gen_time: 0.055 s | tok/s: 458.51
Request 10 | res_time: 17:22:10.52 | latency:   4.83 s | tokens: 25 | gen_time: 0.054 s | tok/s: 458.82
Request 11 | res_time: 17:22:10.60 | latency:   4.87 s | tokens: 25 | gen_time: 0.054 s | tok/s: 462.81
Request 12 | res_time: 17:22:10.67 | latency:   4.96 s | tokens: 25 | gen_time: 0.054 s | tok/s: 463.38
Request 13 | res_time: 17:22:10.75 | latency:   5.04 s | tokens: 25 | gen_time: 0.054 s | tok/s: 463.20
Request 14 | res_time: 17:22:10.82 | latency:   5.08 s | tokens: 25 | gen_time: 0.054 s | tok/s: 465.98
Request 15 | res_time: 17:22:10.90 | latency:   5.05 s | tokens: 25 | gen_time: 0.054 s | tok/s: 462.49
Request 16 | res_time: 17:22:10.97 | latency:   4.88 s | tokens: 25 | gen_time: 0.054 s | tok/s: 461.72
Request 17 | res_time: 17:22:11.04 | latency:   5.22 s | tokens: 25 | gen_time: 0.054 s | tok/s: 460.83
Request 18 | res_time: 17:22:11.12 | latency:   5.40 s | tokens: 25 | gen_time: 0.054 s | tok/s: 462.21
Request 19 | res_time: 17:22:11.19 | latency:   5.49 s | tokens: 25 | gen_time: 0.055 s | tok/s: 457.93
Request 20 | res_time: 17:22:11.27 | latency:   5.42 s | tokens: 25 | gen_time: 0.054 s | tok/s: 463.65
Request 21 | res_time: 17:22:11.34 | latency:   5.50 s | tokens: 25 | gen_time: 0.054 s | tok/s: 463.24
Request 22 | res_time: 17:22:11.42 | latency:   5.61 s | tokens: 25 | gen_time: 0.054 s | tok/s: 466.74
Request 23 | res_time: 17:22:11.49 | latency:   5.58 s | tokens: 25 | gen_time: 0.054 s | tok/s: 466.84
Request 24 | res_time: 17:22:11.56 | latency:   5.71 s | tokens: 25 | gen_time: 0.054 s | tok/s: 461.78
Request 25 | res_time: 17:22:11.64 | latency:   5.95 s | tokens: 25 | gen_time: 0.054 s | tok/s: 462.40
Request 26 | res_time: 17:22:11.71 | latency:   5.82 s | tokens: 25 | gen_time: 0.054 s | tok/s: 466.50
Request 27 | res_time: 17:22:11.79 | latency:   6.01 s | tokens: 25 | gen_time: 0.054 s | tok/s: 464.05
Request 28 | res_time: 17:22:11.86 | latency:   5.94 s | tokens: 25 | gen_time: 0.054 s | tok/s: 462.61
Request 29 | res_time: 17:22:11.94 | latency:   6.02 s | tokens: 25 | gen_time: 0.054 s | tok/s: 466.32
Request 30 | res_time: 17:22:12.01 | latency:   6.19 s | tokens: 25 | gen_time: 0.054 s | tok/s: 462.79
Request 31 | res_time: 17:22:12.08 | latency:   6.22 s | tokens: 25 | gen_time: 0.054 s | tok/s: 464.41
Request 32 | res_time: 17:22:12.16 | latency:   6.11 s | tokens: 25 | gen_time: 0.054 s | tok/s: 463.82
Request 33 | res_time: 17:22:12.23 | latency:   6.31 s | tokens: 25 | gen_time: 0.054 s | tok/s: 466.09
Request 34 | res_time: 17:22:12.31 | latency:   5.35 s | tokens: 25 | gen_time: 0.054 s | tok/s: 458.98
Request 35 | res_time: 17:22:12.38 | latency:   6.49 s | tokens: 25 | gen_time: 0.054 s | tok/s: 464.31
Request 36 | res_time: 17:22:12.46 | latency:   6.57 s | tokens: 25 | gen_time: 0.054 s | tok/s: 461.06
Request 37 | res_time: 17:22:12.53 | latency:   6.61 s | tokens: 25 | gen_time: 0.054 s | tok/s: 459.85
Request 38 | res_time: 17:22:12.61 | latency:   6.68 s | tokens: 25 | gen_time: 0.054 s | tok/s: 466.96
Request 39 | res_time: 17:22:12.68 | latency:   6.76 s | tokens: 25 | gen_time: 0.054 s | tok/s: 461.70
Request 40 | res_time: 17:22:12.76 | latency:   6.95 s | tokens: 25 | gen_time: 0.054 s | tok/s: 463.93
Request 41 | res_time: 17:22:12.83 | latency:   6.94 s | tokens: 25 | gen_time: 0.054 s | tok/s: 462.90
Request 42 | res_time: 17:22:12.90 | latency:   6.96 s | tokens: 25 | gen_time: 0.054 s | tok/s: 463.93
Request 43 | res_time: 17:22:12.98 | latency:   7.06 s | tokens: 25 | gen_time: 0.054 s | tok/s: 464.08
Request 44 | res_time: 17:22:13.05 | latency:   7.21 s | tokens: 25 | gen_time: 0.054 s | tok/s: 461.79
Request 45 | res_time: 17:22:13.13 | latency:   7.28 s | tokens: 25 | gen_time: 0.054 s | tok/s: 464.17
Request 46 | res_time: 17:22:13.20 | latency:   7.28 s | tokens: 25 | gen_time: 0.054 s | tok/s: 460.88
Request 47 | res_time: 17:22:13.28 | latency:   7.27 s | tokens: 25 | gen_time: 0.054 s | tok/s: 461.75
Request 48 | res_time: 17:22:13.35 | latency:   7.29 s | tokens: 25 | gen_time: 0.054 s | tok/s: 460.70
Request 49 | res_time: 17:22:13.43 | latency:   7.58 s | tokens: 25 | gen_time: 0.054 s | tok/s: 463.64
Request 50 | res_time: 17:22:13.50 | latency:   7.44 s | tokens: 25 | gen_time: 0.054 s | tok/s: 459.64
Request 51 | res_time: 17:22:13.58 | latency:   7.66 s | tokens: 25 | gen_time: 0.054 s | tok/s: 464.84
Request 52 | res_time: 17:22:13.65 | latency:   7.64 s | tokens: 25 | gen_time: 0.054 s | tok/s: 460.44
Request 53 | res_time: 17:22:13.72 | latency:   7.80 s | tokens: 25 | gen_time: 0.054 s | tok/s: 465.48
Request 54 | res_time: 17:22:13.80 | latency:   7.72 s | tokens: 25 | gen_time: 0.054 s | tok/s: 462.78
Request 55 | res_time: 17:22:13.87 | latency:   8.02 s | tokens: 25 | gen_time: 0.054 s | tok/s: 461.86
Request 56 | res_time: 17:22:13.95 | latency:   8.12 s | tokens: 25 | gen_time: 0.054 s | tok/s: 463.60
Request 57 | res_time: 17:22:14.02 | latency:   8.17 s | tokens: 25 | gen_time: 0.054 s | tok/s: 462.66
Request 58 | res_time: 17:22:14.10 | latency:   7.99 s | tokens: 25 | gen_time: 0.054 s | tok/s: 466.01
Request 59 | res_time: 17:22:14.17 | latency:   8.29 s | tokens: 25 | gen_time: 0.054 s | tok/s: 467.03
Request 60 | res_time: 17:22:14.24 | latency:   8.09 s | tokens: 25 | gen_time: 0.054 s | tok/s: 465.10
Request 61 | res_time: 17:22:14.32 | latency:   8.14 s | tokens: 25 | gen_time: 0.054 s | tok/s: 465.16
Request 62 | res_time: 17:22:14.39 | latency:   8.26 s | tokens: 25 | gen_time: 0.054 s | tok/s: 463.13
Request 63 | res_time: 17:22:14.47 | latency:   8.64 s | tokens: 25 | gen_time: 0.054 s | tok/s: 465.51
Request 64 | res_time: 17:22:14.54 | latency:   8.72 s | tokens: 25 | gen_time: 0.054 s | tok/s: 459.81
Request 65 | res_time: 17:22:14.62 | latency:   8.69 s | tokens: 25 | gen_time: 0.054 s | tok/s: 464.55
Request 66 | res_time: 17:22:14.69 | latency:   8.55 s | tokens: 25 | gen_time: 0.055 s | tok/s: 457.38
Request 67 | res_time: 17:22:14.77 | latency:   8.57 s | tokens: 25 | gen_time: 0.054 s | tok/s: 461.73
Request 68 | res_time: 17:22:14.84 | latency:   8.83 s | tokens: 25 | gen_time: 0.054 s | tok/s: 466.67
Request 69 | res_time: 17:22:14.92 | latency:   8.78 s | tokens: 25 | gen_time: 0.054 s | tok/s: 466.60
Request 70 | res_time: 17:22:14.99 | latency:   9.32 s | tokens: 25 | gen_time: 0.054 s | tok/s: 459.88
Request 71 | res_time: 17:22:15.06 | latency:   8.94 s | tokens: 25 | gen_time: 0.054 s | tok/s: 466.29
Request 72 | res_time: 17:22:15.14 | latency:   8.83 s | tokens: 25 | gen_time: 0.054 s | tok/s: 459.83
Request 73 | res_time: 17:22:15.21 | latency:   9.09 s | tokens: 25 | gen_time: 0.054 s | tok/s: 460.61
Request 74 | res_time: 17:22:15.29 | latency:   9.20 s | tokens: 25 | gen_time: 0.054 s | tok/s: 463.48
Request 75 | res_time: 17:22:15.36 | latency:   9.07 s | tokens: 25 | gen_time: 0.054 s | tok/s: 463.27
Request 76 | res_time: 17:22:15.44 | latency:   9.35 s | tokens: 25 | gen_time: 0.054 s | tok/s: 459.80
Request 77 | res_time: 17:22:15.51 | latency:   9.18 s | tokens: 25 | gen_time: 0.054 s | tok/s: 460.59
Request 78 | res_time: 17:22:15.59 | latency:   9.91 s | tokens: 25 | gen_time: 0.054 s | tok/s: 462.20
Request 79 | res_time: 17:22:15.66 | latency:   8.68 s | tokens: 25 | gen_time: 0.054 s | tok/s: 464.51
Request 80 | res_time: 17:22:15.73 | latency:  10.04 s | tokens: 25 | gen_time: 0.054 s | tok/s: 463.78
Request 81 | res_time: 17:22:15.81 | latency:   9.68 s | tokens: 25 | gen_time: 0.054 s | tok/s: 463.51
Request 82 | res_time: 17:22:15.88 | latency:   9.86 s | tokens: 25 | gen_time: 0.054 s | tok/s: 465.44
Request 83 | res_time: 17:22:15.96 | latency:  10.27 s | tokens: 25 | gen_time: 0.054 s | tok/s: 465.83
Request 84 | res_time: 17:22:16.03 | latency:   8.21 s | tokens: 25 | gen_time: 0.054 s | tok/s: 461.07
Request 85 | res_time: 17:22:16.10 | latency:   9.75 s | tokens: 25 | gen_time: 0.054 s | tok/s: 464.80
Request 86 | res_time: 17:22:16.18 | latency:  10.06 s | tokens: 25 | gen_time: 0.054 s | tok/s: 464.24
Request 87 | res_time: 17:22:16.25 | latency:   9.97 s | tokens: 25 | gen_time: 0.055 s | tok/s: 457.62
Request 88 | res_time: 17:22:16.33 | latency:  10.19 s | tokens: 25 | gen_time: 0.054 s | tok/s: 462.71
Request 89 | res_time: 17:22:16.40 | latency:  10.76 s | tokens: 25 | gen_time: 0.054 s | tok/s: 467.18
Request 90 | res_time: 17:22:16.48 | latency:  10.26 s | tokens: 25 | gen_time: 0.054 s | tok/s: 464.70
Request 91 | res_time: 17:22:16.55 | latency:  10.70 s | tokens: 25 | gen_time: 0.054 s | tok/s: 465.14
Request 92 | res_time: 17:22:16.63 | latency:  10.78 s | tokens: 25 | gen_time: 0.054 s | tok/s: 464.12
Request 93 | res_time: 17:22:16.70 | latency:  10.48 s | tokens: 25 | gen_time: 0.053 s | tok/s: 467.50
Request 94 | res_time: 17:22:16.77 | latency:  10.48 s | tokens: 25 | gen_time: 0.054 s | tok/s: 466.03
Request 95 | res_time: 17:22:16.85 | latency:  10.48 s | tokens: 25 | gen_time: 0.054 s | tok/s: 465.78
Request 96 | res_time: 17:22:16.93 | latency:  11.10 s | tokens: 25 | gen_time: 0.055 s | tok/s: 451.25
Request 97 | res_time: 17:22:17.00 | latency:  10.60 s | tokens: 25 | gen_time: 0.055 s | tok/s: 456.73
Request 98 | res_time: 17:22:17.08 | latency:   9.25 s | tokens: 25 | gen_time: 0.054 s | tok/s: 463.07
Request 99 | res_time: 17:22:17.15 | latency:  10.89 s | tokens: 25 | gen_time: 0.054 s | tok/s: 463.69
Request 100 | res_time: 17:22:17.23 | latency:  10.83 s | tokens: 25 | gen_time: 0.054 s | tok/s: 463.97
Request 101 | res_time: 17:22:17.30 | latency:  11.58 s | tokens: 25 | gen_time: 0.054 s | tok/s: 465.56
Request 102 | res_time: 17:22:17.37 | latency:  10.77 s | tokens: 25 | gen_time: 0.054 s | tok/s: 463.18
Request 103 | res_time: 17:22:17.45 | latency:  11.53 s | tokens: 25 | gen_time: 0.054 s | tok/s: 464.66
Request 104 | res_time: 17:22:17.52 | latency:  11.73 s | tokens: 25 | gen_time: 0.054 s | tok/s: 464.95
Request 105 | res_time: 17:22:17.60 | latency:  10.94 s | tokens: 25 | gen_time: 0.054 s | tok/s: 464.29
Request 106 | res_time: 17:22:17.67 | latency:  12.02 s | tokens: 25 | gen_time: 0.054 s | tok/s: 463.93
Request 107 | res_time: 17:22:17.75 | latency:  12.06 s | tokens: 25 | gen_time: 0.054 s | tok/s: 464.99
Request 108 | res_time: 17:22:17.82 | latency:  11.97 s | tokens: 25 | gen_time: 0.054 s | tok/s: 465.53
Request 109 | res_time: 17:22:17.89 | latency:  11.43 s | tokens: 25 | gen_time: 0.054 s | tok/s: 459.88
Request 110 | res_time: 17:22:17.97 | latency:  11.88 s | tokens: 25 | gen_time: 0.054 s | tok/s: 459.07
Request 111 | res_time: 17:22:18.04 | latency:  11.38 s | tokens: 25 | gen_time: 0.054 s | tok/s: 459.84
Request 112 | res_time: 17:22:18.12 | latency:  11.46 s | tokens: 25 | gen_time: 0.054 s | tok/s: 463.54
Request 113 | res_time: 17:22:18.19 | latency:  11.53 s | tokens: 25 | gen_time: 0.054 s | tok/s: 464.68
Request 114 | res_time: 17:22:18.27 | latency:  12.20 s | tokens: 25 | gen_time: 0.054 s | tok/s: 464.06
Request 115 | res_time: 17:22:18.34 | latency:  11.63 s | tokens: 25 | gen_time: 0.054 s | tok/s: 459.06
Request 116 | res_time: 17:22:18.42 | latency:  12.61 s | tokens: 25 | gen_time: 0.054 s | tok/s: 463.74
Request 117 | res_time: 17:22:18.49 | latency:  12.35 s | tokens: 25 | gen_time: 0.054 s | tok/s: 465.64
Request 118 | res_time: 17:22:18.56 | latency:  12.16 s | tokens: 25 | gen_time: 0.054 s | tok/s: 465.27
Request 119 | res_time: 17:22:18.64 | latency:  11.97 s | tokens: 25 | gen_time: 0.054 s | tok/s: 462.77
Request 120 | res_time: 17:22:18.71 | latency:  12.07 s | tokens: 25 | gen_time: 0.054 s | tok/s: 460.99
Request 121 | res_time: 17:22:18.79 | latency:  12.66 s | tokens: 25 | gen_time: 0.054 s | tok/s: 463.62
Request 122 | res_time: 17:22:18.86 | latency:  12.71 s | tokens: 25 | gen_time: 0.054 s | tok/s: 462.06
Request 123 | res_time: 17:22:18.94 | latency:  13.08 s | tokens: 25 | gen_time: 0.054 s | tok/s: 459.65
Request 124 | res_time: 17:22:19.01 | latency:  12.16 s | tokens: 25 | gen_time: 0.054 s | tok/s: 462.21
Request 125 | res_time: 17:22:19.09 | latency:  12.30 s | tokens: 25 | gen_time: 0.054 s | tok/s: 463.48
Request 126 | res_time: 17:22:19.16 | latency:  12.87 s | tokens: 25 | gen_time: 0.054 s | tok/s: 459.82
Request 127 | res_time: 17:22:19.24 | latency:  12.43 s | tokens: 25 | gen_time: 0.054 s | tok/s: 465.90
Request 128 | res_time: 17:22:19.31 | latency:  13.40 s | tokens: 25 | gen_time: 0.054 s | tok/s: 464.20
Request 129 | res_time: 17:22:19.38 | latency:  12.56 s | tokens: 25 | gen_time: 0.055 s | tok/s: 458.31
Request 130 | res_time: 17:22:19.46 | latency:  12.68 s | tokens: 25 | gen_time: 0.054 s | tok/s: 465.25
Request 131 | res_time: 17:22:19.53 | latency:  12.77 s | tokens: 25 | gen_time: 0.054 s | tok/s: 465.07
Request 132 | res_time: 17:22:19.61 | latency:  13.87 s | tokens: 25 | gen_time: 0.054 s | tok/s: 461.87
Request 133 | res_time: 17:22:19.68 | latency:  12.75 s | tokens: 25 | gen_time: 0.054 s | tok/s: 464.23
Request 134 | res_time: 17:22:19.76 | latency:  12.91 s | tokens: 25 | gen_time: 0.054 s | tok/s: 465.16
Request 135 | res_time: 17:22:19.83 | latency:  11.99 s | tokens: 25 | gen_time: 0.053 s | tok/s: 467.54
Request 136 | res_time: 17:22:19.90 | latency:  13.66 s | tokens: 25 | gen_time: 0.053 s | tok/s: 467.47
Request 137 | res_time: 17:22:19.98 | latency:  14.13 s | tokens: 25 | gen_time: 0.054 s | tok/s: 466.69
Request 138 | res_time: 17:22:20.05 | latency:  13.91 s | tokens: 25 | gen_time: 0.054 s | tok/s: 461.78
Request 139 | res_time: 17:22:20.13 | latency:  13.09 s | tokens: 25 | gen_time: 0.054 s | tok/s: 459.58
Request 140 | res_time: 17:22:20.20 | latency:  13.36 s | tokens: 25 | gen_time: 0.054 s | tok/s: 460.46
Request 141 | res_time: 17:22:20.28 | latency:  13.45 s | tokens: 25 | gen_time: 0.054 s | tok/s: 460.49
Request 142 | res_time: 17:22:20.36 | latency:  13.53 s | tokens: 25 | gen_time: 0.055 s | tok/s: 454.45
Request 143 | res_time: 17:22:20.43 | latency:  13.42 s | tokens: 25 | gen_time: 0.054 s | tok/s: 464.05
Request 144 | res_time: 17:22:20.51 | latency:  13.49 s | tokens: 25 | gen_time: 0.054 s | tok/s: 460.29
Request 145 | res_time: 17:22:20.58 | latency:  14.44 s | tokens: 25 | gen_time: 0.054 s | tok/s: 460.87
Request 146 | res_time: 17:22:20.65 | latency:  13.77 s | tokens: 25 | gen_time: 0.054 s | tok/s: 463.57
Request 147 | res_time: 17:22:20.73 | latency:  13.94 s | tokens: 25 | gen_time: 0.054 s | tok/s: 465.06
Request 148 | res_time: 17:22:20.80 | latency:  13.66 s | tokens: 25 | gen_time: 0.054 s | tok/s: 461.67
Request 149 | res_time: 17:22:20.88 | latency:  13.98 s | tokens: 25 | gen_time: 0.054 s | tok/s: 466.35
Request 150 | res_time: 17:22:20.95 | latency:  14.13 s | tokens: 25 | gen_time: 0.054 s | tok/s: 462.89
Request 151 | res_time: 17:22:21.03 | latency:  14.20 s | tokens: 25 | gen_time: 0.054 s | tok/s: 463.97
Request 152 | res_time: 17:22:21.10 | latency:  14.20 s | tokens: 25 | gen_time: 0.054 s | tok/s: 463.16
Request 153 | res_time: 17:22:21.18 | latency:  14.28 s | tokens: 25 | gen_time: 0.054 s | tok/s: 465.14
Request 154 | res_time: 17:22:21.25 | latency:  14.16 s | tokens: 25 | gen_time: 0.054 s | tok/s: 461.45
Request 155 | res_time: 17:22:21.33 | latency:  14.48 s | tokens: 25 | gen_time: 0.054 s | tok/s: 462.32
Request 156 | res_time: 17:22:21.40 | latency:  14.33 s | tokens: 25 | gen_time: 0.055 s | tok/s: 458.46
Request 157 | res_time: 17:22:21.48 | latency:  15.63 s | tokens: 25 | gen_time: 0.054 s | tok/s: 459.83
Request 158 | res_time: 17:22:21.55 | latency:  14.65 s | tokens: 25 | gen_time: 0.054 s | tok/s: 459.93
Request 159 | res_time: 17:22:21.63 | latency:  14.58 s | tokens: 25 | gen_time: 0.054 s | tok/s: 463.25
Request 160 | res_time: 17:22:21.70 | latency:  14.82 s | tokens: 25 | gen_time: 0.054 s | tok/s: 459.52
Request 161 | res_time: 17:22:21.78 | latency:  14.88 s | tokens: 25 | gen_time: 0.054 s | tok/s: 460.24
Request 162 | res_time: 17:22:21.85 | latency:  15.10 s | tokens: 25 | gen_time: 0.054 s | tok/s: 464.39
Request 163 | res_time: 17:22:21.93 | latency:  15.14 s | tokens: 25 | gen_time: 0.054 s | tok/s: 460.59
Request 164 | res_time: 17:22:22.00 | latency:  14.95 s | tokens: 25 | gen_time: 0.054 s | tok/s: 459.90
Request 165 | res_time: 17:22:22.08 | latency:  15.04 s | tokens: 25 | gen_time: 0.054 s | tok/s: 463.28
Request 166 | res_time: 17:22:22.15 | latency:  15.02 s | tokens: 25 | gen_time: 0.054 s | tok/s: 461.32
Request 167 | res_time: 17:22:22.22 | latency:  15.21 s | tokens: 25 | gen_time: 0.053 s | tok/s: 468.74
Request 168 | res_time: 17:22:22.30 | latency:  15.41 s | tokens: 25 | gen_time: 0.054 s | tok/s: 462.84
Request 169 | res_time: 17:22:22.37 | latency:  15.68 s | tokens: 25 | gen_time: 0.054 s | tok/s: 461.03
Request 170 | res_time: 17:22:22.45 | latency:  15.66 s | tokens: 25 | gen_time: 0.054 s | tok/s: 463.27
Request 171 | res_time: 17:22:22.52 | latency:  16.65 s | tokens: 25 | gen_time: 0.054 s | tok/s: 460.52
Request 172 | res_time: 17:22:22.60 | latency:  15.54 s | tokens: 25 | gen_time: 0.053 s | tok/s: 467.46
Request 173 | res_time: 17:22:22.67 | latency:  15.62 s | tokens: 25 | gen_time: 0.054 s | tok/s: 462.00
Request 174 | res_time: 17:22:22.75 | latency:  15.60 s | tokens: 25 | gen_time: 0.054 s | tok/s: 459.34
Request 175 | res_time: 17:22:22.82 | latency:  15.77 s | tokens: 25 | gen_time: 0.054 s | tok/s: 460.22
Request 176 | res_time: 17:22:22.90 | latency:  15.90 s | tokens: 25 | gen_time: 0.054 s | tok/s: 464.68
Request 177 | res_time: 17:22:22.97 | latency:  16.10 s | tokens: 25 | gen_time: 0.054 s | tok/s: 460.83
Request 178 | res_time: 17:22:23.05 | latency:  15.88 s | tokens: 25 | gen_time: 0.054 s | tok/s: 466.47
Request 179 | res_time: 17:22:23.12 | latency:  16.05 s | tokens: 25 | gen_time: 0.054 s | tok/s: 464.07
Request 180 | res_time: 17:22:23.19 | latency:  16.30 s | tokens: 25 | gen_time: 0.053 s | tok/s: 467.81
Request 181 | res_time: 17:22:23.27 | latency:  16.32 s | tokens: 25 | gen_time: 0.055 s | tok/s: 457.82
Request 182 | res_time: 17:22:23.35 | latency:  16.81 s | tokens: 25 | gen_time: 0.054 s | tok/s: 461.97
Request 183 | res_time: 17:22:23.42 | latency:  16.03 s | tokens: 25 | gen_time: 0.054 s | tok/s: 462.56
Request 184 | res_time: 17:22:23.50 | latency:  16.69 s | tokens: 25 | gen_time: 0.054 s | tok/s: 459.71
Request 185 | res_time: 17:22:23.57 | latency:  16.58 s | tokens: 25 | gen_time: 0.055 s | tok/s: 457.94
Request 186 | res_time: 17:22:23.65 | latency:  16.78 s | tokens: 25 | gen_time: 0.055 s | tok/s: 458.24
Request 187 | res_time: 17:22:23.72 | latency:  16.72 s | tokens: 25 | gen_time: 0.054 s | tok/s: 462.44
Request 188 | res_time: 17:22:23.80 | latency:  16.17 s | tokens: 25 | gen_time: 0.054 s | tok/s: 465.94
Request 189 | res_time: 17:22:23.87 | latency:  17.08 s | tokens: 25 | gen_time: 0.054 s | tok/s: 463.60
Request 190 | res_time: 17:22:23.95 | latency:  16.99 s | tokens: 25 | gen_time: 0.054 s | tok/s: 463.85
Request 191 | res_time: 17:22:24.02 | latency:  16.81 s | tokens: 25 | gen_time: 0.054 s | tok/s: 463.10
Request 192 | res_time: 17:22:24.10 | latency:  17.23 s | tokens: 25 | gen_time: 0.054 s | tok/s: 463.21
Request 193 | res_time: 17:22:24.17 | latency:  17.10 s | tokens: 25 | gen_time: 0.054 s | tok/s: 460.65
Request 194 | res_time: 17:22:24.25 | latency:  17.19 s | tokens: 25 | gen_time: 0.054 s | tok/s: 463.46
Request 195 | res_time: 17:22:24.32 | latency:  17.42 s | tokens: 25 | gen_time: 0.054 s | tok/s: 462.99
Request 196 | res_time: 17:22:24.39 | latency:  17.49 s | tokens: 25 | gen_time: 0.054 s | tok/s: 463.32
Request 197 | res_time: 17:22:24.47 | latency:  17.02 s | tokens: 25 | gen_time: 0.054 s | tok/s: 463.59
Request 198 | res_time: 17:22:24.54 | latency:  17.65 s | tokens: 25 | gen_time: 0.054 s | tok/s: 463.99
Request 199 | res_time: 17:22:24.62 | latency:  17.53 s | tokens: 25 | gen_time: 0.054 s | tok/s: 462.16
Request 200 | res_time: 17:22:24.69 | latency:  17.91 s | tokens: 25 | gen_time: 0.054 s | tok/s: 463.52
Request 201 | res_time: 17:22:24.77 | latency:  17.56 s | tokens: 25 | gen_time: 0.054 s | tok/s: 460.63
Request 202 | res_time: 17:22:24.84 | latency:  17.74 s | tokens: 25 | gen_time: 0.054 s | tok/s: 462.49
Request 203 | res_time: 17:22:24.92 | latency:  19.07 s | tokens: 25 | gen_time: 0.054 s | tok/s: 461.47
Request 204 | res_time: 17:22:24.99 | latency:  17.68 s | tokens: 25 | gen_time: 0.054 s | tok/s: 461.31
Request 205 | res_time: 17:22:25.07 | latency:  18.31 s | tokens: 25 | gen_time: 0.054 s | tok/s: 459.22
Request 206 | res_time: 17:22:25.14 | latency:  18.28 s | tokens: 25 | gen_time: 0.054 s | tok/s: 463.13
Request 207 | res_time: 17:22:25.22 | latency:  18.31 s | tokens: 25 | gen_time: 0.054 s | tok/s: 462.77
Request 208 | res_time: 17:22:25.29 | latency:  18.41 s | tokens: 25 | gen_time: 0.054 s | tok/s: 465.29
Request 209 | res_time: 17:22:25.36 | latency:  18.50 s | tokens: 25 | gen_time: 0.054 s | tok/s: 463.41
Request 210 | res_time: 17:22:25.44 | latency:  18.54 s | tokens: 25 | gen_time: 0.054 s | tok/s: 465.28
Request 211 | res_time: 17:22:25.51 | latency:  18.26 s | tokens: 25 | gen_time: 0.054 s | tok/s: 464.23
Request 212 | res_time: 17:22:25.59 | latency:  18.65 s | tokens: 25 | gen_time: 0.054 s | tok/s: 461.82
Request 213 | res_time: 17:22:25.66 | latency:  18.76 s | tokens: 25 | gen_time: 0.054 s | tok/s: 460.77
Request 214 | res_time: 17:22:25.74 | latency:  18.66 s | tokens: 25 | gen_time: 0.054 s | tok/s: 458.86
Request 215 | res_time: 17:22:25.81 | latency:  18.90 s | tokens: 25 | gen_time: 0.054 s | tok/s: 461.80
Request 216 | res_time: 17:22:25.89 | latency:  18.95 s | tokens: 25 | gen_time: 0.054 s | tok/s: 462.84
Request 217 | res_time: 17:22:25.96 | latency:  19.17 s | tokens: 25 | gen_time: 0.054 s | tok/s: 460.71
Request 218 | res_time: 17:22:26.03 | latency:  19.13 s | tokens: 25 | gen_time: 0.054 s | tok/s: 467.02
Request 219 | res_time: 17:22:26.11 | latency:  19.30 s | tokens: 25 | gen_time: 0.054 s | tok/s: 463.92
Request 220 | res_time: 17:22:26.18 | latency:  19.28 s | tokens: 25 | gen_time: 0.054 s | tok/s: 465.35
Request 221 | res_time: 17:22:26.26 | latency:  19.32 s | tokens: 25 | gen_time: 0.054 s | tok/s: 464.28
Request 222 | res_time: 17:22:26.33 | latency:  19.60 s | tokens: 25 | gen_time: 0.054 s | tok/s: 463.66
Request 223 | res_time: 17:22:26.41 | latency:  19.22 s | tokens: 25 | gen_time: 0.055 s | tok/s: 458.03
Request 224 | res_time: 17:22:26.48 | latency:  19.04 s | tokens: 25 | gen_time: 0.054 s | tok/s: 464.83
Request 225 | res_time: 17:22:26.55 | latency:  19.75 s | tokens: 25 | gen_time: 0.054 s | tok/s: 462.84
Request 226 | res_time: 17:22:26.63 | latency:  19.85 s | tokens: 25 | gen_time: 0.054 s | tok/s: 463.89
Request 227 | res_time: 17:22:26.70 | latency:  19.80 s | tokens: 25 | gen_time: 0.054 s | tok/s: 466.12
Request 228 | res_time: 17:22:26.78 | latency:  19.92 s | tokens: 25 | gen_time: 0.054 s | tok/s: 463.15
Request 229 | res_time: 17:22:26.85 | latency:  20.01 s | tokens: 25 | gen_time: 0.054 s | tok/s: 465.79
Request 230 | res_time: 17:22:26.93 | latency:  19.81 s | tokens: 25 | gen_time: 0.054 s | tok/s: 462.51
Request 231 | res_time: 17:22:27.00 | latency:  20.12 s | tokens: 25 | gen_time: 0.054 s | tok/s: 462.75
Request 232 | res_time: 17:22:27.08 | latency:  19.71 s | tokens: 25 | gen_time: 0.054 s | tok/s: 460.29
Request 233 | res_time: 17:22:27.15 | latency:  21.02 s | tokens: 25 | gen_time: 0.054 s | tok/s: 459.51
Request 234 | res_time: 17:22:27.23 | latency:  20.34 s | tokens: 25 | gen_time: 0.054 s | tok/s: 460.30
Request 235 | res_time: 17:22:27.30 | latency:  20.34 s | tokens: 25 | gen_time: 0.054 s | tok/s: 466.54
Request 236 | res_time: 17:22:27.37 | latency:  20.47 s | tokens: 25 | gen_time: 0.054 s | tok/s: 462.89
Request 237 | res_time: 17:22:27.45 | latency:  20.35 s | tokens: 25 | gen_time: 0.054 s | tok/s: 463.48
Request 238 | res_time: 17:22:27.52 | latency:  20.76 s | tokens: 25 | gen_time: 0.054 s | tok/s: 462.27
Request 239 | res_time: 17:22:27.60 | latency:  20.75 s | tokens: 25 | gen_time: 0.054 s | tok/s: 464.81
Request 240 | res_time: 17:22:27.67 | latency:  20.88 s | tokens: 25 | gen_time: 0.054 s | tok/s: 465.53
Request 241 | res_time: 17:22:27.75 | latency:  20.43 s | tokens: 25 | gen_time: 0.054 s | tok/s: 460.96
Request 242 | res_time: 17:22:27.82 | latency:  20.94 s | tokens: 25 | gen_time: 0.054 s | tok/s: 459.23
Request 243 | res_time: 17:22:27.89 | latency:  21.03 s | tokens: 25 | gen_time: 0.053 s | tok/s: 467.30
Request 244 | res_time: 17:22:27.97 | latency:  20.68 s | tokens: 25 | gen_time: 0.054 s | tok/s: 463.31
Request 245 | res_time: 17:22:28.04 | latency:  20.75 s | tokens: 25 | gen_time: 0.054 s | tok/s: 464.44
Request 246 | res_time: 17:22:28.12 | latency:  21.22 s | tokens: 25 | gen_time: 0.054 s | tok/s: 459.46
Request 247 | res_time: 17:22:28.19 | latency:  21.29 s | tokens: 25 | gen_time: 0.053 s | tok/s: 467.56
Request 248 | res_time: 17:22:28.27 | latency:  21.27 s | tokens: 25 | gen_time: 0.054 s | tok/s: 464.66
Request 249 | res_time: 17:22:28.34 | latency:  22.03 s | tokens: 25 | gen_time: 0.054 s | tok/s: 463.77
Request 250 | res_time: 17:22:28.42 | latency:  21.52 s | tokens: 25 | gen_time: 0.054 s | tok/s: 460.93
Request 251 | res_time: 17:22:28.49 | latency:  21.20 s | tokens: 25 | gen_time: 0.054 s | tok/s: 467.14
Request 252 | res_time: 17:22:28.57 | latency:  21.76 s | tokens: 25 | gen_time: 0.054 s | tok/s: 460.30
Request 253 | res_time: 17:22:28.64 | latency:  21.14 s | tokens: 25 | gen_time: 0.054 s | tok/s: 464.75
Request 254 | res_time: 17:22:28.72 | latency:  21.96 s | tokens: 25 | gen_time: 0.054 s | tok/s: 461.41
Request 255 | res_time: 17:22:28.79 | latency:  21.71 s | tokens: 25 | gen_time: 0.054 s | tok/s: 460.39
Request 256 | res_time: 17:22:28.87 | latency:  22.10 s | tokens: 25 | gen_time: 0.054 s | tok/s: 460.52
Request 257 | res_time: 17:22:28.94 | latency:  22.03 s | tokens: 25 | gen_time: 0.054 s | tok/s: 461.28
Request 258 | res_time: 17:22:29.01 | latency:  21.57 s | tokens: 25 | gen_time: 0.054 s | tok/s: 464.49
Request 259 | res_time: 17:22:29.09 | latency:  22.22 s | tokens: 25 | gen_time: 0.054 s | tok/s: 459.62
Request 260 | res_time: 17:22:29.16 | latency:  21.84 s | tokens: 25 | gen_time: 0.054 s | tok/s: 467.09
Request 261 | res_time: 17:22:29.24 | latency:  22.28 s | tokens: 25 | gen_time: 0.054 s | tok/s: 463.83
Request 262 | res_time: 17:22:29.31 | latency:  22.32 s | tokens: 25 | gen_time: 0.054 s | tok/s: 460.74
Request 263 | res_time: 17:22:29.39 | latency:  21.97 s | tokens: 25 | gen_time: 0.054 s | tok/s: 459.83
Request 264 | res_time: 17:22:29.46 | latency:  22.36 s | tokens: 25 | gen_time: 0.054 s | tok/s: 462.02
Request 265 | res_time: 17:22:29.54 | latency:  22.52 s | tokens: 25 | gen_time: 0.054 s | tok/s: 463.31
Request 266 | res_time: 17:22:29.61 | latency:  22.44 s | tokens: 25 | gen_time: 0.054 s | tok/s: 461.38
Request 267 | res_time: 17:22:29.68 | latency:  22.78 s | tokens: 25 | gen_time: 0.054 s | tok/s: 463.01
Request 268 | res_time: 17:22:29.76 | latency:  22.66 s | tokens: 25 | gen_time: 0.054 s | tok/s: 463.19
Request 269 | res_time: 17:22:29.83 | latency:  23.01 s | tokens: 25 | gen_time: 0.054 s | tok/s: 465.73
Request 270 | res_time: 17:22:29.91 | latency:  22.56 s | tokens: 25 | gen_time: 0.054 s | tok/s: 466.96
Request 271 | res_time: 17:22:29.98 | latency:  22.73 s | tokens: 25 | gen_time: 0.054 s | tok/s: 465.96
Request 272 | res_time: 17:22:30.05 | latency:  22.63 s | tokens: 25 | gen_time: 0.054 s | tok/s: 460.12
Request 273 | res_time: 17:22:30.13 | latency:  23.26 s | tokens: 25 | gen_time: 0.054 s | tok/s: 466.03
Request 274 | res_time: 17:22:30.20 | latency:  23.20 s | tokens: 25 | gen_time: 0.053 s | tok/s: 468.38
Request 275 | res_time: 17:22:30.28 | latency:  23.38 s | tokens: 25 | gen_time: 0.054 s | tok/s: 459.33
Request 276 | res_time: 17:22:30.35 | latency:  23.44 s | tokens: 25 | gen_time: 0.054 s | tok/s: 462.22
Request 277 | res_time: 17:22:30.43 | latency:  23.51 s | tokens: 25 | gen_time: 0.054 s | tok/s: 467.27
Request 278 | res_time: 17:22:30.50 | latency:  23.60 s | tokens: 25 | gen_time: 0.054 s | tok/s: 461.09
Request 279 | res_time: 17:22:30.58 | latency:  23.80 s | tokens: 25 | gen_time: 0.054 s | tok/s: 465.06
Request 280 | res_time: 17:22:30.65 | latency:  23.75 s | tokens: 25 | gen_time: 0.054 s | tok/s: 460.78
Request 281 | res_time: 17:22:30.72 | latency:  23.83 s | tokens: 25 | gen_time: 0.054 s | tok/s: 464.47
Request 282 | res_time: 17:22:30.80 | latency:  23.80 s | tokens: 25 | gen_time: 0.054 s | tok/s: 464.07
Request 283 | res_time: 17:22:30.87 | latency:  23.60 s | tokens: 25 | gen_time: 0.054 s | tok/s: 466.22
Request 284 | res_time: 17:22:30.95 | latency:  24.05 s | tokens: 25 | gen_time: 0.054 s | tok/s: 461.50
Request 285 | res_time: 17:22:31.02 | latency:  23.85 s | tokens: 25 | gen_time: 0.054 s | tok/s: 462.08
Request 286 | res_time: 17:22:31.09 | latency:  24.32 s | tokens: 25 | gen_time: 0.054 s | tok/s: 465.97
Request 287 | res_time: 17:22:31.17 | latency:  25.27 s | tokens: 25 | gen_time: 0.054 s | tok/s: 462.91
Request 288 | res_time: 17:22:31.24 | latency:  23.64 s | tokens: 25 | gen_time: 0.054 s | tok/s: 462.72
Request 289 | res_time: 17:22:31.32 | latency:  24.53 s | tokens: 25 | gen_time: 0.054 s | tok/s: 461.22
Request 290 | res_time: 17:22:31.39 | latency:  24.30 s | tokens: 25 | gen_time: 0.054 s | tok/s: 463.58
Request 291 | res_time: 17:22:31.47 | latency:  24.43 s | tokens: 25 | gen_time: 0.053 s | tok/s: 468.11
Request 292 | res_time: 17:22:31.54 | latency:  24.75 s | tokens: 25 | gen_time: 0.054 s | tok/s: 460.33
Request 293 | res_time: 17:22:31.62 | latency:  24.49 s | tokens: 25 | gen_time: 0.054 s | tok/s: 459.87
Request 294 | res_time: 17:22:31.69 | latency:  24.76 s | tokens: 25 | gen_time: 0.054 s | tok/s: 463.58
Request 295 | res_time: 17:22:31.77 | latency:  24.47 s | tokens: 25 | gen_time: 0.054 s | tok/s: 460.97
Request 296 | res_time: 17:22:31.84 | latency:  24.94 s | tokens: 25 | gen_time: 0.054 s | tok/s: 463.88
Request 297 | res_time: 17:22:31.91 | latency:  25.01 s | tokens: 25 | gen_time: 0.054 s | tok/s: 461.72
Request 298 | res_time: 17:22:31.99 | latency:  25.21 s | tokens: 25 | gen_time: 0.054 s | tok/s: 466.09
Request 299 | res_time: 17:22:32.06 | latency:  24.96 s | tokens: 25 | gen_time: 0.054 s | tok/s: 464.92
Request 300 | res_time: 17:22:32.14 | latency:  25.38 s | tokens: 25 | gen_time: 0.055 s | tok/s: 458.33
Request 301 | res_time: 17:22:32.21 | latency:  25.34 s | tokens: 25 | gen_time: 0.054 s | tok/s: 463.09
Request 302 | res_time: 17:22:32.29 | latency:  25.39 s | tokens: 25 | gen_time: 0.054 s | tok/s: 464.62
Request 303 | res_time: 17:22:32.36 | latency:  24.38 s | tokens: 25 | gen_time: 0.054 s | tok/s: 462.99
Request 304 | res_time: 17:22:32.43 | latency:  25.36 s | tokens: 25 | gen_time: 0.054 s | tok/s: 464.97
Request 305 | res_time: 17:22:32.51 | latency:  25.61 s | tokens: 25 | gen_time: 0.054 s | tok/s: 463.20
Request 306 | res_time: 17:22:32.58 | latency:  25.78 s | tokens: 25 | gen_time: 0.054 s | tok/s: 459.27
Request 307 | res_time: 17:22:32.66 | latency:  25.66 s | tokens: 25 | gen_time: 0.054 s | tok/s: 466.10
Request 308 | res_time: 17:22:32.73 | latency:  25.48 s | tokens: 25 | gen_time: 0.054 s | tok/s: 465.98
Request 309 | res_time: 17:22:32.81 | latency:  26.02 s | tokens: 25 | gen_time: 0.053 s | tok/s: 467.31
Request 310 | res_time: 17:22:32.88 | latency:  25.93 s | tokens: 25 | gen_time: 0.054 s | tok/s: 464.06
Request 311 | res_time: 17:22:32.96 | latency:  26.04 s | tokens: 25 | gen_time: 0.054 s | tok/s: 459.63
Request 312 | res_time: 17:22:33.03 | latency:  26.06 s | tokens: 25 | gen_time: 0.054 s | tok/s: 462.77
Request 313 | res_time: 17:22:33.10 | latency:  26.35 s | tokens: 25 | gen_time: 0.054 s | tok/s: 467.20
Request 314 | res_time: 17:22:33.18 | latency:  26.18 s | tokens: 25 | gen_time: 0.054 s | tok/s: 462.70
Request 315 | res_time: 17:22:33.25 | latency:  26.41 s | tokens: 25 | gen_time: 0.054 s | tok/s: 464.72
Request 316 | res_time: 17:22:33.33 | latency:  26.52 s | tokens: 25 | gen_time: 0.054 s | tok/s: 458.75
Request 317 | res_time: 17:22:33.40 | latency:  26.09 s | tokens: 25 | gen_time: 0.054 s | tok/s: 465.25
Request 318 | res_time: 17:22:33.48 | latency:  26.24 s | tokens: 25 | gen_time: 0.054 s | tok/s: 463.12
Request 319 | res_time: 17:22:33.55 | latency:  26.66 s | tokens: 25 | gen_time: 0.054 s | tok/s: 465.73
Request 320 | res_time: 17:22:33.63 | latency:  26.87 s | tokens: 25 | gen_time: 0.054 s | tok/s: 466.88
Request 321 | res_time: 17:22:33.70 | latency:  26.47 s | tokens: 25 | gen_time: 0.053 s | tok/s: 469.38
Request 322 | res_time: 17:22:33.77 | latency:  26.35 s | tokens: 25 | gen_time: 0.054 s | tok/s: 459.95
Request 323 | res_time: 17:22:33.85 | latency:  27.04 s | tokens: 25 | gen_time: 0.053 s | tok/s: 467.70
Request 324 | res_time: 17:22:33.92 | latency:  27.02 s | tokens: 25 | gen_time: 0.053 s | tok/s: 467.78
Request 325 | res_time: 17:22:34.00 | latency:  27.09 s | tokens: 25 | gen_time: 0.053 s | tok/s: 468.81
Request 326 | res_time: 17:22:34.07 | latency:  26.07 s | tokens: 25 | gen_time: 0.053 s | tok/s: 468.45
Request 327 | res_time: 17:22:34.14 | latency:  27.21 s | tokens: 25 | gen_time: 0.054 s | tok/s: 464.09
Request 328 | res_time: 17:22:34.22 | latency:  27.32 s | tokens: 25 | gen_time: 0.054 s | tok/s: 463.05
Request 329 | res_time: 17:22:34.29 | latency:  27.02 s | tokens: 25 | gen_time: 0.054 s | tok/s: 461.05
Request 330 | res_time: 17:22:34.37 | latency:  26.12 s | tokens: 25 | gen_time: 0.054 s | tok/s: 465.83
Request 331 | res_time: 17:22:34.44 | latency:  27.34 s | tokens: 25 | gen_time: 0.054 s | tok/s: 462.16
Request 332 | res_time: 17:22:34.52 | latency:  26.98 s | tokens: 25 | gen_time: 0.054 s | tok/s: 460.68
Request 333 | res_time: 17:22:34.59 | latency:  27.66 s | tokens: 25 | gen_time: 0.054 s | tok/s: 459.09
Request 334 | res_time: 17:22:34.67 | latency:  26.22 s | tokens: 25 | gen_time: 0.054 s | tok/s: 459.19
Request 335 | res_time: 17:22:34.74 | latency:  27.64 s | tokens: 25 | gen_time: 0.054 s | tok/s: 459.24
Request 336 | res_time: 17:22:34.82 | latency:  28.02 s | tokens: 25 | gen_time: 0.054 s | tok/s: 464.07
Request 337 | res_time: 17:22:34.89 | latency:  27.31 s | tokens: 25 | gen_time: 0.054 s | tok/s: 466.72
Request 338 | res_time: 17:22:34.96 | latency:  26.98 s | tokens: 25 | gen_time: 0.054 s | tok/s: 462.01
Request 339 | res_time: 17:22:35.04 | latency:  28.14 s | tokens: 25 | gen_time: 0.054 s | tok/s: 465.50
Request 340 | res_time: 17:22:35.11 | latency:  27.48 s | tokens: 25 | gen_time: 0.054 s | tok/s: 461.90
Request 341 | res_time: 17:22:35.19 | latency:  28.10 s | tokens: 25 | gen_time: 0.054 s | tok/s: 460.63
Request 342 | res_time: 17:22:35.26 | latency:  27.99 s | tokens: 25 | gen_time: 0.053 s | tok/s: 467.65
Request 343 | res_time: 17:22:35.34 | latency:  27.75 s | tokens: 25 | gen_time: 0.054 s | tok/s: 460.01
Request 344 | res_time: 17:22:35.41 | latency:  28.37 s | tokens: 25 | gen_time: 0.054 s | tok/s: 465.64
Request 345 | res_time: 17:22:35.48 | latency:  29.47 s | tokens: 25 | gen_time: 0.054 s | tok/s: 464.57
Request 346 | res_time: 17:22:35.56 | latency:  28.01 s | tokens: 25 | gen_time: 0.054 s | tok/s: 464.84
Request 347 | res_time: 17:22:35.63 | latency:  28.15 s | tokens: 25 | gen_time: 0.054 s | tok/s: 463.63
Request 348 | res_time: 17:22:35.71 | latency:  27.92 s | tokens: 25 | gen_time: 0.054 s | tok/s: 462.62
Request 349 | res_time: 17:22:35.78 | latency:  28.18 s | tokens: 25 | gen_time: 0.054 s | tok/s: 465.69
Request 350 | res_time: 17:22:35.85 | latency:  29.08 s | tokens: 25 | gen_time: 0.054 s | tok/s: 465.47
Request 351 | res_time: 17:22:35.93 | latency:  28.06 s | tokens: 25 | gen_time: 0.054 s | tok/s: 459.84
Request 352 | res_time: 17:22:36.00 | latency:  29.16 s | tokens: 25 | gen_time: 0.054 s | tok/s: 465.11
Request 353 | res_time: 17:22:36.08 | latency:  29.25 s | tokens: 25 | gen_time: 0.054 s | tok/s: 463.33
Request 354 | res_time: 17:22:36.15 | latency:  28.74 s | tokens: 25 | gen_time: 0.054 s | tok/s: 463.71
Request 355 | res_time: 17:22:36.22 | latency:  28.48 s | tokens: 25 | gen_time: 0.054 s | tok/s: 466.48
Request 356 | res_time: 17:22:36.30 | latency:  29.45 s | tokens: 25 | gen_time: 0.054 s | tok/s: 466.11
Request 357 | res_time: 17:22:36.37 | latency:  28.16 s | tokens: 25 | gen_time: 0.054 s | tok/s: 462.71
Request 358 | res_time: 17:22:36.45 | latency:  28.32 s | tokens: 25 | gen_time: 0.054 s | tok/s: 465.47
Request 359 | res_time: 17:22:36.52 | latency:  28.40 s | tokens: 25 | gen_time: 0.054 s | tok/s: 466.43
Request 360 | res_time: 17:22:36.60 | latency:  29.69 s | tokens: 25 | gen_time: 0.054 s | tok/s: 464.76
Request 361 | res_time: 17:22:36.67 | latency:  29.56 s | tokens: 25 | gen_time: 0.054 s | tok/s: 464.99
Request 362 | res_time: 17:22:36.74 | latency:  29.12 s | tokens: 25 | gen_time: 0.054 s | tok/s: 464.74
Request 363 | res_time: 17:22:36.82 | latency:  29.96 s | tokens: 25 | gen_time: 0.054 s | tok/s: 465.69
Request 364 | res_time: 17:22:36.89 | latency:  29.92 s | tokens: 25 | gen_time: 0.054 s | tok/s: 463.58
Request 365 | res_time: 17:22:36.97 | latency:  29.48 s | tokens: 25 | gen_time: 0.054 s | tok/s: 464.27
Request 366 | res_time: 17:22:37.04 | latency:  29.56 s | tokens: 25 | gen_time: 0.054 s | tok/s: 463.18
Request 367 | res_time: 17:22:37.11 | latency:  30.16 s | tokens: 25 | gen_time: 0.054 s | tok/s: 464.91
Request 368 | res_time: 17:22:37.19 | latency:  29.64 s | tokens: 25 | gen_time: 0.054 s | tok/s: 464.04
Request 369 | res_time: 17:22:37.26 | latency:  29.95 s | tokens: 25 | gen_time: 0.053 s | tok/s: 468.50
Request 370 | res_time: 17:22:37.34 | latency:  29.48 s | tokens: 25 | gen_time: 0.054 s | tok/s: 463.02
Request 371 | res_time: 17:22:37.41 | latency:  30.31 s | tokens: 25 | gen_time: 0.054 s | tok/s: 466.20
Request 372 | res_time: 17:22:37.49 | latency:  30.60 s | tokens: 25 | gen_time: 0.054 s | tok/s: 462.08
Request 373 | res_time: 17:22:37.56 | latency:  30.66 s | tokens: 25 | gen_time: 0.054 s | tok/s: 460.92
Request 374 | res_time: 17:22:37.63 | latency:  30.73 s | tokens: 25 | gen_time: 0.054 s | tok/s: 463.38
Request 375 | res_time: 17:22:37.71 | latency:  29.67 s | tokens: 25 | gen_time: 0.054 s | tok/s: 463.30
Request 376 | res_time: 17:22:37.78 | latency:  29.86 s | tokens: 25 | gen_time: 0.054 s | tok/s: 462.61
Request 377 | res_time: 17:22:37.86 | latency:  30.96 s | tokens: 25 | gen_time: 0.054 s | tok/s: 463.87
Request 378 | res_time: 17:22:37.93 | latency:  30.34 s | tokens: 25 | gen_time: 0.054 s | tok/s: 462.87
Request 379 | res_time: 17:22:38.01 | latency:  31.11 s | tokens: 25 | gen_time: 0.054 s | tok/s: 465.88
Request 380 | res_time: 17:22:38.08 | latency:  30.85 s | tokens: 25 | gen_time: 0.054 s | tok/s: 465.46
Request 381 | res_time: 17:22:38.15 | latency:  31.07 s | tokens: 25 | gen_time: 0.054 s | tok/s: 464.62
Request 382 | res_time: 17:22:38.23 | latency:  30.37 s | tokens: 25 | gen_time: 0.054 s | tok/s: 463.61
Request 383 | res_time: 17:22:38.30 | latency:  30.16 s | tokens: 25 | gen_time: 0.054 s | tok/s: 463.69
Request 384 | res_time: 17:22:38.38 | latency:  31.25 s | tokens: 25 | gen_time: 0.054 s | tok/s: 463.76
Request 385 | res_time: 17:22:38.45 | latency:  30.43 s | tokens: 25 | gen_time: 0.054 s | tok/s: 465.90
Request 386 | res_time: 17:22:38.53 | latency:  30.83 s | tokens: 25 | gen_time: 0.054 s | tok/s: 465.56
Request 387 | res_time: 17:22:38.60 | latency:  30.64 s | tokens: 25 | gen_time: 0.054 s | tok/s: 460.22
Request 388 | res_time: 17:22:38.68 | latency:  30.80 s | tokens: 25 | gen_time: 0.054 s | tok/s: 467.15
Request 389 | res_time: 17:22:38.75 | latency:  30.80 s | tokens: 25 | gen_time: 0.054 s | tok/s: 463.65
Request 390 | res_time: 17:22:38.82 | latency:  32.05 s | tokens: 25 | gen_time: 0.054 s | tok/s: 461.37
Request 391 | res_time: 17:22:38.90 | latency:  32.00 s | tokens: 25 | gen_time: 0.054 s | tok/s: 466.96
Request 392 | res_time: 17:22:38.97 | latency:  30.87 s | tokens: 25 | gen_time: 0.054 s | tok/s: 462.38
Request 393 | res_time: 17:22:39.05 | latency:  31.07 s | tokens: 25 | gen_time: 0.054 s | tok/s: 462.63
Request 394 | res_time: 17:22:39.12 | latency:  30.66 s | tokens: 25 | gen_time: 0.054 s | tok/s: 466.93
Request 395 | res_time: 17:22:39.20 | latency:  32.01 s | tokens: 25 | gen_time: 0.054 s | tok/s: 462.68
Request 396 | res_time: 17:22:39.27 | latency:  31.18 s | tokens: 25 | gen_time: 0.054 s | tok/s: 459.60
Request 397 | res_time: 17:22:39.35 | latency:  32.44 s | tokens: 25 | gen_time: 0.054 s | tok/s: 464.09
Request 398 | res_time: 17:22:39.42 | latency:  31.25 s | tokens: 25 | gen_time: 0.054 s | tok/s: 461.57
Request 399 | res_time: 17:22:39.49 | latency:  31.24 s | tokens: 25 | gen_time: 0.054 s | tok/s: 460.51
Request 400 | res_time: 17:22:39.57 | latency:  32.67 s | tokens: 25 | gen_time: 0.054 s | tok/s: 466.07
Request 401 | res_time: 17:22:39.64 | latency:  32.89 s | tokens: 25 | gen_time: 0.054 s | tok/s: 466.39
Request 402 | res_time: 17:22:39.72 | latency:  31.74 s | tokens: 25 | gen_time: 0.054 s | tok/s: 461.12
Request 403 | res_time: 17:22:39.79 | latency:  31.84 s | tokens: 25 | gen_time: 0.054 s | tok/s: 464.09
Request 404 | res_time: 17:22:39.86 | latency:  34.20 s | tokens: 25 | gen_time: 0.054 s | tok/s: 466.45
Request 405 | res_time: 17:22:39.94 | latency:  32.46 s | tokens: 25 | gen_time: 0.054 s | tok/s: 459.73
Request 406 | res_time: 17:22:40.01 | latency:  33.08 s | tokens: 25 | gen_time: 0.054 s | tok/s: 462.95
Request 407 | res_time: 17:22:40.09 | latency:  33.19 s | tokens: 25 | gen_time: 0.054 s | tok/s: 466.04
Request 408 | res_time: 17:22:40.16 | latency:  32.25 s | tokens: 25 | gen_time: 0.054 s | tok/s: 460.42
Request 409 | res_time: 17:22:40.24 | latency:  32.25 s | tokens: 25 | gen_time: 0.055 s | tok/s: 456.99
Request 410 | res_time: 17:22:40.32 | latency:  32.55 s | tokens: 25 | gen_time: 0.054 s | tok/s: 458.78
Request 411 | res_time: 17:22:40.39 | latency:  33.74 s | tokens: 25 | gen_time: 0.054 s | tok/s: 461.89
Request 412 | res_time: 17:22:40.46 | latency:  33.61 s | tokens: 25 | gen_time: 0.054 s | tok/s: 464.08
Request 413 | res_time: 17:22:40.54 | latency:  32.65 s | tokens: 25 | gen_time: 0.054 s | tok/s: 461.51
Request 414 | res_time: 17:22:40.61 | latency:  33.71 s | tokens: 25 | gen_time: 0.054 s | tok/s: 464.91
Request 415 | res_time: 17:22:40.69 | latency:  33.83 s | tokens: 25 | gen_time: 0.054 s | tok/s: 464.84
Request 416 | res_time: 17:22:40.76 | latency:  32.81 s | tokens: 25 | gen_time: 0.054 s | tok/s: 460.63
Request 417 | res_time: 17:22:40.84 | latency:  32.86 s | tokens: 25 | gen_time: 0.054 s | tok/s: 462.24
Request 418 | res_time: 17:22:40.91 | latency:  32.91 s | tokens: 25 | gen_time: 0.054 s | tok/s: 464.57
Request 419 | res_time: 17:22:40.98 | latency:  32.78 s | tokens: 25 | gen_time: 0.054 s | tok/s: 465.23
Request 420 | res_time: 17:22:41.06 | latency:  34.14 s | tokens: 25 | gen_time: 0.054 s | tok/s: 466.99
Request 421 | res_time: 17:22:41.13 | latency:  33.83 s | tokens: 25 | gen_time: 0.054 s | tok/s: 460.88
Request 422 | res_time: 17:22:41.21 | latency:  33.15 s | tokens: 25 | gen_time: 0.054 s | tok/s: 463.81
Request 423 | res_time: 17:22:41.28 | latency:  34.32 s | tokens: 25 | gen_time: 0.054 s | tok/s: 466.41
Request 424 | res_time: 17:22:41.36 | latency:  34.53 s | tokens: 25 | gen_time: 0.054 s | tok/s: 465.62
Request 425 | res_time: 17:22:41.43 | latency:  34.44 s | tokens: 25 | gen_time: 0.054 s | tok/s: 462.44
Request 426 | res_time: 17:22:41.50 | latency:  34.53 s | tokens: 25 | gen_time: 0.054 s | tok/s: 466.51
Request 427 | res_time: 17:22:41.58 | latency:  33.87 s | tokens: 25 | gen_time: 0.054 s | tok/s: 466.40
Request 428 | res_time: 17:22:41.65 | latency:  33.88 s | tokens: 25 | gen_time: 0.054 s | tok/s: 464.41
Request 429 | res_time: 17:22:41.73 | latency:  34.26 s | tokens: 25 | gen_time: 0.054 s | tok/s: 463.45
Request 430 | res_time: 17:22:41.80 | latency:  33.60 s | tokens: 25 | gen_time: 0.054 s | tok/s: 464.50
Request 431 | res_time: 17:22:41.88 | latency:  34.39 s | tokens: 25 | gen_time: 0.054 s | tok/s: 461.10
Request 432 | res_time: 17:22:41.95 | latency:  34.06 s | tokens: 25 | gen_time: 0.054 s | tok/s: 465.61
Request 433 | res_time: 17:22:42.02 | latency:  34.54 s | tokens: 25 | gen_time: 0.054 s | tok/s: 466.47
Request 434 | res_time: 17:22:42.10 | latency:  35.18 s | tokens: 25 | gen_time: 0.054 s | tok/s: 464.60
Request 435 | res_time: 17:22:42.17 | latency:  34.53 s | tokens: 25 | gen_time: 0.054 s | tok/s: 464.41
Request 436 | res_time: 17:22:42.25 | latency:  34.68 s | tokens: 25 | gen_time: 0.054 s | tok/s: 466.36
Request 437 | res_time: 17:22:42.32 | latency:  33.86 s | tokens: 25 | gen_time: 0.054 s | tok/s: 465.03
Request 438 | res_time: 17:22:42.39 | latency:  34.41 s | tokens: 25 | gen_time: 0.054 s | tok/s: 466.29
Request 439 | res_time: 17:22:42.47 | latency:  34.08 s | tokens: 25 | gen_time: 0.054 s | tok/s: 465.51
Request 440 | res_time: 17:22:42.54 | latency:  35.61 s | tokens: 25 | gen_time: 0.054 s | tok/s: 459.20
Request 441 | res_time: 17:22:42.62 | latency:  35.16 s | tokens: 25 | gen_time: 0.054 s | tok/s: 466.76
Request 442 | res_time: 17:22:42.69 | latency:  34.93 s | tokens: 25 | gen_time: 0.054 s | tok/s: 460.48
Request 443 | res_time: 17:22:42.77 | latency:  34.99 s | tokens: 25 | gen_time: 0.054 s | tok/s: 461.91
Request 444 | res_time: 17:22:42.84 | latency:  34.86 s | tokens: 25 | gen_time: 0.054 s | tok/s: 466.35
Request 445 | res_time: 17:22:42.92 | latency:  35.80 s | tokens: 25 | gen_time: 0.054 s | tok/s: 460.25
Request 446 | res_time: 17:22:42.99 | latency:  36.21 s | tokens: 25 | gen_time: 0.054 s | tok/s: 463.05
Request 447 | res_time: 17:22:43.06 | latency:  36.16 s | tokens: 25 | gen_time: 0.054 s | tok/s: 460.46
Request 448 | res_time: 17:22:43.14 | latency:  36.14 s | tokens: 25 | gen_time: 0.054 s | tok/s: 460.83
Request 449 | res_time: 17:22:43.21 | latency:  35.14 s | tokens: 25 | gen_time: 0.053 s | tok/s: 467.73
Request 450 | res_time: 17:22:43.29 | latency:  36.39 s | tokens: 25 | gen_time: 0.054 s | tok/s: 465.00
Request 451 | res_time: 17:22:43.36 | latency:  36.50 s | tokens: 25 | gen_time: 0.054 s | tok/s: 463.26
Request 452 | res_time: 17:22:43.44 | latency:  36.44 s | tokens: 25 | gen_time: 0.054 s | tok/s: 464.87
Request 453 | res_time: 17:22:43.51 | latency:  36.61 s | tokens: 25 | gen_time: 0.054 s | tok/s: 462.44
Request 454 | res_time: 17:22:43.59 | latency:  36.09 s | tokens: 25 | gen_time: 0.055 s | tok/s: 457.61
Request 455 | res_time: 17:22:43.66 | latency:  35.75 s | tokens: 25 | gen_time: 0.054 s | tok/s: 465.29
Request 456 | res_time: 17:22:43.74 | latency:  36.80 s | tokens: 25 | gen_time: 0.054 s | tok/s: 466.72
Request 457 | res_time: 17:22:43.81 | latency:  35.83 s | tokens: 25 | gen_time: 0.054 s | tok/s: 458.75
Request 458 | res_time: 17:22:43.89 | latency:  35.80 s | tokens: 25 | gen_time: 0.054 s | tok/s: 459.81
Request 459 | res_time: 17:22:43.96 | latency:  37.06 s | tokens: 25 | gen_time: 0.054 s | tok/s: 465.62
Request 460 | res_time: 17:22:44.03 | latency:  37.14 s | tokens: 25 | gen_time: 0.054 s | tok/s: 464.84
Request 461 | res_time: 17:22:44.11 | latency:  36.99 s | tokens: 25 | gen_time: 0.054 s | tok/s: 466.29
Request 462 | res_time: 17:22:44.18 | latency:  37.34 s | tokens: 25 | gen_time: 0.054 s | tok/s: 462.30
Request 463 | res_time: 17:22:44.26 | latency:  37.39 s | tokens: 25 | gen_time: 0.054 s | tok/s: 464.40
Request 464 | res_time: 17:22:44.33 | latency:  36.50 s | tokens: 25 | gen_time: 0.054 s | tok/s: 461.87
Request 465 | res_time: 17:22:44.41 | latency:  36.89 s | tokens: 25 | gen_time: 0.054 s | tok/s: 461.03
Request 466 | res_time: 17:22:44.48 | latency:  36.64 s | tokens: 25 | gen_time: 0.054 s | tok/s: 463.43
Request 467 | res_time: 17:22:44.55 | latency:  36.99 s | tokens: 25 | gen_time: 0.054 s | tok/s: 467.23
Request 468 | res_time: 17:22:44.63 | latency:  37.87 s | tokens: 25 | gen_time: 0.054 s | tok/s: 461.69
Request 469 | res_time: 17:22:44.70 | latency:  36.55 s | tokens: 25 | gen_time: 0.054 s | tok/s: 459.50
Request 470 | res_time: 17:22:44.78 | latency:  37.59 s | tokens: 25 | gen_time: 0.054 s | tok/s: 463.71
Request 471 | res_time: 17:22:44.85 | latency:  37.95 s | tokens: 25 | gen_time: 0.054 s | tok/s: 465.03
Request 472 | res_time: 17:22:44.93 | latency:  38.03 s | tokens: 25 | gen_time: 0.054 s | tok/s: 460.35
Request 473 | res_time: 17:22:45.00 | latency:  38.03 s | tokens: 25 | gen_time: 0.054 s | tok/s: 462.76
Request 474 | res_time: 17:22:45.08 | latency:  38.17 s | tokens: 25 | gen_time: 0.054 s | tok/s: 460.64
Request 475 | res_time: 17:22:45.15 | latency:  37.63 s | tokens: 25 | gen_time: 0.054 s | tok/s: 464.03
Request 476 | res_time: 17:22:45.22 | latency:  38.32 s | tokens: 25 | gen_time: 0.054 s | tok/s: 461.35
Request 477 | res_time: 17:22:45.30 | latency:  38.40 s | tokens: 25 | gen_time: 0.053 s | tok/s: 467.76
Request 478 | res_time: 17:22:45.37 | latency:  38.47 s | tokens: 25 | gen_time: 0.054 s | tok/s: 462.34
Request 479 | res_time: 17:22:45.45 | latency:  38.54 s | tokens: 25 | gen_time: 0.054 s | tok/s: 464.25
Request 480 | res_time: 17:22:45.52 | latency:  37.41 s | tokens: 25 | gen_time: 0.054 s | tok/s: 466.88
Request 481 | res_time: 17:22:45.60 | latency:  38.75 s | tokens: 25 | gen_time: 0.054 s | tok/s: 461.89
Request 482 | res_time: 17:22:45.67 | latency:  37.89 s | tokens: 25 | gen_time: 0.053 s | tok/s: 468.10
Request 483 | res_time: 17:22:45.74 | latency:  38.31 s | tokens: 25 | gen_time: 0.054 s | tok/s: 460.40
Request 484 | res_time: 17:22:45.82 | latency:  37.78 s | tokens: 25 | gen_time: 0.054 s | tok/s: 459.88
Request 485 | res_time: 17:22:45.89 | latency:  38.99 s | tokens: 25 | gen_time: 0.054 s | tok/s: 460.60
Request 486 | res_time: 17:22:45.97 | latency:  39.01 s | tokens: 25 | gen_time: 0.054 s | tok/s: 463.96
Request 487 | res_time: 17:22:46.04 | latency:  39.14 s | tokens: 25 | gen_time: 0.054 s | tok/s: 459.12
Request 488 | res_time: 17:22:46.12 | latency:  39.20 s | tokens: 25 | gen_time: 0.054 s | tok/s: 465.17
Request 489 | res_time: 17:22:46.19 | latency:  39.38 s | tokens: 25 | gen_time: 0.054 s | tok/s: 462.28
Request 490 | res_time: 17:22:46.26 | latency:  39.36 s | tokens: 25 | gen_time: 0.054 s | tok/s: 462.29
Request 491 | res_time: 17:22:46.34 | latency:  38.57 s | tokens: 25 | gen_time: 0.054 s | tok/s: 461.56
Request 492 | res_time: 17:22:46.41 | latency:  38.31 s | tokens: 25 | gen_time: 0.054 s | tok/s: 462.02
Request 493 | res_time: 17:22:46.49 | latency:  38.55 s | tokens: 25 | gen_time: 0.054 s | tok/s: 464.75
Request 494 | res_time: 17:22:46.56 | latency:  38.63 s | tokens: 25 | gen_time: 0.054 s | tok/s: 465.60
Request 495 | res_time: 17:22:46.64 | latency:  39.72 s | tokens: 25 | gen_time: 0.054 s | tok/s: 465.77
Request 496 | res_time: 17:22:46.71 | latency:  39.73 s | tokens: 25 | gen_time: 0.054 s | tok/s: 465.13
Request 497 | res_time: 17:22:46.78 | latency:  38.88 s | tokens: 25 | gen_time: 0.054 s | tok/s: 460.70
Request 498 | res_time: 17:22:46.86 | latency:  39.01 s | tokens: 25 | gen_time: 0.054 s | tok/s: 464.12
Request 499 | res_time: 17:22:46.93 | latency:  40.09 s | tokens: 25 | gen_time: 0.054 s | tok/s: 466.45
Request 500 | res_time: 17:22:47.01 | latency:  40.72 s | tokens: 25 | gen_time: 0.054 s | tok/s: 463.71

--- TEST CONFIGURATION ---
MIG Config: all-7g.40gb
Ollama Replicas: 1
Total requests: 500
Concurrency: 500
Requested output tokens (effort): 25

Total tokens: 12500
Wall time (s): 41.38
GPU time (s): 27.03

--- METRICS ---
Throughput REAL (tok/s): 302.10
Throughput GPU (tok/s): 462.47
Avg tokens/sec per request: 462.62
Latency avg (ms): 21555.35
Latency p95 (ms): 38026.38

Run appended to CSV table: results/results_table.csv
Per-request stats appended to CSV table: results/result-20260902-172205-624-all-7g.40gb-replicas1-25.csv
