[18:02:16] Starting load test
[18:02:16] MIG Config: all-7g.40gb
[18:02:16] Ollama Replicas: 7
[18:02:16] Total requests: 500
[18:02:16] Concurrency: 500
[18:02:16] Output tokens (effort): 25
[18:02:16] REQUEST: 1 - STARTED in background (active_jobs=1)
[18:02:16] REQUEST: 2 - STARTED in background (active_jobs=2)
[18:02:16] REQUEST: 3 - STARTED in background (active_jobs=3)
[18:02:16] REQUEST: 4 - STARTED in background (active_jobs=4)
[18:02:16] REQUEST: 5 - STARTED in background (active_jobs=5)
[18:02:16] REQUEST: 6 - STARTED in background (active_jobs=6)
[18:02:16] REQUEST: 7 - STARTED in background (active_jobs=7)
[18:02:16] REQUEST: 8 - STARTED in background (active_jobs=8)
[18:02:16] REQUEST: 9 - STARTED in background (active_jobs=9)
[18:02:16] REQUEST: 10 - STARTED in background (active_jobs=10)
[18:02:16] REQUEST: 11 - STARTED in background (active_jobs=11)
[18:02:16] REQUEST: 12 - STARTED in background (active_jobs=12)
[18:02:16] REQUEST: 13 - STARTED in background (active_jobs=13)
[18:02:16] REQUEST: 14 - STARTED in background (active_jobs=14)
[18:02:16] REQUEST: 15 - STARTED in background (active_jobs=15)
[18:02:16] REQUEST: 16 - STARTED in background (active_jobs=16)
[18:02:16] REQUEST: 17 - STARTED in background (active_jobs=17)
[18:02:16] REQUEST: 18 - STARTED in background (active_jobs=18)
[18:02:16] REQUEST: 19 - STARTED in background (active_jobs=19)
[18:02:16] REQUEST: 20 - STARTED in background (active_jobs=20)
[18:02:16] REQUEST: 21 - STARTED in background (active_jobs=21)
[18:02:16] REQUEST: 22 - STARTED in background (active_jobs=22)
[18:02:16] REQUEST: 23 - STARTED in background (active_jobs=23)
[18:02:16] REQUEST: 24 - STARTED in background (active_jobs=24)
[18:02:16] REQUEST: 25 - STARTED in background (active_jobs=25)
[18:02:16] REQUEST: 26 - STARTED in background (active_jobs=26)
[18:02:16] REQUEST: 27 - STARTED in background (active_jobs=27)
[18:02:16] REQUEST: 28 - STARTED in background (active_jobs=28)
[18:02:16] REQUEST: 29 - STARTED in background (active_jobs=29)
[18:02:16] REQUEST: 30 - STARTED in background (active_jobs=30)
[18:02:16] REQUEST: 31 - STARTED in background (active_jobs=31)
[18:02:16] REQUEST: 32 - STARTED in background (active_jobs=32)
[18:02:16] REQUEST: 33 - STARTED in background (active_jobs=33)
[18:02:16] REQUEST: 34 - STARTED in background (active_jobs=34)
[18:02:16] REQUEST: 35 - STARTED in background (active_jobs=35)
[18:02:16] REQUEST: 36 - STARTED in background (active_jobs=36)
[18:02:16] REQUEST: 37 - STARTED in background (active_jobs=37)
[18:02:16] REQUEST: 38 - STARTED in background (active_jobs=38)
[18:02:16] REQUEST: 39 - STARTED in background (active_jobs=39)
[18:02:16] REQUEST: 40 - STARTED in background (active_jobs=40)
[18:02:16] REQUEST: 41 - STARTED in background (active_jobs=41)
[18:02:16] REQUEST: 42 - STARTED in background (active_jobs=42)
[18:02:16] REQUEST: 43 - STARTED in background (active_jobs=43)
[18:02:16] REQUEST: 44 - STARTED in background (active_jobs=44)
[18:02:16] REQUEST: 45 - STARTED in background (active_jobs=45)
[18:02:16] REQUEST: 46 - STARTED in background (active_jobs=46)
[18:02:16] REQUEST: 47 - STARTED in background (active_jobs=47)
[18:02:16] REQUEST: 48 - STARTED in background (active_jobs=48)
[18:02:16] REQUEST: 49 - STARTED in background (active_jobs=49)
[18:02:16] REQUEST: 50 - STARTED in background (active_jobs=50)
[18:02:16] REQUEST: 51 - STARTED in background (active_jobs=51)
[18:02:16] REQUEST: 52 - STARTED in background (active_jobs=52)
[18:02:16] REQUEST: 53 - STARTED in background (active_jobs=53)
[18:02:16] REQUEST: 54 - STARTED in background (active_jobs=54)
[18:02:16] REQUEST: 55 - STARTED in background (active_jobs=55)
[18:02:16] REQUEST: 56 - STARTED in background (active_jobs=56)
[18:02:16] REQUEST: 57 - STARTED in background (active_jobs=57)
[18:02:16] REQUEST: 58 - STARTED in background (active_jobs=58)
[18:02:16] REQUEST: 59 - STARTED in background (active_jobs=59)
[18:02:16] REQUEST: 60 - STARTED in background (active_jobs=60)
[18:02:16] REQUEST: 61 - STARTED in background (active_jobs=61)
[18:02:16] REQUEST: 62 - STARTED in background (active_jobs=62)
[18:02:16] REQUEST: 63 - STARTED in background (active_jobs=63)
[18:02:16] REQUEST: 64 - STARTED in background (active_jobs=64)
[18:02:16] REQUEST: 65 - STARTED in background (active_jobs=65)
[18:02:16] REQUEST: 66 - STARTED in background (active_jobs=66)
[18:02:16] REQUEST: 67 - STARTED in background (active_jobs=67)
[18:02:16] REQUEST: 68 - STARTED in background (active_jobs=68)
[18:02:16] REQUEST: 69 - STARTED in background (active_jobs=69)
[18:02:16] REQUEST: 70 - STARTED in background (active_jobs=70)
[18:02:16] REQUEST: 71 - STARTED in background (active_jobs=71)
[18:02:16] REQUEST: 72 - STARTED in background (active_jobs=72)
[18:02:16] REQUEST: 73 - STARTED in background (active_jobs=73)
[18:02:16] REQUEST: 74 - STARTED in background (active_jobs=74)
[18:02:16] REQUEST: 75 - STARTED in background (active_jobs=75)
[18:02:16] REQUEST: 76 - STARTED in background (active_jobs=76)
[18:02:16] REQUEST: 77 - STARTED in background (active_jobs=77)
[18:02:16] REQUEST: 78 - STARTED in background (active_jobs=78)
[18:02:16] REQUEST: 79 - STARTED in background (active_jobs=79)
[18:02:16] REQUEST: 80 - STARTED in background (active_jobs=80)
[18:02:16] REQUEST: 81 - STARTED in background (active_jobs=81)
[18:02:16] REQUEST: 82 - STARTED in background (active_jobs=82)
[18:02:16] REQUEST: 83 - STARTED in background (active_jobs=83)
[18:02:16] REQUEST: 84 - STARTED in background (active_jobs=84)
[18:02:16] REQUEST: 85 - STARTED in background (active_jobs=85)
[18:02:16] REQUEST: 86 - STARTED in background (active_jobs=86)
[18:02:16] REQUEST: 87 - STARTED in background (active_jobs=87)
[18:02:16] REQUEST: 88 - STARTED in background (active_jobs=88)
[18:02:16] REQUEST: 89 - STARTED in background (active_jobs=89)
[18:02:16] REQUEST: 90 - STARTED in background (active_jobs=90)
[18:02:16] REQUEST: 91 - STARTED in background (active_jobs=91)
[18:02:16] REQUEST: 92 - STARTED in background (active_jobs=92)
[18:02:16] REQUEST: 93 - STARTED in background (active_jobs=93)
[18:02:16] REQUEST: 94 - STARTED in background (active_jobs=94)
[18:02:16] REQUEST: 95 - STARTED in background (active_jobs=95)
[18:02:16] REQUEST: 96 - STARTED in background (active_jobs=96)
[18:02:16] REQUEST: 97 - STARTED in background (active_jobs=97)
[18:02:16] REQUEST: 98 - STARTED in background (active_jobs=98)
[18:02:16] REQUEST: 99 - STARTED in background (active_jobs=99)
[18:02:16] REQUEST: 100 - STARTED in background (active_jobs=100)
[18:02:16] REQUEST: 101 - STARTED in background (active_jobs=101)
[18:02:16] REQUEST: 102 - STARTED in background (active_jobs=102)
[18:02:16] REQUEST: 103 - STARTED in background (active_jobs=103)
[18:02:16] REQUEST: 104 - STARTED in background (active_jobs=104)
[18:02:16] REQUEST: 105 - STARTED in background (active_jobs=105)
[18:02:16] REQUEST: 106 - STARTED in background (active_jobs=106)
[18:02:16] REQUEST: 107 - STARTED in background (active_jobs=107)
[18:02:16] REQUEST: 108 - STARTED in background (active_jobs=108)
[18:02:16] REQUEST: 109 - STARTED in background (active_jobs=109)
[18:02:16] REQUEST: 110 - STARTED in background (active_jobs=110)
[18:02:16] REQUEST: 111 - STARTED in background (active_jobs=111)
[18:02:16] REQUEST: 112 - STARTED in background (active_jobs=112)
[18:02:16] REQUEST: 113 - STARTED in background (active_jobs=113)
[18:02:17] REQUEST: 114 - STARTED in background (active_jobs=114)
[18:02:17] REQUEST: 115 - STARTED in background (active_jobs=115)
[18:02:17] REQUEST: 116 - STARTED in background (active_jobs=116)
[18:02:17] REQUEST: 117 - STARTED in background (active_jobs=117)
[18:02:17] REQUEST: 118 - STARTED in background (active_jobs=118)
[18:02:17] REQUEST: 119 - STARTED in background (active_jobs=119)
[18:02:17] REQUEST: 120 - STARTED in background (active_jobs=120)
[18:02:17] REQUEST: 121 - STARTED in background (active_jobs=121)
[18:02:17] REQUEST: 122 - STARTED in background (active_jobs=122)
[18:02:17] REQUEST: 123 - STARTED in background (active_jobs=123)
[18:02:17] REQUEST: 124 - STARTED in background (active_jobs=124)
[18:02:17] REQUEST: 125 - STARTED in background (active_jobs=125)
[18:02:17] REQUEST: 126 - STARTED in background (active_jobs=126)
[18:02:17] REQUEST: 127 - STARTED in background (active_jobs=127)
[18:02:17] REQUEST: 128 - STARTED in background (active_jobs=128)
[18:02:17] REQUEST: 129 - STARTED in background (active_jobs=129)
[18:02:17] REQUEST: 130 - STARTED in background (active_jobs=130)
[18:02:17] REQUEST: 131 - STARTED in background (active_jobs=131)
[18:02:17] REQUEST: 132 - STARTED in background (active_jobs=132)
[18:02:17] REQUEST: 133 - STARTED in background (active_jobs=133)
[18:02:17] REQUEST: 134 - STARTED in background (active_jobs=134)
[18:02:17] REQUEST: 135 - STARTED in background (active_jobs=135)
[18:02:17] REQUEST: 136 - STARTED in background (active_jobs=136)
[18:02:17] REQUEST: 137 - STARTED in background (active_jobs=137)
[18:02:17] REQUEST: 138 - STARTED in background (active_jobs=138)
[18:02:17] REQUEST: 139 - STARTED in background (active_jobs=139)
[18:02:17] REQUEST: 140 - STARTED in background (active_jobs=140)
[18:02:17] REQUEST: 141 - STARTED in background (active_jobs=141)
[18:02:17] REQUEST: 142 - STARTED in background (active_jobs=142)
[18:02:17] REQUEST: 143 - STARTED in background (active_jobs=143)
[18:02:17] REQUEST: 144 - STARTED in background (active_jobs=144)
[18:02:17] REQUEST: 145 - STARTED in background (active_jobs=145)
[18:02:17] REQUEST: 146 - STARTED in background (active_jobs=146)
[18:02:17] REQUEST: 147 - STARTED in background (active_jobs=147)
[18:02:17] REQUEST: 148 - STARTED in background (active_jobs=148)
[18:02:17] REQUEST: 149 - STARTED in background (active_jobs=149)
[18:02:17] REQUEST: 150 - STARTED in background (active_jobs=150)
[18:02:17] REQUEST: 151 - STARTED in background (active_jobs=151)
[18:02:17] REQUEST: 152 - STARTED in background (active_jobs=152)
[18:02:17] REQUEST: 153 - STARTED in background (active_jobs=153)
[18:02:17] REQUEST: 154 - STARTED in background (active_jobs=154)
[18:02:17] REQUEST: 155 - STARTED in background (active_jobs=155)
[18:02:17] REQUEST: 156 - STARTED in background (active_jobs=156)
[18:02:17] REQUEST: 157 - STARTED in background (active_jobs=157)
[18:02:17] REQUEST: 158 - STARTED in background (active_jobs=158)
[18:02:17] REQUEST: 159 - STARTED in background (active_jobs=159)
[18:02:17] REQUEST: 160 - STARTED in background (active_jobs=160)
[18:02:17] REQUEST: 161 - STARTED in background (active_jobs=161)
[18:02:17] REQUEST: 162 - STARTED in background (active_jobs=162)
[18:02:17] REQUEST: 163 - STARTED in background (active_jobs=163)
[18:02:17] REQUEST: 164 - STARTED in background (active_jobs=164)
[18:02:17] REQUEST: 165 - STARTED in background (active_jobs=165)
[18:02:17] REQUEST: 166 - STARTED in background (active_jobs=166)
[18:02:17] REQUEST: 167 - STARTED in background (active_jobs=167)
[18:02:17] REQUEST: 168 - STARTED in background (active_jobs=168)
[18:02:17] REQUEST: 169 - STARTED in background (active_jobs=169)
[18:02:17] REQUEST: 170 - STARTED in background (active_jobs=170)
[18:02:17] REQUEST: 171 - STARTED in background (active_jobs=171)
[18:02:17] REQUEST: 172 - STARTED in background (active_jobs=172)
[18:02:17] REQUEST: 173 - STARTED in background (active_jobs=173)
[18:02:17] REQUEST: 174 - STARTED in background (active_jobs=174)
[18:02:17] REQUEST: 175 - STARTED in background (active_jobs=175)
[18:02:17] REQUEST: 176 - STARTED in background (active_jobs=176)
[18:02:17] REQUEST: 177 - STARTED in background (active_jobs=177)
[18:02:17] REQUEST: 178 - STARTED in background (active_jobs=178)
[18:02:17] REQUEST: 179 - STARTED in background (active_jobs=179)
[18:02:17] REQUEST: 180 - STARTED in background (active_jobs=180)
[18:02:17] REQUEST: 181 - STARTED in background (active_jobs=181)
[18:02:17] REQUEST: 182 - STARTED in background (active_jobs=182)
[18:02:17] REQUEST: 183 - STARTED in background (active_jobs=183)
[18:02:17] REQUEST: 184 - STARTED in background (active_jobs=184)
[18:02:17] REQUEST: 185 - STARTED in background (active_jobs=185)
[18:02:17] REQUEST: 186 - STARTED in background (active_jobs=186)
[18:02:17] REQUEST: 187 - STARTED in background (active_jobs=187)
[18:02:17] REQUEST: 188 - STARTED in background (active_jobs=188)
[18:02:17] REQUEST: 189 - STARTED in background (active_jobs=189)
[18:02:17] REQUEST: 190 - STARTED in background (active_jobs=190)
[18:02:17] REQUEST: 191 - STARTED in background (active_jobs=191)
[18:02:17] REQUEST: 192 - STARTED in background (active_jobs=192)
[18:02:17] REQUEST: 193 - STARTED in background (active_jobs=193)
[18:02:17] REQUEST: 194 - STARTED in background (active_jobs=194)
[18:02:17] REQUEST: 195 - STARTED in background (active_jobs=195)
[18:02:17] REQUEST: 196 - STARTED in background (active_jobs=196)
[18:02:17] REQUEST: 197 - STARTED in background (active_jobs=197)
[18:02:17] REQUEST: 198 - STARTED in background (active_jobs=198)
[18:02:17] REQUEST: 199 - STARTED in background (active_jobs=199)
[18:02:17] REQUEST: 200 - STARTED in background (active_jobs=200)
[18:02:17] REQUEST: 201 - STARTED in background (active_jobs=201)
[18:02:17] REQUEST: 202 - STARTED in background (active_jobs=202)
[18:02:17] REQUEST: 203 - STARTED in background (active_jobs=203)
[18:02:17] REQUEST: 204 - STARTED in background (active_jobs=204)
[18:02:17] REQUEST: 205 - STARTED in background (active_jobs=205)
[18:02:17] REQUEST: 206 - STARTED in background (active_jobs=206)
[18:02:17] REQUEST: 207 - STARTED in background (active_jobs=207)
[18:02:17] REQUEST: 208 - STARTED in background (active_jobs=208)
[18:02:17] REQUEST: 209 - STARTED in background (active_jobs=209)
[18:02:17] REQUEST: 210 - STARTED in background (active_jobs=210)
[18:02:17] REQUEST: 211 - STARTED in background (active_jobs=211)
[18:02:17] REQUEST: 212 - STARTED in background (active_jobs=212)
[18:02:17] REQUEST: 213 - STARTED in background (active_jobs=213)
[18:02:17] REQUEST: 214 - STARTED in background (active_jobs=214)
[18:02:17] REQUEST: 215 - STARTED in background (active_jobs=215)
[18:02:17] REQUEST: 216 - STARTED in background (active_jobs=216)
[18:02:17] REQUEST: 217 - STARTED in background (active_jobs=217)
[18:02:17] REQUEST: 218 - STARTED in background (active_jobs=218)
[18:02:17] REQUEST: 219 - STARTED in background (active_jobs=219)
[18:02:17] REQUEST: 220 - STARTED in background (active_jobs=220)
[18:02:17] REQUEST: 221 - STARTED in background (active_jobs=221)
[18:02:17] REQUEST: 222 - STARTED in background (active_jobs=222)
[18:02:17] REQUEST: 223 - STARTED in background (active_jobs=223)
[18:02:17] REQUEST: 224 - STARTED in background (active_jobs=224)
[18:02:17] REQUEST: 225 - STARTED in background (active_jobs=225)
[18:02:17] REQUEST: 226 - STARTED in background (active_jobs=226)
[18:02:17] REQUEST: 227 - STARTED in background (active_jobs=227)
[18:02:17] REQUEST: 228 - STARTED in background (active_jobs=228)
[18:02:17] REQUEST: 229 - STARTED in background (active_jobs=229)
[18:02:17] REQUEST: 230 - STARTED in background (active_jobs=230)
[18:02:17] REQUEST: 231 - STARTED in background (active_jobs=231)
[18:02:17] REQUEST: 232 - STARTED in background (active_jobs=232)
[18:02:17] REQUEST: 233 - STARTED in background (active_jobs=233)
[18:02:17] REQUEST: 234 - STARTED in background (active_jobs=234)
[18:02:17] REQUEST: 235 - STARTED in background (active_jobs=235)
[18:02:17] REQUEST: 236 - STARTED in background (active_jobs=236)
[18:02:17] REQUEST: 237 - STARTED in background (active_jobs=237)
[18:02:17] REQUEST: 238 - STARTED in background (active_jobs=238)
[18:02:17] REQUEST: 239 - STARTED in background (active_jobs=239)
[18:02:17] REQUEST: 240 - STARTED in background (active_jobs=240)
[18:02:17] REQUEST: 241 - STARTED in background (active_jobs=241)
[18:02:17] REQUEST: 242 - STARTED in background (active_jobs=242)
[18:02:17] REQUEST: 243 - STARTED in background (active_jobs=243)
[18:02:17] REQUEST: 244 - STARTED in background (active_jobs=244)
[18:02:17] REQUEST: 245 - STARTED in background (active_jobs=245)
[18:02:17] REQUEST: 246 - STARTED in background (active_jobs=246)
[18:02:17] REQUEST: 247 - STARTED in background (active_jobs=247)
[18:02:17] REQUEST: 248 - STARTED in background (active_jobs=248)
[18:02:17] REQUEST: 249 - STARTED in background (active_jobs=249)
[18:02:17] REQUEST: 250 - STARTED in background (active_jobs=250)
[18:02:17] REQUEST: 251 - STARTED in background (active_jobs=251)
[18:02:17] REQUEST: 252 - STARTED in background (active_jobs=252)
[18:02:17] REQUEST: 253 - STARTED in background (active_jobs=253)
[18:02:17] REQUEST: 254 - STARTED in background (active_jobs=254)
[18:02:17] REQUEST: 255 - STARTED in background (active_jobs=255)
[18:02:17] REQUEST: 256 - STARTED in background (active_jobs=256)
[18:02:17] REQUEST: 257 - STARTED in background (active_jobs=257)
[18:02:17] REQUEST: 258 - STARTED in background (active_jobs=258)
[18:02:17] REQUEST: 259 - STARTED in background (active_jobs=259)
[18:02:17] REQUEST: 260 - STARTED in background (active_jobs=260)
[18:02:17] REQUEST: 261 - STARTED in background (active_jobs=261)
[18:02:17] REQUEST: 262 - STARTED in background (active_jobs=262)
[18:02:17] REQUEST: 263 - STARTED in background (active_jobs=263)
[18:02:17] REQUEST: 264 - STARTED in background (active_jobs=264)
[18:02:17] REQUEST: 265 - STARTED in background (active_jobs=265)
[18:02:17] REQUEST: 266 - STARTED in background (active_jobs=266)
[18:02:17] REQUEST: 267 - STARTED in background (active_jobs=267)
[18:02:17] REQUEST: 268 - STARTED in background (active_jobs=268)
[18:02:17] REQUEST: 269 - STARTED in background (active_jobs=269)
[18:02:17] REQUEST: 270 - STARTED in background (active_jobs=270)
[18:02:17] REQUEST: 271 - STARTED in background (active_jobs=271)
[18:02:17] REQUEST: 272 - STARTED in background (active_jobs=272)
[18:02:17] REQUEST: 273 - STARTED in background (active_jobs=273)
[18:02:17] REQUEST: 274 - STARTED in background (active_jobs=274)
[18:02:17] REQUEST: 275 - STARTED in background (active_jobs=275)
[18:02:17] REQUEST: 276 - STARTED in background (active_jobs=276)
[18:02:17] REQUEST: 277 - STARTED in background (active_jobs=277)
[18:02:17] REQUEST: 278 - STARTED in background (active_jobs=278)
[18:02:17] REQUEST: 279 - STARTED in background (active_jobs=279)
[18:02:17] REQUEST: 280 - STARTED in background (active_jobs=280)
[18:02:17] REQUEST: 281 - STARTED in background (active_jobs=281)
[18:02:17] REQUEST: 282 - STARTED in background (active_jobs=282)
[18:02:17] REQUEST: 283 - STARTED in background (active_jobs=283)
[18:02:17] REQUEST: 284 - STARTED in background (active_jobs=284)
[18:02:17] REQUEST: 285 - STARTED in background (active_jobs=285)
[18:02:17] REQUEST: 286 - STARTED in background (active_jobs=286)
[18:02:17] REQUEST: 287 - STARTED in background (active_jobs=287)
[18:02:17] REQUEST: 288 - STARTED in background (active_jobs=288)
[18:02:17] REQUEST: 289 - STARTED in background (active_jobs=289)
[18:02:17] REQUEST: 290 - STARTED in background (active_jobs=290)
[18:02:17] REQUEST: 291 - STARTED in background (active_jobs=291)
[18:02:17] REQUEST: 292 - STARTED in background (active_jobs=292)
[18:02:17] REQUEST: 293 - STARTED in background (active_jobs=293)
[18:02:17] REQUEST: 294 - STARTED in background (active_jobs=294)
[18:02:17] REQUEST: 295 - STARTED in background (active_jobs=295)
[18:02:17] REQUEST: 296 - STARTED in background (active_jobs=296)
[18:02:17] REQUEST: 297 - STARTED in background (active_jobs=297)
[18:02:17] REQUEST: 298 - STARTED in background (active_jobs=298)
[18:02:17] REQUEST: 299 - STARTED in background (active_jobs=299)
[18:02:17] REQUEST: 300 - STARTED in background (active_jobs=300)
[18:02:17] REQUEST: 301 - STARTED in background (active_jobs=301)
[18:02:17] REQUEST: 302 - STARTED in background (active_jobs=302)
[18:02:17] REQUEST: 303 - STARTED in background (active_jobs=303)
[18:02:17] REQUEST: 304 - STARTED in background (active_jobs=304)
[18:02:17] REQUEST: 305 - STARTED in background (active_jobs=305)
[18:02:17] REQUEST: 306 - STARTED in background (active_jobs=306)
[18:02:17] REQUEST: 307 - STARTED in background (active_jobs=307)
[18:02:17] REQUEST: 308 - STARTED in background (active_jobs=308)
[18:02:17] REQUEST: 309 - STARTED in background (active_jobs=309)
[18:02:17] REQUEST: 310 - STARTED in background (active_jobs=310)
[18:02:17] REQUEST: 311 - STARTED in background (active_jobs=311)
[18:02:17] REQUEST: 312 - STARTED in background (active_jobs=312)
[18:02:17] REQUEST: 313 - STARTED in background (active_jobs=313)
[18:02:17] REQUEST: 314 - STARTED in background (active_jobs=314)
[18:02:17] REQUEST: 315 - STARTED in background (active_jobs=315)
[18:02:17] REQUEST: 316 - STARTED in background (active_jobs=316)
[18:02:17] REQUEST: 317 - STARTED in background (active_jobs=317)
[18:02:17] REQUEST: 318 - STARTED in background (active_jobs=318)
[18:02:17] REQUEST: 319 - STARTED in background (active_jobs=319)
[18:02:17] REQUEST: 320 - STARTED in background (active_jobs=320)
[18:02:17] REQUEST: 321 - STARTED in background (active_jobs=321)
[18:02:17] REQUEST: 322 - STARTED in background (active_jobs=322)
[18:02:17] REQUEST: 323 - STARTED in background (active_jobs=323)
[18:02:17] REQUEST: 324 - STARTED in background (active_jobs=324)
[18:02:17] REQUEST: 325 - STARTED in background (active_jobs=325)
[18:02:17] REQUEST: 326 - STARTED in background (active_jobs=326)
[18:02:17] REQUEST: 327 - STARTED in background (active_jobs=327)
[18:02:17] REQUEST: 328 - STARTED in background (active_jobs=328)
[18:02:17] REQUEST: 329 - STARTED in background (active_jobs=329)
[18:02:17] REQUEST: 330 - STARTED in background (active_jobs=330)
[18:02:17] REQUEST: 331 - STARTED in background (active_jobs=331)
[18:02:17] REQUEST: 332 - STARTED in background (active_jobs=332)
[18:02:17] REQUEST: 333 - STARTED in background (active_jobs=333)
[18:02:17] REQUEST: 334 - STARTED in background (active_jobs=334)
[18:02:17] REQUEST: 335 - STARTED in background (active_jobs=335)
[18:02:17] REQUEST: 336 - STARTED in background (active_jobs=336)
[18:02:17] REQUEST: 337 - STARTED in background (active_jobs=337)
[18:02:17] REQUEST: 338 - STARTED in background (active_jobs=338)
[18:02:17] REQUEST: 339 - STARTED in background (active_jobs=339)
[18:02:17] REQUEST: 340 - STARTED in background (active_jobs=340)
[18:02:17] REQUEST: 341 - STARTED in background (active_jobs=341)
[18:02:17] REQUEST: 342 - STARTED in background (active_jobs=342)
[18:02:17] REQUEST: 343 - STARTED in background (active_jobs=343)
[18:02:17] REQUEST: 344 - STARTED in background (active_jobs=344)
[18:02:17] REQUEST: 345 - STARTED in background (active_jobs=345)
[18:02:17] REQUEST: 346 - STARTED in background (active_jobs=346)
[18:02:17] REQUEST: 347 - STARTED in background (active_jobs=347)
[18:02:17] REQUEST: 348 - STARTED in background (active_jobs=348)
[18:02:17] REQUEST: 349 - STARTED in background (active_jobs=349)
[18:02:17] REQUEST: 350 - STARTED in background (active_jobs=350)
[18:02:17] REQUEST: 351 - STARTED in background (active_jobs=351)
[18:02:17] REQUEST: 352 - STARTED in background (active_jobs=352)
[18:02:17] REQUEST: 353 - STARTED in background (active_jobs=353)
[18:02:17] REQUEST: 354 - STARTED in background (active_jobs=354)
[18:02:17] REQUEST: 355 - STARTED in background (active_jobs=355)
[18:02:17] REQUEST: 356 - STARTED in background (active_jobs=356)
[18:02:17] REQUEST: 357 - STARTED in background (active_jobs=357)
[18:02:17] REQUEST: 358 - STARTED in background (active_jobs=358)
[18:02:17] REQUEST: 359 - STARTED in background (active_jobs=359)
[18:02:17] REQUEST: 360 - STARTED in background (active_jobs=360)
[18:02:17] REQUEST: 361 - STARTED in background (active_jobs=361)
[18:02:17] REQUEST: 362 - STARTED in background (active_jobs=362)
[18:02:17] REQUEST: 363 - STARTED in background (active_jobs=363)
[18:02:17] REQUEST: 364 - STARTED in background (active_jobs=364)
[18:02:17] REQUEST: 365 - STARTED in background (active_jobs=365)
[18:02:17] REQUEST: 366 - STARTED in background (active_jobs=366)
[18:02:17] REQUEST: 367 - STARTED in background (active_jobs=367)
[18:02:17] REQUEST: 368 - STARTED in background (active_jobs=368)
[18:02:17] REQUEST: 369 - STARTED in background (active_jobs=369)
[18:02:17] REQUEST: 370 - STARTED in background (active_jobs=370)
[18:02:17] REQUEST: 371 - STARTED in background (active_jobs=371)
[18:02:17] REQUEST: 372 - STARTED in background (active_jobs=372)
[18:02:17] REQUEST: 373 - STARTED in background (active_jobs=373)
[18:02:17] REQUEST: 374 - STARTED in background (active_jobs=374)
[18:02:17] REQUEST: 375 - STARTED in background (active_jobs=375)
[18:02:17] REQUEST: 376 - STARTED in background (active_jobs=376)
[18:02:17] REQUEST: 377 - STARTED in background (active_jobs=377)
[18:02:17] REQUEST: 378 - STARTED in background (active_jobs=378)
[18:02:17] REQUEST: 379 - STARTED in background (active_jobs=379)
[18:02:17] REQUEST: 380 - STARTED in background (active_jobs=380)
[18:02:17] REQUEST: 381 - STARTED in background (active_jobs=381)
[18:02:17] REQUEST: 382 - STARTED in background (active_jobs=382)
[18:02:17] REQUEST: 383 - STARTED in background (active_jobs=383)
[18:02:17] REQUEST: 384 - STARTED in background (active_jobs=384)
[18:02:17] REQUEST: 385 - STARTED in background (active_jobs=385)
[18:02:17] REQUEST: 386 - STARTED in background (active_jobs=386)
[18:02:17] REQUEST: 387 - STARTED in background (active_jobs=387)
[18:02:17] REQUEST: 388 - STARTED in background (active_jobs=388)
[18:02:17] REQUEST: 389 - STARTED in background (active_jobs=389)
[18:02:17] REQUEST: 390 - STARTED in background (active_jobs=390)
[18:02:17] REQUEST: 391 - STARTED in background (active_jobs=391)
[18:02:17] REQUEST: 392 - STARTED in background (active_jobs=392)
[18:02:17] REQUEST: 393 - STARTED in background (active_jobs=393)
[18:02:17] REQUEST: 394 - STARTED in background (active_jobs=394)
[18:02:17] REQUEST: 395 - STARTED in background (active_jobs=395)
[18:02:17] REQUEST: 396 - STARTED in background (active_jobs=396)
[18:02:17] REQUEST: 397 - STARTED in background (active_jobs=397)
[18:02:17] REQUEST: 398 - STARTED in background (active_jobs=398)
[18:02:17] REQUEST: 399 - STARTED in background (active_jobs=399)
[18:02:17] REQUEST: 400 - STARTED in background (active_jobs=400)
[18:02:17] REQUEST: 401 - STARTED in background (active_jobs=401)
[18:02:17] REQUEST: 402 - STARTED in background (active_jobs=402)
[18:02:17] REQUEST: 403 - STARTED in background (active_jobs=403)
[18:02:17] REQUEST: 404 - STARTED in background (active_jobs=404)
[18:02:17] REQUEST: 405 - STARTED in background (active_jobs=405)
[18:02:17] REQUEST: 406 - STARTED in background (active_jobs=406)
[18:02:17] REQUEST: 407 - STARTED in background (active_jobs=407)
[18:02:17] REQUEST: 408 - STARTED in background (active_jobs=408)
[18:02:17] REQUEST: 409 - STARTED in background (active_jobs=409)
[18:02:17] REQUEST: 410 - STARTED in background (active_jobs=410)
[18:02:17] REQUEST: 411 - STARTED in background (active_jobs=411)
[18:02:17] REQUEST: 412 - STARTED in background (active_jobs=412)
[18:02:17] REQUEST: 413 - STARTED in background (active_jobs=413)
[18:02:17] REQUEST: 414 - STARTED in background (active_jobs=414)
[18:02:17] REQUEST: 415 - STARTED in background (active_jobs=415)
[18:02:17] REQUEST: 416 - STARTED in background (active_jobs=416)
[18:02:17] REQUEST: 417 - STARTED in background (active_jobs=417)
[18:02:17] REQUEST: 418 - STARTED in background (active_jobs=418)
[18:02:17] REQUEST: 419 - STARTED in background (active_jobs=419)
[18:02:17] REQUEST: 420 - STARTED in background (active_jobs=420)
[18:02:17] REQUEST: 421 - STARTED in background (active_jobs=421)
[18:02:17] REQUEST: 422 - STARTED in background (active_jobs=422)
[18:02:17] REQUEST: 423 - STARTED in background (active_jobs=423)
[18:02:17] REQUEST: 424 - STARTED in background (active_jobs=424)
[18:02:17] REQUEST: 425 - STARTED in background (active_jobs=425)
[18:02:17] REQUEST: 426 - STARTED in background (active_jobs=426)
[18:02:17] REQUEST: 427 - STARTED in background (active_jobs=427)
[18:02:17] REQUEST: 428 - STARTED in background (active_jobs=428)
[18:02:17] REQUEST: 429 - STARTED in background (active_jobs=429)
[18:02:17] REQUEST: 430 - STARTED in background (active_jobs=430)
[18:02:17] REQUEST: 431 - STARTED in background (active_jobs=431)
[18:02:17] REQUEST: 432 - STARTED in background (active_jobs=432)
[18:02:17] REQUEST: 433 - STARTED in background (active_jobs=433)
[18:02:17] REQUEST: 434 - STARTED in background (active_jobs=434)
[18:02:17] REQUEST: 435 - STARTED in background (active_jobs=435)
[18:02:17] REQUEST: 436 - STARTED in background (active_jobs=436)
[18:02:18] REQUEST: 437 - STARTED in background (active_jobs=437)
[18:02:18] REQUEST: 438 - STARTED in background (active_jobs=438)
[18:02:18] REQUEST: 439 - STARTED in background (active_jobs=439)
[18:02:18] REQUEST: 440 - STARTED in background (active_jobs=440)
[18:02:18] REQUEST: 441 - STARTED in background (active_jobs=441)
[18:02:18] REQUEST: 442 - STARTED in background (active_jobs=442)
[18:02:18] REQUEST: 443 - STARTED in background (active_jobs=443)
[18:02:18] REQUEST: 444 - STARTED in background (active_jobs=444)
[18:02:18] REQUEST: 445 - STARTED in background (active_jobs=445)
[18:02:18] REQUEST: 446 - STARTED in background (active_jobs=446)
[18:02:18] REQUEST: 447 - STARTED in background (active_jobs=447)
[18:02:18] REQUEST: 448 - STARTED in background (active_jobs=448)
[18:02:18] REQUEST: 449 - STARTED in background (active_jobs=449)
[18:02:18] REQUEST: 450 - STARTED in background (active_jobs=450)
[18:02:18] REQUEST: 451 - STARTED in background (active_jobs=451)
[18:02:18] REQUEST: 452 - STARTED in background (active_jobs=452)
[18:02:18] REQUEST: 453 - STARTED in background (active_jobs=453)
[18:02:18] REQUEST: 454 - STARTED in background (active_jobs=454)
[18:02:18] REQUEST: 455 - STARTED in background (active_jobs=455)
[18:02:18] REQUEST: 456 - STARTED in background (active_jobs=456)
[18:02:18] REQUEST: 457 - STARTED in background (active_jobs=457)
[18:02:18] REQUEST: 458 - STARTED in background (active_jobs=458)
[18:02:18] REQUEST: 459 - STARTED in background (active_jobs=459)
[18:02:18] REQUEST: 460 - STARTED in background (active_jobs=460)
[18:02:18] REQUEST: 461 - STARTED in background (active_jobs=461)
[18:02:18] REQUEST: 462 - STARTED in background (active_jobs=462)
[18:02:18] REQUEST: 463 - STARTED in background (active_jobs=463)
[18:02:18] REQUEST: 464 - STARTED in background (active_jobs=464)
[18:02:18] REQUEST: 465 - STARTED in background (active_jobs=465)
[18:02:18] REQUEST: 466 - STARTED in background (active_jobs=466)
[18:02:18] REQUEST: 467 - STARTED in background (active_jobs=467)
[18:02:18] REQUEST: 468 - STARTED in background (active_jobs=468)
[18:02:18] REQUEST: 469 - STARTED in background (active_jobs=469)
[18:02:18] REQUEST: 470 - STARTED in background (active_jobs=470)
[18:02:18] REQUEST: 471 - STARTED in background (active_jobs=471)
[18:02:18] REQUEST: 472 - STARTED in background (active_jobs=472)
[18:02:18] REQUEST: 473 - STARTED in background (active_jobs=473)
[18:02:18] REQUEST: 474 - STARTED in background (active_jobs=474)
[18:02:18] REQUEST: 475 - STARTED in background (active_jobs=475)
[18:02:18] REQUEST: 476 - STARTED in background (active_jobs=476)
[18:02:18] REQUEST: 477 - STARTED in background (active_jobs=477)
[18:02:18] REQUEST: 478 - STARTED in background (active_jobs=478)
[18:02:18] REQUEST: 479 - STARTED in background (active_jobs=479)
[18:02:18] REQUEST: 480 - STARTED in background (active_jobs=480)
[18:02:18] REQUEST: 481 - STARTED in background (active_jobs=481)
[18:02:18] REQUEST: 482 - STARTED in background (active_jobs=482)
[18:02:18] REQUEST: 483 - STARTED in background (active_jobs=483)
[18:02:18] REQUEST: 484 - STARTED in background (active_jobs=484)
[18:02:18] REQUEST: 485 - STARTED in background (active_jobs=485)
[18:02:18] REQUEST: 486 - STARTED in background (active_jobs=486)
[18:02:18] REQUEST: 487 - STARTED in background (active_jobs=487)
[18:02:18] REQUEST: 488 - STARTED in background (active_jobs=488)
[18:02:18] REQUEST: 489 - STARTED in background (active_jobs=489)
[18:02:18] REQUEST: 490 - STARTED in background (active_jobs=490)
[18:02:18] REQUEST: 491 - STARTED in background (active_jobs=491)
[18:02:18] REQUEST: 492 - STARTED in background (active_jobs=492)
[18:02:18] REQUEST: 493 - STARTED in background (active_jobs=493)
[18:02:18] REQUEST: 494 - STARTED in background (active_jobs=494)
[18:02:18] REQUEST: 495 - STARTED in background (active_jobs=495)
[18:02:18] REQUEST: 496 - STARTED in background (active_jobs=496)
[18:02:18] REQUEST: 497 - STARTED in background (active_jobs=497)
[18:02:18] REQUEST: 498 - STARTED in background (active_jobs=498)
[18:02:18] REQUEST: 499 - STARTED in background (active_jobs=499)
[18:02:18] REQUEST: 500 - STARTED in background (active_jobs=500)
[18:02:18] WAITING -> active_jobs=500
[18:02:22] REQUEST: 10 - COMPLETED
[18:02:22] RESUMING -> a request finished (active_jobs=499)
[18:02:22] ALL REQUESTS LAUNCHED
[18:02:22] WAITING for remaining requests to finish (active_jobs=499)
[18:02:22] REQUEST: 11 - COMPLETED
[18:02:22] REQUEST COMPLETED -> remaining active_jobs=498
[18:02:22] WAITING for remaining requests to finish (active_jobs=498)
[18:02:22] REQUEST: 3 - COMPLETED
[18:02:22] REQUEST COMPLETED -> remaining active_jobs=497
[18:02:22] WAITING for remaining requests to finish (active_jobs=497)
[18:02:22] REQUEST: 68 - COMPLETED
[18:02:22] REQUEST COMPLETED -> remaining active_jobs=496
[18:02:22] WAITING for remaining requests to finish (active_jobs=496)
[18:02:22] REQUEST: 80 - COMPLETED
[18:02:22] REQUEST COMPLETED -> remaining active_jobs=495
[18:02:22] WAITING for remaining requests to finish (active_jobs=495)
[18:02:22] REQUEST: 9 - COMPLETED
[18:02:22] REQUEST COMPLETED -> remaining active_jobs=494
[18:02:22] WAITING for remaining requests to finish (active_jobs=494)
[18:02:22] REQUEST: 25 - COMPLETED
[18:02:22] REQUEST COMPLETED -> remaining active_jobs=493
[18:02:22] WAITING for remaining requests to finish (active_jobs=493)
[18:02:23] REQUEST: 29 - COMPLETED
[18:02:23] REQUEST COMPLETED -> remaining active_jobs=492
[18:02:23] WAITING for remaining requests to finish (active_jobs=492)
[18:02:23] REQUEST: 16 - COMPLETED
[18:02:23] REQUEST COMPLETED -> remaining active_jobs=491
[18:02:23] WAITING for remaining requests to finish (active_jobs=491)
[18:02:23] REQUEST: 6 - COMPLETED
[18:02:23] REQUEST COMPLETED -> remaining active_jobs=490
[18:02:23] WAITING for remaining requests to finish (active_jobs=490)
[18:02:23] REQUEST: 73 - COMPLETED
[18:02:23] REQUEST COMPLETED -> remaining active_jobs=489
[18:02:23] WAITING for remaining requests to finish (active_jobs=489)
[18:02:23] REQUEST: 33 - COMPLETED
[18:02:23] REQUEST COMPLETED -> remaining active_jobs=488
[18:02:23] WAITING for remaining requests to finish (active_jobs=488)
[18:02:23] REQUEST: 7 - COMPLETED
[18:02:23] REQUEST COMPLETED -> remaining active_jobs=487
[18:02:23] WAITING for remaining requests to finish (active_jobs=487)
[18:02:23] REQUEST: 4 - COMPLETED
[18:02:23] REQUEST COMPLETED -> remaining active_jobs=486
[18:02:23] WAITING for remaining requests to finish (active_jobs=486)
[18:02:23] REQUEST: 56 - COMPLETED
[18:02:23] REQUEST COMPLETED -> remaining active_jobs=485
[18:02:23] REQUEST: 18 - COMPLETED
[18:02:23] WAITING for remaining requests to finish (active_jobs=485)
[18:02:23] REQUEST COMPLETED -> remaining active_jobs=484
[18:02:23] WAITING for remaining requests to finish (active_jobs=484)
[18:02:23] REQUEST: 136 - COMPLETED
[18:02:23] REQUEST COMPLETED -> remaining active_jobs=483
[18:02:23] WAITING for remaining requests to finish (active_jobs=483)
[18:02:23] REQUEST: 168 - COMPLETED
[18:02:23] REQUEST COMPLETED -> remaining active_jobs=482
[18:02:23] REQUEST: 2 - COMPLETED
[18:02:23] WAITING for remaining requests to finish (active_jobs=482)
[18:02:23] REQUEST COMPLETED -> remaining active_jobs=481
[18:02:23] WAITING for remaining requests to finish (active_jobs=481)
[18:02:24] REQUEST: 45 - COMPLETED
[18:02:24] REQUEST COMPLETED -> remaining active_jobs=480
[18:02:24] WAITING for remaining requests to finish (active_jobs=480)
[18:02:24] REQUEST: 21 - COMPLETED
[18:02:24] REQUEST COMPLETED -> remaining active_jobs=479
[18:02:24] WAITING for remaining requests to finish (active_jobs=479)
[18:02:24] REQUEST: 17 - COMPLETED
[18:02:24] REQUEST COMPLETED -> remaining active_jobs=478
[18:02:24] WAITING for remaining requests to finish (active_jobs=478)
[18:02:24] REQUEST: 53 - COMPLETED
[18:02:24] REQUEST COMPLETED -> remaining active_jobs=477
[18:02:24] WAITING for remaining requests to finish (active_jobs=477)
[18:02:24] REQUEST: 24 - COMPLETED
[18:02:24] REQUEST COMPLETED -> remaining active_jobs=476
[18:02:24] WAITING for remaining requests to finish (active_jobs=476)
[18:02:24] REQUEST: 27 - COMPLETED
[18:02:24] REQUEST COMPLETED -> remaining active_jobs=475
[18:02:24] WAITING for remaining requests to finish (active_jobs=475)
[18:02:24] REQUEST: 30 - COMPLETED
[18:02:24] REQUEST COMPLETED -> remaining active_jobs=474
[18:02:24] WAITING for remaining requests to finish (active_jobs=474)
[18:02:24] REQUEST: 294 - COMPLETED
[18:02:24] REQUEST COMPLETED -> remaining active_jobs=473
[18:02:24] WAITING for remaining requests to finish (active_jobs=473)
[18:02:24] REQUEST: 8 - COMPLETED
[18:02:24] REQUEST COMPLETED -> remaining active_jobs=472
[18:02:24] WAITING for remaining requests to finish (active_jobs=472)
[18:02:24] REQUEST: 5 - COMPLETED
[18:02:24] REQUEST COMPLETED -> remaining active_jobs=471
[18:02:24] WAITING for remaining requests to finish (active_jobs=471)
[18:02:24] REQUEST: 65 - COMPLETED
[18:02:24] REQUEST COMPLETED -> remaining active_jobs=470
[18:02:24] WAITING for remaining requests to finish (active_jobs=470)
[18:02:24] REQUEST: 130 - COMPLETED
[18:02:24] REQUEST COMPLETED -> remaining active_jobs=469
[18:02:24] WAITING for remaining requests to finish (active_jobs=469)
[18:02:25] REQUEST: 311 - COMPLETED
[18:02:25] REQUEST COMPLETED -> remaining active_jobs=468
[18:02:25] WAITING for remaining requests to finish (active_jobs=468)
[18:02:25] REQUEST: 110 - COMPLETED
[18:02:25] REQUEST COMPLETED -> remaining active_jobs=467
[18:02:25] WAITING for remaining requests to finish (active_jobs=467)
[18:02:25] REQUEST: 54 - COMPLETED
[18:02:25] REQUEST COMPLETED -> remaining active_jobs=466
[18:02:25] WAITING for remaining requests to finish (active_jobs=466)
[18:02:25] REQUEST: 296 - COMPLETED
[18:02:25] REQUEST COMPLETED -> remaining active_jobs=465
[18:02:25] WAITING for remaining requests to finish (active_jobs=465)
[18:02:25] REQUEST: 198 - COMPLETED
[18:02:25] REQUEST COMPLETED -> remaining active_jobs=464
[18:02:25] WAITING for remaining requests to finish (active_jobs=464)
[18:02:25] REQUEST: 323 - COMPLETED
[18:02:25] REQUEST COMPLETED -> remaining active_jobs=463
[18:02:25] WAITING for remaining requests to finish (active_jobs=463)
[18:02:25] REQUEST: 44 - COMPLETED
[18:02:25] REQUEST COMPLETED -> remaining active_jobs=462
[18:02:25] WAITING for remaining requests to finish (active_jobs=462)
[18:02:25] REQUEST: 31 - COMPLETED
[18:02:25] REQUEST COMPLETED -> remaining active_jobs=461
[18:02:25] WAITING for remaining requests to finish (active_jobs=461)
[18:02:25] REQUEST: 1 - COMPLETED
[18:02:25] REQUEST COMPLETED -> remaining active_jobs=460
[18:02:25] WAITING for remaining requests to finish (active_jobs=460)
[18:02:25] REQUEST: 32 - COMPLETED
[18:02:25] REQUEST COMPLETED -> remaining active_jobs=459
[18:02:25] WAITING for remaining requests to finish (active_jobs=459)
[18:02:25] REQUEST: 43 - COMPLETED
[18:02:25] REQUEST COMPLETED -> remaining active_jobs=458
[18:02:25] WAITING for remaining requests to finish (active_jobs=458)
[18:02:25] REQUEST: 13 - COMPLETED
[18:02:25] REQUEST COMPLETED -> remaining active_jobs=457
[18:02:25] WAITING for remaining requests to finish (active_jobs=457)
[18:02:25] REQUEST: 141 - COMPLETED
[18:02:25] REQUEST COMPLETED -> remaining active_jobs=456
[18:02:25] WAITING for remaining requests to finish (active_jobs=456)
[18:02:26] REQUEST: 249 - COMPLETED
[18:02:26] REQUEST COMPLETED -> remaining active_jobs=455
[18:02:26] WAITING for remaining requests to finish (active_jobs=455)
[18:02:26] REQUEST: 38 - COMPLETED
[18:02:26] REQUEST COMPLETED -> remaining active_jobs=454
[18:02:26] WAITING for remaining requests to finish (active_jobs=454)
[18:02:26] REQUEST: 302 - COMPLETED
[18:02:26] REQUEST COMPLETED -> remaining active_jobs=453
[18:02:26] WAITING for remaining requests to finish (active_jobs=453)
[18:02:26] REQUEST: 300 - COMPLETED
[18:02:26] REQUEST COMPLETED -> remaining active_jobs=452
[18:02:26] WAITING for remaining requests to finish (active_jobs=452)
[18:02:26] REQUEST: 14 - COMPLETED
[18:02:26] REQUEST COMPLETED -> remaining active_jobs=451
[18:02:26] WAITING for remaining requests to finish (active_jobs=451)
[18:02:26] REQUEST: 78 - COMPLETED
[18:02:26] REQUEST COMPLETED -> remaining active_jobs=450
[18:02:26] WAITING for remaining requests to finish (active_jobs=450)
[18:02:26] REQUEST: 58 - COMPLETED
[18:02:26] REQUEST COMPLETED -> remaining active_jobs=449
[18:02:26] WAITING for remaining requests to finish (active_jobs=449)
[18:02:26] REQUEST: 125 - COMPLETED
[18:02:26] REQUEST COMPLETED -> remaining active_jobs=448
[18:02:26] WAITING for remaining requests to finish (active_jobs=448)
[18:02:26] REQUEST: 57 - COMPLETED
[18:02:26] REQUEST COMPLETED -> remaining active_jobs=447
[18:02:26] WAITING for remaining requests to finish (active_jobs=447)
[18:02:26] REQUEST: 41 - COMPLETED
[18:02:26] REQUEST COMPLETED -> remaining active_jobs=446
[18:02:26] WAITING for remaining requests to finish (active_jobs=446)
[18:02:26] REQUEST: 95 - COMPLETED
[18:02:26] REQUEST COMPLETED -> remaining active_jobs=445
[18:02:26] WAITING for remaining requests to finish (active_jobs=445)
[18:02:26] REQUEST: 215 - COMPLETED
[18:02:26] REQUEST COMPLETED -> remaining active_jobs=444
[18:02:26] WAITING for remaining requests to finish (active_jobs=444)
[18:02:26] REQUEST: 52 - COMPLETED
[18:02:26] REQUEST COMPLETED -> remaining active_jobs=443
[18:02:26] WAITING for remaining requests to finish (active_jobs=443)
[18:02:26] REQUEST: 34 - COMPLETED
[18:02:27] REQUEST COMPLETED -> remaining active_jobs=442
[18:02:27] WAITING for remaining requests to finish (active_jobs=442)
[18:02:27] REQUEST: 172 - COMPLETED
[18:02:27] REQUEST COMPLETED -> remaining active_jobs=441
[18:02:27] WAITING for remaining requests to finish (active_jobs=441)
[18:02:27] REQUEST: 90 - COMPLETED
[18:02:27] REQUEST COMPLETED -> remaining active_jobs=440
[18:02:27] WAITING for remaining requests to finish (active_jobs=440)
[18:02:27] REQUEST: 493 - COMPLETED
[18:02:27] REQUEST COMPLETED -> remaining active_jobs=439
[18:02:27] WAITING for remaining requests to finish (active_jobs=439)
[18:02:27] REQUEST: 317 - COMPLETED
[18:02:27] REQUEST COMPLETED -> remaining active_jobs=438
[18:02:27] WAITING for remaining requests to finish (active_jobs=438)
[18:02:27] REQUEST: 342 - COMPLETED
[18:02:27] REQUEST COMPLETED -> remaining active_jobs=437
[18:02:27] WAITING for remaining requests to finish (active_jobs=437)
[18:02:27] REQUEST: 67 - COMPLETED
[18:02:27] REQUEST COMPLETED -> remaining active_jobs=436
[18:02:27] WAITING for remaining requests to finish (active_jobs=436)
[18:02:27] REQUEST: 55 - COMPLETED
[18:02:27] REQUEST COMPLETED -> remaining active_jobs=435
[18:02:27] WAITING for remaining requests to finish (active_jobs=435)
[18:02:27] REQUEST: 290 - COMPLETED
[18:02:27] REQUEST COMPLETED -> remaining active_jobs=434
[18:02:27] WAITING for remaining requests to finish (active_jobs=434)
[18:02:27] REQUEST: 406 - COMPLETED
[18:02:27] REQUEST COMPLETED -> remaining active_jobs=433
[18:02:27] WAITING for remaining requests to finish (active_jobs=433)
[18:02:27] REQUEST: 155 - COMPLETED
[18:02:27] REQUEST COMPLETED -> remaining active_jobs=432
[18:02:27] WAITING for remaining requests to finish (active_jobs=432)
[18:02:27] REQUEST: 120 - COMPLETED
[18:02:27] REQUEST COMPLETED -> remaining active_jobs=431
[18:02:27] WAITING for remaining requests to finish (active_jobs=431)
[18:02:27] REQUEST: 326 - COMPLETED
[18:02:27] REQUEST COMPLETED -> remaining active_jobs=430
[18:02:27] WAITING for remaining requests to finish (active_jobs=430)
[18:02:28] REQUEST: 22 - COMPLETED
[18:02:28] REQUEST COMPLETED -> remaining active_jobs=429
[18:02:28] WAITING for remaining requests to finish (active_jobs=429)
[18:02:28] REQUEST: 275 - COMPLETED
[18:02:28] REQUEST COMPLETED -> remaining active_jobs=428
[18:02:28] WAITING for remaining requests to finish (active_jobs=428)
[18:02:28] REQUEST: 334 - COMPLETED
[18:02:28] REQUEST COMPLETED -> remaining active_jobs=427
[18:02:28] WAITING for remaining requests to finish (active_jobs=427)
[18:02:28] REQUEST: 251 - COMPLETED
[18:02:28] REQUEST COMPLETED -> remaining active_jobs=426
[18:02:28] WAITING for remaining requests to finish (active_jobs=426)
[18:02:28] REQUEST: 70 - COMPLETED
[18:02:28] REQUEST COMPLETED -> remaining active_jobs=425
[18:02:28] WAITING for remaining requests to finish (active_jobs=425)
[18:02:28] REQUEST: 199 - COMPLETED
[18:02:28] REQUEST COMPLETED -> remaining active_jobs=424
[18:02:28] WAITING for remaining requests to finish (active_jobs=424)
[18:02:28] REQUEST: 20 - COMPLETED
[18:02:28] REQUEST COMPLETED -> remaining active_jobs=423
[18:02:28] WAITING for remaining requests to finish (active_jobs=423)
[18:02:28] REQUEST: 153 - COMPLETED
[18:02:28] REQUEST COMPLETED -> remaining active_jobs=422
[18:02:28] WAITING for remaining requests to finish (active_jobs=422)
[18:02:28] REQUEST: 246 - COMPLETED
[18:02:28] REQUEST COMPLETED -> remaining active_jobs=421
[18:02:28] WAITING for remaining requests to finish (active_jobs=421)
[18:02:28] REQUEST: 260 - COMPLETED
[18:02:28] REQUEST COMPLETED -> remaining active_jobs=420
[18:02:28] WAITING for remaining requests to finish (active_jobs=420)
[18:02:28] REQUEST: 59 - COMPLETED
[18:02:28] REQUEST COMPLETED -> remaining active_jobs=419
[18:02:28] WAITING for remaining requests to finish (active_jobs=419)
[18:02:28] REQUEST: 237 - COMPLETED
[18:02:28] REQUEST COMPLETED -> remaining active_jobs=418
[18:02:28] WAITING for remaining requests to finish (active_jobs=418)
[18:02:28] REQUEST: 121 - COMPLETED
[18:02:28] REQUEST COMPLETED -> remaining active_jobs=417
[18:02:28] WAITING for remaining requests to finish (active_jobs=417)
[18:02:29] REQUEST: 449 - COMPLETED
[18:02:29] REQUEST COMPLETED -> remaining active_jobs=416
[18:02:29] WAITING for remaining requests to finish (active_jobs=416)
[18:02:29] REQUEST: 491 - COMPLETED
[18:02:29] REQUEST COMPLETED -> remaining active_jobs=415
[18:02:29] WAITING for remaining requests to finish (active_jobs=415)
[18:02:29] REQUEST: 221 - COMPLETED
[18:02:29] REQUEST COMPLETED -> remaining active_jobs=414
[18:02:29] WAITING for remaining requests to finish (active_jobs=414)
[18:02:29] REQUEST: 405 - COMPLETED
[18:02:29] REQUEST COMPLETED -> remaining active_jobs=413
[18:02:29] WAITING for remaining requests to finish (active_jobs=413)
[18:02:29] REQUEST: 256 - COMPLETED
[18:02:29] REQUEST COMPLETED -> remaining active_jobs=412
[18:02:29] WAITING for remaining requests to finish (active_jobs=412)
[18:02:29] REQUEST: 232 - COMPLETED
[18:02:29] REQUEST COMPLETED -> remaining active_jobs=411
[18:02:29] WAITING for remaining requests to finish (active_jobs=411)
[18:02:29] REQUEST: 274 - COMPLETED
[18:02:29] REQUEST COMPLETED -> remaining active_jobs=410
[18:02:29] WAITING for remaining requests to finish (active_jobs=410)
[18:02:29] REQUEST: 77 - COMPLETED
[18:02:29] REQUEST COMPLETED -> remaining active_jobs=409
[18:02:29] WAITING for remaining requests to finish (active_jobs=409)
[18:02:29] REQUEST: 108 - COMPLETED
[18:02:29] REQUEST COMPLETED -> remaining active_jobs=408
[18:02:29] WAITING for remaining requests to finish (active_jobs=408)
[18:02:29] REQUEST: 173 - COMPLETED
[18:02:29] REQUEST COMPLETED -> remaining active_jobs=407
[18:02:29] WAITING for remaining requests to finish (active_jobs=407)
[18:02:29] REQUEST: 496 - COMPLETED
[18:02:29] REQUEST COMPLETED -> remaining active_jobs=406
[18:02:29] WAITING for remaining requests to finish (active_jobs=406)
[18:02:29] REQUEST: 219 - COMPLETED
[18:02:29] REQUEST COMPLETED -> remaining active_jobs=405
[18:02:29] WAITING for remaining requests to finish (active_jobs=405)
[18:02:29] REQUEST: 118 - COMPLETED
[18:02:30] REQUEST COMPLETED -> remaining active_jobs=404
[18:02:30] WAITING for remaining requests to finish (active_jobs=404)
[18:02:30] REQUEST: 303 - COMPLETED
[18:02:30] REQUEST COMPLETED -> remaining active_jobs=403
[18:02:30] WAITING for remaining requests to finish (active_jobs=403)
[18:02:30] REQUEST: 149 - COMPLETED
[18:02:30] REQUEST COMPLETED -> remaining active_jobs=402
[18:02:30] WAITING for remaining requests to finish (active_jobs=402)
[18:02:30] REQUEST: 96 - COMPLETED
[18:02:30] REQUEST COMPLETED -> remaining active_jobs=401
[18:02:30] WAITING for remaining requests to finish (active_jobs=401)
[18:02:30] REQUEST: 12 - COMPLETED
[18:02:30] REQUEST COMPLETED -> remaining active_jobs=400
[18:02:30] WAITING for remaining requests to finish (active_jobs=400)
[18:02:30] REQUEST: 113 - COMPLETED
[18:02:30] REQUEST COMPLETED -> remaining active_jobs=399
[18:02:30] WAITING for remaining requests to finish (active_jobs=399)
[18:02:30] REQUEST: 413 - COMPLETED
[18:02:30] REQUEST COMPLETED -> remaining active_jobs=398
[18:02:30] WAITING for remaining requests to finish (active_jobs=398)
[18:02:30] REQUEST: 106 - COMPLETED
[18:02:30] REQUEST COMPLETED -> remaining active_jobs=397
[18:02:30] WAITING for remaining requests to finish (active_jobs=397)
[18:02:30] REQUEST: 278 - COMPLETED
[18:02:30] REQUEST COMPLETED -> remaining active_jobs=396
[18:02:30] WAITING for remaining requests to finish (active_jobs=396)
[18:02:30] REQUEST: 263 - COMPLETED
[18:02:30] REQUEST COMPLETED -> remaining active_jobs=395
[18:02:30] WAITING for remaining requests to finish (active_jobs=395)
[18:02:30] REQUEST: 391 - COMPLETED
[18:02:30] REQUEST COMPLETED -> remaining active_jobs=394
[18:02:30] WAITING for remaining requests to finish (active_jobs=394)
[18:02:30] REQUEST: 99 - COMPLETED
[18:02:30] REQUEST COMPLETED -> remaining active_jobs=393
[18:02:30] WAITING for remaining requests to finish (active_jobs=393)
[18:02:30] REQUEST: 133 - COMPLETED
[18:02:30] REQUEST COMPLETED -> remaining active_jobs=392
[18:02:30] WAITING for remaining requests to finish (active_jobs=392)
[18:02:30] REQUEST: 355 - COMPLETED
[18:02:30] REQUEST COMPLETED -> remaining active_jobs=391
[18:02:30] WAITING for remaining requests to finish (active_jobs=391)
[18:02:31] REQUEST: 101 - COMPLETED
[18:02:31] REQUEST COMPLETED -> remaining active_jobs=390
[18:02:31] WAITING for remaining requests to finish (active_jobs=390)
[18:02:31] REQUEST: 154 - COMPLETED
[18:02:31] REQUEST COMPLETED -> remaining active_jobs=389
[18:02:31] WAITING for remaining requests to finish (active_jobs=389)
[18:02:31] REQUEST: 76 - COMPLETED
[18:02:31] REQUEST COMPLETED -> remaining active_jobs=388
[18:02:31] WAITING for remaining requests to finish (active_jobs=388)
[18:02:31] REQUEST: 264 - COMPLETED
[18:02:31] REQUEST COMPLETED -> remaining active_jobs=387
[18:02:31] WAITING for remaining requests to finish (active_jobs=387)
[18:02:31] REQUEST: 297 - COMPLETED
[18:02:31] REQUEST COMPLETED -> remaining active_jobs=386
[18:02:31] WAITING for remaining requests to finish (active_jobs=386)
[18:02:31] REQUEST: 448 - COMPLETED
[18:02:31] REQUEST COMPLETED -> remaining active_jobs=385
[18:02:31] WAITING for remaining requests to finish (active_jobs=385)
[18:02:31] REQUEST: 174 - COMPLETED
[18:02:31] REQUEST COMPLETED -> remaining active_jobs=384
[18:02:31] WAITING for remaining requests to finish (active_jobs=384)
[18:02:31] REQUEST: 390 - COMPLETED
[18:02:31] REQUEST COMPLETED -> remaining active_jobs=383
[18:02:31] WAITING for remaining requests to finish (active_jobs=383)
[18:02:31] REQUEST: 247 - COMPLETED
[18:02:31] REQUEST COMPLETED -> remaining active_jobs=382
[18:02:31] WAITING for remaining requests to finish (active_jobs=382)
[18:02:31] REQUEST: 259 - COMPLETED
[18:02:31] REQUEST COMPLETED -> remaining active_jobs=381
[18:02:31] WAITING for remaining requests to finish (active_jobs=381)
[18:02:31] REQUEST: 344 - COMPLETED
[18:02:31] REQUEST COMPLETED -> remaining active_jobs=380
[18:02:31] WAITING for remaining requests to finish (active_jobs=380)
[18:02:31] REQUEST: 461 - COMPLETED
[18:02:31] REQUEST COMPLETED -> remaining active_jobs=379
[18:02:31] WAITING for remaining requests to finish (active_jobs=379)
[18:02:31] REQUEST: 196 - COMPLETED
[18:02:31] REQUEST COMPLETED -> remaining active_jobs=378
[18:02:31] WAITING for remaining requests to finish (active_jobs=378)
[18:02:32] REQUEST: 330 - COMPLETED
[18:02:32] REQUEST COMPLETED -> remaining active_jobs=377
[18:02:32] WAITING for remaining requests to finish (active_jobs=377)
[18:02:32] REQUEST: 318 - COMPLETED
[18:02:32] REQUEST COMPLETED -> remaining active_jobs=376
[18:02:32] WAITING for remaining requests to finish (active_jobs=376)
[18:02:32] REQUEST: 191 - COMPLETED
[18:02:32] REQUEST COMPLETED -> remaining active_jobs=375
[18:02:32] WAITING for remaining requests to finish (active_jobs=375)
[18:02:32] REQUEST: 322 - COMPLETED
[18:02:32] REQUEST COMPLETED -> remaining active_jobs=374
[18:02:32] WAITING for remaining requests to finish (active_jobs=374)
[18:02:32] REQUEST: 490 - COMPLETED
[18:02:32] REQUEST COMPLETED -> remaining active_jobs=373
[18:02:32] WAITING for remaining requests to finish (active_jobs=373)
[18:02:32] REQUEST: 261 - COMPLETED
[18:02:32] REQUEST COMPLETED -> remaining active_jobs=372
[18:02:32] WAITING for remaining requests to finish (active_jobs=372)
[18:02:32] REQUEST: 383 - COMPLETED
[18:02:32] REQUEST COMPLETED -> remaining active_jobs=371
[18:02:32] WAITING for remaining requests to finish (active_jobs=371)
[18:02:32] REQUEST: 178 - COMPLETED
[18:02:32] REQUEST COMPLETED -> remaining active_jobs=370
[18:02:32] WAITING for remaining requests to finish (active_jobs=370)
[18:02:32] REQUEST: 281 - COMPLETED
[18:02:32] REQUEST COMPLETED -> remaining active_jobs=369
[18:02:32] WAITING for remaining requests to finish (active_jobs=369)
[18:02:32] REQUEST: 409 - COMPLETED
[18:02:32] REQUEST COMPLETED -> remaining active_jobs=368
[18:02:32] WAITING for remaining requests to finish (active_jobs=368)
[18:02:32] REQUEST: 152 - COMPLETED
[18:02:32] REQUEST COMPLETED -> remaining active_jobs=367
[18:02:32] WAITING for remaining requests to finish (active_jobs=367)
[18:02:32] REQUEST: 378 - COMPLETED
[18:02:32] REQUEST COMPLETED -> remaining active_jobs=366
[18:02:32] WAITING for remaining requests to finish (active_jobs=366)
[18:02:33] REQUEST: 171 - COMPLETED
[18:02:33] REQUEST COMPLETED -> remaining active_jobs=365
[18:02:33] WAITING for remaining requests to finish (active_jobs=365)
[18:02:33] REQUEST: 111 - COMPLETED
[18:02:33] REQUEST COMPLETED -> remaining active_jobs=364
[18:02:33] WAITING for remaining requests to finish (active_jobs=364)
[18:02:33] REQUEST: 293 - COMPLETED
[18:02:33] REQUEST COMPLETED -> remaining active_jobs=363
[18:02:33] WAITING for remaining requests to finish (active_jobs=363)
[18:02:33] REQUEST: 194 - COMPLETED
[18:02:33] REQUEST COMPLETED -> remaining active_jobs=362
[18:02:33] WAITING for remaining requests to finish (active_jobs=362)
[18:02:33] REQUEST: 328 - COMPLETED
[18:02:33] REQUEST COMPLETED -> remaining active_jobs=361
[18:02:33] WAITING for remaining requests to finish (active_jobs=361)
[18:02:33] REQUEST: 143 - COMPLETED
[18:02:33] REQUEST COMPLETED -> remaining active_jobs=360
[18:02:33] WAITING for remaining requests to finish (active_jobs=360)
[18:02:33] REQUEST: 83 - COMPLETED
[18:02:33] REQUEST COMPLETED -> remaining active_jobs=359
[18:02:33] WAITING for remaining requests to finish (active_jobs=359)
[18:02:33] REQUEST: 359 - COMPLETED
[18:02:33] REQUEST COMPLETED -> remaining active_jobs=358
[18:02:33] WAITING for remaining requests to finish (active_jobs=358)
[18:02:33] REQUEST: 301 - COMPLETED
[18:02:33] REQUEST COMPLETED -> remaining active_jobs=357
[18:02:33] WAITING for remaining requests to finish (active_jobs=357)
[18:02:33] REQUEST: 69 - COMPLETED
[18:02:33] REQUEST COMPLETED -> remaining active_jobs=356
[18:02:33] WAITING for remaining requests to finish (active_jobs=356)
[18:02:33] REQUEST: 145 - COMPLETED
[18:02:33] REQUEST COMPLETED -> remaining active_jobs=355
[18:02:33] WAITING for remaining requests to finish (active_jobs=355)
[18:02:33] REQUEST: 385 - COMPLETED
[18:02:33] REQUEST COMPLETED -> remaining active_jobs=354
[18:02:33] WAITING for remaining requests to finish (active_jobs=354)
[18:02:33] REQUEST: 62 - COMPLETED
[18:02:33] REQUEST COMPLETED -> remaining active_jobs=353
[18:02:33] WAITING for remaining requests to finish (active_jobs=353)
[18:02:34] REQUEST: 262 - COMPLETED
[18:02:34] REQUEST COMPLETED -> remaining active_jobs=352
[18:02:34] WAITING for remaining requests to finish (active_jobs=352)
[18:02:34] REQUEST: 308 - COMPLETED
[18:02:34] REQUEST COMPLETED -> remaining active_jobs=351
[18:02:34] WAITING for remaining requests to finish (active_jobs=351)
[18:02:34] REQUEST: 356 - COMPLETED
[18:02:34] REQUEST COMPLETED -> remaining active_jobs=350
[18:02:34] WAITING for remaining requests to finish (active_jobs=350)
[18:02:34] REQUEST: 271 - COMPLETED
[18:02:34] REQUEST COMPLETED -> remaining active_jobs=349
[18:02:34] WAITING for remaining requests to finish (active_jobs=349)
[18:02:34] REQUEST: 140 - COMPLETED
[18:02:34] REQUEST COMPLETED -> remaining active_jobs=348
[18:02:34] WAITING for remaining requests to finish (active_jobs=348)
[18:02:34] REQUEST: 104 - COMPLETED
[18:02:34] REQUEST COMPLETED -> remaining active_jobs=347
[18:02:34] WAITING for remaining requests to finish (active_jobs=347)
[18:02:34] REQUEST: 135 - COMPLETED
[18:02:34] REQUEST COMPLETED -> remaining active_jobs=346
[18:02:34] WAITING for remaining requests to finish (active_jobs=346)
[18:02:34] REQUEST: 386 - COMPLETED
[18:02:34] REQUEST COMPLETED -> remaining active_jobs=345
[18:02:34] WAITING for remaining requests to finish (active_jobs=345)
[18:02:34] REQUEST: 112 - COMPLETED
[18:02:34] REQUEST COMPLETED -> remaining active_jobs=344
[18:02:34] WAITING for remaining requests to finish (active_jobs=344)
[18:02:34] REQUEST: 51 - COMPLETED
[18:02:34] REQUEST COMPLETED -> remaining active_jobs=343
[18:02:34] WAITING for remaining requests to finish (active_jobs=343)
[18:02:34] REQUEST: 200 - COMPLETED
[18:02:34] REQUEST COMPLETED -> remaining active_jobs=342
[18:02:34] WAITING for remaining requests to finish (active_jobs=342)
[18:02:34] REQUEST: 109 - COMPLETED
[18:02:34] REQUEST COMPLETED -> remaining active_jobs=341
[18:02:34] WAITING for remaining requests to finish (active_jobs=341)
[18:02:34] REQUEST: 335 - COMPLETED
[18:02:34] REQUEST COMPLETED -> remaining active_jobs=340
[18:02:34] WAITING for remaining requests to finish (active_jobs=340)
[18:02:35] REQUEST: 244 - COMPLETED
[18:02:35] REQUEST COMPLETED -> remaining active_jobs=339
[18:02:35] WAITING for remaining requests to finish (active_jobs=339)
[18:02:35] REQUEST: 42 - COMPLETED
[18:02:35] REQUEST COMPLETED -> remaining active_jobs=338
[18:02:35] WAITING for remaining requests to finish (active_jobs=338)
[18:02:35] REQUEST: 142 - COMPLETED
[18:02:35] REQUEST COMPLETED -> remaining active_jobs=337
[18:02:35] WAITING for remaining requests to finish (active_jobs=337)
[18:02:35] REQUEST: 382 - COMPLETED
[18:02:35] REQUEST COMPLETED -> remaining active_jobs=336
[18:02:35] WAITING for remaining requests to finish (active_jobs=336)
[18:02:35] REQUEST: 428 - COMPLETED
[18:02:35] REQUEST COMPLETED -> remaining active_jobs=335
[18:02:35] WAITING for remaining requests to finish (active_jobs=335)
[18:02:35] REQUEST: 63 - COMPLETED
[18:02:35] REQUEST COMPLETED -> remaining active_jobs=334
[18:02:35] WAITING for remaining requests to finish (active_jobs=334)
[18:02:35] REQUEST: 372 - COMPLETED
[18:02:35] REQUEST COMPLETED -> remaining active_jobs=333
[18:02:35] WAITING for remaining requests to finish (active_jobs=333)
[18:02:35] REQUEST: 181 - COMPLETED
[18:02:35] REQUEST COMPLETED -> remaining active_jobs=332
[18:02:35] WAITING for remaining requests to finish (active_jobs=332)
[18:02:35] REQUEST: 250 - COMPLETED
[18:02:35] REQUEST COMPLETED -> remaining active_jobs=331
[18:02:35] WAITING for remaining requests to finish (active_jobs=331)
[18:02:35] REQUEST: 384 - COMPLETED
[18:02:35] REQUEST COMPLETED -> remaining active_jobs=330
[18:02:35] WAITING for remaining requests to finish (active_jobs=330)
[18:02:35] REQUEST: 146 - COMPLETED
[18:02:35] REQUEST COMPLETED -> remaining active_jobs=329
[18:02:35] WAITING for remaining requests to finish (active_jobs=329)
[18:02:35] REQUEST: 23 - COMPLETED
[18:02:35] REQUEST COMPLETED -> remaining active_jobs=328
[18:02:35] WAITING for remaining requests to finish (active_jobs=328)
[18:02:35] REQUEST: 190 - COMPLETED
[18:02:35] REQUEST COMPLETED -> remaining active_jobs=327
[18:02:35] WAITING for remaining requests to finish (active_jobs=327)
[18:02:36] REQUEST: 279 - COMPLETED
[18:02:36] REQUEST COMPLETED -> remaining active_jobs=326
[18:02:36] WAITING for remaining requests to finish (active_jobs=326)
[18:02:36] REQUEST: 164 - COMPLETED
[18:02:36] REQUEST COMPLETED -> remaining active_jobs=325
[18:02:36] WAITING for remaining requests to finish (active_jobs=325)
[18:02:36] REQUEST: 389 - COMPLETED
[18:02:36] REQUEST COMPLETED -> remaining active_jobs=324
[18:02:36] WAITING for remaining requests to finish (active_jobs=324)
[18:02:36] REQUEST: 314 - COMPLETED
[18:02:36] REQUEST COMPLETED -> remaining active_jobs=323
[18:02:36] WAITING for remaining requests to finish (active_jobs=323)
[18:02:36] REQUEST: 37 - COMPLETED
[18:02:36] REQUEST COMPLETED -> remaining active_jobs=322
[18:02:36] WAITING for remaining requests to finish (active_jobs=322)
[18:02:36] REQUEST: 360 - COMPLETED
[18:02:36] REQUEST COMPLETED -> remaining active_jobs=321
[18:02:36] WAITING for remaining requests to finish (active_jobs=321)
[18:02:36] REQUEST: 343 - COMPLETED
[18:02:36] REQUEST COMPLETED -> remaining active_jobs=320
[18:02:36] WAITING for remaining requests to finish (active_jobs=320)
[18:02:36] REQUEST: 205 - COMPLETED
[18:02:36] REQUEST COMPLETED -> remaining active_jobs=319
[18:02:36] WAITING for remaining requests to finish (active_jobs=319)
[18:02:36] REQUEST: 320 - COMPLETED
[18:02:36] REQUEST COMPLETED -> remaining active_jobs=318
[18:02:36] WAITING for remaining requests to finish (active_jobs=318)
[18:02:36] REQUEST: 257 - COMPLETED
[18:02:36] REQUEST COMPLETED -> remaining active_jobs=317
[18:02:36] WAITING for remaining requests to finish (active_jobs=317)
[18:02:36] REQUEST: 465 - COMPLETED
[18:02:36] REQUEST COMPLETED -> remaining active_jobs=316
[18:02:36] WAITING for remaining requests to finish (active_jobs=316)
[18:02:36] REQUEST: 379 - COMPLETED
[18:02:36] REQUEST COMPLETED -> remaining active_jobs=315
[18:02:36] WAITING for remaining requests to finish (active_jobs=315)
[18:02:37] REQUEST: 421 - COMPLETED
[18:02:37] REQUEST COMPLETED -> remaining active_jobs=314
[18:02:37] WAITING for remaining requests to finish (active_jobs=314)
[18:02:37] REQUEST: 299 - COMPLETED
[18:02:37] REQUEST COMPLETED -> remaining active_jobs=313
[18:02:37] WAITING for remaining requests to finish (active_jobs=313)
[18:02:37] REQUEST: 392 - COMPLETED
[18:02:37] REQUEST COMPLETED -> remaining active_jobs=312
[18:02:37] WAITING for remaining requests to finish (active_jobs=312)
[18:02:37] REQUEST: 306 - COMPLETED
[18:02:37] REQUEST COMPLETED -> remaining active_jobs=311
[18:02:37] WAITING for remaining requests to finish (active_jobs=311)
[18:02:37] REQUEST: 203 - COMPLETED
[18:02:37] REQUEST COMPLETED -> remaining active_jobs=310
[18:02:37] WAITING for remaining requests to finish (active_jobs=310)
[18:02:37] REQUEST: 369 - COMPLETED
[18:02:37] REQUEST COMPLETED -> remaining active_jobs=309
[18:02:37] WAITING for remaining requests to finish (active_jobs=309)
[18:02:37] REQUEST: 93 - COMPLETED
[18:02:37] REQUEST COMPLETED -> remaining active_jobs=308
[18:02:37] WAITING for remaining requests to finish (active_jobs=308)
[18:02:37] REQUEST: 277 - COMPLETED
[18:02:37] REQUEST COMPLETED -> remaining active_jobs=307
[18:02:37] WAITING for remaining requests to finish (active_jobs=307)
[18:02:37] REQUEST: 388 - COMPLETED
[18:02:37] REQUEST COMPLETED -> remaining active_jobs=306
[18:02:37] WAITING for remaining requests to finish (active_jobs=306)
[18:02:37] REQUEST: 285 - COMPLETED
[18:02:37] REQUEST COMPLETED -> remaining active_jobs=305
[18:02:37] WAITING for remaining requests to finish (active_jobs=305)
[18:02:37] REQUEST: 35 - COMPLETED
[18:02:37] REQUEST COMPLETED -> remaining active_jobs=304
[18:02:37] WAITING for remaining requests to finish (active_jobs=304)
[18:02:37] REQUEST: 370 - COMPLETED
[18:02:37] REQUEST COMPLETED -> remaining active_jobs=303
[18:02:37] WAITING for remaining requests to finish (active_jobs=303)
[18:02:37] REQUEST: 230 - COMPLETED
[18:02:37] REQUEST COMPLETED -> remaining active_jobs=302
[18:02:37] WAITING for remaining requests to finish (active_jobs=302)
[18:02:37] REQUEST: 479 - COMPLETED
[18:02:37] REQUEST COMPLETED -> remaining active_jobs=301
[18:02:37] WAITING for remaining requests to finish (active_jobs=301)
[18:02:38] REQUEST: 368 - COMPLETED
[18:02:38] REQUEST COMPLETED -> remaining active_jobs=300
[18:02:38] WAITING for remaining requests to finish (active_jobs=300)
[18:02:38] REQUEST: 254 - COMPLETED
[18:02:38] REQUEST COMPLETED -> remaining active_jobs=299
[18:02:38] WAITING for remaining requests to finish (active_jobs=299)
[18:02:38] REQUEST: 119 - COMPLETED
[18:02:38] REQUEST COMPLETED -> remaining active_jobs=298
[18:02:38] WAITING for remaining requests to finish (active_jobs=298)
[18:02:38] REQUEST: 412 - COMPLETED
[18:02:38] REQUEST COMPLETED -> remaining active_jobs=297
[18:02:38] WAITING for remaining requests to finish (active_jobs=297)
[18:02:38] REQUEST: 220 - COMPLETED
[18:02:38] REQUEST COMPLETED -> remaining active_jobs=296
[18:02:38] WAITING for remaining requests to finish (active_jobs=296)
[18:02:38] REQUEST: 144 - COMPLETED
[18:02:38] REQUEST COMPLETED -> remaining active_jobs=295
[18:02:38] WAITING for remaining requests to finish (active_jobs=295)
[18:02:38] REQUEST: 115 - COMPLETED
[18:02:38] REQUEST COMPLETED -> remaining active_jobs=294
[18:02:38] WAITING for remaining requests to finish (active_jobs=294)
[18:02:38] REQUEST: 398 - COMPLETED
[18:02:38] REQUEST COMPLETED -> remaining active_jobs=293
[18:02:38] WAITING for remaining requests to finish (active_jobs=293)
[18:02:38] REQUEST: 60 - COMPLETED
[18:02:38] REQUEST COMPLETED -> remaining active_jobs=292
[18:02:38] WAITING for remaining requests to finish (active_jobs=292)
[18:02:38] REQUEST: 36 - COMPLETED
[18:02:38] REQUEST COMPLETED -> remaining active_jobs=291
[18:02:38] WAITING for remaining requests to finish (active_jobs=291)
[18:02:38] REQUEST: 48 - COMPLETED
[18:02:38] REQUEST COMPLETED -> remaining active_jobs=290
[18:02:38] WAITING for remaining requests to finish (active_jobs=290)
[18:02:38] REQUEST: 19 - COMPLETED
[18:02:38] REQUEST COMPLETED -> remaining active_jobs=289
[18:02:38] WAITING for remaining requests to finish (active_jobs=289)
[18:02:38] REQUEST: 214 - COMPLETED
[18:02:38] REQUEST COMPLETED -> remaining active_jobs=288
[18:02:38] WAITING for remaining requests to finish (active_jobs=288)
[18:02:39] REQUEST: 316 - COMPLETED
[18:02:39] REQUEST COMPLETED -> remaining active_jobs=287
[18:02:39] WAITING for remaining requests to finish (active_jobs=287)
[18:02:39] REQUEST: 159 - COMPLETED
[18:02:39] REQUEST COMPLETED -> remaining active_jobs=286
[18:02:39] WAITING for remaining requests to finish (active_jobs=286)
[18:02:39] REQUEST: 150 - COMPLETED
[18:02:39] REQUEST COMPLETED -> remaining active_jobs=285
[18:02:39] WAITING for remaining requests to finish (active_jobs=285)
[18:02:39] REQUEST: 489 - COMPLETED
[18:02:39] REQUEST COMPLETED -> remaining active_jobs=284
[18:02:39] WAITING for remaining requests to finish (active_jobs=284)
[18:02:39] REQUEST: 139 - COMPLETED
[18:02:39] REQUEST COMPLETED -> remaining active_jobs=283
[18:02:39] WAITING for remaining requests to finish (active_jobs=283)
[18:02:39] REQUEST: 147 - COMPLETED
[18:02:39] REQUEST COMPLETED -> remaining active_jobs=282
[18:02:39] WAITING for remaining requests to finish (active_jobs=282)
[18:02:39] REQUEST: 463 - COMPLETED
[18:02:39] REQUEST COMPLETED -> remaining active_jobs=281
[18:02:39] WAITING for remaining requests to finish (active_jobs=281)
[18:02:39] REQUEST: 210 - COMPLETED
[18:02:39] REQUEST COMPLETED -> remaining active_jobs=280
[18:02:39] WAITING for remaining requests to finish (active_jobs=280)
[18:02:39] REQUEST: 363 - COMPLETED
[18:02:39] REQUEST COMPLETED -> remaining active_jobs=279
[18:02:39] WAITING for remaining requests to finish (active_jobs=279)
[18:02:39] REQUEST: 374 - COMPLETED
[18:02:39] REQUEST COMPLETED -> remaining active_jobs=278
[18:02:39] WAITING for remaining requests to finish (active_jobs=278)
[18:02:39] REQUEST: 416 - COMPLETED
[18:02:39] REQUEST COMPLETED -> remaining active_jobs=277
[18:02:39] WAITING for remaining requests to finish (active_jobs=277)
[18:02:39] REQUEST: 66 - COMPLETED
[18:02:39] REQUEST COMPLETED -> remaining active_jobs=276
[18:02:39] WAITING for remaining requests to finish (active_jobs=276)
[18:02:40] REQUEST: 377 - COMPLETED
[18:02:40] REQUEST COMPLETED -> remaining active_jobs=275
[18:02:40] WAITING for remaining requests to finish (active_jobs=275)
[18:02:40] REQUEST: 151 - COMPLETED
[18:02:40] REQUEST COMPLETED -> remaining active_jobs=274
[18:02:40] WAITING for remaining requests to finish (active_jobs=274)
[18:02:40] REQUEST: 107 - COMPLETED
[18:02:40] REQUEST COMPLETED -> remaining active_jobs=273
[18:02:40] WAITING for remaining requests to finish (active_jobs=273)
[18:02:40] REQUEST: 410 - COMPLETED
[18:02:40] REQUEST COMPLETED -> remaining active_jobs=272
[18:02:40] WAITING for remaining requests to finish (active_jobs=272)
[18:02:40] REQUEST: 481 - COMPLETED
[18:02:40] REQUEST COMPLETED -> remaining active_jobs=271
[18:02:40] WAITING for remaining requests to finish (active_jobs=271)
[18:02:40] REQUEST: 49 - COMPLETED
[18:02:40] REQUEST COMPLETED -> remaining active_jobs=270
[18:02:40] WAITING for remaining requests to finish (active_jobs=270)
[18:02:40] REQUEST: 223 - COMPLETED
[18:02:40] REQUEST COMPLETED -> remaining active_jobs=269
[18:02:40] WAITING for remaining requests to finish (active_jobs=269)
[18:02:40] REQUEST: 337 - COMPLETED
[18:02:40] REQUEST COMPLETED -> remaining active_jobs=268
[18:02:40] WAITING for remaining requests to finish (active_jobs=268)
[18:02:40] REQUEST: 454 - COMPLETED
[18:02:40] REQUEST COMPLETED -> remaining active_jobs=267
[18:02:40] WAITING for remaining requests to finish (active_jobs=267)
[18:02:40] REQUEST: 419 - COMPLETED
[18:02:40] REQUEST COMPLETED -> remaining active_jobs=266
[18:02:40] WAITING for remaining requests to finish (active_jobs=266)
[18:02:40] REQUEST: 283 - COMPLETED
[18:02:40] REQUEST COMPLETED -> remaining active_jobs=265
[18:02:40] WAITING for remaining requests to finish (active_jobs=265)
[18:02:40] REQUEST: 442 - COMPLETED
[18:02:40] REQUEST COMPLETED -> remaining active_jobs=264
[18:02:40] WAITING for remaining requests to finish (active_jobs=264)
[18:02:40] REQUEST: 422 - COMPLETED
[18:02:40] REQUEST COMPLETED -> remaining active_jobs=263
[18:02:40] WAITING for remaining requests to finish (active_jobs=263)
[18:02:41] REQUEST: 476 - COMPLETED
[18:02:41] REQUEST COMPLETED -> remaining active_jobs=262
[18:02:41] WAITING for remaining requests to finish (active_jobs=262)
[18:02:41] REQUEST: 207 - COMPLETED
[18:02:41] REQUEST COMPLETED -> remaining active_jobs=261
[18:02:41] WAITING for remaining requests to finish (active_jobs=261)
[18:02:41] REQUEST: 245 - COMPLETED
[18:02:41] REQUEST COMPLETED -> remaining active_jobs=260
[18:02:41] WAITING for remaining requests to finish (active_jobs=260)
[18:02:41] REQUEST: 243 - COMPLETED
[18:02:41] REQUEST COMPLETED -> remaining active_jobs=259
[18:02:41] WAITING for remaining requests to finish (active_jobs=259)
[18:02:41] REQUEST: 402 - COMPLETED
[18:02:41] REQUEST COMPLETED -> remaining active_jobs=258
[18:02:41] WAITING for remaining requests to finish (active_jobs=258)
[18:02:41] REQUEST: 445 - COMPLETED
[18:02:41] REQUEST COMPLETED -> remaining active_jobs=257
[18:02:41] WAITING for remaining requests to finish (active_jobs=257)
[18:02:41] REQUEST: 89 - COMPLETED
[18:02:41] REQUEST COMPLETED -> remaining active_jobs=256
[18:02:41] WAITING for remaining requests to finish (active_jobs=256)
[18:02:41] REQUEST: 129 - COMPLETED
[18:02:41] REQUEST COMPLETED -> remaining active_jobs=255
[18:02:41] WAITING for remaining requests to finish (active_jobs=255)
[18:02:41] REQUEST: 399 - COMPLETED
[18:02:41] REQUEST COMPLETED -> remaining active_jobs=254
[18:02:41] WAITING for remaining requests to finish (active_jobs=254)
[18:02:41] REQUEST: 367 - COMPLETED
[18:02:41] REQUEST COMPLETED -> remaining active_jobs=253
[18:02:41] WAITING for remaining requests to finish (active_jobs=253)
[18:02:41] REQUEST: 46 - COMPLETED
[18:02:41] REQUEST COMPLETED -> remaining active_jobs=252
[18:02:41] WAITING for remaining requests to finish (active_jobs=252)
[18:02:41] REQUEST: 188 - COMPLETED
[18:02:41] REQUEST COMPLETED -> remaining active_jobs=251
[18:02:41] WAITING for remaining requests to finish (active_jobs=251)
[18:02:41] REQUEST: 495 - COMPLETED
[18:02:41] REQUEST COMPLETED -> remaining active_jobs=250
[18:02:41] WAITING for remaining requests to finish (active_jobs=250)
[18:02:42] REQUEST: 238 - COMPLETED
[18:02:42] REQUEST COMPLETED -> remaining active_jobs=249
[18:02:42] WAITING for remaining requests to finish (active_jobs=249)
[18:02:42] REQUEST: 167 - COMPLETED
[18:02:42] REQUEST: 239 - COMPLETED
[18:02:42] REQUEST COMPLETED -> remaining active_jobs=248
[18:02:42] WAITING for remaining requests to finish (active_jobs=248)
[18:02:42] REQUEST COMPLETED -> remaining active_jobs=247
[18:02:42] WAITING for remaining requests to finish (active_jobs=247)
[18:02:42] REQUEST: 222 - COMPLETED
[18:02:42] REQUEST COMPLETED -> remaining active_jobs=246
[18:02:42] WAITING for remaining requests to finish (active_jobs=246)
[18:02:42] REQUEST: 228 - COMPLETED
[18:02:42] REQUEST COMPLETED -> remaining active_jobs=245
[18:02:42] WAITING for remaining requests to finish (active_jobs=245)
[18:02:42] REQUEST: 396 - COMPLETED
[18:02:42] REQUEST COMPLETED -> remaining active_jobs=244
[18:02:42] WAITING for remaining requests to finish (active_jobs=244)
[18:02:42] REQUEST: 87 - COMPLETED
[18:02:42] REQUEST COMPLETED -> remaining active_jobs=243
[18:02:42] WAITING for remaining requests to finish (active_jobs=243)
[18:02:42] REQUEST: 132 - COMPLETED
[18:02:42] REQUEST COMPLETED -> remaining active_jobs=242
[18:02:42] WAITING for remaining requests to finish (active_jobs=242)
[18:02:42] REQUEST: 319 - COMPLETED
[18:02:42] REQUEST COMPLETED -> remaining active_jobs=241
[18:02:42] WAITING for remaining requests to finish (active_jobs=241)
[18:02:42] REQUEST: 417 - COMPLETED
[18:02:42] REQUEST COMPLETED -> remaining active_jobs=240
[18:02:42] WAITING for remaining requests to finish (active_jobs=240)
[18:02:42] REQUEST: 193 - COMPLETED
[18:02:42] REQUEST COMPLETED -> remaining active_jobs=239
[18:02:42] WAITING for remaining requests to finish (active_jobs=239)
[18:02:42] REQUEST: 418 - COMPLETED
[18:02:42] REQUEST COMPLETED -> remaining active_jobs=238
[18:02:42] WAITING for remaining requests to finish (active_jobs=238)
[18:02:43] REQUEST: 346 - COMPLETED
[18:02:43] REQUEST COMPLETED -> remaining active_jobs=237
[18:02:43] WAITING for remaining requests to finish (active_jobs=237)
[18:02:43] REQUEST: 128 - COMPLETED
[18:02:43] REQUEST COMPLETED -> remaining active_jobs=236
[18:02:43] WAITING for remaining requests to finish (active_jobs=236)
[18:02:43] REQUEST: 94 - COMPLETED
[18:02:43] REQUEST COMPLETED -> remaining active_jobs=235
[18:02:43] WAITING for remaining requests to finish (active_jobs=235)
[18:02:43] REQUEST: 500 - COMPLETED
[18:02:43] REQUEST COMPLETED -> remaining active_jobs=234
[18:02:43] WAITING for remaining requests to finish (active_jobs=234)
[18:02:43] REQUEST: 443 - COMPLETED
[18:02:43] REQUEST COMPLETED -> remaining active_jobs=233
[18:02:43] WAITING for remaining requests to finish (active_jobs=233)
[18:02:43] REQUEST: 182 - COMPLETED
[18:02:43] REQUEST COMPLETED -> remaining active_jobs=232
[18:02:43] WAITING for remaining requests to finish (active_jobs=232)
[18:02:43] REQUEST: 189 - COMPLETED
[18:02:43] REQUEST COMPLETED -> remaining active_jobs=231
[18:02:43] WAITING for remaining requests to finish (active_jobs=231)
[18:02:43] REQUEST: 163 - COMPLETED
[18:02:43] REQUEST COMPLETED -> remaining active_jobs=230
[18:02:43] WAITING for remaining requests to finish (active_jobs=230)
[18:02:43] REQUEST: 75 - COMPLETED
[18:02:43] REQUEST COMPLETED -> remaining active_jobs=229
[18:02:43] WAITING for remaining requests to finish (active_jobs=229)
[18:02:43] REQUEST: 474 - COMPLETED
[18:02:43] REQUEST COMPLETED -> remaining active_jobs=228
[18:02:43] WAITING for remaining requests to finish (active_jobs=228)
[18:02:43] REQUEST: 161 - COMPLETED
[18:02:43] REQUEST COMPLETED -> remaining active_jobs=227
[18:02:43] WAITING for remaining requests to finish (active_jobs=227)
[18:02:43] REQUEST: 241 - COMPLETED
[18:02:43] REQUEST COMPLETED -> remaining active_jobs=226
[18:02:43] WAITING for remaining requests to finish (active_jobs=226)
[18:02:43] REQUEST: 498 - COMPLETED
[18:02:43] REQUEST COMPLETED -> remaining active_jobs=225
[18:02:43] WAITING for remaining requests to finish (active_jobs=225)
[18:02:44] REQUEST: 470 - COMPLETED
[18:02:44] REQUEST COMPLETED -> remaining active_jobs=224
[18:02:44] WAITING for remaining requests to finish (active_jobs=224)
[18:02:44] REQUEST: 352 - COMPLETED
[18:02:44] REQUEST COMPLETED -> remaining active_jobs=223
[18:02:44] WAITING for remaining requests to finish (active_jobs=223)
[18:02:44] REQUEST: 97 - COMPLETED
[18:02:44] REQUEST COMPLETED -> remaining active_jobs=222
[18:02:44] WAITING for remaining requests to finish (active_jobs=222)
[18:02:44] REQUEST: 123 - COMPLETED
[18:02:44] REQUEST COMPLETED -> remaining active_jobs=221
[18:02:44] WAITING for remaining requests to finish (active_jobs=221)
[18:02:44] REQUEST: 209 - COMPLETED
[18:02:44] REQUEST COMPLETED -> remaining active_jobs=220
[18:02:44] WAITING for remaining requests to finish (active_jobs=220)
[18:02:44] REQUEST: 64 - COMPLETED
[18:02:44] REQUEST COMPLETED -> remaining active_jobs=219
[18:02:44] WAITING for remaining requests to finish (active_jobs=219)
[18:02:44] REQUEST: 456 - COMPLETED
[18:02:44] REQUEST COMPLETED -> remaining active_jobs=218
[18:02:44] WAITING for remaining requests to finish (active_jobs=218)
[18:02:44] REQUEST: 295 - COMPLETED
[18:02:44] REQUEST COMPLETED -> remaining active_jobs=217
[18:02:44] WAITING for remaining requests to finish (active_jobs=217)
[18:02:44] REQUEST: 473 - COMPLETED
[18:02:44] REQUEST COMPLETED -> remaining active_jobs=216
[18:02:44] WAITING for remaining requests to finish (active_jobs=216)
[18:02:44] REQUEST: 395 - COMPLETED
[18:02:44] REQUEST COMPLETED -> remaining active_jobs=215
[18:02:44] WAITING for remaining requests to finish (active_jobs=215)
[18:02:44] REQUEST: 235 - COMPLETED
[18:02:44] REQUEST COMPLETED -> remaining active_jobs=214
[18:02:44] WAITING for remaining requests to finish (active_jobs=214)
[18:02:44] REQUEST: 201 - COMPLETED
[18:02:44] REQUEST COMPLETED -> remaining active_jobs=213
[18:02:44] WAITING for remaining requests to finish (active_jobs=213)
[18:02:45] REQUEST: 447 - COMPLETED
[18:02:45] REQUEST COMPLETED -> remaining active_jobs=212
[18:02:45] WAITING for remaining requests to finish (active_jobs=212)
[18:02:45] REQUEST: 258 - COMPLETED
[18:02:45] REQUEST COMPLETED -> remaining active_jobs=211
[18:02:45] WAITING for remaining requests to finish (active_jobs=211)
[18:02:45] REQUEST: 467 - COMPLETED
[18:02:45] REQUEST COMPLETED -> remaining active_jobs=210
[18:02:45] WAITING for remaining requests to finish (active_jobs=210)
[18:02:45] REQUEST: 253 - COMPLETED
[18:02:45] REQUEST COMPLETED -> remaining active_jobs=209
[18:02:45] WAITING for remaining requests to finish (active_jobs=209)
[18:02:45] REQUEST: 102 - COMPLETED
[18:02:45] REQUEST COMPLETED -> remaining active_jobs=208
[18:02:45] WAITING for remaining requests to finish (active_jobs=208)
[18:02:45] REQUEST: 499 - COMPLETED
[18:02:45] REQUEST COMPLETED -> remaining active_jobs=207
[18:02:45] WAITING for remaining requests to finish (active_jobs=207)
[18:02:45] REQUEST: 61 - COMPLETED
[18:02:45] REQUEST COMPLETED -> remaining active_jobs=206
[18:02:45] WAITING for remaining requests to finish (active_jobs=206)
[18:02:45] REQUEST: 415 - COMPLETED
[18:02:45] REQUEST COMPLETED -> remaining active_jobs=205
[18:02:45] WAITING for remaining requests to finish (active_jobs=205)
[18:02:45] REQUEST: 450 - COMPLETED
[18:02:45] REQUEST COMPLETED -> remaining active_jobs=204
[18:02:45] WAITING for remaining requests to finish (active_jobs=204)
[18:02:45] REQUEST: 440 - COMPLETED
[18:02:45] REQUEST COMPLETED -> remaining active_jobs=203
[18:02:45] WAITING for remaining requests to finish (active_jobs=203)
[18:02:45] REQUEST: 88 - COMPLETED
[18:02:45] REQUEST COMPLETED -> remaining active_jobs=202
[18:02:45] WAITING for remaining requests to finish (active_jobs=202)
[18:02:45] REQUEST: 227 - COMPLETED
[18:02:45] REQUEST COMPLETED -> remaining active_jobs=201
[18:02:45] WAITING for remaining requests to finish (active_jobs=201)
[18:02:46] REQUEST: 170 - COMPLETED
[18:02:46] REQUEST COMPLETED -> remaining active_jobs=200
[18:02:46] WAITING for remaining requests to finish (active_jobs=200)
[18:02:46] REQUEST: 47 - COMPLETED
[18:02:46] REQUEST COMPLETED -> remaining active_jobs=199
[18:02:46] WAITING for remaining requests to finish (active_jobs=199)
[18:02:46] REQUEST: 225 - COMPLETED
[18:02:46] REQUEST COMPLETED -> remaining active_jobs=198
[18:02:46] WAITING for remaining requests to finish (active_jobs=198)
[18:02:46] REQUEST: 331 - COMPLETED
[18:02:46] REQUEST COMPLETED -> remaining active_jobs=197
[18:02:46] WAITING for remaining requests to finish (active_jobs=197)
[18:02:46] REQUEST: 217 - COMPLETED
[18:02:46] REQUEST COMPLETED -> remaining active_jobs=196
[18:02:46] WAITING for remaining requests to finish (active_jobs=196)
[18:02:46] REQUEST: 453 - COMPLETED
[18:02:46] REQUEST COMPLETED -> remaining active_jobs=195
[18:02:46] WAITING for remaining requests to finish (active_jobs=195)
[18:02:46] REQUEST: 184 - COMPLETED
[18:02:46] REQUEST COMPLETED -> remaining active_jobs=194
[18:02:46] WAITING for remaining requests to finish (active_jobs=194)
[18:02:46] REQUEST: 371 - COMPLETED
[18:02:46] REQUEST COMPLETED -> remaining active_jobs=193
[18:02:46] WAITING for remaining requests to finish (active_jobs=193)
[18:02:46] REQUEST: 71 - COMPLETED
[18:02:46] REQUEST COMPLETED -> remaining active_jobs=192
[18:02:46] WAITING for remaining requests to finish (active_jobs=192)
[18:02:46] REQUEST: 131 - COMPLETED
[18:02:46] REQUEST COMPLETED -> remaining active_jobs=191
[18:02:46] WAITING for remaining requests to finish (active_jobs=191)
[18:02:46] REQUEST: 273 - COMPLETED
[18:02:46] REQUEST COMPLETED -> remaining active_jobs=190
[18:02:46] WAITING for remaining requests to finish (active_jobs=190)
[18:02:46] REQUEST: 148 - COMPLETED
[18:02:46] REQUEST COMPLETED -> remaining active_jobs=189
[18:02:46] WAITING for remaining requests to finish (active_jobs=189)
[18:02:46] REQUEST: 72 - COMPLETED
[18:02:46] REQUEST COMPLETED -> remaining active_jobs=188
[18:02:46] WAITING for remaining requests to finish (active_jobs=188)
[18:02:46] REQUEST: 357 - COMPLETED
[18:02:46] REQUEST COMPLETED -> remaining active_jobs=187
[18:02:46] WAITING for remaining requests to finish (active_jobs=187)
[18:02:47] REQUEST: 28 - COMPLETED
[18:02:47] REQUEST COMPLETED -> remaining active_jobs=186
[18:02:47] WAITING for remaining requests to finish (active_jobs=186)
[18:02:47] REQUEST: 430 - COMPLETED
[18:02:47] REQUEST: 284 - COMPLETED
[18:02:47] REQUEST COMPLETED -> remaining active_jobs=185
[18:02:47] WAITING for remaining requests to finish (active_jobs=185)
[18:02:47] REQUEST COMPLETED -> remaining active_jobs=184
[18:02:47] WAITING for remaining requests to finish (active_jobs=184)
[18:02:47] REQUEST: 280 - COMPLETED
[18:02:47] REQUEST COMPLETED -> remaining active_jobs=183
[18:02:47] WAITING for remaining requests to finish (active_jobs=183)
[18:02:47] REQUEST: 321 - COMPLETED
[18:02:47] REQUEST COMPLETED -> remaining active_jobs=182
[18:02:47] WAITING for remaining requests to finish (active_jobs=182)
[18:02:47] REQUEST: 187 - COMPLETED
[18:02:47] REQUEST COMPLETED -> remaining active_jobs=181
[18:02:47] WAITING for remaining requests to finish (active_jobs=181)
[18:02:47] REQUEST: 272 - COMPLETED
[18:02:47] REQUEST COMPLETED -> remaining active_jobs=180
[18:02:47] WAITING for remaining requests to finish (active_jobs=180)
[18:02:47] REQUEST: 444 - COMPLETED
[18:02:47] REQUEST COMPLETED -> remaining active_jobs=179
[18:02:47] WAITING for remaining requests to finish (active_jobs=179)
[18:02:47] REQUEST: 462 - COMPLETED
[18:02:47] REQUEST COMPLETED -> remaining active_jobs=178
[18:02:47] WAITING for remaining requests to finish (active_jobs=178)
[18:02:47] REQUEST: 309 - COMPLETED
[18:02:47] REQUEST COMPLETED -> remaining active_jobs=177
[18:02:47] WAITING for remaining requests to finish (active_jobs=177)
[18:02:47] REQUEST: 338 - COMPLETED
[18:02:47] REQUEST COMPLETED -> remaining active_jobs=176
[18:02:47] WAITING for remaining requests to finish (active_jobs=176)
[18:02:47] REQUEST: 212 - COMPLETED
[18:02:47] REQUEST COMPLETED -> remaining active_jobs=175
[18:02:47] WAITING for remaining requests to finish (active_jobs=175)
[18:02:47] REQUEST: 117 - COMPLETED
[18:02:48] REQUEST COMPLETED -> remaining active_jobs=174
[18:02:48] WAITING for remaining requests to finish (active_jobs=174)
[18:02:48] REQUEST: 432 - COMPLETED
[18:02:48] REQUEST COMPLETED -> remaining active_jobs=173
[18:02:48] WAITING for remaining requests to finish (active_jobs=173)
[18:02:48] REQUEST: 226 - COMPLETED
[18:02:48] REQUEST COMPLETED -> remaining active_jobs=172
[18:02:48] WAITING for remaining requests to finish (active_jobs=172)
[18:02:48] REQUEST: 459 - COMPLETED
[18:02:48] REQUEST COMPLETED -> remaining active_jobs=171
[18:02:48] WAITING for remaining requests to finish (active_jobs=171)
[18:02:48] REQUEST: 497 - COMPLETED
[18:02:48] REQUEST COMPLETED -> remaining active_jobs=170
[18:02:48] WAITING for remaining requests to finish (active_jobs=170)
[18:02:48] REQUEST: 457 - COMPLETED
[18:02:48] REQUEST COMPLETED -> remaining active_jobs=169
[18:02:48] WAITING for remaining requests to finish (active_jobs=169)
[18:02:48] REQUEST: 460 - COMPLETED
[18:02:48] REQUEST COMPLETED -> remaining active_jobs=168
[18:02:48] WAITING for remaining requests to finish (active_jobs=168)
[18:02:48] REQUEST: 266 - COMPLETED
[18:02:48] REQUEST COMPLETED -> remaining active_jobs=167
[18:02:48] WAITING for remaining requests to finish (active_jobs=167)
[18:02:48] REQUEST: 234 - COMPLETED
[18:02:48] REQUEST COMPLETED -> remaining active_jobs=166
[18:02:48] WAITING for remaining requests to finish (active_jobs=166)
[18:02:48] REQUEST: 341 - COMPLETED
[18:02:48] REQUEST COMPLETED -> remaining active_jobs=165
[18:02:48] WAITING for remaining requests to finish (active_jobs=165)
[18:02:48] REQUEST: 156 - COMPLETED
[18:02:48] REQUEST COMPLETED -> remaining active_jobs=164
[18:02:48] WAITING for remaining requests to finish (active_jobs=164)
[18:02:48] REQUEST: 213 - COMPLETED
[18:02:48] REQUEST COMPLETED -> remaining active_jobs=163
[18:02:48] WAITING for remaining requests to finish (active_jobs=163)
[18:02:48] REQUEST: 175 - COMPLETED
[18:02:48] REQUEST COMPLETED -> remaining active_jobs=162
[18:02:48] WAITING for remaining requests to finish (active_jobs=162)
[18:02:49] REQUEST: 414 - COMPLETED
[18:02:49] REQUEST COMPLETED -> remaining active_jobs=161
[18:02:49] WAITING for remaining requests to finish (active_jobs=161)
[18:02:49] REQUEST: 313 - COMPLETED
[18:02:49] REQUEST COMPLETED -> remaining active_jobs=160
[18:02:49] WAITING for remaining requests to finish (active_jobs=160)
[18:02:49] REQUEST: 166 - COMPLETED
[18:02:49] REQUEST COMPLETED -> remaining active_jobs=159
[18:02:49] WAITING for remaining requests to finish (active_jobs=159)
[18:02:49] REQUEST: 436 - COMPLETED
[18:02:49] REQUEST COMPLETED -> remaining active_jobs=158
[18:02:49] WAITING for remaining requests to finish (active_jobs=158)
[18:02:49] REQUEST: 348 - COMPLETED
[18:02:49] REQUEST COMPLETED -> remaining active_jobs=157
[18:02:49] WAITING for remaining requests to finish (active_jobs=157)
[18:02:49] REQUEST: 458 - COMPLETED
[18:02:49] REQUEST COMPLETED -> remaining active_jobs=156
[18:02:49] WAITING for remaining requests to finish (active_jobs=156)
[18:02:49] REQUEST: 282 - COMPLETED
[18:02:49] REQUEST COMPLETED -> remaining active_jobs=155
[18:02:49] WAITING for remaining requests to finish (active_jobs=155)
[18:02:49] REQUEST: 202 - COMPLETED
[18:02:49] REQUEST COMPLETED -> remaining active_jobs=154
[18:02:49] WAITING for remaining requests to finish (active_jobs=154)
[18:02:49] REQUEST: 358 - COMPLETED
[18:02:49] REQUEST COMPLETED -> remaining active_jobs=153
[18:02:49] WAITING for remaining requests to finish (active_jobs=153)
[18:02:49] REQUEST: 186 - COMPLETED
[18:02:49] REQUEST COMPLETED -> remaining active_jobs=152
[18:02:49] WAITING for remaining requests to finish (active_jobs=152)
[18:02:49] REQUEST: 91 - COMPLETED
[18:02:49] REQUEST COMPLETED -> remaining active_jobs=151
[18:02:49] WAITING for remaining requests to finish (active_jobs=151)
[18:02:49] REQUEST: 429 - COMPLETED
[18:02:49] REQUEST COMPLETED -> remaining active_jobs=150
[18:02:49] WAITING for remaining requests to finish (active_jobs=150)
[18:02:50] REQUEST: 231 - COMPLETED
[18:02:50] REQUEST COMPLETED -> remaining active_jobs=149
[18:02:50] WAITING for remaining requests to finish (active_jobs=149)
[18:02:50] REQUEST: 401 - COMPLETED
[18:02:50] REQUEST COMPLETED -> remaining active_jobs=148
[18:02:50] WAITING for remaining requests to finish (active_jobs=148)
[18:02:50] REQUEST: 192 - COMPLETED
[18:02:50] REQUEST COMPLETED -> remaining active_jobs=147
[18:02:50] WAITING for remaining requests to finish (active_jobs=147)
[18:02:50] REQUEST: 437 - COMPLETED
[18:02:50] REQUEST COMPLETED -> remaining active_jobs=146
[18:02:50] WAITING for remaining requests to finish (active_jobs=146)
[18:02:50] REQUEST: 353 - COMPLETED
[18:02:50] REQUEST COMPLETED -> remaining active_jobs=145
[18:02:50] WAITING for remaining requests to finish (active_jobs=145)
[18:02:50] REQUEST: 327 - COMPLETED
[18:02:50] REQUEST COMPLETED -> remaining active_jobs=144
[18:02:50] WAITING for remaining requests to finish (active_jobs=144)
[18:02:50] REQUEST: 362 - COMPLETED
[18:02:50] REQUEST COMPLETED -> remaining active_jobs=143
[18:02:50] WAITING for remaining requests to finish (active_jobs=143)
[18:02:50] REQUEST: 160 - COMPLETED
[18:02:50] REQUEST COMPLETED -> remaining active_jobs=142
[18:02:50] WAITING for remaining requests to finish (active_jobs=142)
[18:02:50] REQUEST: 397 - COMPLETED
[18:02:50] REQUEST COMPLETED -> remaining active_jobs=141
[18:02:50] WAITING for remaining requests to finish (active_jobs=141)
[18:02:50] REQUEST: 366 - COMPLETED
[18:02:50] REQUEST COMPLETED -> remaining active_jobs=140
[18:02:50] WAITING for remaining requests to finish (active_jobs=140)
[18:02:50] REQUEST: 482 - COMPLETED
[18:02:50] REQUEST COMPLETED -> remaining active_jobs=139
[18:02:50] WAITING for remaining requests to finish (active_jobs=139)
[18:02:50] REQUEST: 298 - COMPLETED
[18:02:50] REQUEST COMPLETED -> remaining active_jobs=138
[18:02:50] WAITING for remaining requests to finish (active_jobs=138)
[18:02:50] REQUEST: 480 - COMPLETED
[18:02:50] REQUEST COMPLETED -> remaining active_jobs=137
[18:02:50] WAITING for remaining requests to finish (active_jobs=137)
[18:02:50] REQUEST: 224 - COMPLETED
[18:02:50] REQUEST COMPLETED -> remaining active_jobs=136
[18:02:50] WAITING for remaining requests to finish (active_jobs=136)
[18:02:51] REQUEST: 451 - COMPLETED
[18:02:51] REQUEST COMPLETED -> remaining active_jobs=135
[18:02:51] WAITING for remaining requests to finish (active_jobs=135)
[18:02:51] REQUEST: 195 - COMPLETED
[18:02:51] REQUEST COMPLETED -> remaining active_jobs=134
[18:02:51] WAITING for remaining requests to finish (active_jobs=134)
[18:02:51] REQUEST: 176 - COMPLETED
[18:02:51] REQUEST COMPLETED -> remaining active_jobs=133
[18:02:51] WAITING for remaining requests to finish (active_jobs=133)
[18:02:51] REQUEST: 122 - COMPLETED
[18:02:51] REQUEST COMPLETED -> remaining active_jobs=132
[18:02:51] WAITING for remaining requests to finish (active_jobs=132)
[18:02:51] REQUEST: 488 - COMPLETED
[18:02:51] REQUEST COMPLETED -> remaining active_jobs=131
[18:02:51] WAITING for remaining requests to finish (active_jobs=131)
[18:02:51] REQUEST: 165 - COMPLETED
[18:02:51] REQUEST COMPLETED -> remaining active_jobs=130
[18:02:51] WAITING for remaining requests to finish (active_jobs=130)
[18:02:51] REQUEST: 446 - COMPLETED
[18:02:51] REQUEST COMPLETED -> remaining active_jobs=129
[18:02:51] WAITING for remaining requests to finish (active_jobs=129)
[18:02:51] REQUEST: 471 - COMPLETED
[18:02:51] REQUEST COMPLETED -> remaining active_jobs=128
[18:02:51] WAITING for remaining requests to finish (active_jobs=128)
[18:02:51] REQUEST: 50 - COMPLETED
[18:02:51] REQUEST COMPLETED -> remaining active_jobs=127
[18:02:51] WAITING for remaining requests to finish (active_jobs=127)
[18:02:51] REQUEST: 233 - COMPLETED
[18:02:51] REQUEST COMPLETED -> remaining active_jobs=126
[18:02:51] WAITING for remaining requests to finish (active_jobs=126)
[18:02:51] REQUEST: 180 - COMPLETED
[18:02:51] REQUEST COMPLETED -> remaining active_jobs=125
[18:02:51] WAITING for remaining requests to finish (active_jobs=125)
[18:02:51] REQUEST: 268 - COMPLETED
[18:02:51] REQUEST COMPLETED -> remaining active_jobs=124
[18:02:51] WAITING for remaining requests to finish (active_jobs=124)
[18:02:51] REQUEST: 39 - COMPLETED
[18:02:51] REQUEST COMPLETED -> remaining active_jobs=123
[18:02:51] WAITING for remaining requests to finish (active_jobs=123)
[18:02:52] REQUEST: 333 - COMPLETED
[18:02:52] REQUEST COMPLETED -> remaining active_jobs=122
[18:02:52] WAITING for remaining requests to finish (active_jobs=122)
[18:02:52] REQUEST: 305 - COMPLETED
[18:02:52] REQUEST COMPLETED -> remaining active_jobs=121
[18:02:52] WAITING for remaining requests to finish (active_jobs=121)
[18:02:52] REQUEST: 169 - COMPLETED
[18:02:52] REQUEST COMPLETED -> remaining active_jobs=120
[18:02:52] WAITING for remaining requests to finish (active_jobs=120)
[18:02:52] REQUEST: 137 - COMPLETED
[18:02:52] REQUEST COMPLETED -> remaining active_jobs=119
[18:02:52] WAITING for remaining requests to finish (active_jobs=119)
[18:02:52] REQUEST: 211 - COMPLETED
[18:02:52] REQUEST COMPLETED -> remaining active_jobs=118
[18:02:52] WAITING for remaining requests to finish (active_jobs=118)
[18:02:52] REQUEST: 404 - COMPLETED
[18:02:52] REQUEST COMPLETED -> remaining active_jobs=117
[18:02:52] WAITING for remaining requests to finish (active_jobs=117)
[18:02:52] REQUEST: 381 - COMPLETED
[18:02:52] REQUEST COMPLETED -> remaining active_jobs=116
[18:02:52] WAITING for remaining requests to finish (active_jobs=116)
[18:02:52] REQUEST: 438 - COMPLETED
[18:02:52] REQUEST COMPLETED -> remaining active_jobs=115
[18:02:52] WAITING for remaining requests to finish (active_jobs=115)
[18:02:52] REQUEST: 98 - COMPLETED
[18:02:52] REQUEST COMPLETED -> remaining active_jobs=114
[18:02:52] WAITING for remaining requests to finish (active_jobs=114)
[18:02:52] REQUEST: 255 - COMPLETED
[18:02:52] REQUEST COMPLETED -> remaining active_jobs=113
[18:02:52] WAITING for remaining requests to finish (active_jobs=113)
[18:02:52] REQUEST: 315 - COMPLETED
[18:02:52] REQUEST COMPLETED -> remaining active_jobs=112
[18:02:52] WAITING for remaining requests to finish (active_jobs=112)
[18:02:52] REQUEST: 15 - COMPLETED
[18:02:52] REQUEST COMPLETED -> remaining active_jobs=111
[18:02:52] WAITING for remaining requests to finish (active_jobs=111)
[18:02:53] REQUEST: 431 - COMPLETED
[18:02:53] REQUEST COMPLETED -> remaining active_jobs=110
[18:02:53] WAITING for remaining requests to finish (active_jobs=110)
[18:02:53] REQUEST: 304 - COMPLETED
[18:02:53] REQUEST COMPLETED -> remaining active_jobs=109
[18:02:53] WAITING for remaining requests to finish (active_jobs=109)
[18:02:53] REQUEST: 82 - COMPLETED
[18:02:53] REQUEST COMPLETED -> remaining active_jobs=108
[18:02:53] WAITING for remaining requests to finish (active_jobs=108)
[18:02:53] REQUEST: 411 - COMPLETED
[18:02:53] REQUEST COMPLETED -> remaining active_jobs=107
[18:02:53] WAITING for remaining requests to finish (active_jobs=107)
[18:02:53] REQUEST: 478 - COMPLETED
[18:02:53] REQUEST COMPLETED -> remaining active_jobs=106
[18:02:53] WAITING for remaining requests to finish (active_jobs=106)
[18:02:53] REQUEST: 92 - COMPLETED
[18:02:53] REQUEST COMPLETED -> remaining active_jobs=105
[18:02:53] WAITING for remaining requests to finish (active_jobs=105)
[18:02:53] REQUEST: 349 - COMPLETED
[18:02:53] REQUEST COMPLETED -> remaining active_jobs=104
[18:02:53] WAITING for remaining requests to finish (active_jobs=104)
[18:02:53] REQUEST: 387 - COMPLETED
[18:02:53] REQUEST COMPLETED -> remaining active_jobs=103
[18:02:53] WAITING for remaining requests to finish (active_jobs=103)
[18:02:53] REQUEST: 185 - COMPLETED
[18:02:53] REQUEST COMPLETED -> remaining active_jobs=102
[18:02:53] WAITING for remaining requests to finish (active_jobs=102)
[18:02:53] REQUEST: 252 - COMPLETED
[18:02:53] REQUEST COMPLETED -> remaining active_jobs=101
[18:02:53] WAITING for remaining requests to finish (active_jobs=101)
[18:02:53] REQUEST: 100 - COMPLETED
[18:02:53] REQUEST COMPLETED -> remaining active_jobs=100
[18:02:53] WAITING for remaining requests to finish (active_jobs=100)
[18:02:53] REQUEST: 312 - COMPLETED
[18:02:53] REQUEST COMPLETED -> remaining active_jobs=99
[18:02:53] WAITING for remaining requests to finish (active_jobs=99)
[18:02:53] REQUEST: 85 - COMPLETED
[18:02:53] REQUEST COMPLETED -> remaining active_jobs=98
[18:02:53] WAITING for remaining requests to finish (active_jobs=98)
[18:02:54] REQUEST: 400 - COMPLETED
[18:02:54] REQUEST COMPLETED -> remaining active_jobs=97
[18:02:54] WAITING for remaining requests to finish (active_jobs=97)
[18:02:54] REQUEST: 157 - COMPLETED
[18:02:54] REQUEST COMPLETED -> remaining active_jobs=96
[18:02:54] WAITING for remaining requests to finish (active_jobs=96)
[18:02:54] REQUEST: 242 - COMPLETED
[18:02:54] REQUEST COMPLETED -> remaining active_jobs=95
[18:02:54] WAITING for remaining requests to finish (active_jobs=95)
[18:02:54] REQUEST: 332 - COMPLETED
[18:02:54] REQUEST COMPLETED -> remaining active_jobs=94
[18:02:54] WAITING for remaining requests to finish (active_jobs=94)
[18:02:54] REQUEST: 126 - COMPLETED
[18:02:54] REQUEST COMPLETED -> remaining active_jobs=93
[18:02:54] WAITING for remaining requests to finish (active_jobs=93)
[18:02:54] REQUEST: 452 - COMPLETED
[18:02:54] REQUEST COMPLETED -> remaining active_jobs=92
[18:02:54] WAITING for remaining requests to finish (active_jobs=92)
[18:02:54] REQUEST: 114 - COMPLETED
[18:02:54] REQUEST COMPLETED -> remaining active_jobs=91
[18:02:54] WAITING for remaining requests to finish (active_jobs=91)
[18:02:54] REQUEST: 208 - COMPLETED
[18:02:54] REQUEST COMPLETED -> remaining active_jobs=90
[18:02:54] WAITING for remaining requests to finish (active_jobs=90)
[18:02:54] REQUEST: 361 - COMPLETED
[18:02:54] REQUEST COMPLETED -> remaining active_jobs=89
[18:02:54] WAITING for remaining requests to finish (active_jobs=89)
[18:02:54] REQUEST: 427 - COMPLETED
[18:02:54] REQUEST COMPLETED -> remaining active_jobs=88
[18:02:54] WAITING for remaining requests to finish (active_jobs=88)
[18:02:54] REQUEST: 179 - COMPLETED
[18:02:54] REQUEST COMPLETED -> remaining active_jobs=87
[18:02:54] WAITING for remaining requests to finish (active_jobs=87)
[18:02:54] REQUEST: 475 - COMPLETED
[18:02:54] REQUEST COMPLETED -> remaining active_jobs=86
[18:02:54] WAITING for remaining requests to finish (active_jobs=86)
[18:02:54] REQUEST: 40 - COMPLETED
[18:02:54] REQUEST COMPLETED -> remaining active_jobs=85
[18:02:54] WAITING for remaining requests to finish (active_jobs=85)
[18:02:55] REQUEST: 197 - COMPLETED
[18:02:55] REQUEST COMPLETED -> remaining active_jobs=84
[18:02:55] WAITING for remaining requests to finish (active_jobs=84)
[18:02:55] REQUEST: 183 - COMPLETED
[18:02:55] REQUEST COMPLETED -> remaining active_jobs=83
[18:02:55] WAITING for remaining requests to finish (active_jobs=83)
[18:02:55] REQUEST: 105 - COMPLETED
[18:02:55] REQUEST COMPLETED -> remaining active_jobs=82
[18:02:55] WAITING for remaining requests to finish (active_jobs=82)
[18:02:55] REQUEST: 26 - COMPLETED
[18:02:55] REQUEST COMPLETED -> remaining active_jobs=81
[18:02:55] WAITING for remaining requests to finish (active_jobs=81)
[18:02:55] REQUEST: 483 - COMPLETED
[18:02:55] REQUEST COMPLETED -> remaining active_jobs=80
[18:02:55] WAITING for remaining requests to finish (active_jobs=80)
[18:02:55] REQUEST: 407 - COMPLETED
[18:02:55] REQUEST COMPLETED -> remaining active_jobs=79
[18:02:55] WAITING for remaining requests to finish (active_jobs=79)
[18:02:55] REQUEST: 79 - COMPLETED
[18:02:55] REQUEST COMPLETED -> remaining active_jobs=78
[18:02:55] WAITING for remaining requests to finish (active_jobs=78)
[18:02:55] REQUEST: 354 - COMPLETED
[18:02:55] REQUEST COMPLETED -> remaining active_jobs=77
[18:02:55] WAITING for remaining requests to finish (active_jobs=77)
[18:02:55] REQUEST: 364 - COMPLETED
[18:02:55] REQUEST COMPLETED -> remaining active_jobs=76
[18:02:55] WAITING for remaining requests to finish (active_jobs=76)
[18:02:55] REQUEST: 365 - COMPLETED
[18:02:55] REQUEST COMPLETED -> remaining active_jobs=75
[18:02:55] WAITING for remaining requests to finish (active_jobs=75)
[18:02:55] REQUEST: 138 - COMPLETED
[18:02:55] REQUEST COMPLETED -> remaining active_jobs=74
[18:02:55] WAITING for remaining requests to finish (active_jobs=74)
[18:02:55] REQUEST: 426 - COMPLETED
[18:02:55] REQUEST COMPLETED -> remaining active_jobs=73
[18:02:55] WAITING for remaining requests to finish (active_jobs=73)
[18:02:55] REQUEST: 103 - COMPLETED
[18:02:55] REQUEST COMPLETED -> remaining active_jobs=72
[18:02:55] WAITING for remaining requests to finish (active_jobs=72)
[18:02:55] REQUEST: 124 - COMPLETED
[18:02:55] REQUEST COMPLETED -> remaining active_jobs=71
[18:02:55] WAITING for remaining requests to finish (active_jobs=71)
[18:02:56] REQUEST: 324 - COMPLETED
[18:02:56] REQUEST COMPLETED -> remaining active_jobs=70
[18:02:56] WAITING for remaining requests to finish (active_jobs=70)
[18:02:56] REQUEST: 420 - COMPLETED
[18:02:56] REQUEST COMPLETED -> remaining active_jobs=69
[18:02:56] WAITING for remaining requests to finish (active_jobs=69)
[18:02:56] REQUEST: 329 - COMPLETED
[18:02:56] REQUEST COMPLETED -> remaining active_jobs=68
[18:02:56] WAITING for remaining requests to finish (active_jobs=68)
[18:02:56] REQUEST: 468 - COMPLETED
[18:02:56] REQUEST COMPLETED -> remaining active_jobs=67
[18:02:56] WAITING for remaining requests to finish (active_jobs=67)
[18:02:56] REQUEST: 350 - COMPLETED
[18:02:56] REQUEST COMPLETED -> remaining active_jobs=66
[18:02:56] WAITING for remaining requests to finish (active_jobs=66)
[18:02:56] REQUEST: 81 - COMPLETED
[18:02:56] REQUEST COMPLETED -> remaining active_jobs=65
[18:02:56] WAITING for remaining requests to finish (active_jobs=65)
[18:02:56] REQUEST: 345 - COMPLETED
[18:02:56] REQUEST COMPLETED -> remaining active_jobs=64
[18:02:56] WAITING for remaining requests to finish (active_jobs=64)
[18:02:56] REQUEST: 267 - COMPLETED
[18:02:56] REQUEST COMPLETED -> remaining active_jobs=63
[18:02:56] WAITING for remaining requests to finish (active_jobs=63)
[18:02:56] REQUEST: 162 - COMPLETED
[18:02:56] REQUEST COMPLETED -> remaining active_jobs=62
[18:02:56] WAITING for remaining requests to finish (active_jobs=62)
[18:02:56] REQUEST: 380 - COMPLETED
[18:02:56] REQUEST COMPLETED -> remaining active_jobs=61
[18:02:56] WAITING for remaining requests to finish (active_jobs=61)
[18:02:56] REQUEST: 84 - COMPLETED
[18:02:56] REQUEST COMPLETED -> remaining active_jobs=60
[18:02:56] WAITING for remaining requests to finish (active_jobs=60)
[18:02:56] REQUEST: 134 - COMPLETED
[18:02:56] REQUEST COMPLETED -> remaining active_jobs=59
[18:02:56] WAITING for remaining requests to finish (active_jobs=59)
[18:02:56] REQUEST: 270 - COMPLETED
[18:02:56] REQUEST COMPLETED -> remaining active_jobs=58
[18:02:56] WAITING for remaining requests to finish (active_jobs=58)
[18:02:56] REQUEST: 287 - COMPLETED
[18:02:56] REQUEST COMPLETED -> remaining active_jobs=57
[18:02:56] WAITING for remaining requests to finish (active_jobs=57)
[18:02:56] REQUEST: 216 - COMPLETED
[18:02:56] REQUEST COMPLETED -> remaining active_jobs=56
[18:02:56] WAITING for remaining requests to finish (active_jobs=56)
[18:02:56] REQUEST: 393 - COMPLETED
[18:02:56] REQUEST COMPLETED -> remaining active_jobs=55
[18:02:56] WAITING for remaining requests to finish (active_jobs=55)
[18:02:56] REQUEST: 310 - COMPLETED
[18:02:56] REQUEST COMPLETED -> remaining active_jobs=54
[18:02:56] WAITING for remaining requests to finish (active_jobs=54)
[18:02:57] REQUEST: 127 - COMPLETED
[18:02:57] REQUEST COMPLETED -> remaining active_jobs=53
[18:02:57] WAITING for remaining requests to finish (active_jobs=53)
[18:02:57] REQUEST: 351 - COMPLETED
[18:02:57] REQUEST COMPLETED -> remaining active_jobs=52
[18:02:57] WAITING for remaining requests to finish (active_jobs=52)
[18:02:57] REQUEST: 455 - COMPLETED
[18:02:57] REQUEST COMPLETED -> remaining active_jobs=51
[18:02:57] WAITING for remaining requests to finish (active_jobs=51)
[18:02:57] REQUEST: 403 - COMPLETED
[18:02:57] REQUEST COMPLETED -> remaining active_jobs=50
[18:02:57] WAITING for remaining requests to finish (active_jobs=50)
[18:02:57] REQUEST: 394 - COMPLETED
[18:02:57] REQUEST COMPLETED -> remaining active_jobs=49
[18:02:57] WAITING for remaining requests to finish (active_jobs=49)
[18:02:57] REQUEST: 492 - COMPLETED
[18:02:57] REQUEST COMPLETED -> remaining active_jobs=48
[18:02:57] WAITING for remaining requests to finish (active_jobs=48)
[18:02:57] REQUEST: 435 - COMPLETED
[18:02:57] REQUEST COMPLETED -> remaining active_jobs=47
[18:02:57] WAITING for remaining requests to finish (active_jobs=47)
[18:02:57] REQUEST: 433 - COMPLETED
[18:02:57] REQUEST COMPLETED -> remaining active_jobs=46
[18:02:57] WAITING for remaining requests to finish (active_jobs=46)
[18:02:57] REQUEST: 466 - COMPLETED
[18:02:57] REQUEST COMPLETED -> remaining active_jobs=45
[18:02:57] WAITING for remaining requests to finish (active_jobs=45)
[18:02:57] REQUEST: 158 - COMPLETED
[18:02:57] REQUEST COMPLETED -> remaining active_jobs=44
[18:02:57] WAITING for remaining requests to finish (active_jobs=44)
[18:02:57] REQUEST: 347 - COMPLETED
[18:02:57] REQUEST COMPLETED -> remaining active_jobs=43
[18:02:57] WAITING for remaining requests to finish (active_jobs=43)
[18:02:57] REQUEST: 494 - COMPLETED
[18:02:57] REQUEST COMPLETED -> remaining active_jobs=42
[18:02:57] WAITING for remaining requests to finish (active_jobs=42)
[18:02:57] REQUEST: 116 - COMPLETED
[18:02:57] REQUEST COMPLETED -> remaining active_jobs=41
[18:02:57] WAITING for remaining requests to finish (active_jobs=41)
[18:02:57] REQUEST: 484 - COMPLETED
[18:02:57] REQUEST COMPLETED -> remaining active_jobs=40
[18:02:57] WAITING for remaining requests to finish (active_jobs=40)
[18:02:57] REQUEST: 269 - COMPLETED
[18:02:57] REQUEST COMPLETED -> remaining active_jobs=39
[18:02:57] WAITING for remaining requests to finish (active_jobs=39)
[18:02:57] REQUEST: 485 - COMPLETED
[18:02:57] REQUEST COMPLETED -> remaining active_jobs=38
[18:02:57] WAITING for remaining requests to finish (active_jobs=38)
[18:02:57] REQUEST: 439 - COMPLETED
[18:02:57] REQUEST COMPLETED -> remaining active_jobs=37
[18:02:57] WAITING for remaining requests to finish (active_jobs=37)
[18:02:57] REQUEST: 424 - COMPLETED
[18:02:57] REQUEST COMPLETED -> remaining active_jobs=36
[18:02:57] WAITING for remaining requests to finish (active_jobs=36)
[18:02:58] REQUEST: 86 - COMPLETED
[18:02:58] REQUEST COMPLETED -> remaining active_jobs=35
[18:02:58] WAITING for remaining requests to finish (active_jobs=35)
[18:02:58] REQUEST: 218 - COMPLETED
[18:02:58] REQUEST COMPLETED -> remaining active_jobs=34
[18:02:58] WAITING for remaining requests to finish (active_jobs=34)
[18:02:58] REQUEST: 373 - COMPLETED
[18:02:58] REQUEST COMPLETED -> remaining active_jobs=33
[18:02:58] WAITING for remaining requests to finish (active_jobs=33)
[18:02:58] REQUEST: 464 - COMPLETED
[18:02:58] REQUEST COMPLETED -> remaining active_jobs=32
[18:02:58] WAITING for remaining requests to finish (active_jobs=32)
[18:02:58] REQUEST: 434 - COMPLETED
[18:02:58] REQUEST COMPLETED -> remaining active_jobs=31
[18:02:58] WAITING for remaining requests to finish (active_jobs=31)
[18:02:58] REQUEST: 339 - COMPLETED
[18:02:58] REQUEST COMPLETED -> remaining active_jobs=30
[18:02:58] WAITING for remaining requests to finish (active_jobs=30)
[18:02:58] REQUEST: 236 - COMPLETED
[18:02:58] REQUEST COMPLETED -> remaining active_jobs=29
[18:02:58] WAITING for remaining requests to finish (active_jobs=29)
[18:02:58] REQUEST: 472 - COMPLETED
[18:02:58] REQUEST COMPLETED -> remaining active_jobs=28
[18:02:58] WAITING for remaining requests to finish (active_jobs=28)
[18:02:58] REQUEST: 469 - COMPLETED
[18:02:58] REQUEST COMPLETED -> remaining active_jobs=27
[18:02:58] WAITING for remaining requests to finish (active_jobs=27)
[18:02:58] REQUEST: 408 - COMPLETED
[18:02:58] REQUEST COMPLETED -> remaining active_jobs=26
[18:02:58] WAITING for remaining requests to finish (active_jobs=26)
[18:02:58] REQUEST: 477 - COMPLETED
[18:02:58] REQUEST COMPLETED -> remaining active_jobs=25
[18:02:58] WAITING for remaining requests to finish (active_jobs=25)
[18:02:58] REQUEST: 487 - COMPLETED
[18:02:58] REQUEST COMPLETED -> remaining active_jobs=24
[18:02:58] WAITING for remaining requests to finish (active_jobs=24)
[18:02:58] REQUEST: 289 - COMPLETED
[18:02:58] REQUEST COMPLETED -> remaining active_jobs=23
[18:02:58] WAITING for remaining requests to finish (active_jobs=23)
[18:02:58] REQUEST: 423 - COMPLETED
[18:02:58] REQUEST COMPLETED -> remaining active_jobs=22
[18:02:58] WAITING for remaining requests to finish (active_jobs=22)
[18:02:58] REQUEST: 229 - COMPLETED
[18:02:58] REQUEST COMPLETED -> remaining active_jobs=21
[18:02:58] WAITING for remaining requests to finish (active_jobs=21)
[18:02:58] REQUEST: 336 - COMPLETED
[18:02:58] REQUEST COMPLETED -> remaining active_jobs=20
[18:02:58] WAITING for remaining requests to finish (active_jobs=20)
[18:02:58] REQUEST: 240 - COMPLETED
[18:02:58] REQUEST COMPLETED -> remaining active_jobs=19
[18:02:58] WAITING for remaining requests to finish (active_jobs=19)
[18:02:59] REQUEST: 325 - COMPLETED
[18:02:59] REQUEST COMPLETED -> remaining active_jobs=18
[18:02:59] WAITING for remaining requests to finish (active_jobs=18)
[18:02:59] REQUEST: 307 - COMPLETED
[18:02:59] REQUEST COMPLETED -> remaining active_jobs=17
[18:02:59] WAITING for remaining requests to finish (active_jobs=17)
[18:02:59] REQUEST: 288 - COMPLETED
[18:02:59] REQUEST COMPLETED -> remaining active_jobs=16
[18:02:59] WAITING for remaining requests to finish (active_jobs=16)
[18:02:59] REQUEST: 74 - COMPLETED
[18:02:59] REQUEST COMPLETED -> remaining active_jobs=15
[18:02:59] WAITING for remaining requests to finish (active_jobs=15)
[18:02:59] REQUEST: 425 - COMPLETED
[18:02:59] REQUEST COMPLETED -> remaining active_jobs=14
[18:02:59] WAITING for remaining requests to finish (active_jobs=14)
[18:02:59] REQUEST: 375 - COMPLETED
[18:02:59] REQUEST COMPLETED -> remaining active_jobs=13
[18:02:59] WAITING for remaining requests to finish (active_jobs=13)
[18:02:59] REQUEST: 177 - COMPLETED
[18:02:59] REQUEST COMPLETED -> remaining active_jobs=12
[18:02:59] WAITING for remaining requests to finish (active_jobs=12)
[18:02:59] REQUEST: 204 - COMPLETED
[18:02:59] REQUEST COMPLETED -> remaining active_jobs=11
[18:02:59] WAITING for remaining requests to finish (active_jobs=11)
[18:02:59] REQUEST: 340 - COMPLETED
[18:02:59] REQUEST COMPLETED -> remaining active_jobs=10
[18:02:59] WAITING for remaining requests to finish (active_jobs=10)
[18:02:59] REQUEST: 441 - COMPLETED
[18:02:59] REQUEST COMPLETED -> remaining active_jobs=9
[18:02:59] WAITING for remaining requests to finish (active_jobs=9)
[18:02:59] REQUEST: 376 - COMPLETED
[18:02:59] REQUEST COMPLETED -> remaining active_jobs=8
[18:02:59] WAITING for remaining requests to finish (active_jobs=8)
[18:02:59] REQUEST: 206 - COMPLETED
[18:02:59] REQUEST COMPLETED -> remaining active_jobs=7
[18:02:59] WAITING for remaining requests to finish (active_jobs=7)
[18:02:59] REQUEST: 292 - COMPLETED
[18:02:59] REQUEST COMPLETED -> remaining active_jobs=6
[18:02:59] WAITING for remaining requests to finish (active_jobs=6)
[18:03:00] REQUEST: 486 - COMPLETED
[18:03:00] REQUEST COMPLETED -> remaining active_jobs=5
[18:03:00] WAITING for remaining requests to finish (active_jobs=5)
[18:03:00] REQUEST: 248 - COMPLETED
[18:03:00] REQUEST COMPLETED -> remaining active_jobs=4
[18:03:00] WAITING for remaining requests to finish (active_jobs=4)
[18:03:00] REQUEST: 286 - COMPLETED
[18:03:00] REQUEST COMPLETED -> remaining active_jobs=3
[18:03:00] WAITING for remaining requests to finish (active_jobs=3)
[18:03:00] REQUEST: 276 - COMPLETED
[18:03:00] REQUEST COMPLETED -> remaining active_jobs=2
[18:03:00] WAITING for remaining requests to finish (active_jobs=2)
[18:03:00] REQUEST: 291 - COMPLETED
[18:03:00] REQUEST COMPLETED -> remaining active_jobs=1
[18:03:00] WAITING for remaining requests to finish (active_jobs=1)
[18:03:00] REQUEST: 265 - COMPLETED
[18:03:00] REQUEST COMPLETED -> remaining active_jobs=0
[18:03:00] Load test completed
[18:03:00] Running results evaluation


--- PER-REQUEST STATS ---
Request 01 | res_time: 18:02:22.36 | latency:   5.67 s | tokens: 25 | gen_time: 0.079 s | tok/s: 314.89
Request 02 | res_time: 18:02:22.46 | latency:   5.76 s | tokens: 25 | gen_time: 0.070 s | tok/s: 357.71
Request 03 | res_time: 18:02:22.55 | latency:   5.88 s | tokens: 25 | gen_time: 0.061 s | tok/s: 412.80
Request 04 | res_time: 18:02:22.64 | latency:   5.77 s | tokens: 25 | gen_time: 0.061 s | tok/s: 409.60
Request 05 | res_time: 18:02:22.73 | latency:   5.76 s | tokens: 25 | gen_time: 0.063 s | tok/s: 394.00
Request 06 | res_time: 18:02:22.83 | latency:   6.14 s | tokens: 25 | gen_time: 0.063 s | tok/s: 398.05
Request 07 | res_time: 18:02:22.92 | latency:   6.05 s | tokens: 25 | gen_time: 0.061 s | tok/s: 408.07
Request 08 | res_time: 18:02:23.01 | latency:   6.24 s | tokens: 25 | gen_time: 0.068 s | tok/s: 368.44
Request 09 | res_time: 18:02:23.09 | latency:   6.38 s | tokens: 25 | gen_time: 0.062 s | tok/s: 401.20
Request 10 | res_time: 18:02:23.18 | latency:   6.50 s | tokens: 25 | gen_time: 0.064 s | tok/s: 389.46
Request 11 | res_time: 18:02:23.28 | latency:   6.39 s | tokens: 25 | gen_time: 0.069 s | tok/s: 361.70
Request 12 | res_time: 18:02:23.45 | latency:   6.68 s | tokens: 25 | gen_time: 0.151 s | tok/s: 165.31
Request 13 | res_time: 18:02:23.46 | latency:   6.78 s | tokens: 25 | gen_time: 0.167 s | tok/s: 149.52
Request 14 | res_time: 18:02:23.59 | latency:   6.91 s | tokens: 25 | gen_time: 0.215 s | tok/s: 116.31
Request 15 | res_time: 18:02:23.69 | latency:   6.74 s | tokens: 25 | gen_time: 0.208 s | tok/s: 120.35
Request 16 | res_time: 18:02:23.69 | latency:   6.95 s | tokens: 25 | gen_time: 0.206 s | tok/s: 121.26
Request 17 | res_time: 18:02:23.82 | latency:   6.75 s | tokens: 25 | gen_time: 0.207 s | tok/s: 120.64
Request 18 | res_time: 18:02:23.92 | latency:   6.75 s | tokens: 25 | gen_time: 0.207 s | tok/s: 120.77
Request 19 | res_time: 18:02:23.93 | latency:   7.25 s | tokens: 25 | gen_time: 0.207 s | tok/s: 121.05
Request 20 | res_time: 18:02:24.05 | latency:   7.24 s | tokens: 25 | gen_time: 0.207 s | tok/s: 120.90
Request 21 | res_time: 18:02:24.15 | latency:   7.42 s | tokens: 25 | gen_time: 0.207 s | tok/s: 120.68
Request 22 | res_time: 18:02:24.16 | latency:   7.44 s | tokens: 25 | gen_time: 0.206 s | tok/s: 121.27
Request 23 | res_time: 18:02:24.29 | latency:   7.45 s | tokens: 25 | gen_time: 0.207 s | tok/s: 120.96
Request 24 | res_time: 18:02:24.39 | latency:   7.63 s | tokens: 25 | gen_time: 0.207 s | tok/s: 120.49
Request 25 | res_time: 18:02:24.39 | latency:   7.64 s | tokens: 25 | gen_time: 0.206 s | tok/s: 121.41
Request 26 | res_time: 18:02:24.52 | latency:   7.74 s | tokens: 25 | gen_time: 0.206 s | tok/s: 121.12
Request 27 | res_time: 18:02:24.62 | latency:   7.05 s | tokens: 25 | gen_time: 0.208 s | tok/s: 120.41
Request 28 | res_time: 18:02:24.63 | latency:   7.94 s | tokens: 25 | gen_time: 0.208 s | tok/s: 120.45
Request 29 | res_time: 18:02:24.75 | latency:   8.07 s | tokens: 25 | gen_time: 0.207 s | tok/s: 120.61
Request 30 | res_time: 18:02:24.85 | latency:   8.00 s | tokens: 25 | gen_time: 0.208 s | tok/s: 120.29
Request 31 | res_time: 18:02:24.86 | latency:   7.60 s | tokens: 25 | gen_time: 0.207 s | tok/s: 120.55
Request 32 | res_time: 18:02:24.99 | latency:   7.37 s | tokens: 25 | gen_time: 0.208 s | tok/s: 120.22
Request 33 | res_time: 18:02:25.09 | latency:   7.77 s | tokens: 25 | gen_time: 0.207 s | tok/s: 120.65
Request 34 | res_time: 18:02:25.09 | latency:   8.17 s | tokens: 25 | gen_time: 0.207 s | tok/s: 121.04
Request 35 | res_time: 18:02:25.22 | latency:   7.66 s | tokens: 25 | gen_time: 0.207 s | tok/s: 120.59
Request 36 | res_time: 18:02:25.32 | latency:   8.04 s | tokens: 25 | gen_time: 0.208 s | tok/s: 120.43
Request 37 | res_time: 18:02:25.33 | latency:   7.68 s | tokens: 25 | gen_time: 0.207 s | tok/s: 120.74
Request 38 | res_time: 18:02:25.46 | latency:   8.65 s | tokens: 25 | gen_time: 0.208 s | tok/s: 120.25
Request 39 | res_time: 18:02:25.56 | latency:   8.77 s | tokens: 25 | gen_time: 0.208 s | tok/s: 120.37
Request 40 | res_time: 18:02:25.56 | latency:   8.89 s | tokens: 25 | gen_time: 0.207 s | tok/s: 120.88
Request 41 | res_time: 18:02:25.69 | latency:   8.92 s | tokens: 25 | gen_time: 0.207 s | tok/s: 120.80
Request 42 | res_time: 18:02:25.79 | latency:   8.99 s | tokens: 25 | gen_time: 0.205 s | tok/s: 121.66
Request 43 | res_time: 18:02:25.80 | latency:   9.10 s | tokens: 25 | gen_time: 0.206 s | tok/s: 121.38
Request 44 | res_time: 18:02:25.90 | latency:   8.79 s | tokens: 25 | gen_time: 0.180 s | tok/s: 138.90
Request 45 | res_time: 18:02:26.01 | latency:   8.59 s | tokens: 25 | gen_time: 0.183 s | tok/s: 136.30
Request 46 | res_time: 18:02:26.05 | latency:   9.26 s | tokens: 25 | gen_time: 0.205 s | tok/s: 122.09
Request 47 | res_time: 18:02:26.13 | latency:   8.55 s | tokens: 25 | gen_time: 0.207 s | tok/s: 121.05
Request 48 | res_time: 18:02:26.24 | latency:   8.67 s | tokens: 25 | gen_time: 0.207 s | tok/s: 120.59
Request 49 | res_time: 18:02:26.28 | latency:   9.58 s | tokens: 25 | gen_time: 0.206 s | tok/s: 121.40
Request 50 | res_time: 18:02:26.37 | latency:   9.46 s | tokens: 25 | gen_time: 0.207 s | tok/s: 120.61
Request 51 | res_time: 18:02:26.47 | latency:   9.63 s | tokens: 25 | gen_time: 0.207 s | tok/s: 120.89
Request 52 | res_time: 18:02:26.51 | latency:   9.48 s | tokens: 25 | gen_time: 0.207 s | tok/s: 120.55
Request 53 | res_time: 18:02:26.60 | latency:   9.75 s | tokens: 25 | gen_time: 0.207 s | tok/s: 120.53
Request 54 | res_time: 18:02:26.71 | latency:   9.83 s | tokens: 25 | gen_time: 0.206 s | tok/s: 121.09
Request 55 | res_time: 18:02:26.75 | latency:   9.79 s | tokens: 25 | gen_time: 0.208 s | tok/s: 120.37
Request 56 | res_time: 18:02:26.84 | latency:   9.53 s | tokens: 25 | gen_time: 0.208 s | tok/s: 120.31
Request 57 | res_time: 18:02:26.94 | latency:  10.11 s | tokens: 25 | gen_time: 0.206 s | tok/s: 121.11
Request 58 | res_time: 18:02:26.98 | latency:  10.13 s | tokens: 25 | gen_time: 0.207 s | tok/s: 120.57
Request 59 | res_time: 18:02:27.07 | latency:   9.85 s | tokens: 25 | gen_time: 0.207 s | tok/s: 120.60
Request 60 | res_time: 18:02:27.17 | latency:   9.86 s | tokens: 25 | gen_time: 0.208 s | tok/s: 120.17
Request 61 | res_time: 18:02:27.22 | latency:   9.04 s | tokens: 25 | gen_time: 0.208 s | tok/s: 120.16
Request 62 | res_time: 18:02:27.30 | latency:   9.64 s | tokens: 25 | gen_time: 0.208 s | tok/s: 120.01
Request 63 | res_time: 18:02:27.41 | latency:   9.69 s | tokens: 25 | gen_time: 0.207 s | tok/s: 120.72
Request 64 | res_time: 18:02:27.45 | latency:  10.58 s | tokens: 25 | gen_time: 0.208 s | tok/s: 120.16
Request 65 | res_time: 18:02:27.54 | latency:  10.71 s | tokens: 25 | gen_time: 0.207 s | tok/s: 120.86
Request 66 | res_time: 18:02:27.64 | latency:  10.09 s | tokens: 25 | gen_time: 0.207 s | tok/s: 120.98
Request 67 | res_time: 18:02:27.68 | latency:   9.47 s | tokens: 25 | gen_time: 0.208 s | tok/s: 120.36
Request 68 | res_time: 18:02:27.77 | latency:  10.58 s | tokens: 25 | gen_time: 0.206 s | tok/s: 121.14
Request 69 | res_time: 18:02:27.88 | latency:  10.85 s | tokens: 25 | gen_time: 0.207 s | tok/s: 121.03
Request 70 | res_time: 18:02:27.92 | latency:  10.26 s | tokens: 25 | gen_time: 0.207 s | tok/s: 120.80
Request 71 | res_time: 18:02:28.00 | latency:  11.27 s | tokens: 25 | gen_time: 0.207 s | tok/s: 120.93
Request 72 | res_time: 18:02:28.11 | latency:  10.60 s | tokens: 25 | gen_time: 0.207 s | tok/s: 121.00
Request 73 | res_time: 18:02:28.15 | latency:  10.46 s | tokens: 25 | gen_time: 0.207 s | tok/s: 120.52
Request 74 | res_time: 18:02:28.24 | latency:  10.80 s | tokens: 25 | gen_time: 0.207 s | tok/s: 120.69
Request 75 | res_time: 18:02:28.34 | latency:  11.46 s | tokens: 25 | gen_time: 0.208 s | tok/s: 120.25
Request 76 | res_time: 18:02:28.38 | latency:  10.88 s | tokens: 25 | gen_time: 0.207 s | tok/s: 120.51
Request 77 | res_time: 18:02:28.47 | latency:  11.75 s | tokens: 25 | gen_time: 0.207 s | tok/s: 120.75
Request 78 | res_time: 18:02:28.58 | latency:  11.44 s | tokens: 25 | gen_time: 0.206 s | tok/s: 121.13
Request 79 | res_time: 18:02:28.62 | latency:  11.01 s | tokens: 25 | gen_time: 0.207 s | tok/s: 120.71
Request 80 | res_time: 18:02:28.71 | latency:   9.98 s | tokens: 25 | gen_time: 0.207 s | tok/s: 120.75
Request 81 | res_time: 18:02:28.81 | latency:  11.86 s | tokens: 25 | gen_time: 0.208 s | tok/s: 120.13
Request 82 | res_time: 18:02:28.85 | latency:  11.22 s | tokens: 25 | gen_time: 0.208 s | tok/s: 120.28
Request 83 | res_time: 18:02:28.94 | latency:  11.91 s | tokens: 25 | gen_time: 0.208 s | tok/s: 120.41
Request 84 | res_time: 18:02:29.05 | latency:  10.86 s | tokens: 25 | gen_time: 0.208 s | tok/s: 120.20
Request 85 | res_time: 18:02:29.09 | latency:  10.47 s | tokens: 25 | gen_time: 0.208 s | tok/s: 120.40
Request 86 | res_time: 18:02:29.17 | latency:  11.82 s | tokens: 25 | gen_time: 0.207 s | tok/s: 120.62
Request 87 | res_time: 18:02:29.28 | latency:  11.34 s | tokens: 25 | gen_time: 0.206 s | tok/s: 121.21
Request 88 | res_time: 18:02:29.32 | latency:  11.71 s | tokens: 25 | gen_time: 0.207 s | tok/s: 121.06
Request 89 | res_time: 18:02:29.41 | latency:  12.02 s | tokens: 25 | gen_time: 0.205 s | tok/s: 121.68
Request 90 | res_time: 18:02:29.51 | latency:  12.02 s | tokens: 25 | gen_time: 0.207 s | tok/s: 120.85
Request 91 | res_time: 18:02:29.55 | latency:  12.38 s | tokens: 25 | gen_time: 0.207 s | tok/s: 120.75
Request 92 | res_time: 18:02:29.64 | latency:  12.57 s | tokens: 25 | gen_time: 0.207 s | tok/s: 120.69
Request 93 | res_time: 18:02:29.75 | latency:  12.56 s | tokens: 25 | gen_time: 0.207 s | tok/s: 121.06
Request 94 | res_time: 18:02:29.79 | latency:  11.53 s | tokens: 25 | gen_time: 0.207 s | tok/s: 120.87
Request 95 | res_time: 18:02:29.87 | latency:  12.56 s | tokens: 25 | gen_time: 0.208 s | tok/s: 120.27
Request 96 | res_time: 18:02:29.98 | latency:  12.96 s | tokens: 25 | gen_time: 0.206 s | tok/s: 121.32
Request 97 | res_time: 18:02:30.02 | latency:  12.41 s | tokens: 25 | gen_time: 0.206 s | tok/s: 121.51
Request 98 | res_time: 18:02:30.11 | latency:  12.88 s | tokens: 25 | gen_time: 0.206 s | tok/s: 121.40
Request 99 | res_time: 18:02:30.21 | latency:  13.25 s | tokens: 25 | gen_time: 0.206 s | tok/s: 121.14
Request 100 | res_time: 18:02:30.25 | latency:  13.56 s | tokens: 25 | gen_time: 0.206 s | tok/s: 121.31
Request 101 | res_time: 18:02:30.34 | latency:  13.33 s | tokens: 25 | gen_time: 0.205 s | tok/s: 121.71
Request 102 | res_time: 18:02:30.45 | latency:  12.42 s | tokens: 25 | gen_time: 0.205 s | tok/s: 121.81
Request 103 | res_time: 18:02:30.49 | latency:  13.50 s | tokens: 25 | gen_time: 0.205 s | tok/s: 121.97
Request 104 | res_time: 18:02:30.58 | latency:  12.87 s | tokens: 25 | gen_time: 0.206 s | tok/s: 121.32
Request 105 | res_time: 18:02:30.68 | latency:  13.03 s | tokens: 25 | gen_time: 0.205 s | tok/s: 121.89
Request 106 | res_time: 18:02:30.72 | latency:  12.74 s | tokens: 25 | gen_time: 0.206 s | tok/s: 121.47
Request 107 | res_time: 18:02:30.81 | latency:  13.83 s | tokens: 25 | gen_time: 0.204 s | tok/s: 122.63
Request 108 | res_time: 18:02:30.91 | latency:  13.85 s | tokens: 25 | gen_time: 0.207 s | tok/s: 120.67
Request 109 | res_time: 18:02:30.95 | latency:  13.12 s | tokens: 25 | gen_time: 0.206 s | tok/s: 121.62
Request 110 | res_time: 18:02:31.04 | latency:  14.00 s | tokens: 25 | gen_time: 0.204 s | tok/s: 122.26
Request 111 | res_time: 18:02:31.15 | latency:  14.01 s | tokens: 25 | gen_time: 0.206 s | tok/s: 121.64
Request 112 | res_time: 18:02:31.19 | latency:  14.26 s | tokens: 25 | gen_time: 0.206 s | tok/s: 121.22
Request 113 | res_time: 18:02:31.28 | latency:  12.55 s | tokens: 25 | gen_time: 0.206 s | tok/s: 121.61
Request 114 | res_time: 18:02:31.38 | latency:  13.79 s | tokens: 25 | gen_time: 0.206 s | tok/s: 121.10
Request 115 | res_time: 18:02:31.42 | latency:  13.37 s | tokens: 25 | gen_time: 0.206 s | tok/s: 121.61
Request 116 | res_time: 18:02:31.51 | latency:  14.29 s | tokens: 25 | gen_time: 0.204 s | tok/s: 122.39
Request 117 | res_time: 18:02:31.65 | latency:  14.06 s | tokens: 25 | gen_time: 0.202 s | tok/s: 123.93
Request 118 | res_time: 18:02:31.62 | latency:  13.11 s | tokens: 25 | gen_time: 0.209 s | tok/s: 119.50
Request 119 | res_time: 18:02:31.73 | latency:  13.01 s | tokens: 25 | gen_time: 0.199 s | tok/s: 125.46
Request 120 | res_time: 18:02:31.85 | latency:  14.00 s | tokens: 25 | gen_time: 0.207 s | tok/s: 120.99
Request 121 | res_time: 18:02:31.89 | latency:  13.52 s | tokens: 25 | gen_time: 0.205 s | tok/s: 122.13
Request 122 | res_time: 18:02:31.97 | latency:  14.08 s | tokens: 25 | gen_time: 0.207 s | tok/s: 120.85
Request 123 | res_time: 18:02:32.09 | latency:  14.32 s | tokens: 25 | gen_time: 0.205 s | tok/s: 121.91
Request 124 | res_time: 18:02:32.12 | latency:  13.94 s | tokens: 25 | gen_time: 0.204 s | tok/s: 122.34
Request 125 | res_time: 18:02:32.20 | latency:  14.97 s | tokens: 25 | gen_time: 0.206 s | tok/s: 121.18
Request 126 | res_time: 18:02:32.32 | latency:  14.67 s | tokens: 25 | gen_time: 0.206 s | tok/s: 121.17
Request 127 | res_time: 18:02:32.36 | latency:  13.91 s | tokens: 25 | gen_time: 0.205 s | tok/s: 122.23
Request 128 | res_time: 18:02:32.44 | latency:  13.71 s | tokens: 25 | gen_time: 0.206 s | tok/s: 121.48
Request 129 | res_time: 18:02:32.55 | latency:  14.11 s | tokens: 25 | gen_time: 0.207 s | tok/s: 120.98
Request 130 | res_time: 18:02:32.59 | latency:  15.38 s | tokens: 25 | gen_time: 0.206 s | tok/s: 121.52
Request 131 | res_time: 18:02:32.67 | latency:  15.14 s | tokens: 25 | gen_time: 0.206 s | tok/s: 121.42
Request 132 | res_time: 18:02:32.78 | latency:  14.86 s | tokens: 25 | gen_time: 0.202 s | tok/s: 123.93
Request 133 | res_time: 18:02:32.82 | latency:  15.56 s | tokens: 25 | gen_time: 0.208 s | tok/s: 120.37
Request 134 | res_time: 18:02:32.90 | latency:  14.93 s | tokens: 25 | gen_time: 0.205 s | tok/s: 122.17
Request 135 | res_time: 18:02:33.02 | latency:  15.84 s | tokens: 25 | gen_time: 0.209 s | tok/s: 119.54
Request 136 | res_time: 18:02:33.05 | latency:  15.99 s | tokens: 25 | gen_time: 0.203 s | tok/s: 123.14
Request 137 | res_time: 18:02:33.14 | latency:  14.32 s | tokens: 25 | gen_time: 0.207 s | tok/s: 120.85
Request 138 | res_time: 18:02:33.25 | latency:  15.95 s | tokens: 25 | gen_time: 0.208 s | tok/s: 120.41
Request 139 | res_time: 18:02:33.29 | latency:  15.58 s | tokens: 25 | gen_time: 0.208 s | tok/s: 120.45
Request 140 | res_time: 18:02:33.37 | latency:  16.26 s | tokens: 25 | gen_time: 0.207 s | tok/s: 120.91
Request 141 | res_time: 18:02:33.49 | latency:  16.49 s | tokens: 25 | gen_time: 0.206 s | tok/s: 121.32
Request 142 | res_time: 18:02:33.52 | latency:  15.75 s | tokens: 25 | gen_time: 0.208 s | tok/s: 120.46
Request 143 | res_time: 18:02:33.60 | latency:  16.01 s | tokens: 25 | gen_time: 0.207 s | tok/s: 120.86
Request 144 | res_time: 18:02:33.72 | latency:  16.79 s | tokens: 25 | gen_time: 0.207 s | tok/s: 121.02
Request 145 | res_time: 18:02:33.75 | latency:  16.65 s | tokens: 25 | gen_time: 0.207 s | tok/s: 120.55
Request 146 | res_time: 18:02:33.84 | latency:  14.84 s | tokens: 25 | gen_time: 0.206 s | tok/s: 121.34
Request 147 | res_time: 18:02:33.95 | latency:  17.10 s | tokens: 25 | gen_time: 0.208 s | tok/s: 120.35
Request 148 | res_time: 18:02:33.99 | latency:  16.36 s | tokens: 25 | gen_time: 0.207 s | tok/s: 120.61
Request 149 | res_time: 18:02:34.07 | latency:  16.40 s | tokens: 25 | gen_time: 0.207 s | tok/s: 120.71
Request 150 | res_time: 18:02:34.19 | latency:  16.43 s | tokens: 25 | gen_time: 0.208 s | tok/s: 120.18
Request 151 | res_time: 18:02:34.22 | latency:  16.62 s | tokens: 25 | gen_time: 0.208 s | tok/s: 120.41
Request 152 | res_time: 18:02:34.30 | latency:  17.21 s | tokens: 25 | gen_time: 0.207 s | tok/s: 120.67
Request 153 | res_time: 18:02:34.42 | latency:  17.30 s | tokens: 25 | gen_time: 0.208 s | tok/s: 120.27
Request 154 | res_time: 18:02:34.46 | latency:  17.22 s | tokens: 25 | gen_time: 0.207 s | tok/s: 120.70
Request 155 | res_time: 18:02:34.54 | latency:  15.52 s | tokens: 25 | gen_time: 0.207 s | tok/s: 120.83
Request 156 | res_time: 18:02:34.66 | latency:  17.65 s | tokens: 25 | gen_time: 0.208 s | tok/s: 120.35
Request 157 | res_time: 18:02:34.69 | latency:  17.85 s | tokens: 25 | gen_time: 0.207 s | tok/s: 120.68
Request 158 | res_time: 18:02:34.77 | latency:  16.85 s | tokens: 25 | gen_time: 0.207 s | tok/s: 120.79
Request 159 | res_time: 18:02:34.89 | latency:  17.55 s | tokens: 25 | gen_time: 0.207 s | tok/s: 120.74
Request 160 | res_time: 18:02:34.92 | latency:  17.24 s | tokens: 25 | gen_time: 0.206 s | tok/s: 121.09
Request 161 | res_time: 18:02:35.01 | latency:  17.47 s | tokens: 25 | gen_time: 0.207 s | tok/s: 120.84
Request 162 | res_time: 18:02:35.12 | latency:  18.25 s | tokens: 25 | gen_time: 0.207 s | tok/s: 120.71
Request 163 | res_time: 18:02:35.16 | latency:  17.98 s | tokens: 25 | gen_time: 0.207 s | tok/s: 120.71
Request 164 | res_time: 18:02:35.24 | latency:  16.29 s | tokens: 25 | gen_time: 0.208 s | tok/s: 120.44
Request 165 | res_time: 18:02:35.36 | latency:  17.30 s | tokens: 25 | gen_time: 0.207 s | tok/s: 120.82
Request 166 | res_time: 18:02:35.39 | latency:  18.46 s | tokens: 25 | gen_time: 0.206 s | tok/s: 121.09
Request 167 | res_time: 18:02:35.47 | latency:  17.54 s | tokens: 25 | gen_time: 0.207 s | tok/s: 120.93
Request 168 | res_time: 18:02:35.59 | latency:  18.38 s | tokens: 25 | gen_time: 0.208 s | tok/s: 120.34
Request 169 | res_time: 18:02:35.62 | latency:  18.02 s | tokens: 25 | gen_time: 0.207 s | tok/s: 120.63
Request 170 | res_time: 18:02:35.71 | latency:  16.74 s | tokens: 25 | gen_time: 0.207 s | tok/s: 121.00
Request 171 | res_time: 18:02:35.82 | latency:  18.70 s | tokens: 25 | gen_time: 0.207 s | tok/s: 120.61
Request 172 | res_time: 18:02:35.86 | latency:  19.11 s | tokens: 25 | gen_time: 0.207 s | tok/s: 120.89
Request 173 | res_time: 18:02:35.94 | latency:  18.70 s | tokens: 25 | gen_time: 0.207 s | tok/s: 120.68
Request 174 | res_time: 18:02:36.06 | latency:  18.55 s | tokens: 25 | gen_time: 0.207 s | tok/s: 120.77
Request 175 | res_time: 18:02:36.09 | latency:  18.93 s | tokens: 25 | gen_time: 0.207 s | tok/s: 120.80
Request 176 | res_time: 18:02:36.17 | latency:  17.11 s | tokens: 25 | gen_time: 0.207 s | tok/s: 120.76
Request 177 | res_time: 18:02:36.29 | latency:  18.67 s | tokens: 25 | gen_time: 0.207 s | tok/s: 120.57
Request 178 | res_time: 18:02:36.33 | latency:  19.53 s | tokens: 25 | gen_time: 0.207 s | tok/s: 120.97
Request 179 | res_time: 18:02:36.41 | latency:  17.17 s | tokens: 25 | gen_time: 0.207 s | tok/s: 120.67
Request 180 | res_time: 18:02:36.53 | latency:  17.96 s | tokens: 25 | gen_time: 0.207 s | tok/s: 120.78
Request 181 | res_time: 18:02:36.56 | latency:  19.05 s | tokens: 25 | gen_time: 0.208 s | tok/s: 120.45
Request 182 | res_time: 18:02:36.64 | latency:  19.00 s | tokens: 25 | gen_time: 0.208 s | tok/s: 120.38
Request 183 | res_time: 18:02:36.76 | latency:  18.73 s | tokens: 25 | gen_time: 0.207 s | tok/s: 120.69
Request 184 | res_time: 18:02:36.79 | latency:  18.40 s | tokens: 25 | gen_time: 0.207 s | tok/s: 120.91
Request 185 | res_time: 18:02:36.88 | latency:  17.94 s | tokens: 25 | gen_time: 0.207 s | tok/s: 120.57
Request 186 | res_time: 18:02:36.99 | latency:  18.96 s | tokens: 25 | gen_time: 0.207 s | tok/s: 120.52
Request 187 | res_time: 18:02:37.03 | latency:  19.42 s | tokens: 25 | gen_time: 0.207 s | tok/s: 120.75
Request 188 | res_time: 18:02:37.11 | latency:  18.04 s | tokens: 25 | gen_time: 0.207 s | tok/s: 120.50
Request 189 | res_time: 18:02:37.23 | latency:  19.56 s | tokens: 25 | gen_time: 0.207 s | tok/s: 120.63
Request 190 | res_time: 18:02:37.26 | latency:  19.76 s | tokens: 25 | gen_time: 0.206 s | tok/s: 121.26
Request 191 | res_time: 18:02:37.34 | latency:  18.03 s | tokens: 25 | gen_time: 0.207 s | tok/s: 120.77
Request 192 | res_time: 18:02:37.46 | latency:  20.53 s | tokens: 25 | gen_time: 0.210 s | tok/s: 118.91
Request 193 | res_time: 18:02:37.49 | latency:  19.97 s | tokens: 25 | gen_time: 0.207 s | tok/s: 120.71
Request 194 | res_time: 18:02:37.57 | latency:  18.53 s | tokens: 25 | gen_time: 0.204 s | tok/s: 122.77
Request 195 | res_time: 18:02:37.70 | latency:  20.16 s | tokens: 25 | gen_time: 0.207 s | tok/s: 120.67
Request 196 | res_time: 18:02:37.73 | latency:  20.95 s | tokens: 25 | gen_time: 0.207 s | tok/s: 120.89
Request 197 | res_time: 18:02:37.81 | latency:  18.46 s | tokens: 25 | gen_time: 0.207 s | tok/s: 120.65
Request 198 | res_time: 18:02:37.93 | latency:  20.47 s | tokens: 25 | gen_time: 0.204 s | tok/s: 122.52
Request 199 | res_time: 18:02:37.96 | latency:  19.15 s | tokens: 25 | gen_time: 0.207 s | tok/s: 120.72
Request 200 | res_time: 18:02:38.04 | latency:  18.75 s | tokens: 25 | gen_time: 0.208 s | tok/s: 120.17
Request 201 | res_time: 18:02:38.16 | latency:  20.08 s | tokens: 25 | gen_time: 0.207 s | tok/s: 120.95
Request 202 | res_time: 18:02:38.20 | latency:  21.17 s | tokens: 25 | gen_time: 0.207 s | tok/s: 120.79
Request 203 | res_time: 18:02:38.28 | latency:  20.35 s | tokens: 25 | gen_time: 0.207 s | tok/s: 120.78
Request 204 | res_time: 18:02:38.39 | latency:  21.00 s | tokens: 25 | gen_time: 0.208 s | tok/s: 120.44
Request 205 | res_time: 18:02:38.43 | latency:  21.31 s | tokens: 25 | gen_time: 0.208 s | tok/s: 120.41
Request 206 | res_time: 18:02:38.51 | latency:  21.46 s | tokens: 25 | gen_time: 0.207 s | tok/s: 120.74
Request 207 | res_time: 18:02:38.63 | latency:  20.19 s | tokens: 25 | gen_time: 0.207 s | tok/s: 120.56
Request 208 | res_time: 18:02:38.66 | latency:  21.80 s | tokens: 25 | gen_time: 0.207 s | tok/s: 120.62
Request 209 | res_time: 18:02:38.74 | latency:  21.96 s | tokens: 25 | gen_time: 0.207 s | tok/s: 120.90
Request 210 | res_time: 18:02:38.86 | latency:  22.03 s | tokens: 25 | gen_time: 0.207 s | tok/s: 120.97
Request 211 | res_time: 18:02:38.90 | latency:  22.18 s | tokens: 25 | gen_time: 0.208 s | tok/s: 120.47
Request 212 | res_time: 18:02:38.98 | latency:  21.67 s | tokens: 25 | gen_time: 0.208 s | tok/s: 120.14
Request 213 | res_time: 18:02:39.10 | latency:  21.35 s | tokens: 25 | gen_time: 0.207 s | tok/s: 120.65
Request 214 | res_time: 18:02:39.13 | latency:  21.40 s | tokens: 25 | gen_time: 0.203 s | tok/s: 122.95
Request 215 | res_time: 18:02:39.21 | latency:  22.09 s | tokens: 25 | gen_time: 0.208 s | tok/s: 120.37
Request 216 | res_time: 18:02:39.33 | latency:  20.96 s | tokens: 25 | gen_time: 0.207 s | tok/s: 120.66
Request 217 | res_time: 18:02:39.36 | latency:  22.27 s | tokens: 25 | gen_time: 0.207 s | tok/s: 120.87
Request 218 | res_time: 18:02:39.45 | latency:  22.31 s | tokens: 25 | gen_time: 0.207 s | tok/s: 121.02
Request 219 | res_time: 18:02:39.56 | latency:  21.36 s | tokens: 25 | gen_time: 0.208 s | tok/s: 120.39
Request 220 | res_time: 18:02:39.59 | latency:  21.99 s | tokens: 25 | gen_time: 0.208 s | tok/s: 120.30
Request 221 | res_time: 18:02:39.68 | latency:  20.42 s | tokens: 25 | gen_time: 0.208 s | tok/s: 120.26
Request 222 | res_time: 18:02:39.80 | latency:  21.98 s | tokens: 25 | gen_time: 0.208 s | tok/s: 120.36
Request 223 | res_time: 18:02:39.83 | latency:  21.74 s | tokens: 25 | gen_time: 0.208 s | tok/s: 120.27
Request 224 | res_time: 18:02:39.92 | latency:  23.01 s | tokens: 25 | gen_time: 0.208 s | tok/s: 120.02
Request 225 | res_time: 18:02:40.03 | latency:  21.47 s | tokens: 25 | gen_time: 0.208 s | tok/s: 120.24
Request 226 | res_time: 18:02:40.06 | latency:  22.81 s | tokens: 25 | gen_time: 0.208 s | tok/s: 120.33
Request 227 | res_time: 18:02:40.15 | latency:  23.14 s | tokens: 25 | gen_time: 0.208 s | tok/s: 120.38
Request 228 | res_time: 18:02:40.26 | latency:  22.25 s | tokens: 25 | gen_time: 0.208 s | tok/s: 120.41
Request 229 | res_time: 18:02:40.30 | latency:  21.46 s | tokens: 25 | gen_time: 0.207 s | tok/s: 120.86
Request 230 | res_time: 18:02:40.38 | latency:  23.55 s | tokens: 25 | gen_time: 0.204 s | tok/s: 122.84
Request 231 | res_time: 18:02:40.51 | latency:  23.16 s | tokens: 25 | gen_time: 0.214 s | tok/s: 116.89
Request 232 | res_time: 18:02:40.52 | latency:  22.80 s | tokens: 25 | gen_time: 0.196 s | tok/s: 127.35
Request 233 | res_time: 18:02:40.61 | latency:  22.44 s | tokens: 25 | gen_time: 0.196 s | tok/s: 127.64
Request 234 | res_time: 18:02:40.74 | latency:  22.72 s | tokens: 25 | gen_time: 0.199 s | tok/s: 125.36
Request 235 | res_time: 18:02:40.75 | latency:  23.15 s | tokens: 25 | gen_time: 0.201 s | tok/s: 124.28
Request 236 | res_time: 18:02:40.84 | latency:  22.79 s | tokens: 25 | gen_time: 0.206 s | tok/s: 121.60
Request 237 | res_time: 18:02:40.97 | latency:  22.99 s | tokens: 25 | gen_time: 0.206 s | tok/s: 121.15
Request 238 | res_time: 18:02:40.99 | latency:  22.21 s | tokens: 25 | gen_time: 0.206 s | tok/s: 121.13
Request 239 | res_time: 18:02:41.07 | latency:  23.79 s | tokens: 25 | gen_time: 0.202 s | tok/s: 123.95
Request 240 | res_time: 18:02:41.21 | latency:  23.65 s | tokens: 25 | gen_time: 0.211 s | tok/s: 118.38
Request 241 | res_time: 18:02:41.21 | latency:  23.61 s | tokens: 25 | gen_time: 0.202 s | tok/s: 123.69
Request 242 | res_time: 18:02:41.30 | latency:  21.76 s | tokens: 25 | gen_time: 0.207 s | tok/s: 120.97
Request 243 | res_time: 18:02:41.44 | latency:  23.28 s | tokens: 25 | gen_time: 0.205 s | tok/s: 121.75
Request 244 | res_time: 18:02:41.45 | latency:  24.52 s | tokens: 25 | gen_time: 0.205 s | tok/s: 121.78
Request 245 | res_time: 18:02:41.54 | latency:  24.48 s | tokens: 25 | gen_time: 0.205 s | tok/s: 122.03
Request 246 | res_time: 18:02:41.67 | latency:  23.79 s | tokens: 25 | gen_time: 0.206 s | tok/s: 121.35
Request 247 | res_time: 18:02:41.68 | latency:  23.87 s | tokens: 25 | gen_time: 0.205 s | tok/s: 121.91
Request 248 | res_time: 18:02:41.77 | latency:  24.94 s | tokens: 25 | gen_time: 0.206 s | tok/s: 121.17
Request 249 | res_time: 18:02:41.92 | latency:  24.70 s | tokens: 25 | gen_time: 0.219 s | tok/s: 114.41
Request 250 | res_time: 18:02:41.93 | latency:  23.75 s | tokens: 25 | gen_time: 0.218 s | tok/s: 114.65
Request 251 | res_time: 18:02:42.02 | latency:  24.23 s | tokens: 25 | gen_time: 0.219 s | tok/s: 114.17
Request 252 | res_time: 18:02:42.21 | latency:  25.03 s | tokens: 25 | gen_time: 0.253 s | tok/s: 98.92
Request 253 | res_time: 18:02:42.21 | latency:  24.69 s | tokens: 25 | gen_time: 0.263 s | tok/s: 95.02
Request 254 | res_time: 18:02:42.30 | latency:  24.97 s | tokens: 25 | gen_time: 0.254 s | tok/s: 98.54
Request 255 | res_time: 18:02:42.45 | latency:  25.00 s | tokens: 25 | gen_time: 0.204 s | tok/s: 122.53
Request 256 | res_time: 18:02:42.45 | latency:  24.28 s | tokens: 25 | gen_time: 0.214 s | tok/s: 117.09
Request 257 | res_time: 18:02:42.54 | latency:  25.45 s | tokens: 25 | gen_time: 0.209 s | tok/s: 119.42
Request 258 | res_time: 18:02:42.68 | latency:  25.59 s | tokens: 25 | gen_time: 0.208 s | tok/s: 120.25
Request 259 | res_time: 18:02:42.69 | latency:  25.04 s | tokens: 25 | gen_time: 0.214 s | tok/s: 116.62
Request 260 | res_time: 18:02:42.77 | latency:  23.05 s | tokens: 25 | gen_time: 0.209 s | tok/s: 119.87
Request 261 | res_time: 18:02:42.92 | latency:  25.64 s | tokens: 25 | gen_time: 0.208 s | tok/s: 120.03
Request 262 | res_time: 18:02:42.93 | latency:  24.81 s | tokens: 25 | gen_time: 0.208 s | tok/s: 120.36
Request 263 | res_time: 18:02:43.01 | latency:  23.81 s | tokens: 25 | gen_time: 0.206 s | tok/s: 121.56
Request 264 | res_time: 18:02:43.15 | latency:  26.10 s | tokens: 25 | gen_time: 0.207 s | tok/s: 120.92
Request 265 | res_time: 18:02:43.16 | latency:  26.22 s | tokens: 25 | gen_time: 0.206 s | tok/s: 121.48
Request 266 | res_time: 18:02:43.24 | latency:  25.04 s | tokens: 25 | gen_time: 0.207 s | tok/s: 120.77
Request 267 | res_time: 18:02:43.38 | latency:  25.35 s | tokens: 25 | gen_time: 0.208 s | tok/s: 120.16
Request 268 | res_time: 18:02:43.40 | latency:  26.18 s | tokens: 25 | gen_time: 0.207 s | tok/s: 120.89
Request 269 | res_time: 18:02:43.47 | latency:  26.24 s | tokens: 25 | gen_time: 0.206 s | tok/s: 121.13
Request 270 | res_time: 18:02:43.62 | latency:  26.46 s | tokens: 25 | gen_time: 0.206 s | tok/s: 121.63
Request 271 | res_time: 18:02:43.63 | latency:  26.72 s | tokens: 25 | gen_time: 0.206 s | tok/s: 121.47
Request 272 | res_time: 18:02:43.71 | latency:  25.58 s | tokens: 25 | gen_time: 0.206 s | tok/s: 121.55
Request 273 | res_time: 18:02:43.85 | latency:  26.69 s | tokens: 25 | gen_time: 0.206 s | tok/s: 121.55
Request 274 | res_time: 18:02:43.86 | latency:  26.27 s | tokens: 25 | gen_time: 0.206 s | tok/s: 121.13
Request 275 | res_time: 18:02:43.94 | latency:  25.54 s | tokens: 25 | gen_time: 0.205 s | tok/s: 122.01
Request 276 | res_time: 18:02:44.11 | latency:  25.88 s | tokens: 25 | gen_time: 0.232 s | tok/s: 107.60
Request 277 | res_time: 18:02:44.12 | latency:  26.31 s | tokens: 25 | gen_time: 0.234 s | tok/s: 106.80
Request 278 | res_time: 18:02:44.23 | latency:  26.94 s | tokens: 25 | gen_time: 0.265 s | tok/s: 94.43
Request 279 | res_time: 18:02:44.38 | latency:  27.34 s | tokens: 25 | gen_time: 0.239 s | tok/s: 104.42
Request 280 | res_time: 18:02:44.40 | latency:  26.85 s | tokens: 25 | gen_time: 0.246 s | tok/s: 101.45
Request 281 | res_time: 18:02:44.47 | latency:  27.57 s | tokens: 25 | gen_time: 0.213 s | tok/s: 117.44
Request 282 | res_time: 18:02:44.61 | latency:  26.43 s | tokens: 25 | gen_time: 0.210 s | tok/s: 118.94
Request 283 | res_time: 18:02:44.64 | latency:  27.07 s | tokens: 25 | gen_time: 0.214 s | tok/s: 116.88
Request 284 | res_time: 18:02:44.71 | latency:  26.54 s | tokens: 25 | gen_time: 0.208 s | tok/s: 120.41
Request 285 | res_time: 18:02:44.85 | latency:  26.42 s | tokens: 25 | gen_time: 0.208 s | tok/s: 120.06
Request 286 | res_time: 18:02:44.87 | latency:  27.29 s | tokens: 25 | gen_time: 0.209 s | tok/s: 119.75
Request 287 | res_time: 18:02:44.95 | latency:  27.42 s | tokens: 25 | gen_time: 0.209 s | tok/s: 119.55
Request 288 | res_time: 18:02:45.08 | latency:  26.92 s | tokens: 25 | gen_time: 0.207 s | tok/s: 120.85
Request 289 | res_time: 18:02:45.11 | latency:  27.51 s | tokens: 25 | gen_time: 0.206 s | tok/s: 121.19
Request 290 | res_time: 18:02:45.18 | latency:  27.07 s | tokens: 25 | gen_time: 0.208 s | tok/s: 120.43
Request 291 | res_time: 18:02:45.32 | latency:  27.26 s | tokens: 25 | gen_time: 0.208 s | tok/s: 120.29
Request 292 | res_time: 18:02:45.34 | latency:  28.37 s | tokens: 25 | gen_time: 0.208 s | tok/s: 120.45
Request 293 | res_time: 18:02:45.41 | latency:  26.99 s | tokens: 25 | gen_time: 0.207 s | tok/s: 120.53
Request 294 | res_time: 18:02:45.55 | latency:  28.67 s | tokens: 25 | gen_time: 0.208 s | tok/s: 120.37
Request 295 | res_time: 18:02:45.57 | latency:  27.61 s | tokens: 25 | gen_time: 0.207 s | tok/s: 120.54
Request 296 | res_time: 18:02:45.65 | latency:  27.54 s | tokens: 25 | gen_time: 0.207 s | tok/s: 120.68
Request 297 | res_time: 18:02:45.78 | latency:  27.62 s | tokens: 25 | gen_time: 0.206 s | tok/s: 121.55
Request 298 | res_time: 18:02:45.81 | latency:  28.88 s | tokens: 25 | gen_time: 0.205 s | tok/s: 122.06
Request 299 | res_time: 18:02:45.88 | latency:  28.54 s | tokens: 25 | gen_time: 0.205 s | tok/s: 121.72
Request 300 | res_time: 18:02:46.02 | latency:  28.82 s | tokens: 25 | gen_time: 0.207 s | tok/s: 120.85
Request 301 | res_time: 18:02:46.04 | latency:  29.23 s | tokens: 25 | gen_time: 0.207 s | tok/s: 120.77
Request 302 | res_time: 18:02:46.11 | latency:  28.75 s | tokens: 25 | gen_time: 0.208 s | tok/s: 120.33
Request 303 | res_time: 18:02:46.25 | latency:  28.51 s | tokens: 25 | gen_time: 0.207 s | tok/s: 120.60
Request 304 | res_time: 18:02:46.28 | latency:  28.01 s | tokens: 25 | gen_time: 0.207 s | tok/s: 120.58
Request 305 | res_time: 18:02:46.35 | latency:  28.20 s | tokens: 25 | gen_time: 0.208 s | tok/s: 120.19
Request 306 | res_time: 18:02:46.48 | latency:  29.20 s | tokens: 25 | gen_time: 0.208 s | tok/s: 120.11
Request 307 | res_time: 18:02:46.51 | latency:  28.67 s | tokens: 25 | gen_time: 0.208 s | tok/s: 120.32
Request 308 | res_time: 18:02:46.58 | latency:  29.67 s | tokens: 25 | gen_time: 0.208 s | tok/s: 120.28
Request 309 | res_time: 18:02:46.72 | latency:  29.62 s | tokens: 25 | gen_time: 0.207 s | tok/s: 120.66
Request 310 | res_time: 18:02:46.74 | latency:  29.24 s | tokens: 25 | gen_time: 0.207 s | tok/s: 120.97
Request 311 | res_time: 18:02:46.81 | latency:  29.65 s | tokens: 25 | gen_time: 0.207 s | tok/s: 120.60
Request 312 | res_time: 18:02:46.95 | latency:  30.01 s | tokens: 25 | gen_time: 0.208 s | tok/s: 120.33
Request 313 | res_time: 18:02:46.98 | latency:  29.13 s | tokens: 25 | gen_time: 0.207 s | tok/s: 120.69
Request 314 | res_time: 18:02:47.05 | latency:  30.30 s | tokens: 25 | gen_time: 0.207 s | tok/s: 120.50
Request 315 | res_time: 18:02:47.19 | latency:  29.11 s | tokens: 25 | gen_time: 0.208 s | tok/s: 120.38
Request 316 | res_time: 18:02:47.21 | latency:  29.61 s | tokens: 25 | gen_time: 0.208 s | tok/s: 120.28
Request 317 | res_time: 18:02:47.28 | latency:  29.55 s | tokens: 25 | gen_time: 0.207 s | tok/s: 121.00
Request 318 | res_time: 18:02:47.42 | latency:  29.64 s | tokens: 25 | gen_time: 0.207 s | tok/s: 120.73
Request 319 | res_time: 18:02:47.44 | latency:  29.96 s | tokens: 25 | gen_time: 0.208 s | tok/s: 120.48
Request 320 | res_time: 18:02:47.52 | latency:  29.83 s | tokens: 25 | gen_time: 0.208 s | tok/s: 120.31
Request 321 | res_time: 18:02:47.65 | latency:  29.48 s | tokens: 25 | gen_time: 0.208 s | tok/s: 120.24
Request 322 | res_time: 18:02:47.68 | latency:  29.33 s | tokens: 25 | gen_time: 0.207 s | tok/s: 120.63
Request 323 | res_time: 18:02:47.75 | latency:  30.12 s | tokens: 25 | gen_time: 0.206 s | tok/s: 121.09
Request 324 | res_time: 18:02:47.89 | latency:  30.08 s | tokens: 25 | gen_time: 0.207 s | tok/s: 120.56
Request 325 | res_time: 18:02:47.91 | latency:  30.33 s | tokens: 25 | gen_time: 0.206 s | tok/s: 121.07
Request 326 | res_time: 18:02:47.98 | latency:  30.97 s | tokens: 25 | gen_time: 0.207 s | tok/s: 120.60
Request 327 | res_time: 18:02:48.12 | latency:  30.01 s | tokens: 25 | gen_time: 0.207 s | tok/s: 120.70
Request 328 | res_time: 18:02:48.15 | latency:  30.55 s | tokens: 25 | gen_time: 0.207 s | tok/s: 120.79
Request 329 | res_time: 18:02:48.22 | latency:  30.00 s | tokens: 25 | gen_time: 0.207 s | tok/s: 120.73
Request 330 | res_time: 18:02:48.35 | latency:  30.05 s | tokens: 25 | gen_time: 0.208 s | tok/s: 120.29
Request 331 | res_time: 18:02:48.38 | latency:  30.20 s | tokens: 25 | gen_time: 0.207 s | tok/s: 120.79
Request 332 | res_time: 18:02:48.45 | latency:  30.37 s | tokens: 25 | gen_time: 0.207 s | tok/s: 120.84
Request 333 | res_time: 18:02:48.59 | latency:  30.62 s | tokens: 25 | gen_time: 0.207 s | tok/s: 120.58
Request 334 | res_time: 18:02:48.61 | latency:  30.99 s | tokens: 25 | gen_time: 0.207 s | tok/s: 121.06
Request 335 | res_time: 18:02:48.68 | latency:  30.71 s | tokens: 25 | gen_time: 0.207 s | tok/s: 120.71
Request 336 | res_time: 18:02:48.82 | latency:  31.68 s | tokens: 25 | gen_time: 0.207 s | tok/s: 120.48
Request 337 | res_time: 18:02:48.85 | latency:  31.23 s | tokens: 25 | gen_time: 0.207 s | tok/s: 120.54
Request 338 | res_time: 18:02:48.92 | latency:  31.69 s | tokens: 25 | gen_time: 0.208 s | tok/s: 120.25
Request 339 | res_time: 18:02:49.05 | latency:  31.12 s | tokens: 25 | gen_time: 0.208 s | tok/s: 120.39
Request 340 | res_time: 18:02:49.08 | latency:  30.90 s | tokens: 25 | gen_time: 0.207 s | tok/s: 120.68
Request 341 | res_time: 18:02:49.15 | latency:  31.94 s | tokens: 25 | gen_time: 0.208 s | tok/s: 120.44
Request 342 | res_time: 18:02:49.29 | latency:  31.14 s | tokens: 25 | gen_time: 0.206 s | tok/s: 121.08
Request 343 | res_time: 18:02:49.31 | latency:  31.57 s | tokens: 25 | gen_time: 0.207 s | tok/s: 120.63
Request 344 | res_time: 18:02:49.38 | latency:  31.19 s | tokens: 25 | gen_time: 0.207 s | tok/s: 120.55
Request 345 | res_time: 18:02:49.52 | latency:  31.97 s | tokens: 25 | gen_time: 0.208 s | tok/s: 120.44
Request 346 | res_time: 18:02:49.55 | latency:  32.03 s | tokens: 25 | gen_time: 0.207 s | tok/s: 120.52
Request 347 | res_time: 18:02:49.62 | latency:  30.39 s | tokens: 25 | gen_time: 0.207 s | tok/s: 120.91
Request 348 | res_time: 18:02:49.76 | latency:  32.42 s | tokens: 25 | gen_time: 0.207 s | tok/s: 120.50
Request 349 | res_time: 18:02:49.78 | latency:  32.84 s | tokens: 25 | gen_time: 0.208 s | tok/s: 120.36
Request 350 | res_time: 18:02:49.85 | latency:  30.05 s | tokens: 25 | gen_time: 0.208 s | tok/s: 120.29
Request 351 | res_time: 18:02:49.99 | latency:  32.47 s | tokens: 25 | gen_time: 0.206 s | tok/s: 121.17
Request 352 | res_time: 18:02:50.01 | latency:  31.78 s | tokens: 25 | gen_time: 0.207 s | tok/s: 120.63
Request 353 | res_time: 18:02:50.09 | latency:  32.04 s | tokens: 25 | gen_time: 0.207 s | tok/s: 120.70
Request 354 | res_time: 18:02:50.22 | latency:  32.10 s | tokens: 25 | gen_time: 0.205 s | tok/s: 121.79
Request 355 | res_time: 18:02:50.25 | latency:  32.46 s | tokens: 25 | gen_time: 0.206 s | tok/s: 121.52
Request 356 | res_time: 18:02:50.32 | latency:  32.63 s | tokens: 25 | gen_time: 0.207 s | tok/s: 121.02
Request 357 | res_time: 18:02:50.46 | latency:  32.60 s | tokens: 25 | gen_time: 0.207 s | tok/s: 120.98
Request 358 | res_time: 18:02:50.48 | latency:  32.73 s | tokens: 25 | gen_time: 0.207 s | tok/s: 120.62
Request 359 | res_time: 18:02:50.55 | latency:  31.16 s | tokens: 25 | gen_time: 0.208 s | tok/s: 120.45
Request 360 | res_time: 18:02:50.69 | latency:  32.83 s | tokens: 25 | gen_time: 0.207 s | tok/s: 120.53
Request 361 | res_time: 18:02:50.72 | latency:  32.07 s | tokens: 25 | gen_time: 0.206 s | tok/s: 121.21
Request 362 | res_time: 18:02:50.79 | latency:  33.22 s | tokens: 25 | gen_time: 0.206 s | tok/s: 121.22
Request 363 | res_time: 18:02:50.92 | latency:  32.78 s | tokens: 25 | gen_time: 0.206 s | tok/s: 121.10
Request 364 | res_time: 18:02:50.95 | latency:  33.36 s | tokens: 25 | gen_time: 0.207 s | tok/s: 120.54
Request 365 | res_time: 18:02:51.02 | latency:  32.89 s | tokens: 25 | gen_time: 0.208 s | tok/s: 120.38
Request 366 | res_time: 18:02:51.16 | latency:  33.90 s | tokens: 25 | gen_time: 0.207 s | tok/s: 120.50
Request 367 | res_time: 18:02:51.18 | latency:  33.95 s | tokens: 25 | gen_time: 0.207 s | tok/s: 120.59
Request 368 | res_time: 18:02:51.25 | latency:  33.97 s | tokens: 25 | gen_time: 0.208 s | tok/s: 120.46
Request 369 | res_time: 18:02:51.39 | latency:  33.04 s | tokens: 25 | gen_time: 0.207 s | tok/s: 120.60
Request 370 | res_time: 18:02:51.42 | latency:  34.25 s | tokens: 25 | gen_time: 0.206 s | tok/s: 121.33
Request 371 | res_time: 18:02:51.49 | latency:  33.45 s | tokens: 25 | gen_time: 0.207 s | tok/s: 120.83
Request 372 | res_time: 18:02:51.62 | latency:  33.39 s | tokens: 25 | gen_time: 0.207 s | tok/s: 120.92
Request 373 | res_time: 18:02:51.65 | latency:  34.81 s | tokens: 25 | gen_time: 0.208 s | tok/s: 120.42
Request 374 | res_time: 18:02:51.72 | latency:  34.35 s | tokens: 25 | gen_time: 0.208 s | tok/s: 120.47
Request 375 | res_time: 18:02:51.86 | latency:  34.61 s | tokens: 25 | gen_time: 0.208 s | tok/s: 120.48
Request 376 | res_time: 18:02:51.88 | latency:  34.28 s | tokens: 25 | gen_time: 0.207 s | tok/s: 120.67
Request 377 | res_time: 18:02:51.96 | latency:  35.15 s | tokens: 25 | gen_time: 0.207 s | tok/s: 120.73
Request 378 | res_time: 18:02:52.09 | latency:  34.31 s | tokens: 25 | gen_time: 0.207 s | tok/s: 120.59
Request 379 | res_time: 18:02:52.12 | latency:  34.48 s | tokens: 25 | gen_time: 0.208 s | tok/s: 120.16
Request 380 | res_time: 18:02:52.19 | latency:  34.97 s | tokens: 25 | gen_time: 0.208 s | tok/s: 120.10
Request 381 | res_time: 18:02:52.33 | latency:  35.19 s | tokens: 25 | gen_time: 0.208 s | tok/s: 120.26
Request 382 | res_time: 18:02:52.35 | latency:  34.75 s | tokens: 25 | gen_time: 0.207 s | tok/s: 120.69
Request 383 | res_time: 18:02:52.42 | latency:  32.81 s | tokens: 25 | gen_time: 0.207 s | tok/s: 120.53
Request 384 | res_time: 18:02:52.56 | latency:  33.95 s | tokens: 25 | gen_time: 0.207 s | tok/s: 120.81
Request 385 | res_time: 18:02:52.58 | latency:  33.96 s | tokens: 25 | gen_time: 0.207 s | tok/s: 120.74
Request 386 | res_time: 18:02:52.66 | latency:  35.70 s | tokens: 25 | gen_time: 0.208 s | tok/s: 120.43
Request 387 | res_time: 18:02:52.79 | latency:  34.77 s | tokens: 25 | gen_time: 0.206 s | tok/s: 121.25
Request 388 | res_time: 18:02:52.82 | latency:  34.64 s | tokens: 25 | gen_time: 0.207 s | tok/s: 120.97
Request 389 | res_time: 18:02:52.89 | latency:  36.18 s | tokens: 25 | gen_time: 0.207 s | tok/s: 120.61
Request 390 | res_time: 18:02:53.03 | latency:  34.93 s | tokens: 25 | gen_time: 0.207 s | tok/s: 120.56
Request 391 | res_time: 18:02:53.05 | latency:  35.45 s | tokens: 25 | gen_time: 0.207 s | tok/s: 120.80
Request 392 | res_time: 18:02:53.12 | latency:  36.12 s | tokens: 25 | gen_time: 0.208 s | tok/s: 120.21
Request 393 | res_time: 18:02:53.26 | latency:  35.28 s | tokens: 25 | gen_time: 0.208 s | tok/s: 119.95
Request 394 | res_time: 18:02:53.29 | latency:  34.49 s | tokens: 25 | gen_time: 0.208 s | tok/s: 120.39
Request 395 | res_time: 18:02:53.36 | latency:  35.98 s | tokens: 25 | gen_time: 0.208 s | tok/s: 120.43
Request 396 | res_time: 18:02:53.49 | latency:  34.88 s | tokens: 25 | gen_time: 0.207 s | tok/s: 120.82
Request 397 | res_time: 18:02:53.52 | latency:  35.66 s | tokens: 25 | gen_time: 0.206 s | tok/s: 121.55
Request 398 | res_time: 18:02:53.59 | latency:  36.37 s | tokens: 25 | gen_time: 0.206 s | tok/s: 121.13
Request 399 | res_time: 18:02:53.73 | latency:  35.70 s | tokens: 25 | gen_time: 0.208 s | tok/s: 120.41
Request 400 | res_time: 18:02:53.75 | latency:  36.76 s | tokens: 25 | gen_time: 0.207 s | tok/s: 120.59
Request 401 | res_time: 18:02:53.82 | latency:  36.20 s | tokens: 25 | gen_time: 0.207 s | tok/s: 120.73
Request 402 | res_time: 18:02:53.96 | latency:  36.65 s | tokens: 25 | gen_time: 0.207 s | tok/s: 120.98
Request 403 | res_time: 18:02:53.99 | latency:  35.80 s | tokens: 25 | gen_time: 0.207 s | tok/s: 120.80
Request 404 | res_time: 18:02:54.06 | latency:  36.85 s | tokens: 25 | gen_time: 0.207 s | tok/s: 120.67
Request 405 | res_time: 18:02:54.19 | latency:  36.66 s | tokens: 25 | gen_time: 0.207 s | tok/s: 120.53
Request 406 | res_time: 18:02:54.22 | latency:  36.50 s | tokens: 25 | gen_time: 0.206 s | tok/s: 121.57
Request 407 | res_time: 18:02:54.29 | latency:  36.96 s | tokens: 25 | gen_time: 0.207 s | tok/s: 120.66
Request 408 | res_time: 18:02:54.43 | latency:  36.26 s | tokens: 25 | gen_time: 0.207 s | tok/s: 121.06
Request 409 | res_time: 18:02:54.45 | latency:  37.18 s | tokens: 25 | gen_time: 0.206 s | tok/s: 121.19
Request 410 | res_time: 18:02:54.52 | latency:  37.23 s | tokens: 25 | gen_time: 0.207 s | tok/s: 120.88
Request 411 | res_time: 18:02:54.66 | latency:  36.81 s | tokens: 25 | gen_time: 0.208 s | tok/s: 120.15
Request 412 | res_time: 18:02:54.69 | latency:  36.38 s | tokens: 25 | gen_time: 0.208 s | tok/s: 120.28
Request 413 | res_time: 18:02:54.76 | latency:  37.56 s | tokens: 25 | gen_time: 0.208 s | tok/s: 120.38
Request 414 | res_time: 18:02:54.90 | latency:  36.64 s | tokens: 25 | gen_time: 0.207 s | tok/s: 120.64
Request 415 | res_time: 18:02:54.92 | latency:  38.12 s | tokens: 25 | gen_time: 0.208 s | tok/s: 120.44
Request 416 | res_time: 18:02:54.99 | latency:  37.09 s | tokens: 25 | gen_time: 0.207 s | tok/s: 120.79
Request 417 | res_time: 18:02:55.13 | latency:  37.88 s | tokens: 25 | gen_time: 0.207 s | tok/s: 120.55
Request 418 | res_time: 18:02:55.15 | latency:  38.13 s | tokens: 25 | gen_time: 0.207 s | tok/s: 120.61
Request 419 | res_time: 18:02:55.23 | latency:  38.48 s | tokens: 25 | gen_time: 0.207 s | tok/s: 120.50
Request 420 | res_time: 18:02:55.36 | latency:  37.04 s | tokens: 25 | gen_time: 0.207 s | tok/s: 120.64
Request 421 | res_time: 18:02:55.39 | latency:  37.13 s | tokens: 25 | gen_time: 0.207 s | tok/s: 120.67
Request 422 | res_time: 18:02:55.46 | latency:  38.55 s | tokens: 25 | gen_time: 0.208 s | tok/s: 120.46
Request 423 | res_time: 18:02:55.60 | latency:  37.74 s | tokens: 25 | gen_time: 0.207 s | tok/s: 120.89
Request 424 | res_time: 18:02:55.62 | latency:  37.82 s | tokens: 25 | gen_time: 0.207 s | tok/s: 120.68
Request 425 | res_time: 18:02:55.69 | latency:  36.42 s | tokens: 25 | gen_time: 0.207 s | tok/s: 120.84
Request 426 | res_time: 18:02:55.83 | latency:  38.73 s | tokens: 25 | gen_time: 0.207 s | tok/s: 120.81
Request 427 | res_time: 18:02:55.85 | latency:  37.25 s | tokens: 25 | gen_time: 0.197 s | tok/s: 127.19
Request 428 | res_time: 18:02:55.88 | latency:  38.90 s | tokens: 25 | gen_time: 0.160 s | tok/s: 156.51
Request 429 | res_time: 18:02:55.96 | latency:  38.91 s | tokens: 25 | gen_time: 0.095 s | tok/s: 264.42
Request 430 | res_time: 18:02:56.00 | latency:  38.31 s | tokens: 25 | gen_time: 0.095 s | tok/s: 262.57
Request 431 | res_time: 18:02:56.08 | latency:  37.92 s | tokens: 25 | gen_time: 0.095 s | tok/s: 262.15
Request 432 | res_time: 18:02:56.11 | latency:  38.44 s | tokens: 25 | gen_time: 0.095 s | tok/s: 263.27
Request 433 | res_time: 18:02:56.19 | latency:  37.45 s | tokens: 25 | gen_time: 0.095 s | tok/s: 263.95
Request 434 | res_time: 18:02:56.23 | latency:  37.02 s | tokens: 25 | gen_time: 0.095 s | tok/s: 261.99
Request 435 | res_time: 18:02:56.31 | latency:  39.40 s | tokens: 25 | gen_time: 0.096 s | tok/s: 261.54
Request 436 | res_time: 18:02:56.35 | latency:  37.13 s | tokens: 25 | gen_time: 0.095 s | tok/s: 262.55
Request 437 | res_time: 18:02:56.43 | latency:  38.82 s | tokens: 25 | gen_time: 0.095 s | tok/s: 262.48
Request 438 | res_time: 18:02:56.46 | latency:  39.31 s | tokens: 25 | gen_time: 0.096 s | tok/s: 261.16
Request 439 | res_time: 18:02:56.54 | latency:  38.24 s | tokens: 25 | gen_time: 0.095 s | tok/s: 264.31
Request 440 | res_time: 18:02:56.58 | latency:  39.12 s | tokens: 25 | gen_time: 0.097 s | tok/s: 256.50
Request 441 | res_time: 18:02:56.66 | latency:  39.54 s | tokens: 25 | gen_time: 0.095 s | tok/s: 261.81
Request 442 | res_time: 18:02:56.70 | latency:  39.22 s | tokens: 25 | gen_time: 0.095 s | tok/s: 263.99
Request 443 | res_time: 18:02:56.78 | latency:  39.17 s | tokens: 25 | gen_time: 0.095 s | tok/s: 262.60
Request 444 | res_time: 18:02:56.81 | latency:  39.49 s | tokens: 25 | gen_time: 0.096 s | tok/s: 261.51
Request 445 | res_time: 18:02:56.89 | latency:  38.88 s | tokens: 25 | gen_time: 0.095 s | tok/s: 262.48
Request 446 | res_time: 18:02:56.93 | latency:  39.27 s | tokens: 25 | gen_time: 0.096 s | tok/s: 260.00
Request 447 | res_time: 18:02:57.01 | latency:  39.15 s | tokens: 25 | gen_time: 0.096 s | tok/s: 261.08
Request 448 | res_time: 18:02:57.05 | latency:  37.85 s | tokens: 25 | gen_time: 0.095 s | tok/s: 261.98
Request 449 | res_time: 18:02:57.13 | latency:  38.87 s | tokens: 25 | gen_time: 0.095 s | tok/s: 263.06
Request 450 | res_time: 18:02:57.16 | latency:  36.89 s | tokens: 25 | gen_time: 0.095 s | tok/s: 262.99
Request 451 | res_time: 18:02:57.24 | latency:  39.07 s | tokens: 25 | gen_time: 0.095 s | tok/s: 262.93
Request 452 | res_time: 18:02:57.28 | latency:  38.93 s | tokens: 25 | gen_time: 0.096 s | tok/s: 261.45
Request 453 | res_time: 18:02:57.36 | latency:  39.15 s | tokens: 25 | gen_time: 0.096 s | tok/s: 261.02
Request 454 | res_time: 18:02:57.40 | latency:  37.71 s | tokens: 25 | gen_time: 0.095 s | tok/s: 262.08
Request 455 | res_time: 18:02:57.48 | latency:  39.30 s | tokens: 25 | gen_time: 0.095 s | tok/s: 262.71
Request 456 | res_time: 18:02:57.51 | latency:  40.30 s | tokens: 25 | gen_time: 0.095 s | tok/s: 264.53
Request 457 | res_time: 18:02:57.59 | latency:  39.83 s | tokens: 25 | gen_time: 0.095 s | tok/s: 264.21
Request 458 | res_time: 18:02:57.63 | latency:  39.26 s | tokens: 25 | gen_time: 0.095 s | tok/s: 261.83
Request 459 | res_time: 18:02:57.71 | latency:  40.15 s | tokens: 25 | gen_time: 0.095 s | tok/s: 262.32
Request 460 | res_time: 18:02:57.75 | latency:  39.51 s | tokens: 25 | gen_time: 0.095 s | tok/s: 261.97
Request 461 | res_time: 18:02:57.83 | latency:  40.22 s | tokens: 25 | gen_time: 0.095 s | tok/s: 262.49
Request 462 | res_time: 18:02:57.86 | latency:  39.61 s | tokens: 25 | gen_time: 0.095 s | tok/s: 263.05
Request 463 | res_time: 18:02:57.94 | latency:  38.15 s | tokens: 25 | gen_time: 0.095 s | tok/s: 262.40
Request 464 | res_time: 18:02:57.98 | latency:  38.22 s | tokens: 25 | gen_time: 0.095 s | tok/s: 262.64
Request 465 | res_time: 18:02:58.06 | latency:  40.98 s | tokens: 25 | gen_time: 0.096 s | tok/s: 260.73
Request 466 | res_time: 18:02:58.10 | latency:  40.76 s | tokens: 25 | gen_time: 0.094 s | tok/s: 264.56
Request 467 | res_time: 18:02:58.18 | latency:  40.34 s | tokens: 25 | gen_time: 0.095 s | tok/s: 263.53
Request 468 | res_time: 18:02:58.21 | latency:  40.08 s | tokens: 25 | gen_time: 0.095 s | tok/s: 263.54
Request 469 | res_time: 18:02:58.29 | latency:  40.11 s | tokens: 25 | gen_time: 0.096 s | tok/s: 261.51
Request 470 | res_time: 18:02:58.33 | latency:  40.39 s | tokens: 25 | gen_time: 0.095 s | tok/s: 262.06
Request 471 | res_time: 18:02:58.41 | latency:  40.80 s | tokens: 25 | gen_time: 0.096 s | tok/s: 261.54
Request 472 | res_time: 18:02:58.45 | latency:  40.30 s | tokens: 25 | gen_time: 0.095 s | tok/s: 263.38
Request 473 | res_time: 18:02:58.53 | latency:  39.80 s | tokens: 25 | gen_time: 0.095 s | tok/s: 264.12
Request 474 | res_time: 18:02:58.56 | latency:  38.92 s | tokens: 25 | gen_time: 0.096 s | tok/s: 261.70
Request 475 | res_time: 18:02:58.64 | latency:  39.84 s | tokens: 25 | gen_time: 0.095 s | tok/s: 263.62
Request 476 | res_time: 18:02:58.68 | latency:  40.37 s | tokens: 25 | gen_time: 0.095 s | tok/s: 263.47
Request 477 | res_time: 18:02:58.76 | latency:  41.15 s | tokens: 25 | gen_time: 0.095 s | tok/s: 261.87
Request 478 | res_time: 18:02:58.79 | latency:  39.06 s | tokens: 25 | gen_time: 0.095 s | tok/s: 261.85
Request 479 | res_time: 18:02:58.88 | latency:  41.26 s | tokens: 25 | gen_time: 0.096 s | tok/s: 261.50
Request 480 | res_time: 18:02:58.90 | latency:  40.96 s | tokens: 25 | gen_time: 0.084 s | tok/s: 299.09
Request 481 | res_time: 18:02:58.97 | latency:  41.46 s | tokens: 25 | gen_time: 0.054 s | tok/s: 460.46
Request 482 | res_time: 18:02:59.05 | latency:  41.38 s | tokens: 25 | gen_time: 0.054 s | tok/s: 465.42
Request 483 | res_time: 18:02:59.12 | latency:  41.52 s | tokens: 25 | gen_time: 0.054 s | tok/s: 463.55
Request 484 | res_time: 18:02:59.20 | latency:  40.65 s | tokens: 25 | gen_time: 0.054 s | tok/s: 464.49
Request 485 | res_time: 18:02:59.27 | latency:  42.37 s | tokens: 25 | gen_time: 0.054 s | tok/s: 464.02
Request 486 | res_time: 18:02:59.34 | latency:  39.57 s | tokens: 25 | gen_time: 0.054 s | tok/s: 460.82
Request 487 | res_time: 18:02:59.42 | latency:  41.48 s | tokens: 25 | gen_time: 0.054 s | tok/s: 463.12
Request 488 | res_time: 18:02:59.49 | latency:  42.27 s | tokens: 25 | gen_time: 0.054 s | tok/s: 461.57
Request 489 | res_time: 18:02:59.57 | latency:  41.92 s | tokens: 25 | gen_time: 0.054 s | tok/s: 466.19
Request 490 | res_time: 18:02:59.64 | latency:  41.68 s | tokens: 25 | gen_time: 0.054 s | tok/s: 460.92
Request 491 | res_time: 18:02:59.72 | latency:  41.69 s | tokens: 25 | gen_time: 0.054 s | tok/s: 465.11
Request 492 | res_time: 18:02:59.79 | latency:  41.84 s | tokens: 25 | gen_time: 0.054 s | tok/s: 462.94
Request 493 | res_time: 18:02:59.86 | latency:  42.16 s | tokens: 25 | gen_time: 0.054 s | tok/s: 464.88
Request 494 | res_time: 18:02:59.94 | latency:  41.40 s | tokens: 25 | gen_time: 0.054 s | tok/s: 465.85
Request 495 | res_time: 18:03:00.01 | latency:  41.73 s | tokens: 25 | gen_time: 0.054 s | tok/s: 465.56
Request 496 | res_time: 18:03:00.09 | latency:  42.57 s | tokens: 25 | gen_time: 0.054 s | tok/s: 464.14
Request 497 | res_time: 18:03:00.16 | latency:  41.65 s | tokens: 25 | gen_time: 0.054 s | tok/s: 464.97
Request 498 | res_time: 18:03:00.24 | latency:  42.55 s | tokens: 25 | gen_time: 0.054 s | tok/s: 460.85
Request 499 | res_time: 18:03:00.31 | latency:  41.74 s | tokens: 25 | gen_time: 0.054 s | tok/s: 463.62
Request 500 | res_time: 18:03:00.39 | latency:  42.51 s | tokens: 25 | gen_time: 0.054 s | tok/s: 466.06

--- TEST CONFIGURATION ---
MIG Config: all-7g.40gb
Ollama Replicas: 7
Total requests: 500
Concurrency: 500
Requested output tokens (effort): 25

Total tokens: 12500
Wall time (s): 43.73
GPU time (s): 93.18

--- METRICS ---
Throughput REAL (tok/s): 285.86
Throughput GPU (tok/s): 134.14
Avg tokens/sec per request: 155.06
Latency avg (ms): 24286.27
Latency p95 (ms): 40645.28

Run appended to CSV table: results/results_table.csv
Per-request stats appended to CSV table: results/result-20260902-180216-646-all-7g.40gb-replicas7-25.csv
