[17:45:16] Starting load test
[17:45:16] MIG Config: all-7g.40gb
[17:45:16] Ollama Replicas: 7
[17:45:16] Total requests: 400
[17:45:16] Concurrency: 400
[17:45:16] Output tokens (effort): 25
[17:45:16] REQUEST: 1 - STARTED in background (active_jobs=1)
[17:45:16] REQUEST: 2 - STARTED in background (active_jobs=2)
[17:45:16] REQUEST: 3 - STARTED in background (active_jobs=3)
[17:45:16] REQUEST: 4 - STARTED in background (active_jobs=4)
[17:45:16] REQUEST: 5 - STARTED in background (active_jobs=5)
[17:45:16] REQUEST: 6 - STARTED in background (active_jobs=6)
[17:45:16] REQUEST: 7 - STARTED in background (active_jobs=7)
[17:45:16] REQUEST: 8 - STARTED in background (active_jobs=8)
[17:45:16] REQUEST: 9 - STARTED in background (active_jobs=9)
[17:45:16] REQUEST: 10 - STARTED in background (active_jobs=10)
[17:45:16] REQUEST: 11 - STARTED in background (active_jobs=11)
[17:45:16] REQUEST: 12 - STARTED in background (active_jobs=12)
[17:45:16] REQUEST: 13 - STARTED in background (active_jobs=13)
[17:45:16] REQUEST: 14 - STARTED in background (active_jobs=14)
[17:45:16] REQUEST: 15 - STARTED in background (active_jobs=15)
[17:45:16] REQUEST: 16 - STARTED in background (active_jobs=16)
[17:45:16] REQUEST: 17 - STARTED in background (active_jobs=17)
[17:45:16] REQUEST: 18 - STARTED in background (active_jobs=18)
[17:45:16] REQUEST: 19 - STARTED in background (active_jobs=19)
[17:45:16] REQUEST: 20 - STARTED in background (active_jobs=20)
[17:45:16] REQUEST: 21 - STARTED in background (active_jobs=21)
[17:45:16] REQUEST: 22 - STARTED in background (active_jobs=22)
[17:45:16] REQUEST: 23 - STARTED in background (active_jobs=23)
[17:45:16] REQUEST: 24 - STARTED in background (active_jobs=24)
[17:45:16] REQUEST: 25 - STARTED in background (active_jobs=25)
[17:45:16] REQUEST: 26 - STARTED in background (active_jobs=26)
[17:45:16] REQUEST: 27 - STARTED in background (active_jobs=27)
[17:45:16] REQUEST: 28 - STARTED in background (active_jobs=28)
[17:45:16] REQUEST: 29 - STARTED in background (active_jobs=29)
[17:45:16] REQUEST: 30 - STARTED in background (active_jobs=30)
[17:45:16] REQUEST: 31 - STARTED in background (active_jobs=31)
[17:45:16] REQUEST: 32 - STARTED in background (active_jobs=32)
[17:45:16] REQUEST: 33 - STARTED in background (active_jobs=33)
[17:45:16] REQUEST: 34 - STARTED in background (active_jobs=34)
[17:45:16] REQUEST: 35 - STARTED in background (active_jobs=35)
[17:45:16] REQUEST: 36 - STARTED in background (active_jobs=36)
[17:45:16] REQUEST: 37 - STARTED in background (active_jobs=37)
[17:45:16] REQUEST: 38 - STARTED in background (active_jobs=38)
[17:45:16] REQUEST: 39 - STARTED in background (active_jobs=39)
[17:45:16] REQUEST: 40 - STARTED in background (active_jobs=40)
[17:45:16] REQUEST: 41 - STARTED in background (active_jobs=41)
[17:45:16] REQUEST: 42 - STARTED in background (active_jobs=42)
[17:45:16] REQUEST: 43 - STARTED in background (active_jobs=43)
[17:45:16] REQUEST: 44 - STARTED in background (active_jobs=44)
[17:45:16] REQUEST: 45 - STARTED in background (active_jobs=45)
[17:45:16] REQUEST: 46 - STARTED in background (active_jobs=46)
[17:45:16] REQUEST: 47 - STARTED in background (active_jobs=47)
[17:45:16] REQUEST: 48 - STARTED in background (active_jobs=48)
[17:45:16] REQUEST: 49 - STARTED in background (active_jobs=49)
[17:45:16] REQUEST: 50 - STARTED in background (active_jobs=50)
[17:45:16] REQUEST: 51 - STARTED in background (active_jobs=51)
[17:45:16] REQUEST: 52 - STARTED in background (active_jobs=52)
[17:45:16] REQUEST: 53 - STARTED in background (active_jobs=53)
[17:45:16] REQUEST: 54 - STARTED in background (active_jobs=54)
[17:45:16] REQUEST: 55 - STARTED in background (active_jobs=55)
[17:45:16] REQUEST: 56 - STARTED in background (active_jobs=56)
[17:45:16] REQUEST: 57 - STARTED in background (active_jobs=57)
[17:45:16] REQUEST: 58 - STARTED in background (active_jobs=58)
[17:45:16] REQUEST: 59 - STARTED in background (active_jobs=59)
[17:45:16] REQUEST: 60 - STARTED in background (active_jobs=60)
[17:45:16] REQUEST: 61 - STARTED in background (active_jobs=61)
[17:45:16] REQUEST: 62 - STARTED in background (active_jobs=62)
[17:45:16] REQUEST: 63 - STARTED in background (active_jobs=63)
[17:45:16] REQUEST: 64 - STARTED in background (active_jobs=64)
[17:45:16] REQUEST: 65 - STARTED in background (active_jobs=65)
[17:45:16] REQUEST: 66 - STARTED in background (active_jobs=66)
[17:45:16] REQUEST: 67 - STARTED in background (active_jobs=67)
[17:45:16] REQUEST: 68 - STARTED in background (active_jobs=68)
[17:45:16] REQUEST: 69 - STARTED in background (active_jobs=69)
[17:45:16] REQUEST: 70 - STARTED in background (active_jobs=70)
[17:45:16] REQUEST: 71 - STARTED in background (active_jobs=71)
[17:45:16] REQUEST: 72 - STARTED in background (active_jobs=72)
[17:45:16] REQUEST: 73 - STARTED in background (active_jobs=73)
[17:45:16] REQUEST: 74 - STARTED in background (active_jobs=74)
[17:45:16] REQUEST: 75 - STARTED in background (active_jobs=75)
[17:45:16] REQUEST: 76 - STARTED in background (active_jobs=76)
[17:45:16] REQUEST: 77 - STARTED in background (active_jobs=77)
[17:45:16] REQUEST: 78 - STARTED in background (active_jobs=78)
[17:45:16] REQUEST: 79 - STARTED in background (active_jobs=79)
[17:45:16] REQUEST: 80 - STARTED in background (active_jobs=80)
[17:45:16] REQUEST: 81 - STARTED in background (active_jobs=81)
[17:45:16] REQUEST: 82 - STARTED in background (active_jobs=82)
[17:45:16] REQUEST: 83 - STARTED in background (active_jobs=83)
[17:45:16] REQUEST: 84 - STARTED in background (active_jobs=84)
[17:45:16] REQUEST: 85 - STARTED in background (active_jobs=85)
[17:45:16] REQUEST: 86 - STARTED in background (active_jobs=86)
[17:45:16] REQUEST: 87 - STARTED in background (active_jobs=87)
[17:45:16] REQUEST: 88 - STARTED in background (active_jobs=88)
[17:45:16] REQUEST: 89 - STARTED in background (active_jobs=89)
[17:45:16] REQUEST: 90 - STARTED in background (active_jobs=90)
[17:45:16] REQUEST: 91 - STARTED in background (active_jobs=91)
[17:45:16] REQUEST: 92 - STARTED in background (active_jobs=92)
[17:45:16] REQUEST: 93 - STARTED in background (active_jobs=93)
[17:45:16] REQUEST: 94 - STARTED in background (active_jobs=94)
[17:45:16] REQUEST: 95 - STARTED in background (active_jobs=95)
[17:45:16] REQUEST: 96 - STARTED in background (active_jobs=96)
[17:45:16] REQUEST: 97 - STARTED in background (active_jobs=97)
[17:45:16] REQUEST: 98 - STARTED in background (active_jobs=98)
[17:45:16] REQUEST: 99 - STARTED in background (active_jobs=99)
[17:45:16] REQUEST: 100 - STARTED in background (active_jobs=100)
[17:45:16] REQUEST: 101 - STARTED in background (active_jobs=101)
[17:45:16] REQUEST: 102 - STARTED in background (active_jobs=102)
[17:45:16] REQUEST: 103 - STARTED in background (active_jobs=103)
[17:45:16] REQUEST: 104 - STARTED in background (active_jobs=104)
[17:45:16] REQUEST: 105 - STARTED in background (active_jobs=105)
[17:45:16] REQUEST: 106 - STARTED in background (active_jobs=106)
[17:45:16] REQUEST: 107 - STARTED in background (active_jobs=107)
[17:45:16] REQUEST: 108 - STARTED in background (active_jobs=108)
[17:45:17] REQUEST: 109 - STARTED in background (active_jobs=109)
[17:45:17] REQUEST: 110 - STARTED in background (active_jobs=110)
[17:45:17] REQUEST: 111 - STARTED in background (active_jobs=111)
[17:45:17] REQUEST: 112 - STARTED in background (active_jobs=112)
[17:45:17] REQUEST: 113 - STARTED in background (active_jobs=113)
[17:45:17] REQUEST: 114 - STARTED in background (active_jobs=114)
[17:45:17] REQUEST: 115 - STARTED in background (active_jobs=115)
[17:45:17] REQUEST: 116 - STARTED in background (active_jobs=116)
[17:45:17] REQUEST: 117 - STARTED in background (active_jobs=117)
[17:45:17] REQUEST: 118 - STARTED in background (active_jobs=118)
[17:45:17] REQUEST: 119 - STARTED in background (active_jobs=119)
[17:45:17] REQUEST: 120 - STARTED in background (active_jobs=120)
[17:45:17] REQUEST: 121 - STARTED in background (active_jobs=121)
[17:45:17] REQUEST: 122 - STARTED in background (active_jobs=122)
[17:45:17] REQUEST: 123 - STARTED in background (active_jobs=123)
[17:45:17] REQUEST: 124 - STARTED in background (active_jobs=124)
[17:45:17] REQUEST: 125 - STARTED in background (active_jobs=125)
[17:45:17] REQUEST: 3 - COMPLETED
[17:45:17] REQUEST: 126 - STARTED in background (active_jobs=126)
[17:45:17] REQUEST: 127 - STARTED in background (active_jobs=127)
[17:45:17] REQUEST: 128 - STARTED in background (active_jobs=128)
[17:45:17] REQUEST: 129 - STARTED in background (active_jobs=129)
[17:45:17] REQUEST: 130 - STARTED in background (active_jobs=130)
[17:45:17] REQUEST: 131 - STARTED in background (active_jobs=131)
[17:45:17] REQUEST: 132 - STARTED in background (active_jobs=132)
[17:45:17] REQUEST: 133 - STARTED in background (active_jobs=133)
[17:45:17] REQUEST: 134 - STARTED in background (active_jobs=134)
[17:45:17] REQUEST: 135 - STARTED in background (active_jobs=135)
[17:45:17] REQUEST: 136 - STARTED in background (active_jobs=136)
[17:45:17] REQUEST: 137 - STARTED in background (active_jobs=137)
[17:45:17] REQUEST: 138 - STARTED in background (active_jobs=138)
[17:45:17] REQUEST: 139 - STARTED in background (active_jobs=139)
[17:45:17] REQUEST: 140 - STARTED in background (active_jobs=140)
[17:45:17] REQUEST: 141 - STARTED in background (active_jobs=141)
[17:45:17] REQUEST: 142 - STARTED in background (active_jobs=142)
[17:45:17] REQUEST: 143 - STARTED in background (active_jobs=143)
[17:45:17] REQUEST: 144 - STARTED in background (active_jobs=144)
[17:45:17] REQUEST: 145 - STARTED in background (active_jobs=145)
[17:45:17] REQUEST: 146 - STARTED in background (active_jobs=146)
[17:45:17] REQUEST: 147 - STARTED in background (active_jobs=147)
[17:45:17] REQUEST: 148 - STARTED in background (active_jobs=148)
[17:45:17] REQUEST: 149 - STARTED in background (active_jobs=149)
[17:45:17] REQUEST: 150 - STARTED in background (active_jobs=150)
[17:45:17] REQUEST: 151 - STARTED in background (active_jobs=151)
[17:45:17] REQUEST: 152 - STARTED in background (active_jobs=152)
[17:45:17] REQUEST: 153 - STARTED in background (active_jobs=153)
[17:45:17] REQUEST: 154 - STARTED in background (active_jobs=154)
[17:45:17] REQUEST: 155 - STARTED in background (active_jobs=155)
[17:45:17] REQUEST: 156 - STARTED in background (active_jobs=156)
[17:45:17] REQUEST: 157 - STARTED in background (active_jobs=157)
[17:45:17] REQUEST: 158 - STARTED in background (active_jobs=158)
[17:45:17] REQUEST: 159 - STARTED in background (active_jobs=159)
[17:45:17] REQUEST: 160 - STARTED in background (active_jobs=160)
[17:45:17] REQUEST: 161 - STARTED in background (active_jobs=161)
[17:45:17] REQUEST: 162 - STARTED in background (active_jobs=162)
[17:45:17] REQUEST: 163 - STARTED in background (active_jobs=163)
[17:45:17] REQUEST: 164 - STARTED in background (active_jobs=164)
[17:45:17] REQUEST: 165 - STARTED in background (active_jobs=165)
[17:45:17] REQUEST: 166 - STARTED in background (active_jobs=166)
[17:45:17] REQUEST: 167 - STARTED in background (active_jobs=167)
[17:45:17] REQUEST: 168 - STARTED in background (active_jobs=168)
[17:45:17] REQUEST: 169 - STARTED in background (active_jobs=169)
[17:45:17] REQUEST: 170 - STARTED in background (active_jobs=170)
[17:45:17] REQUEST: 171 - STARTED in background (active_jobs=171)
[17:45:17] REQUEST: 172 - STARTED in background (active_jobs=172)
[17:45:17] REQUEST: 173 - STARTED in background (active_jobs=173)
[17:45:17] REQUEST: 5 - COMPLETED
[17:45:17] REQUEST: 174 - STARTED in background (active_jobs=174)
[17:45:17] REQUEST: 175 - STARTED in background (active_jobs=175)
[17:45:17] REQUEST: 176 - STARTED in background (active_jobs=176)
[17:45:17] REQUEST: 177 - STARTED in background (active_jobs=177)
[17:45:17] REQUEST: 178 - STARTED in background (active_jobs=178)
[17:45:17] REQUEST: 179 - STARTED in background (active_jobs=179)
[17:45:17] REQUEST: 180 - STARTED in background (active_jobs=180)
[17:45:17] REQUEST: 181 - STARTED in background (active_jobs=181)
[17:45:17] REQUEST: 182 - STARTED in background (active_jobs=182)
[17:45:17] REQUEST: 183 - STARTED in background (active_jobs=183)
[17:45:17] REQUEST: 184 - STARTED in background (active_jobs=184)
[17:45:17] REQUEST: 185 - STARTED in background (active_jobs=185)
[17:45:17] REQUEST: 186 - STARTED in background (active_jobs=186)
[17:45:17] REQUEST: 187 - STARTED in background (active_jobs=187)
[17:45:17] REQUEST: 188 - STARTED in background (active_jobs=188)
[17:45:17] REQUEST: 189 - STARTED in background (active_jobs=189)
[17:45:17] REQUEST: 190 - STARTED in background (active_jobs=190)
[17:45:17] REQUEST: 191 - STARTED in background (active_jobs=191)
[17:45:17] REQUEST: 192 - STARTED in background (active_jobs=192)
[17:45:17] REQUEST: 193 - STARTED in background (active_jobs=193)
[17:45:17] REQUEST: 194 - STARTED in background (active_jobs=194)
[17:45:17] REQUEST: 195 - STARTED in background (active_jobs=195)
[17:45:17] REQUEST: 196 - STARTED in background (active_jobs=196)
[17:45:17] REQUEST: 197 - STARTED in background (active_jobs=197)
[17:45:17] REQUEST: 198 - STARTED in background (active_jobs=198)
[17:45:17] REQUEST: 199 - STARTED in background (active_jobs=199)
[17:45:17] REQUEST: 200 - STARTED in background (active_jobs=200)
[17:45:17] REQUEST: 201 - STARTED in background (active_jobs=201)
[17:45:17] REQUEST: 202 - STARTED in background (active_jobs=202)
[17:45:17] REQUEST: 203 - STARTED in background (active_jobs=203)
[17:45:17] REQUEST: 204 - STARTED in background (active_jobs=204)
[17:45:17] REQUEST: 205 - STARTED in background (active_jobs=205)
[17:45:17] REQUEST: 206 - STARTED in background (active_jobs=206)
[17:45:17] REQUEST: 207 - STARTED in background (active_jobs=207)
[17:45:17] REQUEST: 208 - STARTED in background (active_jobs=208)
[17:45:17] REQUEST: 209 - STARTED in background (active_jobs=209)
[17:45:17] REQUEST: 210 - STARTED in background (active_jobs=210)
[17:45:17] REQUEST: 211 - STARTED in background (active_jobs=211)
[17:45:17] REQUEST: 1 - COMPLETED
[17:45:17] REQUEST: 212 - STARTED in background (active_jobs=212)
[17:45:17] REQUEST: 213 - STARTED in background (active_jobs=213)
[17:45:17] REQUEST: 214 - STARTED in background (active_jobs=214)
[17:45:17] REQUEST: 4 - COMPLETED
[17:45:17] REQUEST: 215 - STARTED in background (active_jobs=215)
[17:45:17] REQUEST: 216 - STARTED in background (active_jobs=216)
[17:45:17] REQUEST: 217 - STARTED in background (active_jobs=217)
[17:45:17] REQUEST: 218 - STARTED in background (active_jobs=218)
[17:45:17] REQUEST: 219 - STARTED in background (active_jobs=219)
[17:45:17] REQUEST: 220 - STARTED in background (active_jobs=220)
[17:45:17] REQUEST: 221 - STARTED in background (active_jobs=221)
[17:45:17] REQUEST: 222 - STARTED in background (active_jobs=222)
[17:45:17] REQUEST: 223 - STARTED in background (active_jobs=223)
[17:45:17] REQUEST: 224 - STARTED in background (active_jobs=224)
[17:45:17] REQUEST: 225 - STARTED in background (active_jobs=225)
[17:45:17] REQUEST: 226 - STARTED in background (active_jobs=226)
[17:45:17] REQUEST: 227 - STARTED in background (active_jobs=227)
[17:45:17] REQUEST: 228 - STARTED in background (active_jobs=228)
[17:45:17] REQUEST: 229 - STARTED in background (active_jobs=229)
[17:45:17] REQUEST: 230 - STARTED in background (active_jobs=230)
[17:45:17] REQUEST: 231 - STARTED in background (active_jobs=231)
[17:45:17] REQUEST: 232 - STARTED in background (active_jobs=232)
[17:45:17] REQUEST: 233 - STARTED in background (active_jobs=233)
[17:45:17] REQUEST: 234 - STARTED in background (active_jobs=234)
[17:45:17] REQUEST: 235 - STARTED in background (active_jobs=235)
[17:45:17] REQUEST: 236 - STARTED in background (active_jobs=236)
[17:45:17] REQUEST: 237 - STARTED in background (active_jobs=237)
[17:45:17] REQUEST: 238 - STARTED in background (active_jobs=238)
[17:45:17] REQUEST: 239 - STARTED in background (active_jobs=239)
[17:45:17] REQUEST: 240 - STARTED in background (active_jobs=240)
[17:45:17] REQUEST: 241 - STARTED in background (active_jobs=241)
[17:45:17] REQUEST: 242 - STARTED in background (active_jobs=242)
[17:45:17] REQUEST: 243 - STARTED in background (active_jobs=243)
[17:45:17] REQUEST: 244 - STARTED in background (active_jobs=244)
[17:45:17] REQUEST: 245 - STARTED in background (active_jobs=245)
[17:45:17] REQUEST: 246 - STARTED in background (active_jobs=246)
[17:45:17] REQUEST: 247 - STARTED in background (active_jobs=247)
[17:45:17] REQUEST: 248 - STARTED in background (active_jobs=248)
[17:45:17] REQUEST: 249 - STARTED in background (active_jobs=249)
[17:45:17] REQUEST: 250 - STARTED in background (active_jobs=250)
[17:45:17] REQUEST: 251 - STARTED in background (active_jobs=251)
[17:45:17] REQUEST: 252 - STARTED in background (active_jobs=252)
[17:45:17] REQUEST: 253 - STARTED in background (active_jobs=253)
[17:45:17] REQUEST: 254 - STARTED in background (active_jobs=254)
[17:45:17] REQUEST: 255 - STARTED in background (active_jobs=255)
[17:45:17] REQUEST: 256 - STARTED in background (active_jobs=256)
[17:45:17] REQUEST: 257 - STARTED in background (active_jobs=257)
[17:45:17] REQUEST: 258 - STARTED in background (active_jobs=258)
[17:45:17] REQUEST: 259 - STARTED in background (active_jobs=259)
[17:45:17] REQUEST: 260 - STARTED in background (active_jobs=260)
[17:45:17] REQUEST: 261 - STARTED in background (active_jobs=261)
[17:45:17] REQUEST: 262 - STARTED in background (active_jobs=262)
[17:45:17] REQUEST: 263 - STARTED in background (active_jobs=263)
[17:45:17] REQUEST: 264 - STARTED in background (active_jobs=264)
[17:45:17] REQUEST: 265 - STARTED in background (active_jobs=265)
[17:45:17] REQUEST: 63 - COMPLETED
[17:45:17] REQUEST: 266 - STARTED in background (active_jobs=266)
[17:45:17] REQUEST: 267 - STARTED in background (active_jobs=267)
[17:45:17] REQUEST: 268 - STARTED in background (active_jobs=268)
[17:45:17] REQUEST: 269 - STARTED in background (active_jobs=269)
[17:45:17] REQUEST: 270 - STARTED in background (active_jobs=270)
[17:45:17] REQUEST: 271 - STARTED in background (active_jobs=271)
[17:45:17] REQUEST: 272 - STARTED in background (active_jobs=272)
[17:45:17] REQUEST: 11 - COMPLETED
[17:45:17] REQUEST: 273 - STARTED in background (active_jobs=273)
[17:45:17] REQUEST: 12 - COMPLETED
[17:45:17] REQUEST: 274 - STARTED in background (active_jobs=274)
[17:45:17] REQUEST: 275 - STARTED in background (active_jobs=275)
[17:45:17] REQUEST: 276 - STARTED in background (active_jobs=276)
[17:45:17] REQUEST: 277 - STARTED in background (active_jobs=277)
[17:45:17] REQUEST: 278 - STARTED in background (active_jobs=278)
[17:45:17] REQUEST: 279 - STARTED in background (active_jobs=279)
[17:45:17] REQUEST: 280 - STARTED in background (active_jobs=280)
[17:45:17] REQUEST: 281 - STARTED in background (active_jobs=281)
[17:45:17] REQUEST: 282 - STARTED in background (active_jobs=282)
[17:45:17] REQUEST: 283 - STARTED in background (active_jobs=283)
[17:45:17] REQUEST: 284 - STARTED in background (active_jobs=284)
[17:45:17] REQUEST: 285 - STARTED in background (active_jobs=285)
[17:45:17] REQUEST: 286 - STARTED in background (active_jobs=286)
[17:45:17] REQUEST: 287 - STARTED in background (active_jobs=287)
[17:45:17] REQUEST: 288 - STARTED in background (active_jobs=288)
[17:45:17] REQUEST: 289 - STARTED in background (active_jobs=289)
[17:45:17] REQUEST: 290 - STARTED in background (active_jobs=290)
[17:45:17] REQUEST: 291 - STARTED in background (active_jobs=291)
[17:45:17] REQUEST: 292 - STARTED in background (active_jobs=292)
[17:45:17] REQUEST: 293 - STARTED in background (active_jobs=293)
[17:45:17] REQUEST: 294 - STARTED in background (active_jobs=294)
[17:45:17] REQUEST: 295 - STARTED in background (active_jobs=295)
[17:45:17] REQUEST: 296 - STARTED in background (active_jobs=296)
[17:45:17] REQUEST: 297 - STARTED in background (active_jobs=297)
[17:45:17] REQUEST: 298 - STARTED in background (active_jobs=298)
[17:45:17] REQUEST: 7 - COMPLETED
[17:45:17] REQUEST: 299 - STARTED in background (active_jobs=299)
[17:45:17] REQUEST: 300 - STARTED in background (active_jobs=300)
[17:45:17] REQUEST: 301 - STARTED in background (active_jobs=301)
[17:45:17] REQUEST: 302 - STARTED in background (active_jobs=302)
[17:45:17] REQUEST: 303 - STARTED in background (active_jobs=303)
[17:45:17] REQUEST: 304 - STARTED in background (active_jobs=304)
[17:45:17] REQUEST: 305 - STARTED in background (active_jobs=305)
[17:45:17] REQUEST: 306 - STARTED in background (active_jobs=306)
[17:45:17] REQUEST: 307 - STARTED in background (active_jobs=307)
[17:45:17] REQUEST: 308 - STARTED in background (active_jobs=308)
[17:45:17] REQUEST: 309 - STARTED in background (active_jobs=309)
[17:45:17] REQUEST: 310 - STARTED in background (active_jobs=310)
[17:45:17] REQUEST: 311 - STARTED in background (active_jobs=311)
[17:45:17] REQUEST: 312 - STARTED in background (active_jobs=312)
[17:45:17] REQUEST: 313 - STARTED in background (active_jobs=313)
[17:45:17] REQUEST: 314 - STARTED in background (active_jobs=314)
[17:45:17] REQUEST: 315 - STARTED in background (active_jobs=315)
[17:45:17] REQUEST: 10 - COMPLETED
[17:45:17] REQUEST: 316 - STARTED in background (active_jobs=316)
[17:45:17] REQUEST: 317 - STARTED in background (active_jobs=317)
[17:45:17] REQUEST: 318 - STARTED in background (active_jobs=318)
[17:45:17] REQUEST: 319 - STARTED in background (active_jobs=319)
[17:45:17] REQUEST: 320 - STARTED in background (active_jobs=320)
[17:45:17] REQUEST: 321 - STARTED in background (active_jobs=321)
[17:45:17] REQUEST: 322 - STARTED in background (active_jobs=322)
[17:45:17] REQUEST: 323 - STARTED in background (active_jobs=323)
[17:45:17] REQUEST: 324 - STARTED in background (active_jobs=324)
[17:45:17] REQUEST: 325 - STARTED in background (active_jobs=325)
[17:45:17] REQUEST: 326 - STARTED in background (active_jobs=326)
[17:45:17] REQUEST: 327 - STARTED in background (active_jobs=327)
[17:45:17] REQUEST: 328 - STARTED in background (active_jobs=328)
[17:45:17] REQUEST: 329 - STARTED in background (active_jobs=329)
[17:45:17] REQUEST: 330 - STARTED in background (active_jobs=330)
[17:45:17] REQUEST: 331 - STARTED in background (active_jobs=331)
[17:45:17] REQUEST: 332 - STARTED in background (active_jobs=332)
[17:45:17] REQUEST: 333 - STARTED in background (active_jobs=333)
[17:45:17] REQUEST: 334 - STARTED in background (active_jobs=334)
[17:45:17] REQUEST: 335 - STARTED in background (active_jobs=335)
[17:45:17] REQUEST: 336 - STARTED in background (active_jobs=336)
[17:45:17] REQUEST: 337 - STARTED in background (active_jobs=337)
[17:45:17] REQUEST: 338 - STARTED in background (active_jobs=338)
[17:45:17] REQUEST: 339 - STARTED in background (active_jobs=339)
[17:45:17] REQUEST: 340 - STARTED in background (active_jobs=340)
[17:45:17] REQUEST: 341 - STARTED in background (active_jobs=341)
[17:45:17] REQUEST: 342 - STARTED in background (active_jobs=342)
[17:45:17] REQUEST: 343 - STARTED in background (active_jobs=343)
[17:45:17] REQUEST: 344 - STARTED in background (active_jobs=344)
[17:45:17] REQUEST: 345 - STARTED in background (active_jobs=345)
[17:45:17] REQUEST: 346 - STARTED in background (active_jobs=346)
[17:45:17] REQUEST: 347 - STARTED in background (active_jobs=347)
[17:45:17] REQUEST: 348 - STARTED in background (active_jobs=348)
[17:45:17] REQUEST: 349 - STARTED in background (active_jobs=349)
[17:45:17] REQUEST: 350 - STARTED in background (active_jobs=350)
[17:45:17] REQUEST: 351 - STARTED in background (active_jobs=351)
[17:45:17] REQUEST: 352 - STARTED in background (active_jobs=352)
[17:45:17] REQUEST: 353 - STARTED in background (active_jobs=353)
[17:45:17] REQUEST: 354 - STARTED in background (active_jobs=354)
[17:45:17] REQUEST: 355 - STARTED in background (active_jobs=355)
[17:45:17] REQUEST: 356 - STARTED in background (active_jobs=356)
[17:45:17] REQUEST: 357 - STARTED in background (active_jobs=357)
[17:45:17] REQUEST: 358 - STARTED in background (active_jobs=358)
[17:45:17] REQUEST: 359 - STARTED in background (active_jobs=359)
[17:45:17] REQUEST: 360 - STARTED in background (active_jobs=360)
[17:45:17] REQUEST: 361 - STARTED in background (active_jobs=361)
[17:45:17] REQUEST: 362 - STARTED in background (active_jobs=362)
[17:45:17] REQUEST: 363 - STARTED in background (active_jobs=363)
[17:45:17] REQUEST: 364 - STARTED in background (active_jobs=364)
[17:45:17] REQUEST: 365 - STARTED in background (active_jobs=365)
[17:45:17] REQUEST: 366 - STARTED in background (active_jobs=366)
[17:45:17] REQUEST: 367 - STARTED in background (active_jobs=367)
[17:45:17] REQUEST: 368 - STARTED in background (active_jobs=368)
[17:45:17] REQUEST: 369 - STARTED in background (active_jobs=369)
[17:45:17] REQUEST: 370 - STARTED in background (active_jobs=370)
[17:45:17] REQUEST: 371 - STARTED in background (active_jobs=371)
[17:45:17] REQUEST: 372 - STARTED in background (active_jobs=372)
[17:45:17] REQUEST: 373 - STARTED in background (active_jobs=373)
[17:45:17] REQUEST: 374 - STARTED in background (active_jobs=374)
[17:45:17] REQUEST: 375 - STARTED in background (active_jobs=375)
[17:45:17] REQUEST: 376 - STARTED in background (active_jobs=376)
[17:45:17] REQUEST: 377 - STARTED in background (active_jobs=377)
[17:45:17] REQUEST: 378 - STARTED in background (active_jobs=378)
[17:45:17] REQUEST: 379 - STARTED in background (active_jobs=379)
[17:45:17] REQUEST: 380 - STARTED in background (active_jobs=380)
[17:45:17] REQUEST: 381 - STARTED in background (active_jobs=381)
[17:45:17] REQUEST: 382 - STARTED in background (active_jobs=382)
[17:45:17] REQUEST: 383 - STARTED in background (active_jobs=383)
[17:45:17] REQUEST: 384 - STARTED in background (active_jobs=384)
[17:45:17] REQUEST: 385 - STARTED in background (active_jobs=385)
[17:45:17] REQUEST: 386 - STARTED in background (active_jobs=386)
[17:45:17] REQUEST: 387 - STARTED in background (active_jobs=387)
[17:45:17] REQUEST: 388 - STARTED in background (active_jobs=388)
[17:45:17] REQUEST: 389 - STARTED in background (active_jobs=389)
[17:45:17] REQUEST: 390 - STARTED in background (active_jobs=390)
[17:45:17] REQUEST: 391 - STARTED in background (active_jobs=391)
[17:45:17] REQUEST: 392 - STARTED in background (active_jobs=392)
[17:45:17] REQUEST: 393 - STARTED in background (active_jobs=393)
[17:45:17] REQUEST: 394 - STARTED in background (active_jobs=394)
[17:45:17] REQUEST: 395 - STARTED in background (active_jobs=395)
[17:45:17] REQUEST: 396 - STARTED in background (active_jobs=396)
[17:45:17] REQUEST: 397 - STARTED in background (active_jobs=397)
[17:45:17] REQUEST: 398 - STARTED in background (active_jobs=398)
[17:45:17] REQUEST: 399 - STARTED in background (active_jobs=399)
[17:45:17] REQUEST: 400 - STARTED in background (active_jobs=400)
[17:45:17] WAITING -> active_jobs=400
[17:45:17] RESUMING -> a request finished (active_jobs=399)
[17:45:17] ALL REQUESTS LAUNCHED
[17:45:17] WAITING for remaining requests to finish (active_jobs=399)
[17:45:17] REQUEST: 17 - COMPLETED
[17:45:17] REQUEST COMPLETED -> remaining active_jobs=398
[17:45:17] WAITING for remaining requests to finish (active_jobs=398)
[17:45:17] REQUEST COMPLETED -> remaining active_jobs=397
[17:45:17] WAITING for remaining requests to finish (active_jobs=397)
[17:45:17] REQUEST COMPLETED -> remaining active_jobs=396
[17:45:17] WAITING for remaining requests to finish (active_jobs=396)
[17:45:17] REQUEST COMPLETED -> remaining active_jobs=395
[17:45:17] WAITING for remaining requests to finish (active_jobs=395)
[17:45:17] REQUEST COMPLETED -> remaining active_jobs=394
[17:45:17] WAITING for remaining requests to finish (active_jobs=394)
[17:45:17] REQUEST COMPLETED -> remaining active_jobs=393
[17:45:17] WAITING for remaining requests to finish (active_jobs=393)
[17:45:17] REQUEST COMPLETED -> remaining active_jobs=392
[17:45:17] WAITING for remaining requests to finish (active_jobs=392)
[17:45:17] REQUEST COMPLETED -> remaining active_jobs=391
[17:45:17] WAITING for remaining requests to finish (active_jobs=391)
[17:45:17] REQUEST COMPLETED -> remaining active_jobs=390
[17:45:17] WAITING for remaining requests to finish (active_jobs=390)
[17:45:18] REQUEST: 23 - COMPLETED
[17:45:18] REQUEST COMPLETED -> remaining active_jobs=389
[17:45:18] WAITING for remaining requests to finish (active_jobs=389)
[17:45:18] REQUEST: 58 - COMPLETED
[17:45:18] REQUEST COMPLETED -> remaining active_jobs=388
[17:45:18] WAITING for remaining requests to finish (active_jobs=388)
[17:45:18] REQUEST: 8 - COMPLETED
[17:45:18] REQUEST COMPLETED -> remaining active_jobs=387
[17:45:18] WAITING for remaining requests to finish (active_jobs=387)
[17:45:18] REQUEST: 28 - COMPLETED
[17:45:18] REQUEST COMPLETED -> remaining active_jobs=386
[17:45:18] WAITING for remaining requests to finish (active_jobs=386)
[17:45:18] REQUEST: 34 - COMPLETED
[17:45:18] REQUEST COMPLETED -> remaining active_jobs=385
[17:45:18] WAITING for remaining requests to finish (active_jobs=385)
[17:45:18] REQUEST: 15 - COMPLETED
[17:45:18] REQUEST COMPLETED -> remaining active_jobs=384
[17:45:18] WAITING for remaining requests to finish (active_jobs=384)
[17:45:18] REQUEST: 47 - COMPLETED
[17:45:18] REQUEST COMPLETED -> remaining active_jobs=383
[17:45:18] WAITING for remaining requests to finish (active_jobs=383)
[17:45:18] REQUEST: 2 - COMPLETED
[17:45:18] REQUEST COMPLETED -> remaining active_jobs=382
[17:45:18] WAITING for remaining requests to finish (active_jobs=382)
[17:45:18] REQUEST: 6 - COMPLETED
[17:45:18] REQUEST COMPLETED -> remaining active_jobs=381
[17:45:18] WAITING for remaining requests to finish (active_jobs=381)
[17:45:18] REQUEST: 32 - COMPLETED
[17:45:18] REQUEST COMPLETED -> remaining active_jobs=380
[17:45:18] WAITING for remaining requests to finish (active_jobs=380)
[17:45:19] REQUEST: 26 - COMPLETED
[17:45:19] REQUEST COMPLETED -> remaining active_jobs=379
[17:45:19] WAITING for remaining requests to finish (active_jobs=379)
[17:45:19] REQUEST: 78 - COMPLETED
[17:45:19] REQUEST COMPLETED -> remaining active_jobs=378
[17:45:19] WAITING for remaining requests to finish (active_jobs=378)
[17:45:19] REQUEST: 24 - COMPLETED
[17:45:19] REQUEST COMPLETED -> remaining active_jobs=377
[17:45:19] WAITING for remaining requests to finish (active_jobs=377)
[17:45:19] REQUEST: 16 - COMPLETED
[17:45:19] REQUEST COMPLETED -> remaining active_jobs=376
[17:45:19] WAITING for remaining requests to finish (active_jobs=376)
[17:45:19] REQUEST: 25 - COMPLETED
[17:45:19] REQUEST COMPLETED -> remaining active_jobs=375
[17:45:19] WAITING for remaining requests to finish (active_jobs=375)
[17:45:19] REQUEST: 186 - COMPLETED
[17:45:19] REQUEST COMPLETED -> remaining active_jobs=374
[17:45:19] WAITING for remaining requests to finish (active_jobs=374)
[17:45:19] REQUEST: 13 - COMPLETED
[17:45:19] REQUEST COMPLETED -> remaining active_jobs=373
[17:45:19] WAITING for remaining requests to finish (active_jobs=373)
[17:45:19] REQUEST: 100 - COMPLETED
[17:45:19] REQUEST COMPLETED -> remaining active_jobs=372
[17:45:19] WAITING for remaining requests to finish (active_jobs=372)
[17:45:20] REQUEST: 116 - COMPLETED
[17:45:20] REQUEST COMPLETED -> remaining active_jobs=371
[17:45:20] WAITING for remaining requests to finish (active_jobs=371)
[17:45:20] REQUEST: 53 - COMPLETED
[17:45:20] REQUEST COMPLETED -> remaining active_jobs=370
[17:45:20] WAITING for remaining requests to finish (active_jobs=370)
[17:45:20] REQUEST: 190 - COMPLETED
[17:45:20] REQUEST COMPLETED -> remaining active_jobs=369
[17:45:20] WAITING for remaining requests to finish (active_jobs=369)
[17:45:20] REQUEST: 33 - COMPLETED
[17:45:20] REQUEST COMPLETED -> remaining active_jobs=368
[17:45:20] WAITING for remaining requests to finish (active_jobs=368)
[17:45:20] REQUEST: 209 - COMPLETED
[17:45:20] REQUEST COMPLETED -> remaining active_jobs=367
[17:45:20] WAITING for remaining requests to finish (active_jobs=367)
[17:45:20] REQUEST: 38 - COMPLETED
[17:45:20] REQUEST COMPLETED -> remaining active_jobs=366
[17:45:20] WAITING for remaining requests to finish (active_jobs=366)
[17:45:20] REQUEST: 170 - COMPLETED
[17:45:20] REQUEST COMPLETED -> remaining active_jobs=365
[17:45:20] WAITING for remaining requests to finish (active_jobs=365)
[17:45:20] REQUEST: 67 - COMPLETED
[17:45:20] REQUEST COMPLETED -> remaining active_jobs=364
[17:45:20] WAITING for remaining requests to finish (active_jobs=364)
[17:45:20] REQUEST: 98 - COMPLETED
[17:45:20] REQUEST COMPLETED -> remaining active_jobs=363
[17:45:20] WAITING for remaining requests to finish (active_jobs=363)
[17:45:20] REQUEST: 252 - COMPLETED
[17:45:20] REQUEST COMPLETED -> remaining active_jobs=362
[17:45:20] WAITING for remaining requests to finish (active_jobs=362)
[17:45:20] REQUEST: 248 - COMPLETED
[17:45:20] REQUEST COMPLETED -> remaining active_jobs=361
[17:45:20] WAITING for remaining requests to finish (active_jobs=361)
[17:45:20] REQUEST: 20 - COMPLETED
[17:45:20] REQUEST COMPLETED -> remaining active_jobs=360
[17:45:20] WAITING for remaining requests to finish (active_jobs=360)
[17:45:20] REQUEST: 31 - COMPLETED
[17:45:20] REQUEST COMPLETED -> remaining active_jobs=359
[17:45:20] WAITING for remaining requests to finish (active_jobs=359)
[17:45:20] REQUEST: 244 - COMPLETED
[17:45:20] REQUEST COMPLETED -> remaining active_jobs=358
[17:45:20] WAITING for remaining requests to finish (active_jobs=358)
[17:45:21] REQUEST: 142 - COMPLETED
[17:45:21] REQUEST COMPLETED -> remaining active_jobs=357
[17:45:21] WAITING for remaining requests to finish (active_jobs=357)
[17:45:21] REQUEST: 46 - COMPLETED
[17:45:21] REQUEST COMPLETED -> remaining active_jobs=356
[17:45:21] WAITING for remaining requests to finish (active_jobs=356)
[17:45:21] REQUEST: 54 - COMPLETED
[17:45:21] REQUEST COMPLETED -> remaining active_jobs=355
[17:45:21] WAITING for remaining requests to finish (active_jobs=355)
[17:45:21] REQUEST: 178 - COMPLETED
[17:45:21] REQUEST COMPLETED -> remaining active_jobs=354
[17:45:21] WAITING for remaining requests to finish (active_jobs=354)
[17:45:21] REQUEST: 237 - COMPLETED
[17:45:21] REQUEST COMPLETED -> remaining active_jobs=353
[17:45:21] WAITING for remaining requests to finish (active_jobs=353)
[17:45:21] REQUEST: 75 - COMPLETED
[17:45:21] REQUEST COMPLETED -> remaining active_jobs=352
[17:45:21] WAITING for remaining requests to finish (active_jobs=352)
[17:45:21] REQUEST: 350 - COMPLETED
[17:45:21] REQUEST COMPLETED -> remaining active_jobs=351
[17:45:21] WAITING for remaining requests to finish (active_jobs=351)
[17:45:21] REQUEST: 255 - COMPLETED
[17:45:21] REQUEST COMPLETED -> remaining active_jobs=350
[17:45:21] WAITING for remaining requests to finish (active_jobs=350)
[17:45:21] REQUEST: 175 - COMPLETED
[17:45:21] REQUEST COMPLETED -> remaining active_jobs=349
[17:45:21] WAITING for remaining requests to finish (active_jobs=349)
[17:45:21] REQUEST: 317 - COMPLETED
[17:45:21] REQUEST COMPLETED -> remaining active_jobs=348
[17:45:21] WAITING for remaining requests to finish (active_jobs=348)
[17:45:21] REQUEST: 139 - COMPLETED
[17:45:21] REQUEST COMPLETED -> remaining active_jobs=347
[17:45:21] WAITING for remaining requests to finish (active_jobs=347)
[17:45:21] REQUEST: 246 - COMPLETED
[17:45:21] REQUEST COMPLETED -> remaining active_jobs=346
[17:45:21] WAITING for remaining requests to finish (active_jobs=346)
[17:45:21] REQUEST: 81 - COMPLETED
[17:45:21] REQUEST COMPLETED -> remaining active_jobs=345
[17:45:21] WAITING for remaining requests to finish (active_jobs=345)
[17:45:22] REQUEST: 64 - COMPLETED
[17:45:22] REQUEST COMPLETED -> remaining active_jobs=344
[17:45:22] WAITING for remaining requests to finish (active_jobs=344)
[17:45:22] REQUEST: 103 - COMPLETED
[17:45:22] REQUEST COMPLETED -> remaining active_jobs=343
[17:45:22] WAITING for remaining requests to finish (active_jobs=343)
[17:45:22] REQUEST: 399 - COMPLETED
[17:45:22] REQUEST COMPLETED -> remaining active_jobs=342
[17:45:22] WAITING for remaining requests to finish (active_jobs=342)
[17:45:22] REQUEST: 40 - COMPLETED
[17:45:22] REQUEST COMPLETED -> remaining active_jobs=341
[17:45:22] WAITING for remaining requests to finish (active_jobs=341)
[17:45:22] REQUEST: 59 - COMPLETED
[17:45:22] REQUEST COMPLETED -> remaining active_jobs=340
[17:45:22] WAITING for remaining requests to finish (active_jobs=340)
[17:45:22] REQUEST: 83 - COMPLETED
[17:45:22] REQUEST COMPLETED -> remaining active_jobs=339
[17:45:22] WAITING for remaining requests to finish (active_jobs=339)
[17:45:22] REQUEST: 35 - COMPLETED
[17:45:22] REQUEST COMPLETED -> remaining active_jobs=338
[17:45:22] WAITING for remaining requests to finish (active_jobs=338)
[17:45:22] REQUEST: 122 - COMPLETED
[17:45:22] REQUEST COMPLETED -> remaining active_jobs=337
[17:45:22] WAITING for remaining requests to finish (active_jobs=337)
[17:45:22] REQUEST: 226 - COMPLETED
[17:45:22] REQUEST COMPLETED -> remaining active_jobs=336
[17:45:22] WAITING for remaining requests to finish (active_jobs=336)
[17:45:22] REQUEST: 68 - COMPLETED
[17:45:22] REQUEST COMPLETED -> remaining active_jobs=335
[17:45:22] WAITING for remaining requests to finish (active_jobs=335)
[17:45:22] REQUEST: 167 - COMPLETED
[17:45:22] REQUEST COMPLETED -> remaining active_jobs=334
[17:45:22] WAITING for remaining requests to finish (active_jobs=334)
[17:45:22] REQUEST: 132 - COMPLETED
[17:45:22] REQUEST COMPLETED -> remaining active_jobs=333
[17:45:22] WAITING for remaining requests to finish (active_jobs=333)
[17:45:23] REQUEST: 92 - COMPLETED
[17:45:23] REQUEST COMPLETED -> remaining active_jobs=332
[17:45:23] WAITING for remaining requests to finish (active_jobs=332)
[17:45:23] REQUEST: 9 - COMPLETED
[17:45:23] REQUEST COMPLETED -> remaining active_jobs=331
[17:45:23] WAITING for remaining requests to finish (active_jobs=331)
[17:45:23] REQUEST: 14 - COMPLETED
[17:45:23] REQUEST COMPLETED -> remaining active_jobs=330
[17:45:23] WAITING for remaining requests to finish (active_jobs=330)
[17:45:23] REQUEST: 315 - COMPLETED
[17:45:23] REQUEST COMPLETED -> remaining active_jobs=329
[17:45:23] WAITING for remaining requests to finish (active_jobs=329)
[17:45:23] REQUEST: 225 - COMPLETED
[17:45:23] REQUEST COMPLETED -> remaining active_jobs=328
[17:45:23] WAITING for remaining requests to finish (active_jobs=328)
[17:45:23] REQUEST: 257 - COMPLETED
[17:45:23] REQUEST COMPLETED -> remaining active_jobs=327
[17:45:23] WAITING for remaining requests to finish (active_jobs=327)
[17:45:23] REQUEST: 365 - COMPLETED
[17:45:23] REQUEST COMPLETED -> remaining active_jobs=326
[17:45:23] WAITING for remaining requests to finish (active_jobs=326)
[17:45:23] REQUEST: 189 - COMPLETED
[17:45:23] REQUEST COMPLETED -> remaining active_jobs=325
[17:45:23] WAITING for remaining requests to finish (active_jobs=325)
[17:45:23] REQUEST: 70 - COMPLETED
[17:45:23] REQUEST COMPLETED -> remaining active_jobs=324
[17:45:23] WAITING for remaining requests to finish (active_jobs=324)
[17:45:23] REQUEST: 74 - COMPLETED
[17:45:23] REQUEST COMPLETED -> remaining active_jobs=323
[17:45:23] WAITING for remaining requests to finish (active_jobs=323)
[17:45:23] REQUEST: 265 - COMPLETED
[17:45:23] REQUEST COMPLETED -> remaining active_jobs=322
[17:45:23] WAITING for remaining requests to finish (active_jobs=322)
[17:45:23] REQUEST: 80 - COMPLETED
[17:45:23] REQUEST COMPLETED -> remaining active_jobs=321
[17:45:24] WAITING for remaining requests to finish (active_jobs=321)
[17:45:24] REQUEST: 163 - COMPLETED
[17:45:24] REQUEST COMPLETED -> remaining active_jobs=320
[17:45:24] WAITING for remaining requests to finish (active_jobs=320)
[17:45:24] REQUEST: 284 - COMPLETED
[17:45:24] REQUEST COMPLETED -> remaining active_jobs=319
[17:45:24] WAITING for remaining requests to finish (active_jobs=319)
[17:45:24] REQUEST: 44 - COMPLETED
[17:45:24] REQUEST COMPLETED -> remaining active_jobs=318
[17:45:24] WAITING for remaining requests to finish (active_jobs=318)
[17:45:24] REQUEST: 173 - COMPLETED
[17:45:24] REQUEST COMPLETED -> remaining active_jobs=317
[17:45:24] WAITING for remaining requests to finish (active_jobs=317)
[17:45:24] REQUEST: 57 - COMPLETED
[17:45:24] REQUEST COMPLETED -> remaining active_jobs=316
[17:45:24] WAITING for remaining requests to finish (active_jobs=316)
[17:45:24] REQUEST: 77 - COMPLETED
[17:45:24] REQUEST COMPLETED -> remaining active_jobs=315
[17:45:24] WAITING for remaining requests to finish (active_jobs=315)
[17:45:24] REQUEST: 291 - COMPLETED
[17:45:24] REQUEST COMPLETED -> remaining active_jobs=314
[17:45:24] WAITING for remaining requests to finish (active_jobs=314)
[17:45:24] REQUEST: 27 - COMPLETED
[17:45:24] REQUEST COMPLETED -> remaining active_jobs=313
[17:45:24] WAITING for remaining requests to finish (active_jobs=313)
[17:45:24] REQUEST: 128 - COMPLETED
[17:45:24] REQUEST COMPLETED -> remaining active_jobs=312
[17:45:24] WAITING for remaining requests to finish (active_jobs=312)
[17:45:24] REQUEST: 192 - COMPLETED
[17:45:24] REQUEST COMPLETED -> remaining active_jobs=311
[17:45:24] WAITING for remaining requests to finish (active_jobs=311)
[17:45:24] REQUEST: 371 - COMPLETED
[17:45:24] REQUEST COMPLETED -> remaining active_jobs=310
[17:45:24] WAITING for remaining requests to finish (active_jobs=310)
[17:45:24] REQUEST: 386 - COMPLETED
[17:45:24] REQUEST COMPLETED -> remaining active_jobs=309
[17:45:24] WAITING for remaining requests to finish (active_jobs=309)
[17:45:25] REQUEST: 283 - COMPLETED
[17:45:25] REQUEST COMPLETED -> remaining active_jobs=308
[17:45:25] WAITING for remaining requests to finish (active_jobs=308)
[17:45:25] REQUEST: 88 - COMPLETED
[17:45:25] REQUEST COMPLETED -> remaining active_jobs=307
[17:45:25] WAITING for remaining requests to finish (active_jobs=307)
[17:45:25] REQUEST: 41 - COMPLETED
[17:45:25] REQUEST COMPLETED -> remaining active_jobs=306
[17:45:25] WAITING for remaining requests to finish (active_jobs=306)
[17:45:25] REQUEST: 204 - COMPLETED
[17:45:25] REQUEST COMPLETED -> remaining active_jobs=305
[17:45:25] WAITING for remaining requests to finish (active_jobs=305)
[17:45:25] REQUEST: 288 - COMPLETED
[17:45:25] REQUEST COMPLETED -> remaining active_jobs=304
[17:45:25] WAITING for remaining requests to finish (active_jobs=304)
[17:45:25] REQUEST: 21 - COMPLETED
[17:45:25] REQUEST COMPLETED -> remaining active_jobs=303
[17:45:25] WAITING for remaining requests to finish (active_jobs=303)
[17:45:25] REQUEST: 151 - COMPLETED
[17:45:25] REQUEST COMPLETED -> remaining active_jobs=302
[17:45:25] WAITING for remaining requests to finish (active_jobs=302)
[17:45:25] REQUEST: 224 - COMPLETED
[17:45:25] REQUEST COMPLETED -> remaining active_jobs=301
[17:45:25] WAITING for remaining requests to finish (active_jobs=301)
[17:45:25] REQUEST: 181 - COMPLETED
[17:45:25] REQUEST COMPLETED -> remaining active_jobs=300
[17:45:25] WAITING for remaining requests to finish (active_jobs=300)
[17:45:25] REQUEST: 130 - COMPLETED
[17:45:25] REQUEST COMPLETED -> remaining active_jobs=299
[17:45:25] WAITING for remaining requests to finish (active_jobs=299)
[17:45:25] REQUEST: 267 - COMPLETED
[17:45:25] REQUEST COMPLETED -> remaining active_jobs=298
[17:45:25] WAITING for remaining requests to finish (active_jobs=298)
[17:45:25] REQUEST: 367 - COMPLETED
[17:45:25] REQUEST COMPLETED -> remaining active_jobs=297
[17:45:25] WAITING for remaining requests to finish (active_jobs=297)
[17:45:25] REQUEST: 29 - COMPLETED
[17:45:25] REQUEST COMPLETED -> remaining active_jobs=296
[17:45:25] WAITING for remaining requests to finish (active_jobs=296)
[17:45:26] REQUEST: 140 - COMPLETED
[17:45:26] REQUEST COMPLETED -> remaining active_jobs=295
[17:45:26] WAITING for remaining requests to finish (active_jobs=295)
[17:45:26] REQUEST: 160 - COMPLETED
[17:45:26] REQUEST COMPLETED -> remaining active_jobs=294
[17:45:26] WAITING for remaining requests to finish (active_jobs=294)
[17:45:26] REQUEST: 43 - COMPLETED
[17:45:26] REQUEST COMPLETED -> remaining active_jobs=293
[17:45:26] WAITING for remaining requests to finish (active_jobs=293)
[17:45:26] REQUEST: 141 - COMPLETED
[17:45:26] REQUEST COMPLETED -> remaining active_jobs=292
[17:45:26] WAITING for remaining requests to finish (active_jobs=292)
[17:45:26] REQUEST: 384 - COMPLETED
[17:45:26] REQUEST COMPLETED -> remaining active_jobs=291
[17:45:26] WAITING for remaining requests to finish (active_jobs=291)
[17:45:26] REQUEST: 307 - COMPLETED
[17:45:26] REQUEST COMPLETED -> remaining active_jobs=290
[17:45:26] WAITING for remaining requests to finish (active_jobs=290)
[17:45:26] REQUEST: 321 - COMPLETED
[17:45:26] REQUEST COMPLETED -> remaining active_jobs=289
[17:45:26] WAITING for remaining requests to finish (active_jobs=289)
[17:45:26] REQUEST: 145 - COMPLETED
[17:45:26] REQUEST COMPLETED -> remaining active_jobs=288
[17:45:26] WAITING for remaining requests to finish (active_jobs=288)
[17:45:26] REQUEST: 245 - COMPLETED
[17:45:26] REQUEST COMPLETED -> remaining active_jobs=287
[17:45:26] WAITING for remaining requests to finish (active_jobs=287)
[17:45:26] REQUEST: 19 - COMPLETED
[17:45:26] REQUEST COMPLETED -> remaining active_jobs=286
[17:45:26] WAITING for remaining requests to finish (active_jobs=286)
[17:45:26] REQUEST: 322 - COMPLETED
[17:45:26] REQUEST COMPLETED -> remaining active_jobs=285
[17:45:26] WAITING for remaining requests to finish (active_jobs=285)
[17:45:26] REQUEST: 135 - COMPLETED
[17:45:26] REQUEST COMPLETED -> remaining active_jobs=284
[17:45:26] WAITING for remaining requests to finish (active_jobs=284)
[17:45:26] REQUEST: 364 - COMPLETED
[17:45:26] REQUEST COMPLETED -> remaining active_jobs=283
[17:45:26] WAITING for remaining requests to finish (active_jobs=283)
[17:45:27] REQUEST: 311 - COMPLETED
[17:45:27] REQUEST COMPLETED -> remaining active_jobs=282
[17:45:27] WAITING for remaining requests to finish (active_jobs=282)
[17:45:27] REQUEST: 94 - COMPLETED
[17:45:27] REQUEST COMPLETED -> remaining active_jobs=281
[17:45:27] WAITING for remaining requests to finish (active_jobs=281)
[17:45:27] REQUEST: 396 - COMPLETED
[17:45:27] REQUEST COMPLETED -> remaining active_jobs=280
[17:45:27] WAITING for remaining requests to finish (active_jobs=280)
[17:45:27] REQUEST: 334 - COMPLETED
[17:45:27] REQUEST COMPLETED -> remaining active_jobs=279
[17:45:27] WAITING for remaining requests to finish (active_jobs=279)
[17:45:27] REQUEST: 73 - COMPLETED
[17:45:27] REQUEST COMPLETED -> remaining active_jobs=278
[17:45:27] WAITING for remaining requests to finish (active_jobs=278)
[17:45:27] REQUEST: 171 - COMPLETED
[17:45:27] REQUEST COMPLETED -> remaining active_jobs=277
[17:45:27] WAITING for remaining requests to finish (active_jobs=277)
[17:45:27] REQUEST: 368 - COMPLETED
[17:45:27] REQUEST COMPLETED -> remaining active_jobs=276
[17:45:27] WAITING for remaining requests to finish (active_jobs=276)
[17:45:27] REQUEST: 218 - COMPLETED
[17:45:27] REQUEST COMPLETED -> remaining active_jobs=275
[17:45:27] WAITING for remaining requests to finish (active_jobs=275)
[17:45:27] REQUEST: 375 - COMPLETED
[17:45:27] REQUEST COMPLETED -> remaining active_jobs=274
[17:45:27] WAITING for remaining requests to finish (active_jobs=274)
[17:45:27] REQUEST: 153 - COMPLETED
[17:45:27] REQUEST COMPLETED -> remaining active_jobs=273
[17:45:27] WAITING for remaining requests to finish (active_jobs=273)
[17:45:27] REQUEST: 289 - COMPLETED
[17:45:27] REQUEST COMPLETED -> remaining active_jobs=272
[17:45:27] WAITING for remaining requests to finish (active_jobs=272)
[17:45:27] REQUEST: 256 - COMPLETED
[17:45:27] REQUEST COMPLETED -> remaining active_jobs=271
[17:45:27] WAITING for remaining requests to finish (active_jobs=271)
[17:45:27] REQUEST: 305 - COMPLETED
[17:45:27] REQUEST COMPLETED -> remaining active_jobs=270
[17:45:27] WAITING for remaining requests to finish (active_jobs=270)
[17:45:28] REQUEST: 306 - COMPLETED
[17:45:28] REQUEST COMPLETED -> remaining active_jobs=269
[17:45:28] WAITING for remaining requests to finish (active_jobs=269)
[17:45:28] REQUEST: 45 - COMPLETED
[17:45:28] REQUEST COMPLETED -> remaining active_jobs=268
[17:45:28] WAITING for remaining requests to finish (active_jobs=268)
[17:45:28] REQUEST: 154 - COMPLETED
[17:45:28] REQUEST COMPLETED -> remaining active_jobs=267
[17:45:28] WAITING for remaining requests to finish (active_jobs=267)
[17:45:28] REQUEST: 149 - COMPLETED
[17:45:28] REQUEST COMPLETED -> remaining active_jobs=266
[17:45:28] WAITING for remaining requests to finish (active_jobs=266)
[17:45:28] REQUEST: 193 - COMPLETED
[17:45:28] REQUEST COMPLETED -> remaining active_jobs=265
[17:45:28] WAITING for remaining requests to finish (active_jobs=265)
[17:45:28] REQUEST: 285 - COMPLETED
[17:45:28] REQUEST COMPLETED -> remaining active_jobs=264
[17:45:28] WAITING for remaining requests to finish (active_jobs=264)
[17:45:28] REQUEST: 354 - COMPLETED
[17:45:28] REQUEST COMPLETED -> remaining active_jobs=263
[17:45:28] WAITING for remaining requests to finish (active_jobs=263)
[17:45:28] REQUEST: 313 - COMPLETED
[17:45:28] REQUEST COMPLETED -> remaining active_jobs=262
[17:45:28] WAITING for remaining requests to finish (active_jobs=262)
[17:45:28] REQUEST: 79 - COMPLETED
[17:45:28] REQUEST COMPLETED -> remaining active_jobs=261
[17:45:28] WAITING for remaining requests to finish (active_jobs=261)
[17:45:28] REQUEST: 123 - COMPLETED
[17:45:28] REQUEST COMPLETED -> remaining active_jobs=260
[17:45:28] WAITING for remaining requests to finish (active_jobs=260)
[17:45:28] REQUEST: 183 - COMPLETED
[17:45:28] REQUEST COMPLETED -> remaining active_jobs=259
[17:45:28] WAITING for remaining requests to finish (active_jobs=259)
[17:45:28] REQUEST: 172 - COMPLETED
[17:45:28] REQUEST COMPLETED -> remaining active_jobs=258
[17:45:28] WAITING for remaining requests to finish (active_jobs=258)
[17:45:28] REQUEST: 161 - COMPLETED
[17:45:28] REQUEST COMPLETED -> remaining active_jobs=257
[17:45:28] WAITING for remaining requests to finish (active_jobs=257)
[17:45:29] REQUEST: 343 - COMPLETED
[17:45:29] REQUEST COMPLETED -> remaining active_jobs=256
[17:45:29] WAITING for remaining requests to finish (active_jobs=256)
[17:45:29] REQUEST: 71 - COMPLETED
[17:45:29] REQUEST COMPLETED -> remaining active_jobs=255
[17:45:29] WAITING for remaining requests to finish (active_jobs=255)
[17:45:29] REQUEST: 36 - COMPLETED
[17:45:29] REQUEST COMPLETED -> remaining active_jobs=254
[17:45:29] WAITING for remaining requests to finish (active_jobs=254)
[17:45:29] REQUEST: 398 - COMPLETED
[17:45:29] REQUEST COMPLETED -> remaining active_jobs=253
[17:45:29] WAITING for remaining requests to finish (active_jobs=253)
[17:45:29] REQUEST: 247 - COMPLETED
[17:45:29] REQUEST COMPLETED -> remaining active_jobs=252
[17:45:29] WAITING for remaining requests to finish (active_jobs=252)
[17:45:29] REQUEST: 221 - COMPLETED
[17:45:29] REQUEST COMPLETED -> remaining active_jobs=251
[17:45:29] WAITING for remaining requests to finish (active_jobs=251)
[17:45:29] REQUEST: 55 - COMPLETED
[17:45:29] REQUEST COMPLETED -> remaining active_jobs=250
[17:45:29] WAITING for remaining requests to finish (active_jobs=250)
[17:45:29] REQUEST: 176 - COMPLETED
[17:45:29] REQUEST COMPLETED -> remaining active_jobs=249
[17:45:29] WAITING for remaining requests to finish (active_jobs=249)
[17:45:29] REQUEST: 383 - COMPLETED
[17:45:29] REQUEST COMPLETED -> remaining active_jobs=248
[17:45:29] WAITING for remaining requests to finish (active_jobs=248)
[17:45:29] REQUEST: 69 - COMPLETED
[17:45:29] REQUEST COMPLETED -> remaining active_jobs=247
[17:45:29] WAITING for remaining requests to finish (active_jobs=247)
[17:45:29] REQUEST: 18 - COMPLETED
[17:45:29] REQUEST COMPLETED -> remaining active_jobs=246
[17:45:29] WAITING for remaining requests to finish (active_jobs=246)
[17:45:29] REQUEST: 48 - COMPLETED
[17:45:29] REQUEST COMPLETED -> remaining active_jobs=245
[17:45:29] WAITING for remaining requests to finish (active_jobs=245)
[17:45:30] REQUEST: 236 - COMPLETED
[17:45:30] REQUEST COMPLETED -> remaining active_jobs=244
[17:45:30] WAITING for remaining requests to finish (active_jobs=244)
[17:45:30] REQUEST: 143 - COMPLETED
[17:45:30] REQUEST COMPLETED -> remaining active_jobs=243
[17:45:30] WAITING for remaining requests to finish (active_jobs=243)
[17:45:30] REQUEST: 278 - COMPLETED
[17:45:30] REQUEST COMPLETED -> remaining active_jobs=242
[17:45:30] WAITING for remaining requests to finish (active_jobs=242)
[17:45:30] REQUEST: 330 - COMPLETED
[17:45:30] REQUEST COMPLETED -> remaining active_jobs=241
[17:45:30] WAITING for remaining requests to finish (active_jobs=241)
[17:45:30] REQUEST: 49 - COMPLETED
[17:45:30] REQUEST COMPLETED -> remaining active_jobs=240
[17:45:30] WAITING for remaining requests to finish (active_jobs=240)
[17:45:30] REQUEST: 381 - COMPLETED
[17:45:30] REQUEST COMPLETED -> remaining active_jobs=239
[17:45:30] WAITING for remaining requests to finish (active_jobs=239)
[17:45:30] REQUEST: 198 - COMPLETED
[17:45:30] REQUEST COMPLETED -> remaining active_jobs=238
[17:45:30] WAITING for remaining requests to finish (active_jobs=238)
[17:45:30] REQUEST: 62 - COMPLETED
[17:45:30] REQUEST COMPLETED -> remaining active_jobs=237
[17:45:30] WAITING for remaining requests to finish (active_jobs=237)
[17:45:30] REQUEST: 155 - COMPLETED
[17:45:30] REQUEST COMPLETED -> remaining active_jobs=236
[17:45:30] WAITING for remaining requests to finish (active_jobs=236)
[17:45:30] REQUEST: 378 - COMPLETED
[17:45:30] REQUEST COMPLETED -> remaining active_jobs=235
[17:45:30] WAITING for remaining requests to finish (active_jobs=235)
[17:45:30] REQUEST: 294 - COMPLETED
[17:45:30] REQUEST COMPLETED -> remaining active_jobs=234
[17:45:30] WAITING for remaining requests to finish (active_jobs=234)
[17:45:30] REQUEST: 206 - COMPLETED
[17:45:30] REQUEST COMPLETED -> remaining active_jobs=233
[17:45:30] WAITING for remaining requests to finish (active_jobs=233)
[17:45:31] REQUEST: 165 - COMPLETED
[17:45:31] REQUEST COMPLETED -> remaining active_jobs=232
[17:45:31] WAITING for remaining requests to finish (active_jobs=232)
[17:45:31] REQUEST: 219 - COMPLETED
[17:45:31] REQUEST COMPLETED -> remaining active_jobs=231
[17:45:31] WAITING for remaining requests to finish (active_jobs=231)
[17:45:31] REQUEST: 126 - COMPLETED
[17:45:31] REQUEST COMPLETED -> remaining active_jobs=230
[17:45:31] WAITING for remaining requests to finish (active_jobs=230)
[17:45:31] REQUEST: 361 - COMPLETED
[17:45:31] REQUEST COMPLETED -> remaining active_jobs=229
[17:45:31] WAITING for remaining requests to finish (active_jobs=229)
[17:45:31] REQUEST: 300 - COMPLETED
[17:45:31] REQUEST COMPLETED -> remaining active_jobs=228
[17:45:31] WAITING for remaining requests to finish (active_jobs=228)
[17:45:31] REQUEST: 148 - COMPLETED
[17:45:31] REQUEST COMPLETED -> remaining active_jobs=227
[17:45:31] WAITING for remaining requests to finish (active_jobs=227)
[17:45:31] REQUEST: 279 - COMPLETED
[17:45:31] REQUEST COMPLETED -> remaining active_jobs=226
[17:45:31] WAITING for remaining requests to finish (active_jobs=226)
[17:45:31] REQUEST: 96 - COMPLETED
[17:45:31] REQUEST COMPLETED -> remaining active_jobs=225
[17:45:31] WAITING for remaining requests to finish (active_jobs=225)
[17:45:31] REQUEST: 385 - COMPLETED
[17:45:31] REQUEST COMPLETED -> remaining active_jobs=224
[17:45:31] WAITING for remaining requests to finish (active_jobs=224)
[17:45:31] REQUEST: 253 - COMPLETED
[17:45:31] REQUEST COMPLETED -> remaining active_jobs=223
[17:45:31] WAITING for remaining requests to finish (active_jobs=223)
[17:45:31] REQUEST: 93 - COMPLETED
[17:45:31] REQUEST COMPLETED -> remaining active_jobs=222
[17:45:31] WAITING for remaining requests to finish (active_jobs=222)
[17:45:31] REQUEST: 320 - COMPLETED
[17:45:31] REQUEST COMPLETED -> remaining active_jobs=221
[17:45:31] WAITING for remaining requests to finish (active_jobs=221)
[17:45:31] REQUEST: 232 - COMPLETED
[17:45:31] REQUEST COMPLETED -> remaining active_jobs=220
[17:45:31] WAITING for remaining requests to finish (active_jobs=220)
[17:45:31] REQUEST: 117 - COMPLETED
[17:45:31] REQUEST COMPLETED -> remaining active_jobs=219
[17:45:31] WAITING for remaining requests to finish (active_jobs=219)
[17:45:32] REQUEST: 115 - COMPLETED
[17:45:32] REQUEST COMPLETED -> remaining active_jobs=218
[17:45:32] WAITING for remaining requests to finish (active_jobs=218)
[17:45:32] REQUEST: 292 - COMPLETED
[17:45:32] REQUEST COMPLETED -> remaining active_jobs=217
[17:45:32] WAITING for remaining requests to finish (active_jobs=217)
[17:45:32] REQUEST: 217 - COMPLETED
[17:45:32] REQUEST COMPLETED -> remaining active_jobs=216
[17:45:32] WAITING for remaining requests to finish (active_jobs=216)
[17:45:32] REQUEST: 347 - COMPLETED
[17:45:32] REQUEST COMPLETED -> remaining active_jobs=215
[17:45:32] WAITING for remaining requests to finish (active_jobs=215)
[17:45:32] REQUEST: 316 - COMPLETED
[17:45:32] REQUEST COMPLETED -> remaining active_jobs=214
[17:45:32] WAITING for remaining requests to finish (active_jobs=214)
[17:45:32] REQUEST: 272 - COMPLETED
[17:45:32] REQUEST COMPLETED -> remaining active_jobs=213
[17:45:32] WAITING for remaining requests to finish (active_jobs=213)
[17:45:32] REQUEST: 85 - COMPLETED
[17:45:32] REQUEST COMPLETED -> remaining active_jobs=212
[17:45:32] WAITING for remaining requests to finish (active_jobs=212)
[17:45:32] REQUEST: 177 - COMPLETED
[17:45:32] REQUEST COMPLETED -> remaining active_jobs=211
[17:45:32] WAITING for remaining requests to finish (active_jobs=211)
[17:45:32] REQUEST: 191 - COMPLETED
[17:45:32] REQUEST COMPLETED -> remaining active_jobs=210
[17:45:32] WAITING for remaining requests to finish (active_jobs=210)
[17:45:32] REQUEST: 251 - COMPLETED
[17:45:32] REQUEST COMPLETED -> remaining active_jobs=209
[17:45:32] WAITING for remaining requests to finish (active_jobs=209)
[17:45:32] REQUEST: 162 - COMPLETED
[17:45:32] REQUEST COMPLETED -> remaining active_jobs=208
[17:45:32] WAITING for remaining requests to finish (active_jobs=208)
[17:45:32] REQUEST: 338 - COMPLETED
[17:45:32] REQUEST COMPLETED -> remaining active_jobs=207
[17:45:32] WAITING for remaining requests to finish (active_jobs=207)
[17:45:32] REQUEST: 174 - COMPLETED
[17:45:32] REQUEST COMPLETED -> remaining active_jobs=206
[17:45:32] WAITING for remaining requests to finish (active_jobs=206)
[17:45:33] REQUEST: 129 - COMPLETED
[17:45:33] REQUEST COMPLETED -> remaining active_jobs=205
[17:45:33] WAITING for remaining requests to finish (active_jobs=205)
[17:45:33] REQUEST: 60 - COMPLETED
[17:45:33] REQUEST COMPLETED -> remaining active_jobs=204
[17:45:33] WAITING for remaining requests to finish (active_jobs=204)
[17:45:33] REQUEST: 169 - COMPLETED
[17:45:33] REQUEST COMPLETED -> remaining active_jobs=203
[17:45:33] WAITING for remaining requests to finish (active_jobs=203)
[17:45:33] REQUEST: 222 - COMPLETED
[17:45:33] REQUEST COMPLETED -> remaining active_jobs=202
[17:45:33] WAITING for remaining requests to finish (active_jobs=202)
[17:45:33] REQUEST: 95 - COMPLETED
[17:45:33] REQUEST COMPLETED -> remaining active_jobs=201
[17:45:33] WAITING for remaining requests to finish (active_jobs=201)
[17:45:33] REQUEST: 342 - COMPLETED
[17:45:33] REQUEST COMPLETED -> remaining active_jobs=200
[17:45:33] WAITING for remaining requests to finish (active_jobs=200)
[17:45:33] REQUEST: 341 - COMPLETED
[17:45:33] REQUEST COMPLETED -> remaining active_jobs=199
[17:45:33] WAITING for remaining requests to finish (active_jobs=199)
[17:45:33] REQUEST: 121 - COMPLETED
[17:45:33] REQUEST COMPLETED -> remaining active_jobs=198
[17:45:33] WAITING for remaining requests to finish (active_jobs=198)
[17:45:33] REQUEST: 194 - COMPLETED
[17:45:33] REQUEST COMPLETED -> remaining active_jobs=197
[17:45:33] WAITING for remaining requests to finish (active_jobs=197)
[17:45:33] REQUEST: 136 - COMPLETED
[17:45:33] REQUEST COMPLETED -> remaining active_jobs=196
[17:45:33] WAITING for remaining requests to finish (active_jobs=196)
[17:45:33] REQUEST: 37 - COMPLETED
[17:45:33] REQUEST COMPLETED -> remaining active_jobs=195
[17:45:33] WAITING for remaining requests to finish (active_jobs=195)
[17:45:33] REQUEST: 263 - COMPLETED
[17:45:33] REQUEST COMPLETED -> remaining active_jobs=194
[17:45:33] WAITING for remaining requests to finish (active_jobs=194)
[17:45:33] REQUEST: 254 - COMPLETED
[17:45:33] REQUEST COMPLETED -> remaining active_jobs=193
[17:45:33] WAITING for remaining requests to finish (active_jobs=193)
[17:45:34] REQUEST: 229 - COMPLETED
[17:45:34] REQUEST COMPLETED -> remaining active_jobs=192
[17:45:34] WAITING for remaining requests to finish (active_jobs=192)
[17:45:34] REQUEST: 295 - COMPLETED
[17:45:34] REQUEST COMPLETED -> remaining active_jobs=191
[17:45:34] WAITING for remaining requests to finish (active_jobs=191)
[17:45:34] REQUEST: 264 - COMPLETED
[17:45:34] REQUEST COMPLETED -> remaining active_jobs=190
[17:45:34] WAITING for remaining requests to finish (active_jobs=190)
[17:45:34] REQUEST: 42 - COMPLETED
[17:45:34] REQUEST COMPLETED -> remaining active_jobs=189
[17:45:34] WAITING for remaining requests to finish (active_jobs=189)
[17:45:34] REQUEST: 249 - COMPLETED
[17:45:34] REQUEST COMPLETED -> remaining active_jobs=188
[17:45:34] WAITING for remaining requests to finish (active_jobs=188)
[17:45:34] REQUEST: 310 - COMPLETED
[17:45:34] REQUEST COMPLETED -> remaining active_jobs=187
[17:45:34] WAITING for remaining requests to finish (active_jobs=187)
[17:45:34] REQUEST: 266 - COMPLETED
[17:45:34] REQUEST COMPLETED -> remaining active_jobs=186
[17:45:34] WAITING for remaining requests to finish (active_jobs=186)
[17:45:34] REQUEST: 118 - COMPLETED
[17:45:34] REQUEST COMPLETED -> remaining active_jobs=185
[17:45:34] WAITING for remaining requests to finish (active_jobs=185)
[17:45:34] REQUEST: 202 - COMPLETED
[17:45:34] REQUEST COMPLETED -> remaining active_jobs=184
[17:45:34] WAITING for remaining requests to finish (active_jobs=184)
[17:45:34] REQUEST: 282 - COMPLETED
[17:45:34] REQUEST COMPLETED -> remaining active_jobs=183
[17:45:34] WAITING for remaining requests to finish (active_jobs=183)
[17:45:34] REQUEST: 329 - COMPLETED
[17:45:34] REQUEST COMPLETED -> remaining active_jobs=182
[17:45:34] WAITING for remaining requests to finish (active_jobs=182)
[17:45:34] REQUEST: 109 - COMPLETED
[17:45:34] REQUEST COMPLETED -> remaining active_jobs=181
[17:45:34] WAITING for remaining requests to finish (active_jobs=181)
[17:45:34] REQUEST: 146 - COMPLETED
[17:45:34] REQUEST COMPLETED -> remaining active_jobs=180
[17:45:34] WAITING for remaining requests to finish (active_jobs=180)
[17:45:35] REQUEST: 273 - COMPLETED
[17:45:35] REQUEST COMPLETED -> remaining active_jobs=179
[17:45:35] WAITING for remaining requests to finish (active_jobs=179)
[17:45:35] REQUEST: 91 - COMPLETED
[17:45:35] REQUEST COMPLETED -> remaining active_jobs=178
[17:45:35] WAITING for remaining requests to finish (active_jobs=178)
[17:45:35] REQUEST: 280 - COMPLETED
[17:45:35] REQUEST COMPLETED -> remaining active_jobs=177
[17:45:35] WAITING for remaining requests to finish (active_jobs=177)
[17:45:35] REQUEST: 152 - COMPLETED
[17:45:35] REQUEST COMPLETED -> remaining active_jobs=176
[17:45:35] WAITING for remaining requests to finish (active_jobs=176)
[17:45:35] REQUEST: 239 - COMPLETED
[17:45:35] REQUEST COMPLETED -> remaining active_jobs=175
[17:45:35] WAITING for remaining requests to finish (active_jobs=175)
[17:45:35] REQUEST: 184 - COMPLETED
[17:45:35] REQUEST COMPLETED -> remaining active_jobs=174
[17:45:35] WAITING for remaining requests to finish (active_jobs=174)
[17:45:35] REQUEST: 137 - COMPLETED
[17:45:35] REQUEST COMPLETED -> remaining active_jobs=173
[17:45:35] WAITING for remaining requests to finish (active_jobs=173)
[17:45:35] REQUEST: 388 - COMPLETED
[17:45:35] REQUEST COMPLETED -> remaining active_jobs=172
[17:45:35] WAITING for remaining requests to finish (active_jobs=172)
[17:45:35] REQUEST: 287 - COMPLETED
[17:45:35] REQUEST COMPLETED -> remaining active_jobs=171
[17:45:35] WAITING for remaining requests to finish (active_jobs=171)
[17:45:35] REQUEST: 50 - COMPLETED
[17:45:35] REQUEST COMPLETED -> remaining active_jobs=170
[17:45:35] WAITING for remaining requests to finish (active_jobs=170)
[17:45:35] REQUEST: 107 - COMPLETED
[17:45:35] REQUEST COMPLETED -> remaining active_jobs=169
[17:45:35] WAITING for remaining requests to finish (active_jobs=169)
[17:45:35] REQUEST: 110 - COMPLETED
[17:45:35] REQUEST COMPLETED -> remaining active_jobs=168
[17:45:35] WAITING for remaining requests to finish (active_jobs=168)
[17:45:35] REQUEST: 150 - COMPLETED
[17:45:35] REQUEST COMPLETED -> remaining active_jobs=167
[17:45:35] WAITING for remaining requests to finish (active_jobs=167)
[17:45:36] REQUEST: 159 - COMPLETED
[17:45:36] REQUEST COMPLETED -> remaining active_jobs=166
[17:45:36] WAITING for remaining requests to finish (active_jobs=166)
[17:45:36] REQUEST: 303 - COMPLETED
[17:45:36] REQUEST COMPLETED -> remaining active_jobs=165
[17:45:36] WAITING for remaining requests to finish (active_jobs=165)
[17:45:36] REQUEST: 345 - COMPLETED
[17:45:36] REQUEST COMPLETED -> remaining active_jobs=164
[17:45:36] WAITING for remaining requests to finish (active_jobs=164)
[17:45:36] REQUEST: 389 - COMPLETED
[17:45:36] REQUEST COMPLETED -> remaining active_jobs=163
[17:45:36] WAITING for remaining requests to finish (active_jobs=163)
[17:45:36] REQUEST: 339 - COMPLETED
[17:45:36] REQUEST COMPLETED -> remaining active_jobs=162
[17:45:36] WAITING for remaining requests to finish (active_jobs=162)
[17:45:36] REQUEST: 84 - COMPLETED
[17:45:36] REQUEST COMPLETED -> remaining active_jobs=161
[17:45:36] WAITING for remaining requests to finish (active_jobs=161)
[17:45:36] REQUEST: 392 - COMPLETED
[17:45:36] REQUEST COMPLETED -> remaining active_jobs=160
[17:45:36] WAITING for remaining requests to finish (active_jobs=160)
[17:45:36] REQUEST: 359 - COMPLETED
[17:45:36] REQUEST COMPLETED -> remaining active_jobs=159
[17:45:36] WAITING for remaining requests to finish (active_jobs=159)
[17:45:36] REQUEST: 372 - COMPLETED
[17:45:36] REQUEST COMPLETED -> remaining active_jobs=158
[17:45:36] WAITING for remaining requests to finish (active_jobs=158)
[17:45:36] REQUEST: 65 - COMPLETED
[17:45:36] REQUEST COMPLETED -> remaining active_jobs=157
[17:45:36] WAITING for remaining requests to finish (active_jobs=157)
[17:45:36] REQUEST: 301 - COMPLETED
[17:45:36] REQUEST COMPLETED -> remaining active_jobs=156
[17:45:36] WAITING for remaining requests to finish (active_jobs=156)
[17:45:36] REQUEST: 199 - COMPLETED
[17:45:36] REQUEST COMPLETED -> remaining active_jobs=155
[17:45:36] WAITING for remaining requests to finish (active_jobs=155)
[17:45:36] REQUEST: 56 - COMPLETED
[17:45:36] REQUEST COMPLETED -> remaining active_jobs=154
[17:45:36] WAITING for remaining requests to finish (active_jobs=154)
[17:45:37] REQUEST: 318 - COMPLETED
[17:45:37] REQUEST COMPLETED -> remaining active_jobs=153
[17:45:37] WAITING for remaining requests to finish (active_jobs=153)
[17:45:37] REQUEST: 216 - COMPLETED
[17:45:37] REQUEST COMPLETED -> remaining active_jobs=152
[17:45:37] WAITING for remaining requests to finish (active_jobs=152)
[17:45:37] REQUEST: 304 - COMPLETED
[17:45:37] REQUEST COMPLETED -> remaining active_jobs=151
[17:45:37] WAITING for remaining requests to finish (active_jobs=151)
[17:45:37] REQUEST: 382 - COMPLETED
[17:45:37] REQUEST COMPLETED -> remaining active_jobs=150
[17:45:37] WAITING for remaining requests to finish (active_jobs=150)
[17:45:37] REQUEST: 346 - COMPLETED
[17:45:37] REQUEST COMPLETED -> remaining active_jobs=149
[17:45:37] WAITING for remaining requests to finish (active_jobs=149)
[17:45:37] REQUEST: 52 - COMPLETED
[17:45:37] REQUEST COMPLETED -> remaining active_jobs=148
[17:45:37] WAITING for remaining requests to finish (active_jobs=148)
[17:45:37] REQUEST: 108 - COMPLETED
[17:45:37] REQUEST COMPLETED -> remaining active_jobs=147
[17:45:37] WAITING for remaining requests to finish (active_jobs=147)
[17:45:37] REQUEST: 22 - COMPLETED
[17:45:37] REQUEST COMPLETED -> remaining active_jobs=146
[17:45:37] WAITING for remaining requests to finish (active_jobs=146)
[17:45:37] REQUEST: 362 - COMPLETED
[17:45:37] REQUEST COMPLETED -> remaining active_jobs=145
[17:45:37] WAITING for remaining requests to finish (active_jobs=145)
[17:45:37] REQUEST: 337 - COMPLETED
[17:45:37] REQUEST COMPLETED -> remaining active_jobs=144
[17:45:37] WAITING for remaining requests to finish (active_jobs=144)
[17:45:37] REQUEST: 134 - COMPLETED
[17:45:37] REQUEST COMPLETED -> remaining active_jobs=143
[17:45:37] WAITING for remaining requests to finish (active_jobs=143)
[17:45:37] REQUEST: 106 - COMPLETED
[17:45:37] REQUEST COMPLETED -> remaining active_jobs=142
[17:45:37] WAITING for remaining requests to finish (active_jobs=142)
[17:45:38] REQUEST: 61 - COMPLETED
[17:45:38] REQUEST COMPLETED -> remaining active_jobs=141
[17:45:38] WAITING for remaining requests to finish (active_jobs=141)
[17:45:38] REQUEST: 380 - COMPLETED
[17:45:38] REQUEST COMPLETED -> remaining active_jobs=140
[17:45:38] WAITING for remaining requests to finish (active_jobs=140)
[17:45:38] REQUEST: 87 - COMPLETED
[17:45:38] REQUEST COMPLETED -> remaining active_jobs=139
[17:45:38] WAITING for remaining requests to finish (active_jobs=139)
[17:45:38] REQUEST: 205 - COMPLETED
[17:45:38] REQUEST COMPLETED -> remaining active_jobs=138
[17:45:38] WAITING for remaining requests to finish (active_jobs=138)
[17:45:38] REQUEST: 260 - COMPLETED
[17:45:38] REQUEST COMPLETED -> remaining active_jobs=137
[17:45:38] WAITING for remaining requests to finish (active_jobs=137)
[17:45:38] REQUEST: 39 - COMPLETED
[17:45:38] REQUEST COMPLETED -> remaining active_jobs=136
[17:45:38] WAITING for remaining requests to finish (active_jobs=136)
[17:45:38] REQUEST: 120 - COMPLETED
[17:45:38] REQUEST COMPLETED -> remaining active_jobs=135
[17:45:38] WAITING for remaining requests to finish (active_jobs=135)
[17:45:38] REQUEST: 66 - COMPLETED
[17:45:38] REQUEST COMPLETED -> remaining active_jobs=134
[17:45:38] WAITING for remaining requests to finish (active_jobs=134)
[17:45:38] REQUEST: 286 - COMPLETED
[17:45:38] REQUEST COMPLETED -> remaining active_jobs=133
[17:45:38] WAITING for remaining requests to finish (active_jobs=133)
[17:45:38] REQUEST: 223 - COMPLETED
[17:45:38] REQUEST COMPLETED -> remaining active_jobs=132
[17:45:38] WAITING for remaining requests to finish (active_jobs=132)
[17:45:38] REQUEST: 182 - COMPLETED
[17:45:38] REQUEST COMPLETED -> remaining active_jobs=131
[17:45:38] WAITING for remaining requests to finish (active_jobs=131)
[17:45:38] REQUEST: 30 - COMPLETED
[17:45:38] REQUEST COMPLETED -> remaining active_jobs=130
[17:45:38] WAITING for remaining requests to finish (active_jobs=130)
[17:45:38] REQUEST: 379 - COMPLETED
[17:45:38] REQUEST COMPLETED -> remaining active_jobs=129
[17:45:38] WAITING for remaining requests to finish (active_jobs=129)
[17:45:39] REQUEST: 327 - COMPLETED
[17:45:39] REQUEST COMPLETED -> remaining active_jobs=128
[17:45:39] WAITING for remaining requests to finish (active_jobs=128)
[17:45:39] REQUEST: 259 - COMPLETED
[17:45:39] REQUEST COMPLETED -> remaining active_jobs=127
[17:45:39] WAITING for remaining requests to finish (active_jobs=127)
[17:45:39] REQUEST: 277 - COMPLETED
[17:45:39] REQUEST COMPLETED -> remaining active_jobs=126
[17:45:39] WAITING for remaining requests to finish (active_jobs=126)
[17:45:39] REQUEST: 270 - COMPLETED
[17:45:39] REQUEST COMPLETED -> remaining active_jobs=125
[17:45:39] WAITING for remaining requests to finish (active_jobs=125)
[17:45:39] REQUEST: 234 - COMPLETED
[17:45:39] REQUEST COMPLETED -> remaining active_jobs=124
[17:45:39] WAITING for remaining requests to finish (active_jobs=124)
[17:45:39] REQUEST: 298 - COMPLETED
[17:45:39] REQUEST COMPLETED -> remaining active_jobs=123
[17:45:39] WAITING for remaining requests to finish (active_jobs=123)
[17:45:39] REQUEST: 207 - COMPLETED
[17:45:39] REQUEST COMPLETED -> remaining active_jobs=122
[17:45:39] WAITING for remaining requests to finish (active_jobs=122)
[17:45:39] REQUEST: 258 - COMPLETED
[17:45:39] REQUEST COMPLETED -> remaining active_jobs=121
[17:45:39] WAITING for remaining requests to finish (active_jobs=121)
[17:45:39] REQUEST: 214 - COMPLETED
[17:45:39] REQUEST COMPLETED -> remaining active_jobs=120
[17:45:39] WAITING for remaining requests to finish (active_jobs=120)
[17:45:39] REQUEST: 168 - COMPLETED
[17:45:39] REQUEST COMPLETED -> remaining active_jobs=119
[17:45:39] WAITING for remaining requests to finish (active_jobs=119)
[17:45:39] REQUEST: 72 - COMPLETED
[17:45:39] REQUEST COMPLETED -> remaining active_jobs=118
[17:45:39] WAITING for remaining requests to finish (active_jobs=118)
[17:45:39] REQUEST: 210 - COMPLETED
[17:45:39] REQUEST COMPLETED -> remaining active_jobs=117
[17:45:39] WAITING for remaining requests to finish (active_jobs=117)
[17:45:39] REQUEST: 340 - COMPLETED
[17:45:40] REQUEST COMPLETED -> remaining active_jobs=116
[17:45:40] WAITING for remaining requests to finish (active_jobs=116)
[17:45:40] REQUEST: 387 - COMPLETED
[17:45:40] REQUEST COMPLETED -> remaining active_jobs=115
[17:45:40] WAITING for remaining requests to finish (active_jobs=115)
[17:45:40] REQUEST: 352 - COMPLETED
[17:45:40] REQUEST COMPLETED -> remaining active_jobs=114
[17:45:40] WAITING for remaining requests to finish (active_jobs=114)
[17:45:40] REQUEST: 156 - COMPLETED
[17:45:40] REQUEST COMPLETED -> remaining active_jobs=113
[17:45:40] WAITING for remaining requests to finish (active_jobs=113)
[17:45:40] REQUEST: 297 - COMPLETED
[17:45:40] REQUEST COMPLETED -> remaining active_jobs=112
[17:45:40] WAITING for remaining requests to finish (active_jobs=112)
[17:45:40] REQUEST: 324 - COMPLETED
[17:45:40] REQUEST COMPLETED -> remaining active_jobs=111
[17:45:40] WAITING for remaining requests to finish (active_jobs=111)
[17:45:40] REQUEST: 335 - COMPLETED
[17:45:40] REQUEST COMPLETED -> remaining active_jobs=110
[17:45:40] WAITING for remaining requests to finish (active_jobs=110)
[17:45:40] REQUEST: 188 - COMPLETED
[17:45:40] REQUEST COMPLETED -> remaining active_jobs=109
[17:45:40] WAITING for remaining requests to finish (active_jobs=109)
[17:45:40] REQUEST: 281 - COMPLETED
[17:45:40] REQUEST COMPLETED -> remaining active_jobs=108
[17:45:40] WAITING for remaining requests to finish (active_jobs=108)
[17:45:40] REQUEST: 127 - COMPLETED
[17:45:40] REQUEST COMPLETED -> remaining active_jobs=107
[17:45:40] WAITING for remaining requests to finish (active_jobs=107)
[17:45:40] REQUEST: 331 - COMPLETED
[17:45:40] REQUEST COMPLETED -> remaining active_jobs=106
[17:45:40] WAITING for remaining requests to finish (active_jobs=106)
[17:45:40] REQUEST: 357 - COMPLETED
[17:45:40] REQUEST COMPLETED -> remaining active_jobs=105
[17:45:40] WAITING for remaining requests to finish (active_jobs=105)
[17:45:40] REQUEST: 227 - COMPLETED
[17:45:40] REQUEST COMPLETED -> remaining active_jobs=104
[17:45:40] WAITING for remaining requests to finish (active_jobs=104)
[17:45:41] REQUEST: 187 - COMPLETED
[17:45:41] REQUEST COMPLETED -> remaining active_jobs=103
[17:45:41] WAITING for remaining requests to finish (active_jobs=103)
[17:45:41] REQUEST: 309 - COMPLETED
[17:45:41] REQUEST COMPLETED -> remaining active_jobs=102
[17:45:41] WAITING for remaining requests to finish (active_jobs=102)
[17:45:41] REQUEST: 269 - COMPLETED
[17:45:41] REQUEST COMPLETED -> remaining active_jobs=101
[17:45:41] WAITING for remaining requests to finish (active_jobs=101)
[17:45:41] REQUEST: 355 - COMPLETED
[17:45:41] REQUEST COMPLETED -> remaining active_jobs=100
[17:45:41] WAITING for remaining requests to finish (active_jobs=100)
[17:45:41] REQUEST: 250 - COMPLETED
[17:45:41] REQUEST COMPLETED -> remaining active_jobs=99
[17:45:41] WAITING for remaining requests to finish (active_jobs=99)
[17:45:41] REQUEST: 180 - COMPLETED
[17:45:41] REQUEST COMPLETED -> remaining active_jobs=98
[17:45:41] WAITING for remaining requests to finish (active_jobs=98)
[17:45:41] REQUEST: 290 - COMPLETED
[17:45:41] REQUEST COMPLETED -> remaining active_jobs=97
[17:45:41] WAITING for remaining requests to finish (active_jobs=97)
[17:45:41] REQUEST: 185 - COMPLETED
[17:45:41] REQUEST COMPLETED -> remaining active_jobs=96
[17:45:41] WAITING for remaining requests to finish (active_jobs=96)
[17:45:41] REQUEST: 203 - COMPLETED
[17:45:41] REQUEST COMPLETED -> remaining active_jobs=95
[17:45:41] WAITING for remaining requests to finish (active_jobs=95)
[17:45:41] REQUEST: 242 - COMPLETED
[17:45:41] REQUEST COMPLETED -> remaining active_jobs=94
[17:45:41] WAITING for remaining requests to finish (active_jobs=94)
[17:45:41] REQUEST: 274 - COMPLETED
[17:45:41] REQUEST COMPLETED -> remaining active_jobs=93
[17:45:41] WAITING for remaining requests to finish (active_jobs=93)
[17:45:41] REQUEST: 228 - COMPLETED
[17:45:41] REQUEST COMPLETED -> remaining active_jobs=92
[17:45:41] WAITING for remaining requests to finish (active_jobs=92)
[17:45:41] REQUEST: 235 - COMPLETED
[17:45:41] REQUEST COMPLETED -> remaining active_jobs=91
[17:45:41] WAITING for remaining requests to finish (active_jobs=91)
[17:45:42] REQUEST: 179 - COMPLETED
[17:45:42] REQUEST COMPLETED -> remaining active_jobs=90
[17:45:42] WAITING for remaining requests to finish (active_jobs=90)
[17:45:42] REQUEST: 302 - COMPLETED
[17:45:42] REQUEST COMPLETED -> remaining active_jobs=89
[17:45:42] WAITING for remaining requests to finish (active_jobs=89)
[17:45:42] REQUEST: 133 - COMPLETED
[17:45:42] REQUEST COMPLETED -> remaining active_jobs=88
[17:45:42] WAITING for remaining requests to finish (active_jobs=88)
[17:45:42] REQUEST: 89 - COMPLETED
[17:45:42] REQUEST COMPLETED -> remaining active_jobs=87
[17:45:42] WAITING for remaining requests to finish (active_jobs=87)
[17:45:42] REQUEST: 393 - COMPLETED
[17:45:42] REQUEST COMPLETED -> remaining active_jobs=86
[17:45:42] WAITING for remaining requests to finish (active_jobs=86)
[17:45:42] REQUEST: 238 - COMPLETED
[17:45:42] REQUEST COMPLETED -> remaining active_jobs=85
[17:45:42] WAITING for remaining requests to finish (active_jobs=85)
[17:45:42] REQUEST: 390 - COMPLETED
[17:45:42] REQUEST COMPLETED -> remaining active_jobs=84
[17:45:42] WAITING for remaining requests to finish (active_jobs=84)
[17:45:42] REQUEST: 261 - COMPLETED
[17:45:42] REQUEST COMPLETED -> remaining active_jobs=83
[17:45:42] WAITING for remaining requests to finish (active_jobs=83)
[17:45:42] REQUEST: 112 - COMPLETED
[17:45:42] REQUEST COMPLETED -> remaining active_jobs=82
[17:45:42] WAITING for remaining requests to finish (active_jobs=82)
[17:45:42] REQUEST: 276 - COMPLETED
[17:45:42] REQUEST COMPLETED -> remaining active_jobs=81
[17:45:42] WAITING for remaining requests to finish (active_jobs=81)
[17:45:42] REQUEST: 105 - COMPLETED
[17:45:42] REQUEST COMPLETED -> remaining active_jobs=80
[17:45:42] WAITING for remaining requests to finish (active_jobs=80)
[17:45:42] REQUEST: 97 - COMPLETED
[17:45:42] REQUEST COMPLETED -> remaining active_jobs=79
[17:45:42] WAITING for remaining requests to finish (active_jobs=79)
[17:45:42] REQUEST: 201 - COMPLETED
[17:45:42] REQUEST COMPLETED -> remaining active_jobs=78
[17:45:42] WAITING for remaining requests to finish (active_jobs=78)
[17:45:42] REQUEST: 99 - COMPLETED
[17:45:42] REQUEST COMPLETED -> remaining active_jobs=77
[17:45:42] WAITING for remaining requests to finish (active_jobs=77)
[17:45:43] REQUEST: 200 - COMPLETED
[17:45:43] REQUEST COMPLETED -> remaining active_jobs=76
[17:45:43] WAITING for remaining requests to finish (active_jobs=76)
[17:45:43] REQUEST: 271 - COMPLETED
[17:45:43] REQUEST COMPLETED -> remaining active_jobs=75
[17:45:43] WAITING for remaining requests to finish (active_jobs=75)
[17:45:43] REQUEST: 119 - COMPLETED
[17:45:43] REQUEST COMPLETED -> remaining active_jobs=74
[17:45:43] WAITING for remaining requests to finish (active_jobs=74)
[17:45:43] REQUEST: 195 - COMPLETED
[17:45:43] REQUEST COMPLETED -> remaining active_jobs=73
[17:45:43] WAITING for remaining requests to finish (active_jobs=73)
[17:45:43] REQUEST: 147 - COMPLETED
[17:45:43] REQUEST COMPLETED -> remaining active_jobs=72
[17:45:43] WAITING for remaining requests to finish (active_jobs=72)
[17:45:43] REQUEST: 104 - COMPLETED
[17:45:43] REQUEST COMPLETED -> remaining active_jobs=71
[17:45:43] WAITING for remaining requests to finish (active_jobs=71)
[17:45:43] REQUEST: 344 - COMPLETED
[17:45:43] REQUEST COMPLETED -> remaining active_jobs=70
[17:45:43] WAITING for remaining requests to finish (active_jobs=70)
[17:45:43] REQUEST: 296 - COMPLETED
[17:45:43] REQUEST COMPLETED -> remaining active_jobs=69
[17:45:43] WAITING for remaining requests to finish (active_jobs=69)
[17:45:43] REQUEST: 166 - COMPLETED
[17:45:43] REQUEST COMPLETED -> remaining active_jobs=68
[17:45:43] WAITING for remaining requests to finish (active_jobs=68)
[17:45:43] REQUEST: 233 - COMPLETED
[17:45:43] REQUEST COMPLETED -> remaining active_jobs=67
[17:45:43] WAITING for remaining requests to finish (active_jobs=67)
[17:45:43] REQUEST: 82 - COMPLETED
[17:45:43] REQUEST COMPLETED -> remaining active_jobs=66
[17:45:43] WAITING for remaining requests to finish (active_jobs=66)
[17:45:43] REQUEST: 230 - COMPLETED
[17:45:43] REQUEST COMPLETED -> remaining active_jobs=65
[17:45:43] WAITING for remaining requests to finish (active_jobs=65)
[17:45:44] REQUEST: 349 - COMPLETED
[17:45:44] REQUEST COMPLETED -> remaining active_jobs=64
[17:45:44] WAITING for remaining requests to finish (active_jobs=64)
[17:45:44] REQUEST: 336 - COMPLETED
[17:45:44] REQUEST COMPLETED -> remaining active_jobs=63
[17:45:44] WAITING for remaining requests to finish (active_jobs=63)
[17:45:44] REQUEST: 314 - COMPLETED
[17:45:44] REQUEST COMPLETED -> remaining active_jobs=62
[17:45:44] WAITING for remaining requests to finish (active_jobs=62)
[17:45:44] REQUEST: 353 - COMPLETED
[17:45:44] REQUEST COMPLETED -> remaining active_jobs=61
[17:45:44] WAITING for remaining requests to finish (active_jobs=61)
[17:45:44] REQUEST: 363 - COMPLETED
[17:45:44] REQUEST COMPLETED -> remaining active_jobs=60
[17:45:44] WAITING for remaining requests to finish (active_jobs=60)
[17:45:44] REQUEST: 243 - COMPLETED
[17:45:44] REQUEST COMPLETED -> remaining active_jobs=59
[17:45:44] WAITING for remaining requests to finish (active_jobs=59)
[17:45:44] REQUEST: 157 - COMPLETED
[17:45:44] REQUEST COMPLETED -> remaining active_jobs=58
[17:45:44] WAITING for remaining requests to finish (active_jobs=58)
[17:45:44] REQUEST: 299 - COMPLETED
[17:45:44] REQUEST COMPLETED -> remaining active_jobs=57
[17:45:44] WAITING for remaining requests to finish (active_jobs=57)
[17:45:44] REQUEST: 212 - COMPLETED
[17:45:44] REQUEST COMPLETED -> remaining active_jobs=56
[17:45:44] WAITING for remaining requests to finish (active_jobs=56)
[17:45:44] REQUEST: 211 - COMPLETED
[17:45:44] REQUEST COMPLETED -> remaining active_jobs=55
[17:45:44] WAITING for remaining requests to finish (active_jobs=55)
[17:45:44] REQUEST: 308 - COMPLETED
[17:45:44] REQUEST COMPLETED -> remaining active_jobs=54
[17:45:44] WAITING for remaining requests to finish (active_jobs=54)
[17:45:44] REQUEST: 377 - COMPLETED
[17:45:44] REQUEST COMPLETED -> remaining active_jobs=53
[17:45:44] WAITING for remaining requests to finish (active_jobs=53)
[17:45:44] REQUEST: 213 - COMPLETED
[17:45:44] REQUEST COMPLETED -> remaining active_jobs=52
[17:45:44] WAITING for remaining requests to finish (active_jobs=52)
[17:45:45] REQUEST: 101 - COMPLETED
[17:45:45] REQUEST COMPLETED -> remaining active_jobs=51
[17:45:45] WAITING for remaining requests to finish (active_jobs=51)
[17:45:45] REQUEST: 241 - COMPLETED
[17:45:45] REQUEST COMPLETED -> remaining active_jobs=50
[17:45:45] WAITING for remaining requests to finish (active_jobs=50)
[17:45:45] REQUEST: 220 - COMPLETED
[17:45:45] REQUEST COMPLETED -> remaining active_jobs=49
[17:45:45] WAITING for remaining requests to finish (active_jobs=49)
[17:45:45] REQUEST: 196 - COMPLETED
[17:45:45] REQUEST COMPLETED -> remaining active_jobs=48
[17:45:45] WAITING for remaining requests to finish (active_jobs=48)
[17:45:45] REQUEST: 86 - COMPLETED
[17:45:45] REQUEST COMPLETED -> remaining active_jobs=47
[17:45:45] WAITING for remaining requests to finish (active_jobs=47)
[17:45:45] REQUEST: 356 - COMPLETED
[17:45:45] REQUEST COMPLETED -> remaining active_jobs=46
[17:45:45] WAITING for remaining requests to finish (active_jobs=46)
[17:45:45] REQUEST: 113 - COMPLETED
[17:45:45] REQUEST COMPLETED -> remaining active_jobs=45
[17:45:45] WAITING for remaining requests to finish (active_jobs=45)
[17:45:45] REQUEST: 326 - COMPLETED
[17:45:45] REQUEST COMPLETED -> remaining active_jobs=44
[17:45:45] WAITING for remaining requests to finish (active_jobs=44)
[17:45:45] REQUEST: 268 - COMPLETED
[17:45:45] REQUEST COMPLETED -> remaining active_jobs=43
[17:45:45] WAITING for remaining requests to finish (active_jobs=43)
[17:45:45] REQUEST: 332 - COMPLETED
[17:45:45] REQUEST COMPLETED -> remaining active_jobs=42
[17:45:45] WAITING for remaining requests to finish (active_jobs=42)
[17:45:45] REQUEST: 400 - COMPLETED
[17:45:45] REQUEST COMPLETED -> remaining active_jobs=41
[17:45:45] WAITING for remaining requests to finish (active_jobs=41)
[17:45:45] REQUEST: 369 - COMPLETED
[17:45:45] REQUEST COMPLETED -> remaining active_jobs=40
[17:45:45] WAITING for remaining requests to finish (active_jobs=40)
[17:45:45] REQUEST: 164 - COMPLETED
[17:45:45] REQUEST COMPLETED -> remaining active_jobs=39
[17:45:45] WAITING for remaining requests to finish (active_jobs=39)
[17:45:45] REQUEST: 333 - COMPLETED
[17:45:45] REQUEST COMPLETED -> remaining active_jobs=38
[17:45:45] WAITING for remaining requests to finish (active_jobs=38)
[17:45:46] REQUEST: 262 - COMPLETED
[17:45:46] REQUEST COMPLETED -> remaining active_jobs=37
[17:45:46] WAITING for remaining requests to finish (active_jobs=37)
[17:45:46] REQUEST: 293 - COMPLETED
[17:45:46] REQUEST COMPLETED -> remaining active_jobs=36
[17:45:46] WAITING for remaining requests to finish (active_jobs=36)
[17:45:46] REQUEST: 114 - COMPLETED
[17:45:46] REQUEST COMPLETED -> remaining active_jobs=35
[17:45:46] WAITING for remaining requests to finish (active_jobs=35)
[17:45:46] REQUEST: 158 - COMPLETED
[17:45:46] REQUEST COMPLETED -> remaining active_jobs=34
[17:45:46] WAITING for remaining requests to finish (active_jobs=34)
[17:45:46] REQUEST: 360 - COMPLETED
[17:45:46] REQUEST COMPLETED -> remaining active_jobs=33
[17:45:46] WAITING for remaining requests to finish (active_jobs=33)
[17:45:46] REQUEST: 131 - COMPLETED
[17:45:46] REQUEST COMPLETED -> remaining active_jobs=32
[17:45:46] WAITING for remaining requests to finish (active_jobs=32)
[17:45:46] REQUEST: 397 - COMPLETED
[17:45:46] REQUEST COMPLETED -> remaining active_jobs=31
[17:45:46] WAITING for remaining requests to finish (active_jobs=31)
[17:45:46] REQUEST: 144 - COMPLETED
[17:45:46] REQUEST COMPLETED -> remaining active_jobs=30
[17:45:46] WAITING for remaining requests to finish (active_jobs=30)
[17:45:46] REQUEST: 215 - COMPLETED
[17:45:46] REQUEST COMPLETED -> remaining active_jobs=29
[17:45:46] WAITING for remaining requests to finish (active_jobs=29)
[17:45:46] REQUEST: 111 - COMPLETED
[17:45:46] REQUEST COMPLETED -> remaining active_jobs=28
[17:45:46] WAITING for remaining requests to finish (active_jobs=28)
[17:45:46] REQUEST: 76 - COMPLETED
[17:45:46] REQUEST COMPLETED -> remaining active_jobs=27
[17:45:46] WAITING for remaining requests to finish (active_jobs=27)
[17:45:46] REQUEST: 90 - COMPLETED
[17:45:46] REQUEST COMPLETED -> remaining active_jobs=26
[17:45:46] WAITING for remaining requests to finish (active_jobs=26)
[17:45:46] REQUEST: 328 - COMPLETED
[17:45:46] REQUEST COMPLETED -> remaining active_jobs=25
[17:45:46] WAITING for remaining requests to finish (active_jobs=25)
[17:45:46] REQUEST: 391 - COMPLETED
[17:45:46] REQUEST COMPLETED -> remaining active_jobs=24
[17:45:46] WAITING for remaining requests to finish (active_jobs=24)
[17:45:46] REQUEST: 358 - COMPLETED
[17:45:46] REQUEST COMPLETED -> remaining active_jobs=23
[17:45:46] WAITING for remaining requests to finish (active_jobs=23)
[17:45:46] REQUEST: 394 - COMPLETED
[17:45:46] REQUEST COMPLETED -> remaining active_jobs=22
[17:45:46] WAITING for remaining requests to finish (active_jobs=22)
[17:45:46] REQUEST: 370 - COMPLETED
[17:45:46] REQUEST COMPLETED -> remaining active_jobs=21
[17:45:46] WAITING for remaining requests to finish (active_jobs=21)
[17:45:47] REQUEST: 231 - COMPLETED
[17:45:47] REQUEST COMPLETED -> remaining active_jobs=20
[17:45:47] WAITING for remaining requests to finish (active_jobs=20)
[17:45:47] REQUEST: 138 - COMPLETED
[17:45:47] REQUEST COMPLETED -> remaining active_jobs=19
[17:45:47] WAITING for remaining requests to finish (active_jobs=19)
[17:45:47] REQUEST: 124 - COMPLETED
[17:45:47] REQUEST COMPLETED -> remaining active_jobs=18
[17:45:47] WAITING for remaining requests to finish (active_jobs=18)
[17:45:47] REQUEST: 348 - COMPLETED
[17:45:47] REQUEST COMPLETED -> remaining active_jobs=17
[17:45:47] WAITING for remaining requests to finish (active_jobs=17)
[17:45:47] REQUEST: 51 - COMPLETED
[17:45:47] REQUEST COMPLETED -> remaining active_jobs=16
[17:45:47] WAITING for remaining requests to finish (active_jobs=16)
[17:45:47] REQUEST: 325 - COMPLETED
[17:45:47] REQUEST COMPLETED -> remaining active_jobs=15
[17:45:47] WAITING for remaining requests to finish (active_jobs=15)
[17:45:47] REQUEST: 240 - COMPLETED
[17:45:47] REQUEST COMPLETED -> remaining active_jobs=14
[17:45:47] WAITING for remaining requests to finish (active_jobs=14)
[17:45:47] REQUEST: 319 - COMPLETED
[17:45:47] REQUEST COMPLETED -> remaining active_jobs=13
[17:45:47] WAITING for remaining requests to finish (active_jobs=13)
[17:45:47] REQUEST: 102 - COMPLETED
[17:45:47] REQUEST COMPLETED -> remaining active_jobs=12
[17:45:47] WAITING for remaining requests to finish (active_jobs=12)
[17:45:47] REQUEST: 366 - COMPLETED
[17:45:47] REQUEST COMPLETED -> remaining active_jobs=11
[17:45:47] WAITING for remaining requests to finish (active_jobs=11)
[17:45:47] REQUEST: 197 - COMPLETED
[17:45:47] REQUEST COMPLETED -> remaining active_jobs=10
[17:45:47] WAITING for remaining requests to finish (active_jobs=10)
[17:45:47] REQUEST: 395 - COMPLETED
[17:45:47] REQUEST COMPLETED -> remaining active_jobs=9
[17:45:47] WAITING for remaining requests to finish (active_jobs=9)
[17:45:47] REQUEST: 323 - COMPLETED
[17:45:47] REQUEST COMPLETED -> remaining active_jobs=8
[17:45:47] WAITING for remaining requests to finish (active_jobs=8)
[17:45:47] REQUEST: 275 - COMPLETED
[17:45:47] REQUEST COMPLETED -> remaining active_jobs=7
[17:45:47] WAITING for remaining requests to finish (active_jobs=7)
[17:45:47] REQUEST: 374 - COMPLETED
[17:45:47] REQUEST COMPLETED -> remaining active_jobs=6
[17:45:47] WAITING for remaining requests to finish (active_jobs=6)
[17:45:47] REQUEST: 125 - COMPLETED
[17:45:47] REQUEST COMPLETED -> remaining active_jobs=5
[17:45:47] WAITING for remaining requests to finish (active_jobs=5)
[17:45:47] REQUEST: 373 - COMPLETED
[17:45:47] REQUEST COMPLETED -> remaining active_jobs=4
[17:45:47] WAITING for remaining requests to finish (active_jobs=4)
[17:45:48] REQUEST: 376 - COMPLETED
[17:45:48] REQUEST COMPLETED -> remaining active_jobs=3
[17:45:48] WAITING for remaining requests to finish (active_jobs=3)
[17:45:48] REQUEST: 351 - COMPLETED
[17:45:48] REQUEST COMPLETED -> remaining active_jobs=2
[17:45:48] WAITING for remaining requests to finish (active_jobs=2)
[17:45:48] REQUEST: 312 - COMPLETED
[17:45:48] REQUEST COMPLETED -> remaining active_jobs=1
[17:45:48] WAITING for remaining requests to finish (active_jobs=1)
[17:45:48] REQUEST: 208 - COMPLETED
[17:45:48] REQUEST COMPLETED -> remaining active_jobs=0
[17:45:48] Load test completed
[17:45:48] Running results evaluation


--- PER-REQUEST STATS ---
Request 01 | res_time: 17:45:17.03 | latency:   0.35 s | tokens: 25 | gen_time: 0.095 s | tok/s: 264.29
Request 02 | res_time: 17:45:17.18 | latency:   0.49 s | tokens: 25 | gen_time: 0.153 s | tok/s: 163.28
Request 03 | res_time: 17:45:17.31 | latency:   0.64 s | tokens: 25 | gen_time: 0.255 s | tok/s: 98.04
Request 04 | res_time: 17:45:17.32 | latency:   0.64 s | tokens: 25 | gen_time: 0.215 s | tok/s: 116.21
Request 05 | res_time: 17:45:17.49 | latency:   0.64 s | tokens: 25 | gen_time: 0.105 s | tok/s: 237.25
Request 06 | res_time: 17:45:17.52 | latency:   0.81 s | tokens: 25 | gen_time: 0.343 s | tok/s: 72.88
Request 07 | res_time: 17:45:17.53 | latency:   0.82 s | tokens: 25 | gen_time: 0.391 s | tok/s: 63.86
Request 08 | res_time: 17:45:17.61 | latency:   0.92 s | tokens: 25 | gen_time: 0.143 s | tok/s: 175.38
Request 09 | res_time: 17:45:17.67 | latency:   0.96 s | tokens: 25 | gen_time: 0.252 s | tok/s: 99.05
Request 10 | res_time: 17:45:17.94 | latency:   1.22 s | tokens: 25 | gen_time: 0.140 s | tok/s: 179.13
Request 11 | res_time: 17:45:17.98 | latency:   1.24 s | tokens: 25 | gen_time: 0.297 s | tok/s: 84.18
Request 12 | res_time: 17:45:18.07 | latency:   1.23 s | tokens: 25 | gen_time: 0.288 s | tok/s: 86.88
Request 13 | res_time: 17:45:18.13 | latency:   1.43 s | tokens: 25 | gen_time: 0.373 s | tok/s: 66.96
Request 14 | res_time: 17:45:18.26 | latency:   1.51 s | tokens: 25 | gen_time: 0.086 s | tok/s: 290.77
Request 15 | res_time: 17:45:18.44 | latency:   1.67 s | tokens: 25 | gen_time: 0.228 s | tok/s: 109.78
Request 16 | res_time: 17:45:18.70 | latency:   1.99 s | tokens: 25 | gen_time: 0.327 s | tok/s: 76.52
Request 17 | res_time: 17:45:18.89 | latency:   2.07 s | tokens: 25 | gen_time: 0.407 s | tok/s: 61.41
Request 18 | res_time: 17:45:18.89 | latency:   2.21 s | tokens: 25 | gen_time: 0.242 s | tok/s: 103.51
Request 19 | res_time: 17:45:18.77 | latency:   2.07 s | tokens: 25 | gen_time: 0.237 s | tok/s: 105.56
Request 20 | res_time: 17:45:18.96 | latency:   2.19 s | tokens: 25 | gen_time: 0.436 s | tok/s: 57.29
Request 21 | res_time: 17:45:19.16 | latency:   2.41 s | tokens: 25 | gen_time: 0.088 s | tok/s: 283.24
Request 22 | res_time: 17:45:19.47 | latency:   2.56 s | tokens: 25 | gen_time: 0.143 s | tok/s: 174.36
Request 23 | res_time: 17:45:19.53 | latency:   2.79 s | tokens: 25 | gen_time: 0.376 s | tok/s: 66.52
Request 24 | res_time: 17:45:19.60 | latency:   2.89 s | tokens: 25 | gen_time: 0.432 s | tok/s: 57.81
Request 25 | res_time: 17:45:19.65 | latency:   2.91 s | tokens: 25 | gen_time: 0.633 s | tok/s: 39.52
Request 26 | res_time: 17:45:19.72 | latency:   2.39 s | tokens: 25 | gen_time: 0.419 s | tok/s: 59.60
Request 27 | res_time: 17:45:19.78 | latency:   3.07 s | tokens: 25 | gen_time: 0.541 s | tok/s: 46.25
Request 28 | res_time: 17:45:19.84 | latency:   2.78 s | tokens: 25 | gen_time: 0.215 s | tok/s: 116.05
Request 29 | res_time: 17:45:19.99 | latency:   2.93 s | tokens: 25 | gen_time: 0.114 s | tok/s: 219.94
Request 30 | res_time: 17:45:20.01 | latency:   3.16 s | tokens: 25 | gen_time: 0.285 s | tok/s: 87.66
Request 31 | res_time: 17:45:20.11 | latency:   2.84 s | tokens: 25 | gen_time: 0.089 s | tok/s: 280.71
Request 32 | res_time: 17:45:19.96 | latency:   3.19 s | tokens: 25 | gen_time: 0.242 s | tok/s: 103.36
Request 33 | res_time: 17:45:20.30 | latency:   2.96 s | tokens: 25 | gen_time: 0.137 s | tok/s: 182.86
Request 34 | res_time: 17:45:20.35 | latency:   3.57 s | tokens: 25 | gen_time: 0.276 s | tok/s: 90.61
Request 35 | res_time: 17:45:20.27 | latency:   3.01 s | tokens: 25 | gen_time: 0.361 s | tok/s: 69.18
Request 36 | res_time: 17:45:20.45 | latency:   3.57 s | tokens: 25 | gen_time: 0.103 s | tok/s: 241.99
Request 37 | res_time: 17:45:20.50 | latency:   3.45 s | tokens: 25 | gen_time: 0.163 s | tok/s: 153.43
Request 38 | res_time: 17:45:20.68 | latency:   3.00 s | tokens: 25 | gen_time: 0.126 s | tok/s: 197.76
Request 39 | res_time: 17:45:20.73 | latency:   2.43 s | tokens: 25 | gen_time: 0.431 s | tok/s: 58.03
Request 40 | res_time: 17:45:20.80 | latency:   4.07 s | tokens: 25 | gen_time: 0.834 s | tok/s: 29.99
Request 41 | res_time: 17:45:20.90 | latency:   4.13 s | tokens: 25 | gen_time: 0.247 s | tok/s: 101.28
Request 42 | res_time: 17:45:20.95 | latency:   3.39 s | tokens: 25 | gen_time: 0.295 s | tok/s: 84.71
Request 43 | res_time: 17:45:21.03 | latency:   3.92 s | tokens: 25 | gen_time: 0.310 s | tok/s: 80.55
Request 44 | res_time: 17:45:21.11 | latency:   4.28 s | tokens: 25 | gen_time: 0.290 s | tok/s: 86.19
Request 45 | res_time: 17:45:21.33 | latency:   4.48 s | tokens: 25 | gen_time: 0.401 s | tok/s: 62.42
Request 46 | res_time: 17:45:21.38 | latency:   4.07 s | tokens: 25 | gen_time: 0.395 s | tok/s: 63.27
Request 47 | res_time: 17:45:21.41 | latency:   3.99 s | tokens: 25 | gen_time: 0.563 s | tok/s: 44.44
Request 48 | res_time: 17:45:21.45 | latency:   4.55 s | tokens: 25 | gen_time: 0.544 s | tok/s: 45.94
Request 49 | res_time: 17:45:21.49 | latency:   3.61 s | tokens: 25 | gen_time: 0.428 s | tok/s: 58.41
Request 50 | res_time: 17:45:21.58 | latency:   4.07 s | tokens: 25 | gen_time: 0.437 s | tok/s: 57.24
Request 51 | res_time: 17:45:21.80 | latency:   4.51 s | tokens: 25 | gen_time: 0.440 s | tok/s: 56.76
Request 52 | res_time: 17:45:21.87 | latency:   4.06 s | tokens: 25 | gen_time: 0.443 s | tok/s: 56.38
Request 53 | res_time: 17:45:21.89 | latency:   4.78 s | tokens: 25 | gen_time: 0.444 s | tok/s: 56.28
Request 54 | res_time: 17:45:21.94 | latency:   4.48 s | tokens: 25 | gen_time: 0.444 s | tok/s: 56.27
Request 55 | res_time: 17:45:21.97 | latency:   5.05 s | tokens: 25 | gen_time: 0.447 s | tok/s: 55.97
Request 56 | res_time: 17:45:22.06 | latency:   5.20 s | tokens: 25 | gen_time: 0.442 s | tok/s: 56.56
Request 57 | res_time: 17:45:22.29 | latency:   5.29 s | tokens: 25 | gen_time: 0.444 s | tok/s: 56.27
Request 58 | res_time: 17:45:22.35 | latency:   4.25 s | tokens: 25 | gen_time: 0.444 s | tok/s: 56.27
Request 59 | res_time: 17:45:22.38 | latency:   5.56 s | tokens: 25 | gen_time: 0.445 s | tok/s: 56.13
Request 60 | res_time: 17:45:22.42 | latency:   5.56 s | tokens: 25 | gen_time: 0.445 s | tok/s: 56.15
Request 61 | res_time: 17:45:22.46 | latency:   5.52 s | tokens: 25 | gen_time: 0.442 s | tok/s: 56.52
Request 62 | res_time: 17:45:22.54 | latency:   5.76 s | tokens: 25 | gen_time: 0.441 s | tok/s: 56.74
Request 63 | res_time: 17:45:22.79 | latency:   5.71 s | tokens: 25 | gen_time: 0.459 s | tok/s: 54.43
Request 64 | res_time: 17:45:22.86 | latency:   5.30 s | tokens: 25 | gen_time: 0.466 s | tok/s: 53.69
Request 65 | res_time: 17:45:22.89 | latency:   6.01 s | tokens: 25 | gen_time: 0.469 s | tok/s: 53.33
Request 66 | res_time: 17:45:22.94 | latency:   5.74 s | tokens: 25 | gen_time: 0.477 s | tok/s: 52.41
Request 67 | res_time: 17:45:22.98 | latency:   5.86 s | tokens: 25 | gen_time: 0.483 s | tok/s: 51.73
Request 68 | res_time: 17:45:23.08 | latency:   6.10 s | tokens: 25 | gen_time: 0.497 s | tok/s: 50.28
Request 69 | res_time: 17:45:23.21 | latency:   6.51 s | tokens: 25 | gen_time: 0.514 s | tok/s: 48.64
Request 70 | res_time: 17:45:23.33 | latency:   6.62 s | tokens: 25 | gen_time: 0.506 s | tok/s: 49.41
Request 71 | res_time: 17:45:23.40 | latency:   5.61 s | tokens: 25 | gen_time: 0.506 s | tok/s: 49.43
Request 72 | res_time: 17:45:23.43 | latency:   6.04 s | tokens: 25 | gen_time: 0.503 s | tok/s: 49.68
Request 73 | res_time: 17:45:23.48 | latency:   5.97 s | tokens: 25 | gen_time: 0.505 s | tok/s: 49.48
Request 74 | res_time: 17:45:23.52 | latency:   5.66 s | tokens: 25 | gen_time: 0.506 s | tok/s: 49.44
Request 75 | res_time: 17:45:23.62 | latency:   6.35 s | tokens: 25 | gen_time: 0.499 s | tok/s: 50.10
Request 76 | res_time: 17:45:23.76 | latency:   6.87 s | tokens: 25 | gen_time: 0.506 s | tok/s: 49.40
Request 77 | res_time: 17:45:23.88 | latency:   6.95 s | tokens: 25 | gen_time: 0.505 s | tok/s: 49.50
Request 78 | res_time: 17:45:23.95 | latency:   6.43 s | tokens: 25 | gen_time: 0.506 s | tok/s: 49.44
Request 79 | res_time: 17:45:23.98 | latency:   6.93 s | tokens: 25 | gen_time: 0.506 s | tok/s: 49.43
Request 80 | res_time: 17:45:24.03 | latency:   6.80 s | tokens: 25 | gen_time: 0.504 s | tok/s: 49.60
Request 81 | res_time: 17:45:24.07 | latency:   6.47 s | tokens: 25 | gen_time: 0.505 s | tok/s: 49.55
Request 82 | res_time: 17:45:24.17 | latency:   7.36 s | tokens: 25 | gen_time: 0.508 s | tok/s: 49.24
Request 83 | res_time: 17:45:24.31 | latency:   7.08 s | tokens: 25 | gen_time: 0.506 s | tok/s: 49.41
Request 84 | res_time: 17:45:24.43 | latency:   7.59 s | tokens: 25 | gen_time: 0.505 s | tok/s: 49.48
Request 85 | res_time: 17:45:24.50 | latency:   7.59 s | tokens: 25 | gen_time: 0.505 s | tok/s: 49.48
Request 86 | res_time: 17:45:24.53 | latency:   6.89 s | tokens: 25 | gen_time: 0.503 s | tok/s: 49.66
Request 87 | res_time: 17:45:24.58 | latency:   7.81 s | tokens: 25 | gen_time: 0.507 s | tok/s: 49.31
Request 88 | res_time: 17:45:24.62 | latency:   7.48 s | tokens: 25 | gen_time: 0.506 s | tok/s: 49.43
Request 89 | res_time: 17:45:24.72 | latency:   7.44 s | tokens: 25 | gen_time: 0.506 s | tok/s: 49.44
Request 90 | res_time: 17:45:24.85 | latency:   6.99 s | tokens: 25 | gen_time: 0.505 s | tok/s: 49.46
Request 91 | res_time: 17:45:24.97 | latency:   6.97 s | tokens: 25 | gen_time: 0.507 s | tok/s: 49.33
Request 92 | res_time: 17:45:25.05 | latency:   7.46 s | tokens: 25 | gen_time: 0.504 s | tok/s: 49.60
Request 93 | res_time: 17:45:25.08 | latency:   7.96 s | tokens: 25 | gen_time: 0.508 s | tok/s: 49.25
Request 94 | res_time: 17:45:25.12 | latency:   8.32 s | tokens: 25 | gen_time: 0.505 s | tok/s: 49.48
Request 95 | res_time: 17:45:25.17 | latency:   7.85 s | tokens: 25 | gen_time: 0.504 s | tok/s: 49.58
Request 96 | res_time: 17:45:25.26 | latency:   7.66 s | tokens: 25 | gen_time: 0.507 s | tok/s: 49.30
Request 97 | res_time: 17:45:25.40 | latency:   8.66 s | tokens: 25 | gen_time: 0.505 s | tok/s: 49.53
Request 98 | res_time: 17:45:25.52 | latency:   8.39 s | tokens: 25 | gen_time: 0.507 s | tok/s: 49.34
Request 99 | res_time: 17:45:25.59 | latency:   8.05 s | tokens: 25 | gen_time: 0.505 s | tok/s: 49.53
Request 100 | res_time: 17:45:25.62 | latency:   7.89 s | tokens: 25 | gen_time: 0.504 s | tok/s: 49.61
Request 101 | res_time: 17:45:25.67 | latency:   8.25 s | tokens: 25 | gen_time: 0.506 s | tok/s: 49.37
Request 102 | res_time: 17:45:25.71 | latency:   7.96 s | tokens: 25 | gen_time: 0.506 s | tok/s: 49.44
Request 103 | res_time: 17:45:25.81 | latency:   7.84 s | tokens: 25 | gen_time: 0.505 s | tok/s: 49.55
Request 104 | res_time: 17:45:25.95 | latency:   9.19 s | tokens: 25 | gen_time: 0.506 s | tok/s: 49.39
Request 105 | res_time: 17:45:26.07 | latency:   8.91 s | tokens: 25 | gen_time: 0.505 s | tok/s: 49.46
Request 106 | res_time: 17:45:26.14 | latency:   8.96 s | tokens: 25 | gen_time: 0.505 s | tok/s: 49.52
Request 107 | res_time: 17:45:26.17 | latency:   9.36 s | tokens: 25 | gen_time: 0.504 s | tok/s: 49.56
Request 108 | res_time: 17:45:26.22 | latency:   9.02 s | tokens: 25 | gen_time: 0.506 s | tok/s: 49.39
Request 109 | res_time: 17:45:26.26 | latency:   8.34 s | tokens: 25 | gen_time: 0.506 s | tok/s: 49.37
Request 110 | res_time: 17:45:26.36 | latency:   8.70 s | tokens: 25 | gen_time: 0.505 s | tok/s: 49.49
Request 111 | res_time: 17:45:26.49 | latency:   8.78 s | tokens: 25 | gen_time: 0.505 s | tok/s: 49.50
Request 112 | res_time: 17:45:26.62 | latency:   9.38 s | tokens: 25 | gen_time: 0.506 s | tok/s: 49.41
Request 113 | res_time: 17:45:26.69 | latency:   9.15 s | tokens: 25 | gen_time: 0.505 s | tok/s: 49.50
Request 114 | res_time: 17:45:26.72 | latency:   9.99 s | tokens: 25 | gen_time: 0.503 s | tok/s: 49.71
Request 115 | res_time: 17:45:26.77 | latency:   8.81 s | tokens: 25 | gen_time: 0.506 s | tok/s: 49.37
Request 116 | res_time: 17:45:26.81 | latency:   9.60 s | tokens: 25 | gen_time: 0.506 s | tok/s: 49.43
Request 117 | res_time: 17:45:26.90 | latency:   8.96 s | tokens: 25 | gen_time: 0.504 s | tok/s: 49.59
Request 118 | res_time: 17:45:27.04 | latency:   9.36 s | tokens: 25 | gen_time: 0.505 s | tok/s: 49.48
Request 119 | res_time: 17:45:27.16 | latency:  10.20 s | tokens: 25 | gen_time: 0.505 s | tok/s: 49.48
Request 120 | res_time: 17:45:27.23 | latency:   9.03 s | tokens: 25 | gen_time: 0.506 s | tok/s: 49.37
Request 121 | res_time: 17:45:27.26 | latency:   8.94 s | tokens: 25 | gen_time: 0.506 s | tok/s: 49.40
Request 122 | res_time: 17:45:27.31 | latency:  10.42 s | tokens: 25 | gen_time: 0.506 s | tok/s: 49.36
Request 123 | res_time: 17:45:27.35 | latency:  10.14 s | tokens: 25 | gen_time: 0.504 s | tok/s: 49.59
Request 124 | res_time: 17:45:27.45 | latency:   9.40 s | tokens: 25 | gen_time: 0.506 s | tok/s: 49.41
Request 125 | res_time: 17:45:27.59 | latency:  10.21 s | tokens: 25 | gen_time: 0.505 s | tok/s: 49.46
Request 126 | res_time: 17:45:27.71 | latency:   9.71 s | tokens: 25 | gen_time: 0.505 s | tok/s: 49.49
Request 127 | res_time: 17:45:27.78 | latency:  10.64 s | tokens: 25 | gen_time: 0.506 s | tok/s: 49.39
Request 128 | res_time: 17:45:27.81 | latency:  10.11 s | tokens: 25 | gen_time: 0.504 s | tok/s: 49.59
Request 129 | res_time: 17:45:27.86 | latency:  10.35 s | tokens: 25 | gen_time: 0.506 s | tok/s: 49.37
Request 130 | res_time: 17:45:27.90 | latency:  10.23 s | tokens: 25 | gen_time: 0.506 s | tok/s: 49.39
Request 131 | res_time: 17:45:28.00 | latency:  10.27 s | tokens: 25 | gen_time: 0.505 s | tok/s: 49.53
Request 132 | res_time: 17:45:28.14 | latency:  11.29 s | tokens: 25 | gen_time: 0.506 s | tok/s: 49.44
Request 133 | res_time: 17:45:28.26 | latency:  11.11 s | tokens: 25 | gen_time: 0.505 s | tok/s: 49.53
Request 134 | res_time: 17:45:28.33 | latency:  11.19 s | tokens: 25 | gen_time: 0.507 s | tok/s: 49.30
Request 135 | res_time: 17:45:28.36 | latency:  10.99 s | tokens: 25 | gen_time: 0.506 s | tok/s: 49.45
Request 136 | res_time: 17:45:28.41 | latency:  10.73 s | tokens: 25 | gen_time: 0.504 s | tok/s: 49.59
Request 137 | res_time: 17:45:28.45 | latency:  10.63 s | tokens: 25 | gen_time: 0.505 s | tok/s: 49.49
Request 138 | res_time: 17:45:28.54 | latency:  10.86 s | tokens: 25 | gen_time: 0.506 s | tok/s: 49.39
Request 139 | res_time: 17:45:28.68 | latency:  11.74 s | tokens: 25 | gen_time: 0.504 s | tok/s: 49.58
Request 140 | res_time: 17:45:28.81 | latency:  11.34 s | tokens: 25 | gen_time: 0.506 s | tok/s: 49.40
Request 141 | res_time: 17:45:28.88 | latency:  11.52 s | tokens: 25 | gen_time: 0.506 s | tok/s: 49.43
Request 142 | res_time: 17:45:28.91 | latency:  11.69 s | tokens: 25 | gen_time: 0.506 s | tok/s: 49.36
Request 143 | res_time: 17:45:28.96 | latency:  11.79 s | tokens: 25 | gen_time: 0.507 s | tok/s: 49.27
Request 144 | res_time: 17:45:29.00 | latency:  11.22 s | tokens: 25 | gen_time: 0.506 s | tok/s: 49.39
Request 145 | res_time: 17:45:29.09 | latency:  12.21 s | tokens: 25 | gen_time: 0.504 s | tok/s: 49.60
Request 146 | res_time: 17:45:29.23 | latency:  12.45 s | tokens: 25 | gen_time: 0.506 s | tok/s: 49.44
Request 147 | res_time: 17:45:29.35 | latency:  11.36 s | tokens: 25 | gen_time: 0.507 s | tok/s: 49.34
Request 148 | res_time: 17:45:29.42 | latency:  11.86 s | tokens: 25 | gen_time: 0.506 s | tok/s: 49.43
Request 149 | res_time: 17:45:29.45 | latency:  12.06 s | tokens: 25 | gen_time: 0.505 s | tok/s: 49.49
Request 150 | res_time: 17:45:29.50 | latency:  12.47 s | tokens: 25 | gen_time: 0.505 s | tok/s: 49.47
Request 151 | res_time: 17:45:29.54 | latency:  12.32 s | tokens: 25 | gen_time: 0.505 s | tok/s: 49.47
Request 152 | res_time: 17:45:29.64 | latency:  11.71 s | tokens: 25 | gen_time: 0.505 s | tok/s: 49.51
Request 153 | res_time: 17:45:29.78 | latency:  12.90 s | tokens: 25 | gen_time: 0.506 s | tok/s: 49.38
Request 154 | res_time: 17:45:29.90 | latency:  13.17 s | tokens: 25 | gen_time: 0.507 s | tok/s: 49.32
Request 155 | res_time: 17:45:29.97 | latency:  13.15 s | tokens: 25 | gen_time: 0.506 s | tok/s: 49.36
Request 156 | res_time: 17:45:30.00 | latency:  12.55 s | tokens: 25 | gen_time: 0.502 s | tok/s: 49.76
Request 157 | res_time: 17:45:30.05 | latency:  12.43 s | tokens: 25 | gen_time: 0.506 s | tok/s: 49.36
Request 158 | res_time: 17:45:30.09 | latency:  12.19 s | tokens: 25 | gen_time: 0.505 s | tok/s: 49.50
Request 159 | res_time: 17:45:30.19 | latency:  12.26 s | tokens: 25 | gen_time: 0.504 s | tok/s: 49.56
Request 160 | res_time: 17:45:30.32 | latency:  13.48 s | tokens: 25 | gen_time: 0.505 s | tok/s: 49.47
Request 161 | res_time: 17:45:30.45 | latency:  12.44 s | tokens: 25 | gen_time: 0.504 s | tok/s: 49.63
Request 162 | res_time: 17:45:30.52 | latency:  13.16 s | tokens: 25 | gen_time: 0.508 s | tok/s: 49.25
Request 163 | res_time: 17:45:30.55 | latency:  13.69 s | tokens: 25 | gen_time: 0.505 s | tok/s: 49.54
Request 164 | res_time: 17:45:30.59 | latency:  13.44 s | tokens: 25 | gen_time: 0.504 s | tok/s: 49.58
Request 165 | res_time: 17:45:30.64 | latency:  12.72 s | tokens: 25 | gen_time: 0.505 s | tok/s: 49.54
Request 166 | res_time: 17:45:30.73 | latency:  13.11 s | tokens: 25 | gen_time: 0.505 s | tok/s: 49.46
Request 167 | res_time: 17:45:30.87 | latency:  13.43 s | tokens: 25 | gen_time: 0.507 s | tok/s: 49.34
Request 168 | res_time: 17:45:30.99 | latency:  13.81 s | tokens: 25 | gen_time: 0.507 s | tok/s: 49.33
Request 169 | res_time: 17:45:31.07 | latency:  13.69 s | tokens: 25 | gen_time: 0.505 s | tok/s: 49.52
Request 170 | res_time: 17:45:31.09 | latency:  14.01 s | tokens: 25 | gen_time: 0.504 s | tok/s: 49.58
Request 171 | res_time: 17:45:31.14 | latency:  13.31 s | tokens: 25 | gen_time: 0.507 s | tok/s: 49.31
Request 172 | res_time: 17:45:31.18 | latency:  13.54 s | tokens: 25 | gen_time: 0.505 s | tok/s: 49.46
Request 173 | res_time: 17:45:31.28 | latency:  13.00 s | tokens: 25 | gen_time: 0.507 s | tok/s: 49.33
Request 174 | res_time: 17:45:31.42 | latency:  13.75 s | tokens: 25 | gen_time: 0.506 s | tok/s: 49.42
Request 175 | res_time: 17:45:31.54 | latency:  14.56 s | tokens: 25 | gen_time: 0.506 s | tok/s: 49.46
Request 176 | res_time: 17:45:31.61 | latency:  13.33 s | tokens: 25 | gen_time: 0.506 s | tok/s: 49.39
Request 177 | res_time: 17:45:31.64 | latency:  14.15 s | tokens: 25 | gen_time: 0.505 s | tok/s: 49.53
Request 178 | res_time: 17:45:31.69 | latency:  14.42 s | tokens: 25 | gen_time: 0.502 s | tok/s: 49.76
Request 179 | res_time: 17:45:31.73 | latency:  13.88 s | tokens: 25 | gen_time: 0.508 s | tok/s: 49.20
Request 180 | res_time: 17:45:31.83 | latency:  13.57 s | tokens: 25 | gen_time: 0.507 s | tok/s: 49.34
Request 181 | res_time: 17:45:31.97 | latency:  14.85 s | tokens: 25 | gen_time: 0.504 s | tok/s: 49.61
Request 182 | res_time: 17:45:32.09 | latency:  15.05 s | tokens: 25 | gen_time: 0.507 s | tok/s: 49.27
Request 183 | res_time: 17:45:32.16 | latency:  14.35 s | tokens: 25 | gen_time: 0.505 s | tok/s: 49.53
Request 184 | res_time: 17:45:32.19 | latency:  14.65 s | tokens: 25 | gen_time: 0.506 s | tok/s: 49.41
Request 185 | res_time: 17:45:32.23 | latency:  14.16 s | tokens: 25 | gen_time: 0.506 s | tok/s: 49.42
Request 186 | res_time: 17:45:32.28 | latency:  14.48 s | tokens: 25 | gen_time: 0.505 s | tok/s: 49.48
Request 187 | res_time: 17:45:32.38 | latency:  14.78 s | tokens: 25 | gen_time: 0.506 s | tok/s: 49.42
Request 188 | res_time: 17:45:32.51 | latency:  15.57 s | tokens: 25 | gen_time: 0.505 s | tok/s: 49.49
Request 189 | res_time: 17:45:32.64 | latency:  15.41 s | tokens: 25 | gen_time: 0.506 s | tok/s: 49.37
Request 190 | res_time: 17:45:32.71 | latency:  15.44 s | tokens: 25 | gen_time: 0.506 s | tok/s: 49.40
Request 191 | res_time: 17:45:32.74 | latency:  15.26 s | tokens: 25 | gen_time: 0.506 s | tok/s: 49.42
Request 192 | res_time: 17:45:32.78 | latency:  15.61 s | tokens: 25 | gen_time: 0.506 s | tok/s: 49.38
Request 193 | res_time: 17:45:32.83 | latency:  15.07 s | tokens: 25 | gen_time: 0.506 s | tok/s: 49.37
Request 194 | res_time: 17:45:32.92 | latency:  15.31 s | tokens: 25 | gen_time: 0.504 s | tok/s: 49.58
Request 195 | res_time: 17:45:33.06 | latency:  16.00 s | tokens: 25 | gen_time: 0.507 s | tok/s: 49.34
Request 196 | res_time: 17:45:33.18 | latency:  16.28 s | tokens: 25 | gen_time: 0.507 s | tok/s: 49.32
Request 197 | res_time: 17:45:33.26 | latency:  15.95 s | tokens: 25 | gen_time: 0.505 s | tok/s: 49.49
Request 198 | res_time: 17:45:33.28 | latency:  15.90 s | tokens: 25 | gen_time: 0.505 s | tok/s: 49.49
Request 199 | res_time: 17:45:33.33 | latency:  16.19 s | tokens: 25 | gen_time: 0.505 s | tok/s: 49.47
Request 200 | res_time: 17:45:33.38 | latency:  15.53 s | tokens: 25 | gen_time: 0.507 s | tok/s: 49.32
Request 201 | res_time: 17:45:33.47 | latency:  15.70 s | tokens: 25 | gen_time: 0.507 s | tok/s: 49.30
Request 202 | res_time: 17:45:33.61 | latency:  16.56 s | tokens: 25 | gen_time: 0.505 s | tok/s: 49.49
Request 203 | res_time: 17:45:33.73 | latency:  16.42 s | tokens: 25 | gen_time: 0.506 s | tok/s: 49.41
Request 204 | res_time: 17:45:33.80 | latency:  16.71 s | tokens: 25 | gen_time: 0.505 s | tok/s: 49.53
Request 205 | res_time: 17:45:33.83 | latency:  17.03 s | tokens: 25 | gen_time: 0.506 s | tok/s: 49.37
Request 206 | res_time: 17:45:33.88 | latency:  16.34 s | tokens: 25 | gen_time: 0.506 s | tok/s: 49.37
Request 207 | res_time: 17:45:33.92 | latency:  16.06 s | tokens: 25 | gen_time: 0.506 s | tok/s: 49.44
Request 208 | res_time: 17:45:34.02 | latency:  16.62 s | tokens: 25 | gen_time: 0.504 s | tok/s: 49.58
Request 209 | res_time: 17:45:34.15 | latency:  16.49 s | tokens: 25 | gen_time: 0.505 s | tok/s: 49.50
Request 210 | res_time: 17:45:34.28 | latency:  16.71 s | tokens: 25 | gen_time: 0.506 s | tok/s: 49.42
Request 211 | res_time: 17:45:34.35 | latency:  17.53 s | tokens: 25 | gen_time: 0.507 s | tok/s: 49.33
Request 212 | res_time: 17:45:34.38 | latency:  16.86 s | tokens: 25 | gen_time: 0.507 s | tok/s: 49.30
Request 213 | res_time: 17:45:34.42 | latency:  16.61 s | tokens: 25 | gen_time: 0.505 s | tok/s: 49.53
Request 214 | res_time: 17:45:34.47 | latency:  16.48 s | tokens: 25 | gen_time: 0.505 s | tok/s: 49.52
Request 215 | res_time: 17:45:34.56 | latency:  17.24 s | tokens: 25 | gen_time: 0.505 s | tok/s: 49.46
Request 216 | res_time: 17:45:34.70 | latency:  17.31 s | tokens: 25 | gen_time: 0.507 s | tok/s: 49.30
Request 217 | res_time: 17:45:34.82 | latency:  17.15 s | tokens: 25 | gen_time: 0.505 s | tok/s: 49.47
Request 218 | res_time: 17:45:34.90 | latency:  17.07 s | tokens: 25 | gen_time: 0.504 s | tok/s: 49.58
Request 219 | res_time: 17:45:34.92 | latency:  17.91 s | tokens: 25 | gen_time: 0.504 s | tok/s: 49.60
Request 220 | res_time: 17:45:34.97 | latency:  17.32 s | tokens: 25 | gen_time: 0.505 s | tok/s: 49.49
Request 221 | res_time: 17:45:35.02 | latency:  17.13 s | tokens: 25 | gen_time: 0.507 s | tok/s: 49.36
Request 222 | res_time: 17:45:35.11 | latency:  18.13 s | tokens: 25 | gen_time: 0.505 s | tok/s: 49.49
Request 223 | res_time: 17:45:35.25 | latency:  17.55 s | tokens: 25 | gen_time: 0.505 s | tok/s: 49.49
Request 224 | res_time: 17:45:35.37 | latency:  18.22 s | tokens: 25 | gen_time: 0.505 s | tok/s: 49.47
Request 225 | res_time: 17:45:35.44 | latency:  17.92 s | tokens: 25 | gen_time: 0.505 s | tok/s: 49.49
Request 226 | res_time: 17:45:35.47 | latency:  17.61 s | tokens: 25 | gen_time: 0.508 s | tok/s: 49.26
Request 227 | res_time: 17:45:35.52 | latency:  17.92 s | tokens: 25 | gen_time: 0.506 s | tok/s: 49.41
Request 228 | res_time: 17:45:35.57 | latency:  17.63 s | tokens: 25 | gen_time: 0.506 s | tok/s: 49.44
Request 229 | res_time: 17:45:35.65 | latency:  18.05 s | tokens: 25 | gen_time: 0.493 s | tok/s: 50.68
Request 230 | res_time: 17:45:35.76 | latency:  18.92 s | tokens: 25 | gen_time: 0.474 s | tok/s: 52.69
Request 231 | res_time: 17:45:35.87 | latency:  18.85 s | tokens: 25 | gen_time: 0.456 s | tok/s: 54.84
Request 232 | res_time: 17:45:35.93 | latency:  18.92 s | tokens: 25 | gen_time: 0.448 s | tok/s: 55.78
Request 233 | res_time: 17:45:35.95 | latency:  18.77 s | tokens: 25 | gen_time: 0.444 s | tok/s: 56.36
Request 234 | res_time: 17:45:36.00 | latency:  18.83 s | tokens: 25 | gen_time: 0.437 s | tok/s: 57.22
Request 235 | res_time: 17:45:36.12 | latency:  18.47 s | tokens: 25 | gen_time: 0.432 s | tok/s: 57.86
Request 236 | res_time: 17:45:36.23 | latency:  18.44 s | tokens: 25 | gen_time: 0.433 s | tok/s: 57.70
Request 237 | res_time: 17:45:36.34 | latency:  18.42 s | tokens: 25 | gen_time: 0.432 s | tok/s: 57.81
Request 238 | res_time: 17:45:36.40 | latency:  18.61 s | tokens: 25 | gen_time: 0.432 s | tok/s: 57.91
Request 239 | res_time: 17:45:36.42 | latency:  19.42 s | tokens: 25 | gen_time: 0.430 s | tok/s: 58.19
Request 240 | res_time: 17:45:36.46 | latency:  18.41 s | tokens: 25 | gen_time: 0.432 s | tok/s: 57.87
Request 241 | res_time: 17:45:36.58 | latency:  18.69 s | tokens: 25 | gen_time: 0.431 s | tok/s: 58.05
Request 242 | res_time: 17:45:36.70 | latency:  18.71 s | tokens: 25 | gen_time: 0.430 s | tok/s: 58.09
Request 243 | res_time: 17:45:36.81 | latency:  19.93 s | tokens: 25 | gen_time: 0.433 s | tok/s: 57.73
Request 244 | res_time: 17:45:36.87 | latency:  19.07 s | tokens: 25 | gen_time: 0.429 s | tok/s: 58.29
Request 245 | res_time: 17:45:36.89 | latency:  19.52 s | tokens: 25 | gen_time: 0.432 s | tok/s: 57.90
Request 246 | res_time: 17:45:36.93 | latency:  19.89 s | tokens: 25 | gen_time: 0.431 s | tok/s: 58.02
Request 247 | res_time: 17:45:37.05 | latency:  19.35 s | tokens: 25 | gen_time: 0.430 s | tok/s: 58.10
Request 248 | res_time: 17:45:37.17 | latency:  19.79 s | tokens: 25 | gen_time: 0.432 s | tok/s: 57.89
Request 249 | res_time: 17:45:37.27 | latency:  19.63 s | tokens: 25 | gen_time: 0.430 s | tok/s: 58.12
Request 250 | res_time: 17:45:37.34 | latency:  18.68 s | tokens: 25 | gen_time: 0.431 s | tok/s: 57.99
Request 251 | res_time: 17:45:37.36 | latency:  19.30 s | tokens: 25 | gen_time: 0.431 s | tok/s: 57.98
Request 252 | res_time: 17:45:37.40 | latency:  20.42 s | tokens: 25 | gen_time: 0.431 s | tok/s: 57.99
Request 253 | res_time: 17:45:37.52 | latency:  20.09 s | tokens: 25 | gen_time: 0.431 s | tok/s: 57.96
Request 254 | res_time: 17:45:37.64 | latency:  20.90 s | tokens: 25 | gen_time: 0.432 s | tok/s: 57.86
Request 255 | res_time: 17:45:37.74 | latency:  19.32 s | tokens: 25 | gen_time: 0.432 s | tok/s: 57.85
Request 256 | res_time: 17:45:37.81 | latency:  19.96 s | tokens: 25 | gen_time: 0.432 s | tok/s: 57.89
Request 257 | res_time: 17:45:37.83 | latency:  20.72 s | tokens: 25 | gen_time: 0.430 s | tok/s: 58.10
Request 258 | res_time: 17:45:37.87 | latency:  20.75 s | tokens: 25 | gen_time: 0.431 s | tok/s: 57.98
Request 259 | res_time: 17:45:37.99 | latency:  21.14 s | tokens: 25 | gen_time: 0.433 s | tok/s: 57.80
Request 260 | res_time: 17:45:38.11 | latency:  20.10 s | tokens: 25 | gen_time: 0.431 s | tok/s: 58.03
Request 261 | res_time: 17:45:38.21 | latency:  21.23 s | tokens: 25 | gen_time: 0.431 s | tok/s: 57.99
Request 262 | res_time: 17:45:38.27 | latency:  20.94 s | tokens: 25 | gen_time: 0.432 s | tok/s: 57.93
Request 263 | res_time: 17:45:38.30 | latency:  20.76 s | tokens: 25 | gen_time: 0.432 s | tok/s: 57.87
Request 264 | res_time: 17:45:38.34 | latency:  21.55 s | tokens: 25 | gen_time: 0.431 s | tok/s: 57.95
Request 265 | res_time: 17:45:38.46 | latency:  21.10 s | tokens: 25 | gen_time: 0.431 s | tok/s: 58.03
Request 266 | res_time: 17:45:38.58 | latency:  21.71 s | tokens: 25 | gen_time: 0.431 s | tok/s: 57.97
Request 267 | res_time: 17:45:38.68 | latency:  20.80 s | tokens: 25 | gen_time: 0.431 s | tok/s: 58.01
Request 268 | res_time: 17:45:38.74 | latency:  21.17 s | tokens: 25 | gen_time: 0.432 s | tok/s: 57.89
Request 269 | res_time: 17:45:38.77 | latency:  20.82 s | tokens: 25 | gen_time: 0.431 s | tok/s: 57.98
Request 270 | res_time: 17:45:38.81 | latency:  22.05 s | tokens: 25 | gen_time: 0.431 s | tok/s: 57.94
Request 271 | res_time: 17:45:38.93 | latency:  20.84 s | tokens: 25 | gen_time: 0.432 s | tok/s: 57.94
Request 272 | res_time: 17:45:39.05 | latency:  21.32 s | tokens: 25 | gen_time: 0.431 s | tok/s: 58.02
Request 273 | res_time: 17:45:39.15 | latency:  21.54 s | tokens: 25 | gen_time: 0.428 s | tok/s: 58.46
Request 274 | res_time: 17:45:39.21 | latency:  21.65 s | tokens: 25 | gen_time: 0.431 s | tok/s: 57.98
Request 275 | res_time: 17:45:39.24 | latency:  21.68 s | tokens: 25 | gen_time: 0.432 s | tok/s: 57.81
Request 276 | res_time: 17:45:39.28 | latency:  21.60 s | tokens: 25 | gen_time: 0.434 s | tok/s: 57.62
Request 277 | res_time: 17:45:39.40 | latency:  21.76 s | tokens: 25 | gen_time: 0.431 s | tok/s: 58.07
Request 278 | res_time: 17:45:39.52 | latency:  22.06 s | tokens: 25 | gen_time: 0.433 s | tok/s: 57.74
Request 279 | res_time: 17:45:39.62 | latency:  22.02 s | tokens: 25 | gen_time: 0.432 s | tok/s: 57.87
Request 280 | res_time: 17:45:39.68 | latency:  22.31 s | tokens: 25 | gen_time: 0.432 s | tok/s: 57.90
Request 281 | res_time: 17:45:39.71 | latency:  22.43 s | tokens: 25 | gen_time: 0.431 s | tok/s: 57.95
Request 282 | res_time: 17:45:39.75 | latency:  22.87 s | tokens: 25 | gen_time: 0.431 s | tok/s: 57.94
Request 283 | res_time: 17:45:39.86 | latency:  22.32 s | tokens: 25 | gen_time: 0.431 s | tok/s: 57.98
Request 284 | res_time: 17:45:39.99 | latency:  22.17 s | tokens: 25 | gen_time: 0.432 s | tok/s: 57.91
Request 285 | res_time: 17:45:40.08 | latency:  22.07 s | tokens: 25 | gen_time: 0.431 s | tok/s: 58.00
Request 286 | res_time: 17:45:40.15 | latency:  22.33 s | tokens: 25 | gen_time: 0.433 s | tok/s: 57.77
Request 287 | res_time: 17:45:40.17 | latency:  22.97 s | tokens: 25 | gen_time: 0.430 s | tok/s: 58.08
Request 288 | res_time: 17:45:40.22 | latency:  22.52 s | tokens: 25 | gen_time: 0.432 s | tok/s: 57.86
Request 289 | res_time: 17:45:40.33 | latency:  22.39 s | tokens: 25 | gen_time: 0.431 s | tok/s: 58.04
Request 290 | res_time: 17:45:40.45 | latency:  22.70 s | tokens: 25 | gen_time: 0.430 s | tok/s: 58.11
Request 291 | res_time: 17:45:40.55 | latency:  23.28 s | tokens: 25 | gen_time: 0.431 s | tok/s: 57.98
Request 292 | res_time: 17:45:40.62 | latency:  23.00 s | tokens: 25 | gen_time: 0.432 s | tok/s: 57.82
Request 293 | res_time: 17:45:40.64 | latency:  23.57 s | tokens: 25 | gen_time: 0.431 s | tok/s: 58.01
Request 294 | res_time: 17:45:40.69 | latency:  22.69 s | tokens: 25 | gen_time: 0.430 s | tok/s: 58.11
Request 295 | res_time: 17:45:40.80 | latency:  22.89 s | tokens: 25 | gen_time: 0.431 s | tok/s: 58.04
Request 296 | res_time: 17:45:40.92 | latency:  23.49 s | tokens: 25 | gen_time: 0.431 s | tok/s: 57.97
Request 297 | res_time: 17:45:41.02 | latency:  23.48 s | tokens: 25 | gen_time: 0.431 s | tok/s: 57.97
Request 298 | res_time: 17:45:41.09 | latency:  23.25 s | tokens: 25 | gen_time: 0.431 s | tok/s: 58.00
Request 299 | res_time: 17:45:41.11 | latency:  23.50 s | tokens: 25 | gen_time: 0.432 s | tok/s: 57.89
Request 300 | res_time: 17:45:41.16 | latency:  23.08 s | tokens: 25 | gen_time: 0.432 s | tok/s: 57.91
Request 301 | res_time: 17:45:41.27 | latency:  23.30 s | tokens: 25 | gen_time: 0.432 s | tok/s: 57.89
Request 302 | res_time: 17:45:41.39 | latency:  24.14 s | tokens: 25 | gen_time: 0.432 s | tok/s: 57.86
Request 303 | res_time: 17:45:41.49 | latency:  23.69 s | tokens: 25 | gen_time: 0.432 s | tok/s: 57.87
Request 304 | res_time: 17:45:41.56 | latency:  24.18 s | tokens: 25 | gen_time: 0.430 s | tok/s: 58.08
Request 305 | res_time: 17:45:41.58 | latency:  24.18 s | tokens: 25 | gen_time: 0.433 s | tok/s: 57.70
Request 306 | res_time: 17:45:41.63 | latency:  23.96 s | tokens: 25 | gen_time: 0.432 s | tok/s: 57.89
Request 307 | res_time: 17:45:41.74 | latency:  23.43 s | tokens: 25 | gen_time: 0.431 s | tok/s: 58.04
Request 308 | res_time: 17:45:41.86 | latency:  24.37 s | tokens: 25 | gen_time: 0.432 s | tok/s: 57.81
Request 309 | res_time: 17:45:41.96 | latency:  24.55 s | tokens: 25 | gen_time: 0.432 s | tok/s: 57.93
Request 310 | res_time: 17:45:42.03 | latency:  24.69 s | tokens: 25 | gen_time: 0.429 s | tok/s: 58.25
Request 311 | res_time: 17:45:42.05 | latency:  24.29 s | tokens: 25 | gen_time: 0.430 s | tok/s: 58.10
Request 312 | res_time: 17:45:42.10 | latency:  24.49 s | tokens: 25 | gen_time: 0.431 s | tok/s: 57.94
Request 313 | res_time: 17:45:42.21 | latency:  25.23 s | tokens: 25 | gen_time: 0.428 s | tok/s: 58.37
Request 314 | res_time: 17:45:42.33 | latency:  24.27 s | tokens: 25 | gen_time: 0.434 s | tok/s: 57.62
Request 315 | res_time: 17:45:42.43 | latency:  25.00 s | tokens: 25 | gen_time: 0.429 s | tok/s: 58.34
Request 316 | res_time: 17:45:42.49 | latency:  23.83 s | tokens: 25 | gen_time: 0.428 s | tok/s: 58.45
Request 317 | res_time: 17:45:42.52 | latency:  25.00 s | tokens: 25 | gen_time: 0.426 s | tok/s: 58.73
Request 318 | res_time: 17:45:42.56 | latency:  25.53 s | tokens: 25 | gen_time: 0.421 s | tok/s: 59.32
Request 319 | res_time: 17:45:42.65 | latency:  24.21 s | tokens: 25 | gen_time: 0.402 s | tok/s: 62.20
Request 320 | res_time: 17:45:42.75 | latency:  25.75 s | tokens: 25 | gen_time: 0.379 s | tok/s: 66.01
Request 321 | res_time: 17:45:42.83 | latency:  25.85 s | tokens: 25 | gen_time: 0.366 s | tok/s: 68.35
Request 322 | res_time: 17:45:42.91 | latency:  25.40 s | tokens: 25 | gen_time: 0.356 s | tok/s: 70.26
Request 323 | res_time: 17:45:42.95 | latency:  25.96 s | tokens: 25 | gen_time: 0.356 s | tok/s: 70.24
Request 324 | res_time: 17:45:43.04 | latency:  25.74 s | tokens: 25 | gen_time: 0.356 s | tok/s: 70.26
Request 325 | res_time: 17:45:43.14 | latency:  25.57 s | tokens: 25 | gen_time: 0.356 s | tok/s: 70.28
Request 326 | res_time: 17:45:43.22 | latency:  26.12 s | tokens: 25 | gen_time: 0.355 s | tok/s: 70.37
Request 327 | res_time: 17:45:43.30 | latency:  25.28 s | tokens: 25 | gen_time: 0.356 s | tok/s: 70.17
Request 328 | res_time: 17:45:43.34 | latency:  25.92 s | tokens: 25 | gen_time: 0.356 s | tok/s: 70.19
Request 329 | res_time: 17:45:43.43 | latency:  26.44 s | tokens: 25 | gen_time: 0.357 s | tok/s: 70.10
Request 330 | res_time: 17:45:43.53 | latency:  25.66 s | tokens: 25 | gen_time: 0.357 s | tok/s: 70.08
Request 331 | res_time: 17:45:43.61 | latency:  24.97 s | tokens: 25 | gen_time: 0.357 s | tok/s: 70.12
Request 332 | res_time: 17:45:43.69 | latency:  26.42 s | tokens: 25 | gen_time: 0.358 s | tok/s: 69.86
Request 333 | res_time: 17:45:43.73 | latency:  26.07 s | tokens: 25 | gen_time: 0.357 s | tok/s: 70.08
Request 334 | res_time: 17:45:43.82 | latency:  26.83 s | tokens: 25 | gen_time: 0.356 s | tok/s: 70.17
Request 335 | res_time: 17:45:43.92 | latency:  26.51 s | tokens: 25 | gen_time: 0.357 s | tok/s: 70.01
Request 336 | res_time: 17:45:44.00 | latency:  25.60 s | tokens: 25 | gen_time: 0.358 s | tok/s: 69.86
Request 337 | res_time: 17:45:44.08 | latency:  26.28 s | tokens: 25 | gen_time: 0.356 s | tok/s: 70.14
Request 338 | res_time: 17:45:44.12 | latency:  26.29 s | tokens: 25 | gen_time: 0.357 s | tok/s: 70.08
Request 339 | res_time: 17:45:44.21 | latency:  26.31 s | tokens: 25 | gen_time: 0.356 s | tok/s: 70.22
Request 340 | res_time: 17:45:44.31 | latency:  26.36 s | tokens: 25 | gen_time: 0.356 s | tok/s: 70.16
Request 341 | res_time: 17:45:44.39 | latency:  26.94 s | tokens: 25 | gen_time: 0.355 s | tok/s: 70.40
Request 342 | res_time: 17:45:44.47 | latency:  27.31 s | tokens: 25 | gen_time: 0.357 s | tok/s: 70.03
Request 343 | res_time: 17:45:44.51 | latency:  26.87 s | tokens: 25 | gen_time: 0.357 s | tok/s: 70.07
Request 344 | res_time: 17:45:44.60 | latency:  26.99 s | tokens: 25 | gen_time: 0.357 s | tok/s: 70.09
Request 345 | res_time: 17:45:44.70 | latency:  27.35 s | tokens: 25 | gen_time: 0.356 s | tok/s: 70.14
Request 346 | res_time: 17:45:44.78 | latency:  26.95 s | tokens: 25 | gen_time: 0.357 s | tok/s: 69.95
Request 347 | res_time: 17:45:44.86 | latency:  25.33 s | tokens: 25 | gen_time: 0.356 s | tok/s: 70.14
Request 348 | res_time: 17:45:44.90 | latency:  27.51 s | tokens: 25 | gen_time: 0.356 s | tok/s: 70.14
Request 349 | res_time: 17:45:44.99 | latency:  27.57 s | tokens: 25 | gen_time: 0.357 s | tok/s: 70.07
Request 350 | res_time: 17:45:45.09 | latency:  27.48 s | tokens: 25 | gen_time: 0.356 s | tok/s: 70.16
Request 351 | res_time: 17:45:45.17 | latency:  27.80 s | tokens: 25 | gen_time: 0.357 s | tok/s: 70.01
Request 352 | res_time: 17:45:45.25 | latency:  27.32 s | tokens: 25 | gen_time: 0.356 s | tok/s: 70.16
Request 353 | res_time: 17:45:45.29 | latency:  28.23 s | tokens: 25 | gen_time: 0.356 s | tok/s: 70.16
Request 354 | res_time: 17:45:45.38 | latency:  27.48 s | tokens: 25 | gen_time: 0.357 s | tok/s: 70.01
Request 355 | res_time: 17:45:45.46 | latency:  28.41 s | tokens: 25 | gen_time: 0.338 s | tok/s: 73.99
Request 356 | res_time: 17:45:45.53 | latency:  27.78 s | tokens: 25 | gen_time: 0.323 s | tok/s: 77.38
Request 357 | res_time: 17:45:45.59 | latency:  28.02 s | tokens: 25 | gen_time: 0.308 s | tok/s: 81.28
Request 358 | res_time: 17:45:45.62 | latency:  27.60 s | tokens: 25 | gen_time: 0.297 s | tok/s: 84.13
Request 359 | res_time: 17:45:45.77 | latency:  27.82 s | tokens: 25 | gen_time: 0.283 s | tok/s: 88.27
Request 360 | res_time: 17:45:45.84 | latency:  27.84 s | tokens: 25 | gen_time: 0.283 s | tok/s: 88.31
Request 361 | res_time: 17:45:45.90 | latency:  28.67 s | tokens: 25 | gen_time: 0.282 s | tok/s: 88.71
Request 362 | res_time: 17:45:45.93 | latency:  28.17 s | tokens: 25 | gen_time: 0.282 s | tok/s: 88.68
Request 363 | res_time: 17:45:46.09 | latency:  28.45 s | tokens: 25 | gen_time: 0.282 s | tok/s: 88.71
Request 364 | res_time: 17:45:46.14 | latency:  28.31 s | tokens: 25 | gen_time: 0.266 s | tok/s: 93.82
Request 365 | res_time: 17:45:46.16 | latency:  29.12 s | tokens: 25 | gen_time: 0.232 s | tok/s: 107.92
Request 366 | res_time: 17:45:46.17 | latency:  29.01 s | tokens: 25 | gen_time: 0.211 s | tok/s: 118.43
Request 367 | res_time: 17:45:46.28 | latency:  28.44 s | tokens: 25 | gen_time: 0.095 s | tok/s: 262.29
Request 368 | res_time: 17:45:46.29 | latency:  29.12 s | tokens: 25 | gen_time: 0.095 s | tok/s: 262.64
Request 369 | res_time: 17:45:46.40 | latency:  27.88 s | tokens: 25 | gen_time: 0.094 s | tok/s: 265.63
Request 370 | res_time: 17:45:46.41 | latency:  28.99 s | tokens: 25 | gen_time: 0.094 s | tok/s: 264.67
Request 371 | res_time: 17:45:46.51 | latency:  29.16 s | tokens: 25 | gen_time: 0.095 s | tok/s: 262.09
Request 372 | res_time: 17:45:46.52 | latency:  29.35 s | tokens: 25 | gen_time: 0.095 s | tok/s: 262.90
Request 373 | res_time: 17:45:46.63 | latency:  29.70 s | tokens: 25 | gen_time: 0.095 s | tok/s: 262.37
Request 374 | res_time: 17:45:46.64 | latency:  29.49 s | tokens: 25 | gen_time: 0.096 s | tok/s: 260.36
Request 375 | res_time: 17:45:46.75 | latency:  29.02 s | tokens: 25 | gen_time: 0.095 s | tok/s: 264.46
Request 376 | res_time: 17:45:46.76 | latency:  28.71 s | tokens: 25 | gen_time: 0.095 s | tok/s: 262.24
Request 377 | res_time: 17:45:46.86 | latency:  29.00 s | tokens: 25 | gen_time: 0.096 s | tok/s: 260.50
Request 378 | res_time: 17:45:46.87 | latency:  28.82 s | tokens: 25 | gen_time: 0.096 s | tok/s: 261.68
Request 379 | res_time: 17:45:46.98 | latency:  29.10 s | tokens: 25 | gen_time: 0.096 s | tok/s: 261.69
Request 380 | res_time: 17:45:46.99 | latency:  29.34 s | tokens: 25 | gen_time: 0.096 s | tok/s: 261.54
Request 381 | res_time: 17:45:47.09 | latency:  29.97 s | tokens: 25 | gen_time: 0.096 s | tok/s: 260.93
Request 382 | res_time: 17:45:47.11 | latency:  29.51 s | tokens: 25 | gen_time: 0.095 s | tok/s: 264.43
Request 383 | res_time: 17:45:47.21 | latency:  29.42 s | tokens: 25 | gen_time: 0.096 s | tok/s: 261.25
Request 384 | res_time: 17:45:47.22 | latency:  29.80 s | tokens: 25 | gen_time: 0.096 s | tok/s: 260.77
Request 385 | res_time: 17:45:47.33 | latency:  29.53 s | tokens: 25 | gen_time: 0.093 s | tok/s: 267.69
Request 386 | res_time: 17:45:47.34 | latency:  29.90 s | tokens: 25 | gen_time: 0.095 s | tok/s: 262.20
Request 387 | res_time: 17:45:47.44 | latency:  29.47 s | tokens: 25 | gen_time: 0.095 s | tok/s: 263.41
Request 388 | res_time: 17:45:47.46 | latency:  30.39 s | tokens: 25 | gen_time: 0.096 s | tok/s: 261.66
Request 389 | res_time: 17:45:47.56 | latency:  29.64 s | tokens: 25 | gen_time: 0.095 s | tok/s: 262.00
Request 390 | res_time: 17:45:47.57 | latency:  30.17 s | tokens: 25 | gen_time: 0.096 s | tok/s: 261.77
Request 391 | res_time: 17:45:47.68 | latency:  28.13 s | tokens: 25 | gen_time: 0.095 s | tok/s: 262.54
Request 392 | res_time: 17:45:47.69 | latency:  29.71 s | tokens: 25 | gen_time: 0.096 s | tok/s: 261.12
Request 393 | res_time: 17:45:47.79 | latency:  30.13 s | tokens: 25 | gen_time: 0.095 s | tok/s: 263.59
Request 394 | res_time: 17:45:47.81 | latency:  29.75 s | tokens: 25 | gen_time: 0.095 s | tok/s: 263.99
Request 395 | res_time: 17:45:47.91 | latency:  30.82 s | tokens: 25 | gen_time: 0.095 s | tok/s: 263.37
Request 396 | res_time: 17:45:47.92 | latency:  29.87 s | tokens: 25 | gen_time: 0.095 s | tok/s: 261.97
Request 397 | res_time: 17:45:48.03 | latency:  30.04 s | tokens: 25 | gen_time: 0.095 s | tok/s: 263.68
Request 398 | res_time: 17:45:48.03 | latency:  29.96 s | tokens: 25 | gen_time: 0.092 s | tok/s: 272.84
Request 399 | res_time: 17:45:48.11 | latency:  30.28 s | tokens: 25 | gen_time: 0.054 s | tok/s: 463.06
Request 400 | res_time: 17:45:48.18 | latency:  30.77 s | tokens: 25 | gen_time: 0.054 s | tok/s: 460.73

--- TEST CONFIGURATION ---
MIG Config: all-7g.40gb
Ollama Replicas: 7
Total requests: 400
Concurrency: 400
Requested output tokens (effort): 25

Total tokens: 10000
Wall time (s): 31.53
GPU time (s): 162.41

--- METRICS ---
Throughput REAL (tok/s): 317.19
Throughput GPU (tok/s): 61.57
Avg tokens/sec per request: 81.97
Latency avg (ms): 15940.50
Latency p95 (ms): 29469.52

Run appended to CSV table: results/results_table.csv
Per-request stats appended to CSV table: results/result-20260902-174516-647-all-7g.40gb-replicas7-25.csv
