[17:08:22] Starting load test
[17:08:22] MIG Config: all-7g.40gb
[17:08:22] Ollama Replicas: 1
[17:08:22] Total requests: 400
[17:08:22] Concurrency: 400
[17:08:22] Output tokens (effort): 25
[17:08:22] REQUEST: 1 - STARTED in background (active_jobs=1)
[17:08:22] REQUEST: 2 - STARTED in background (active_jobs=2)
[17:08:22] REQUEST: 3 - STARTED in background (active_jobs=3)
[17:08:22] REQUEST: 4 - STARTED in background (active_jobs=4)
[17:08:22] REQUEST: 5 - STARTED in background (active_jobs=5)
[17:08:22] REQUEST: 6 - STARTED in background (active_jobs=6)
[17:08:22] REQUEST: 7 - STARTED in background (active_jobs=7)
[17:08:22] REQUEST: 8 - STARTED in background (active_jobs=8)
[17:08:22] REQUEST: 9 - STARTED in background (active_jobs=9)
[17:08:22] REQUEST: 10 - STARTED in background (active_jobs=10)
[17:08:22] REQUEST: 11 - STARTED in background (active_jobs=11)
[17:08:22] REQUEST: 12 - STARTED in background (active_jobs=12)
[17:08:22] REQUEST: 13 - STARTED in background (active_jobs=13)
[17:08:22] REQUEST: 14 - STARTED in background (active_jobs=14)
[17:08:22] REQUEST: 15 - STARTED in background (active_jobs=15)
[17:08:22] REQUEST: 16 - STARTED in background (active_jobs=16)
[17:08:22] REQUEST: 17 - STARTED in background (active_jobs=17)
[17:08:22] REQUEST: 18 - STARTED in background (active_jobs=18)
[17:08:22] REQUEST: 19 - STARTED in background (active_jobs=19)
[17:08:22] REQUEST: 20 - STARTED in background (active_jobs=20)
[17:08:22] REQUEST: 21 - STARTED in background (active_jobs=21)
[17:08:22] REQUEST: 22 - STARTED in background (active_jobs=22)
[17:08:22] REQUEST: 23 - STARTED in background (active_jobs=23)
[17:08:22] REQUEST: 24 - STARTED in background (active_jobs=24)
[17:08:22] REQUEST: 25 - STARTED in background (active_jobs=25)
[17:08:22] REQUEST: 26 - STARTED in background (active_jobs=26)
[17:08:22] REQUEST: 27 - STARTED in background (active_jobs=27)
[17:08:22] REQUEST: 28 - STARTED in background (active_jobs=28)
[17:08:22] REQUEST: 29 - STARTED in background (active_jobs=29)
[17:08:22] REQUEST: 30 - STARTED in background (active_jobs=30)
[17:08:22] REQUEST: 31 - STARTED in background (active_jobs=31)
[17:08:22] REQUEST: 32 - STARTED in background (active_jobs=32)
[17:08:22] REQUEST: 33 - STARTED in background (active_jobs=33)
[17:08:22] REQUEST: 34 - STARTED in background (active_jobs=34)
[17:08:22] REQUEST: 35 - STARTED in background (active_jobs=35)
[17:08:22] REQUEST: 36 - STARTED in background (active_jobs=36)
[17:08:22] REQUEST: 37 - STARTED in background (active_jobs=37)
[17:08:22] REQUEST: 38 - STARTED in background (active_jobs=38)
[17:08:22] REQUEST: 39 - STARTED in background (active_jobs=39)
[17:08:22] REQUEST: 40 - STARTED in background (active_jobs=40)
[17:08:22] REQUEST: 41 - STARTED in background (active_jobs=41)
[17:08:22] REQUEST: 42 - STARTED in background (active_jobs=42)
[17:08:22] REQUEST: 43 - STARTED in background (active_jobs=43)
[17:08:22] REQUEST: 44 - STARTED in background (active_jobs=44)
[17:08:22] REQUEST: 45 - STARTED in background (active_jobs=45)
[17:08:22] REQUEST: 46 - STARTED in background (active_jobs=46)
[17:08:22] REQUEST: 47 - STARTED in background (active_jobs=47)
[17:08:22] REQUEST: 48 - STARTED in background (active_jobs=48)
[17:08:22] REQUEST: 49 - STARTED in background (active_jobs=49)
[17:08:22] REQUEST: 50 - STARTED in background (active_jobs=50)
[17:08:22] REQUEST: 51 - STARTED in background (active_jobs=51)
[17:08:22] REQUEST: 52 - STARTED in background (active_jobs=52)
[17:08:22] REQUEST: 53 - STARTED in background (active_jobs=53)
[17:08:22] REQUEST: 54 - STARTED in background (active_jobs=54)
[17:08:22] REQUEST: 55 - STARTED in background (active_jobs=55)
[17:08:22] REQUEST: 56 - STARTED in background (active_jobs=56)
[17:08:22] REQUEST: 57 - STARTED in background (active_jobs=57)
[17:08:22] REQUEST: 58 - STARTED in background (active_jobs=58)
[17:08:22] REQUEST: 59 - STARTED in background (active_jobs=59)
[17:08:22] REQUEST: 60 - STARTED in background (active_jobs=60)
[17:08:22] REQUEST: 61 - STARTED in background (active_jobs=61)
[17:08:22] REQUEST: 62 - STARTED in background (active_jobs=62)
[17:08:22] REQUEST: 63 - STARTED in background (active_jobs=63)
[17:08:22] REQUEST: 64 - STARTED in background (active_jobs=64)
[17:08:22] REQUEST: 65 - STARTED in background (active_jobs=65)
[17:08:22] REQUEST: 66 - STARTED in background (active_jobs=66)
[17:08:22] REQUEST: 67 - STARTED in background (active_jobs=67)
[17:08:22] REQUEST: 68 - STARTED in background (active_jobs=68)
[17:08:22] REQUEST: 69 - STARTED in background (active_jobs=69)
[17:08:22] REQUEST: 70 - STARTED in background (active_jobs=70)
[17:08:22] REQUEST: 71 - STARTED in background (active_jobs=71)
[17:08:22] REQUEST: 72 - STARTED in background (active_jobs=72)
[17:08:22] REQUEST: 73 - STARTED in background (active_jobs=73)
[17:08:22] REQUEST: 74 - STARTED in background (active_jobs=74)
[17:08:22] REQUEST: 75 - STARTED in background (active_jobs=75)
[17:08:22] REQUEST: 76 - STARTED in background (active_jobs=76)
[17:08:22] REQUEST: 77 - STARTED in background (active_jobs=77)
[17:08:22] REQUEST: 78 - STARTED in background (active_jobs=78)
[17:08:22] REQUEST: 79 - STARTED in background (active_jobs=79)
[17:08:22] REQUEST: 80 - STARTED in background (active_jobs=80)
[17:08:22] REQUEST: 81 - STARTED in background (active_jobs=81)
[17:08:22] REQUEST: 82 - STARTED in background (active_jobs=82)
[17:08:22] REQUEST: 83 - STARTED in background (active_jobs=83)
[17:08:22] REQUEST: 84 - STARTED in background (active_jobs=84)
[17:08:22] REQUEST: 85 - STARTED in background (active_jobs=85)
[17:08:22] REQUEST: 86 - STARTED in background (active_jobs=86)
[17:08:22] REQUEST: 87 - STARTED in background (active_jobs=87)
[17:08:22] REQUEST: 88 - STARTED in background (active_jobs=88)
[17:08:22] REQUEST: 89 - STARTED in background (active_jobs=89)
[17:08:22] REQUEST: 90 - STARTED in background (active_jobs=90)
[17:08:22] REQUEST: 91 - STARTED in background (active_jobs=91)
[17:08:22] REQUEST: 92 - STARTED in background (active_jobs=92)
[17:08:22] REQUEST: 93 - STARTED in background (active_jobs=93)
[17:08:22] REQUEST: 94 - STARTED in background (active_jobs=94)
[17:08:22] REQUEST: 95 - STARTED in background (active_jobs=95)
[17:08:22] REQUEST: 96 - STARTED in background (active_jobs=96)
[17:08:22] REQUEST: 97 - STARTED in background (active_jobs=97)
[17:08:22] REQUEST: 98 - STARTED in background (active_jobs=98)
[17:08:22] REQUEST: 99 - STARTED in background (active_jobs=99)
[17:08:22] REQUEST: 100 - STARTED in background (active_jobs=100)
[17:08:22] REQUEST: 101 - STARTED in background (active_jobs=101)
[17:08:22] REQUEST: 102 - STARTED in background (active_jobs=102)
[17:08:22] REQUEST: 103 - STARTED in background (active_jobs=103)
[17:08:22] REQUEST: 104 - STARTED in background (active_jobs=104)
[17:08:22] REQUEST: 105 - STARTED in background (active_jobs=105)
[17:08:22] REQUEST: 106 - STARTED in background (active_jobs=106)
[17:08:22] REQUEST: 107 - STARTED in background (active_jobs=107)
[17:08:22] REQUEST: 108 - STARTED in background (active_jobs=108)
[17:08:22] REQUEST: 109 - STARTED in background (active_jobs=109)
[17:08:22] REQUEST: 110 - STARTED in background (active_jobs=110)
[17:08:22] REQUEST: 111 - STARTED in background (active_jobs=111)
[17:08:22] REQUEST: 112 - STARTED in background (active_jobs=112)
[17:08:22] REQUEST: 113 - STARTED in background (active_jobs=113)
[17:08:22] REQUEST: 114 - STARTED in background (active_jobs=114)
[17:08:22] REQUEST: 115 - STARTED in background (active_jobs=115)
[17:08:22] REQUEST: 116 - STARTED in background (active_jobs=116)
[17:08:22] REQUEST: 117 - STARTED in background (active_jobs=117)
[17:08:22] REQUEST: 118 - STARTED in background (active_jobs=118)
[17:08:22] REQUEST: 119 - STARTED in background (active_jobs=119)
[17:08:22] REQUEST: 120 - STARTED in background (active_jobs=120)
[17:08:22] REQUEST: 121 - STARTED in background (active_jobs=121)
[17:08:22] REQUEST: 122 - STARTED in background (active_jobs=122)
[17:08:22] REQUEST: 123 - STARTED in background (active_jobs=123)
[17:08:22] REQUEST: 124 - STARTED in background (active_jobs=124)
[17:08:22] REQUEST: 125 - STARTED in background (active_jobs=125)
[17:08:22] REQUEST: 126 - STARTED in background (active_jobs=126)
[17:08:22] REQUEST: 127 - STARTED in background (active_jobs=127)
[17:08:22] REQUEST: 128 - STARTED in background (active_jobs=128)
[17:08:22] REQUEST: 129 - STARTED in background (active_jobs=129)
[17:08:22] REQUEST: 130 - STARTED in background (active_jobs=130)
[17:08:22] REQUEST: 131 - STARTED in background (active_jobs=131)
[17:08:22] REQUEST: 132 - STARTED in background (active_jobs=132)
[17:08:22] REQUEST: 133 - STARTED in background (active_jobs=133)
[17:08:22] REQUEST: 134 - STARTED in background (active_jobs=134)
[17:08:22] REQUEST: 135 - STARTED in background (active_jobs=135)
[17:08:22] REQUEST: 136 - STARTED in background (active_jobs=136)
[17:08:22] REQUEST: 137 - STARTED in background (active_jobs=137)
[17:08:22] REQUEST: 138 - STARTED in background (active_jobs=138)
[17:08:22] REQUEST: 139 - STARTED in background (active_jobs=139)
[17:08:23] REQUEST: 140 - STARTED in background (active_jobs=140)
[17:08:23] REQUEST: 141 - STARTED in background (active_jobs=141)
[17:08:23] REQUEST: 142 - STARTED in background (active_jobs=142)
[17:08:23] REQUEST: 143 - STARTED in background (active_jobs=143)
[17:08:23] REQUEST: 144 - STARTED in background (active_jobs=144)
[17:08:23] REQUEST: 145 - STARTED in background (active_jobs=145)
[17:08:23] REQUEST: 146 - STARTED in background (active_jobs=146)
[17:08:23] REQUEST: 147 - STARTED in background (active_jobs=147)
[17:08:23] REQUEST: 148 - STARTED in background (active_jobs=148)
[17:08:23] REQUEST: 149 - STARTED in background (active_jobs=149)
[17:08:23] REQUEST: 150 - STARTED in background (active_jobs=150)
[17:08:23] REQUEST: 151 - STARTED in background (active_jobs=151)
[17:08:23] REQUEST: 152 - STARTED in background (active_jobs=152)
[17:08:23] REQUEST: 153 - STARTED in background (active_jobs=153)
[17:08:23] REQUEST: 154 - STARTED in background (active_jobs=154)
[17:08:23] REQUEST: 155 - STARTED in background (active_jobs=155)
[17:08:23] REQUEST: 156 - STARTED in background (active_jobs=156)
[17:08:23] REQUEST: 157 - STARTED in background (active_jobs=157)
[17:08:23] REQUEST: 158 - STARTED in background (active_jobs=158)
[17:08:23] REQUEST: 159 - STARTED in background (active_jobs=159)
[17:08:23] REQUEST: 160 - STARTED in background (active_jobs=160)
[17:08:23] REQUEST: 161 - STARTED in background (active_jobs=161)
[17:08:23] REQUEST: 162 - STARTED in background (active_jobs=162)
[17:08:23] REQUEST: 163 - STARTED in background (active_jobs=163)
[17:08:23] REQUEST: 164 - STARTED in background (active_jobs=164)
[17:08:23] REQUEST: 165 - STARTED in background (active_jobs=165)
[17:08:23] REQUEST: 166 - STARTED in background (active_jobs=166)
[17:08:23] REQUEST: 167 - STARTED in background (active_jobs=167)
[17:08:23] REQUEST: 168 - STARTED in background (active_jobs=168)
[17:08:23] REQUEST: 169 - STARTED in background (active_jobs=169)
[17:08:23] REQUEST: 170 - STARTED in background (active_jobs=170)
[17:08:23] REQUEST: 171 - STARTED in background (active_jobs=171)
[17:08:23] REQUEST: 172 - STARTED in background (active_jobs=172)
[17:08:23] REQUEST: 173 - STARTED in background (active_jobs=173)
[17:08:23] REQUEST: 174 - STARTED in background (active_jobs=174)
[17:08:23] REQUEST: 175 - STARTED in background (active_jobs=175)
[17:08:23] REQUEST: 176 - STARTED in background (active_jobs=176)
[17:08:23] REQUEST: 177 - STARTED in background (active_jobs=177)
[17:08:23] REQUEST: 178 - STARTED in background (active_jobs=178)
[17:08:23] REQUEST: 179 - STARTED in background (active_jobs=179)
[17:08:23] REQUEST: 180 - STARTED in background (active_jobs=180)
[17:08:23] REQUEST: 181 - STARTED in background (active_jobs=181)
[17:08:23] REQUEST: 182 - STARTED in background (active_jobs=182)
[17:08:23] REQUEST: 183 - STARTED in background (active_jobs=183)
[17:08:23] REQUEST: 184 - STARTED in background (active_jobs=184)
[17:08:23] REQUEST: 185 - STARTED in background (active_jobs=185)
[17:08:23] REQUEST: 186 - STARTED in background (active_jobs=186)
[17:08:23] REQUEST: 187 - STARTED in background (active_jobs=187)
[17:08:23] REQUEST: 188 - STARTED in background (active_jobs=188)
[17:08:23] REQUEST: 189 - STARTED in background (active_jobs=189)
[17:08:23] REQUEST: 190 - STARTED in background (active_jobs=190)
[17:08:23] REQUEST: 191 - STARTED in background (active_jobs=191)
[17:08:23] REQUEST: 192 - STARTED in background (active_jobs=192)
[17:08:23] REQUEST: 193 - STARTED in background (active_jobs=193)
[17:08:23] REQUEST: 194 - STARTED in background (active_jobs=194)
[17:08:23] REQUEST: 195 - STARTED in background (active_jobs=195)
[17:08:23] REQUEST: 196 - STARTED in background (active_jobs=196)
[17:08:23] REQUEST: 197 - STARTED in background (active_jobs=197)
[17:08:23] REQUEST: 198 - STARTED in background (active_jobs=198)
[17:08:23] REQUEST: 199 - STARTED in background (active_jobs=199)
[17:08:23] REQUEST: 200 - STARTED in background (active_jobs=200)
[17:08:23] REQUEST: 201 - STARTED in background (active_jobs=201)
[17:08:23] REQUEST: 202 - STARTED in background (active_jobs=202)
[17:08:23] REQUEST: 203 - STARTED in background (active_jobs=203)
[17:08:23] REQUEST: 204 - STARTED in background (active_jobs=204)
[17:08:23] REQUEST: 205 - STARTED in background (active_jobs=205)
[17:08:23] REQUEST: 206 - STARTED in background (active_jobs=206)
[17:08:23] REQUEST: 207 - STARTED in background (active_jobs=207)
[17:08:23] REQUEST: 208 - STARTED in background (active_jobs=208)
[17:08:23] REQUEST: 209 - STARTED in background (active_jobs=209)
[17:08:23] REQUEST: 210 - STARTED in background (active_jobs=210)
[17:08:23] REQUEST: 211 - STARTED in background (active_jobs=211)
[17:08:23] REQUEST: 212 - STARTED in background (active_jobs=212)
[17:08:23] REQUEST: 213 - STARTED in background (active_jobs=213)
[17:08:23] REQUEST: 214 - STARTED in background (active_jobs=214)
[17:08:23] REQUEST: 215 - STARTED in background (active_jobs=215)
[17:08:23] REQUEST: 216 - STARTED in background (active_jobs=216)
[17:08:23] REQUEST: 217 - STARTED in background (active_jobs=217)
[17:08:23] REQUEST: 218 - STARTED in background (active_jobs=218)
[17:08:23] REQUEST: 219 - STARTED in background (active_jobs=219)
[17:08:23] REQUEST: 220 - STARTED in background (active_jobs=220)
[17:08:23] REQUEST: 221 - STARTED in background (active_jobs=221)
[17:08:23] REQUEST: 222 - STARTED in background (active_jobs=222)
[17:08:23] REQUEST: 223 - STARTED in background (active_jobs=223)
[17:08:23] REQUEST: 224 - STARTED in background (active_jobs=224)
[17:08:23] REQUEST: 225 - STARTED in background (active_jobs=225)
[17:08:23] REQUEST: 226 - STARTED in background (active_jobs=226)
[17:08:23] REQUEST: 227 - STARTED in background (active_jobs=227)
[17:08:23] REQUEST: 228 - STARTED in background (active_jobs=228)
[17:08:23] REQUEST: 229 - STARTED in background (active_jobs=229)
[17:08:23] REQUEST: 230 - STARTED in background (active_jobs=230)
[17:08:23] REQUEST: 231 - STARTED in background (active_jobs=231)
[17:08:23] REQUEST: 232 - STARTED in background (active_jobs=232)
[17:08:23] REQUEST: 233 - STARTED in background (active_jobs=233)
[17:08:23] REQUEST: 234 - STARTED in background (active_jobs=234)
[17:08:23] REQUEST: 235 - STARTED in background (active_jobs=235)
[17:08:23] REQUEST: 236 - STARTED in background (active_jobs=236)
[17:08:23] REQUEST: 237 - STARTED in background (active_jobs=237)
[17:08:23] REQUEST: 238 - STARTED in background (active_jobs=238)
[17:08:23] REQUEST: 239 - STARTED in background (active_jobs=239)
[17:08:23] REQUEST: 240 - STARTED in background (active_jobs=240)
[17:08:23] REQUEST: 241 - STARTED in background (active_jobs=241)
[17:08:23] REQUEST: 242 - STARTED in background (active_jobs=242)
[17:08:23] REQUEST: 243 - STARTED in background (active_jobs=243)
[17:08:23] REQUEST: 244 - STARTED in background (active_jobs=244)
[17:08:23] REQUEST: 245 - STARTED in background (active_jobs=245)
[17:08:23] REQUEST: 246 - STARTED in background (active_jobs=246)
[17:08:23] REQUEST: 247 - STARTED in background (active_jobs=247)
[17:08:23] REQUEST: 248 - STARTED in background (active_jobs=248)
[17:08:23] REQUEST: 249 - STARTED in background (active_jobs=249)
[17:08:23] REQUEST: 250 - STARTED in background (active_jobs=250)
[17:08:23] REQUEST: 251 - STARTED in background (active_jobs=251)
[17:08:23] REQUEST: 252 - STARTED in background (active_jobs=252)
[17:08:23] REQUEST: 253 - STARTED in background (active_jobs=253)
[17:08:23] REQUEST: 254 - STARTED in background (active_jobs=254)
[17:08:23] REQUEST: 255 - STARTED in background (active_jobs=255)
[17:08:23] REQUEST: 256 - STARTED in background (active_jobs=256)
[17:08:23] REQUEST: 257 - STARTED in background (active_jobs=257)
[17:08:23] REQUEST: 258 - STARTED in background (active_jobs=258)
[17:08:23] REQUEST: 259 - STARTED in background (active_jobs=259)
[17:08:23] REQUEST: 260 - STARTED in background (active_jobs=260)
[17:08:23] REQUEST: 261 - STARTED in background (active_jobs=261)
[17:08:23] REQUEST: 262 - STARTED in background (active_jobs=262)
[17:08:23] REQUEST: 263 - STARTED in background (active_jobs=263)
[17:08:23] REQUEST: 264 - STARTED in background (active_jobs=264)
[17:08:23] REQUEST: 265 - STARTED in background (active_jobs=265)
[17:08:23] REQUEST: 266 - STARTED in background (active_jobs=266)
[17:08:23] REQUEST: 267 - STARTED in background (active_jobs=267)
[17:08:23] REQUEST: 268 - STARTED in background (active_jobs=268)
[17:08:23] REQUEST: 269 - STARTED in background (active_jobs=269)
[17:08:23] REQUEST: 270 - STARTED in background (active_jobs=270)
[17:08:23] REQUEST: 271 - STARTED in background (active_jobs=271)
[17:08:23] REQUEST: 272 - STARTED in background (active_jobs=272)
[17:08:23] REQUEST: 273 - STARTED in background (active_jobs=273)
[17:08:23] REQUEST: 274 - STARTED in background (active_jobs=274)
[17:08:23] REQUEST: 275 - STARTED in background (active_jobs=275)
[17:08:23] REQUEST: 276 - STARTED in background (active_jobs=276)
[17:08:23] REQUEST: 277 - STARTED in background (active_jobs=277)
[17:08:23] REQUEST: 278 - STARTED in background (active_jobs=278)
[17:08:23] REQUEST: 279 - STARTED in background (active_jobs=279)
[17:08:23] REQUEST: 280 - STARTED in background (active_jobs=280)
[17:08:23] REQUEST: 281 - STARTED in background (active_jobs=281)
[17:08:23] REQUEST: 282 - STARTED in background (active_jobs=282)
[17:08:23] REQUEST: 283 - STARTED in background (active_jobs=283)
[17:08:23] REQUEST: 284 - STARTED in background (active_jobs=284)
[17:08:23] REQUEST: 285 - STARTED in background (active_jobs=285)
[17:08:23] REQUEST: 286 - STARTED in background (active_jobs=286)
[17:08:23] REQUEST: 287 - STARTED in background (active_jobs=287)
[17:08:23] REQUEST: 288 - STARTED in background (active_jobs=288)
[17:08:23] REQUEST: 289 - STARTED in background (active_jobs=289)
[17:08:23] REQUEST: 290 - STARTED in background (active_jobs=290)
[17:08:23] REQUEST: 291 - STARTED in background (active_jobs=291)
[17:08:23] REQUEST: 292 - STARTED in background (active_jobs=292)
[17:08:23] REQUEST: 293 - STARTED in background (active_jobs=293)
[17:08:23] REQUEST: 294 - STARTED in background (active_jobs=294)
[17:08:23] REQUEST: 295 - STARTED in background (active_jobs=295)
[17:08:23] REQUEST: 296 - STARTED in background (active_jobs=296)
[17:08:23] REQUEST: 297 - STARTED in background (active_jobs=297)
[17:08:23] REQUEST: 298 - STARTED in background (active_jobs=298)
[17:08:23] REQUEST: 299 - STARTED in background (active_jobs=299)
[17:08:23] REQUEST: 300 - STARTED in background (active_jobs=300)
[17:08:23] REQUEST: 301 - STARTED in background (active_jobs=301)
[17:08:23] REQUEST: 302 - STARTED in background (active_jobs=302)
[17:08:23] REQUEST: 303 - STARTED in background (active_jobs=303)
[17:08:23] REQUEST: 304 - STARTED in background (active_jobs=304)
[17:08:23] REQUEST: 305 - STARTED in background (active_jobs=305)
[17:08:23] REQUEST: 306 - STARTED in background (active_jobs=306)
[17:08:23] REQUEST: 307 - STARTED in background (active_jobs=307)
[17:08:23] REQUEST: 308 - STARTED in background (active_jobs=308)
[17:08:23] REQUEST: 309 - STARTED in background (active_jobs=309)
[17:08:23] REQUEST: 6 - COMPLETED
[17:08:23] REQUEST: 310 - STARTED in background (active_jobs=310)
[17:08:23] REQUEST: 311 - STARTED in background (active_jobs=311)
[17:08:23] REQUEST: 312 - STARTED in background (active_jobs=312)
[17:08:23] REQUEST: 313 - STARTED in background (active_jobs=313)
[17:08:23] REQUEST: 314 - STARTED in background (active_jobs=314)
[17:08:23] REQUEST: 315 - STARTED in background (active_jobs=315)
[17:08:23] REQUEST: 316 - STARTED in background (active_jobs=316)
[17:08:23] REQUEST: 317 - STARTED in background (active_jobs=317)
[17:08:23] REQUEST: 318 - STARTED in background (active_jobs=318)
[17:08:23] REQUEST: 319 - STARTED in background (active_jobs=319)
[17:08:23] REQUEST: 320 - STARTED in background (active_jobs=320)
[17:08:23] REQUEST: 321 - STARTED in background (active_jobs=321)
[17:08:23] REQUEST: 322 - STARTED in background (active_jobs=322)
[17:08:23] REQUEST: 323 - STARTED in background (active_jobs=323)
[17:08:23] REQUEST: 324 - STARTED in background (active_jobs=324)
[17:08:23] REQUEST: 325 - STARTED in background (active_jobs=325)
[17:08:23] REQUEST: 326 - STARTED in background (active_jobs=326)
[17:08:23] REQUEST: 327 - STARTED in background (active_jobs=327)
[17:08:23] REQUEST: 328 - STARTED in background (active_jobs=328)
[17:08:23] REQUEST: 329 - STARTED in background (active_jobs=329)
[17:08:23] REQUEST: 330 - STARTED in background (active_jobs=330)
[17:08:23] REQUEST: 331 - STARTED in background (active_jobs=331)
[17:08:23] REQUEST: 332 - STARTED in background (active_jobs=332)
[17:08:23] REQUEST: 333 - STARTED in background (active_jobs=333)
[17:08:23] REQUEST: 334 - STARTED in background (active_jobs=334)
[17:08:23] REQUEST: 335 - STARTED in background (active_jobs=335)
[17:08:23] REQUEST: 336 - STARTED in background (active_jobs=336)
[17:08:23] REQUEST: 337 - STARTED in background (active_jobs=337)
[17:08:23] REQUEST: 338 - STARTED in background (active_jobs=338)
[17:08:23] REQUEST: 339 - STARTED in background (active_jobs=339)
[17:08:23] REQUEST: 340 - STARTED in background (active_jobs=340)
[17:08:23] REQUEST: 341 - STARTED in background (active_jobs=341)
[17:08:23] REQUEST: 342 - STARTED in background (active_jobs=342)
[17:08:23] REQUEST: 343 - STARTED in background (active_jobs=343)
[17:08:23] REQUEST: 344 - STARTED in background (active_jobs=344)
[17:08:23] REQUEST: 345 - STARTED in background (active_jobs=345)
[17:08:23] REQUEST: 346 - STARTED in background (active_jobs=346)
[17:08:23] REQUEST: 347 - STARTED in background (active_jobs=347)
[17:08:23] REQUEST: 348 - STARTED in background (active_jobs=348)
[17:08:23] REQUEST: 349 - STARTED in background (active_jobs=349)
[17:08:23] REQUEST: 350 - STARTED in background (active_jobs=350)
[17:08:23] REQUEST: 351 - STARTED in background (active_jobs=351)
[17:08:23] REQUEST: 352 - STARTED in background (active_jobs=352)
[17:08:23] REQUEST: 353 - STARTED in background (active_jobs=353)
[17:08:23] REQUEST: 354 - STARTED in background (active_jobs=354)
[17:08:23] REQUEST: 355 - STARTED in background (active_jobs=355)
[17:08:23] REQUEST: 356 - STARTED in background (active_jobs=356)
[17:08:23] REQUEST: 357 - STARTED in background (active_jobs=357)
[17:08:23] REQUEST: 358 - STARTED in background (active_jobs=358)
[17:08:23] REQUEST: 359 - STARTED in background (active_jobs=359)
[17:08:23] REQUEST: 360 - STARTED in background (active_jobs=360)
[17:08:23] REQUEST: 361 - STARTED in background (active_jobs=361)
[17:08:23] REQUEST: 362 - STARTED in background (active_jobs=362)
[17:08:23] REQUEST: 363 - STARTED in background (active_jobs=363)
[17:08:23] REQUEST: 364 - STARTED in background (active_jobs=364)
[17:08:23] REQUEST: 365 - STARTED in background (active_jobs=365)
[17:08:23] REQUEST: 366 - STARTED in background (active_jobs=366)
[17:08:23] REQUEST: 367 - STARTED in background (active_jobs=367)
[17:08:23] REQUEST: 368 - STARTED in background (active_jobs=368)
[17:08:23] REQUEST: 369 - STARTED in background (active_jobs=369)
[17:08:23] REQUEST: 370 - STARTED in background (active_jobs=370)
[17:08:23] REQUEST: 371 - STARTED in background (active_jobs=371)
[17:08:23] REQUEST: 372 - STARTED in background (active_jobs=372)
[17:08:23] REQUEST: 373 - STARTED in background (active_jobs=373)
[17:08:23] REQUEST: 374 - STARTED in background (active_jobs=374)
[17:08:23] REQUEST: 375 - STARTED in background (active_jobs=375)
[17:08:23] REQUEST: 376 - STARTED in background (active_jobs=376)
[17:08:23] REQUEST: 377 - STARTED in background (active_jobs=377)
[17:08:23] REQUEST: 378 - STARTED in background (active_jobs=378)
[17:08:23] REQUEST: 379 - STARTED in background (active_jobs=379)
[17:08:23] REQUEST: 380 - STARTED in background (active_jobs=380)
[17:08:23] REQUEST: 381 - STARTED in background (active_jobs=381)
[17:08:23] REQUEST: 382 - STARTED in background (active_jobs=382)
[17:08:23] REQUEST: 383 - STARTED in background (active_jobs=383)
[17:08:23] REQUEST: 384 - STARTED in background (active_jobs=384)
[17:08:23] REQUEST: 385 - STARTED in background (active_jobs=385)
[17:08:23] REQUEST: 386 - STARTED in background (active_jobs=386)
[17:08:23] REQUEST: 387 - STARTED in background (active_jobs=387)
[17:08:23] REQUEST: 388 - STARTED in background (active_jobs=388)
[17:08:23] REQUEST: 389 - STARTED in background (active_jobs=389)
[17:08:23] REQUEST: 390 - STARTED in background (active_jobs=390)
[17:08:23] REQUEST: 391 - STARTED in background (active_jobs=391)
[17:08:23] REQUEST: 392 - STARTED in background (active_jobs=392)
[17:08:23] REQUEST: 393 - STARTED in background (active_jobs=393)
[17:08:23] REQUEST: 394 - STARTED in background (active_jobs=394)
[17:08:23] REQUEST: 395 - STARTED in background (active_jobs=395)
[17:08:23] REQUEST: 396 - STARTED in background (active_jobs=396)
[17:08:23] REQUEST: 397 - STARTED in background (active_jobs=397)
[17:08:23] REQUEST: 398 - STARTED in background (active_jobs=398)
[17:08:23] REQUEST: 399 - STARTED in background (active_jobs=399)
[17:08:23] REQUEST: 400 - STARTED in background (active_jobs=400)
[17:08:23] WAITING -> active_jobs=400
[17:08:23] RESUMING -> a request finished (active_jobs=399)
[17:08:23] ALL REQUESTS LAUNCHED
[17:08:23] WAITING for remaining requests to finish (active_jobs=399)
[17:08:24] REQUEST: 16 - COMPLETED
[17:08:24] REQUEST COMPLETED -> remaining active_jobs=398
[17:08:24] WAITING for remaining requests to finish (active_jobs=398)
[17:08:25] REQUEST: 17 - COMPLETED
[17:08:25] REQUEST COMPLETED -> remaining active_jobs=397
[17:08:25] WAITING for remaining requests to finish (active_jobs=397)
[17:08:26] REQUEST: 10 - COMPLETED
[17:08:26] REQUEST COMPLETED -> remaining active_jobs=396
[17:08:26] WAITING for remaining requests to finish (active_jobs=396)
[17:08:26] REQUEST: 5 - COMPLETED
[17:08:26] REQUEST COMPLETED -> remaining active_jobs=395
[17:08:26] WAITING for remaining requests to finish (active_jobs=395)
[17:08:26] REQUEST: 8 - COMPLETED
[17:08:26] REQUEST COMPLETED -> remaining active_jobs=394
[17:08:26] WAITING for remaining requests to finish (active_jobs=394)
[17:08:26] REQUEST: 28 - COMPLETED
[17:08:26] REQUEST COMPLETED -> remaining active_jobs=393
[17:08:26] WAITING for remaining requests to finish (active_jobs=393)
[17:08:26] REQUEST: 2 - COMPLETED
[17:08:26] REQUEST COMPLETED -> remaining active_jobs=392
[17:08:26] WAITING for remaining requests to finish (active_jobs=392)
[17:08:26] REQUEST: 3 - COMPLETED
[17:08:26] REQUEST COMPLETED -> remaining active_jobs=391
[17:08:26] WAITING for remaining requests to finish (active_jobs=391)
[17:08:26] REQUEST: 20 - COMPLETED
[17:08:26] REQUEST COMPLETED -> remaining active_jobs=390
[17:08:26] WAITING for remaining requests to finish (active_jobs=390)
[17:08:26] REQUEST: 37 - COMPLETED
[17:08:26] REQUEST COMPLETED -> remaining active_jobs=389
[17:08:26] WAITING for remaining requests to finish (active_jobs=389)
[17:08:26] REQUEST: 31 - COMPLETED
[17:08:26] REQUEST COMPLETED -> remaining active_jobs=388
[17:08:26] WAITING for remaining requests to finish (active_jobs=388)
[17:08:26] REQUEST: 21 - COMPLETED
[17:08:26] REQUEST COMPLETED -> remaining active_jobs=387
[17:08:26] WAITING for remaining requests to finish (active_jobs=387)
[17:08:26] REQUEST: 26 - COMPLETED
[17:08:26] REQUEST COMPLETED -> remaining active_jobs=386
[17:08:26] WAITING for remaining requests to finish (active_jobs=386)
[17:08:26] REQUEST: 14 - COMPLETED
[17:08:26] REQUEST COMPLETED -> remaining active_jobs=385
[17:08:26] WAITING for remaining requests to finish (active_jobs=385)
[17:08:27] REQUEST: 24 - COMPLETED
[17:08:27] REQUEST COMPLETED -> remaining active_jobs=384
[17:08:27] WAITING for remaining requests to finish (active_jobs=384)
[17:08:27] REQUEST: 1 - COMPLETED
[17:08:27] REQUEST COMPLETED -> remaining active_jobs=383
[17:08:27] WAITING for remaining requests to finish (active_jobs=383)
[17:08:27] REQUEST: 15 - COMPLETED
[17:08:27] REQUEST COMPLETED -> remaining active_jobs=382
[17:08:27] WAITING for remaining requests to finish (active_jobs=382)
[17:08:27] REQUEST: 60 - COMPLETED
[17:08:27] REQUEST COMPLETED -> remaining active_jobs=381
[17:08:27] WAITING for remaining requests to finish (active_jobs=381)
[17:08:27] REQUEST: 12 - COMPLETED
[17:08:27] REQUEST COMPLETED -> remaining active_jobs=380
[17:08:27] WAITING for remaining requests to finish (active_jobs=380)
[17:08:27] REQUEST: 44 - COMPLETED
[17:08:27] REQUEST COMPLETED -> remaining active_jobs=379
[17:08:27] WAITING for remaining requests to finish (active_jobs=379)
[17:08:27] REQUEST: 70 - COMPLETED
[17:08:27] REQUEST COMPLETED -> remaining active_jobs=378
[17:08:27] WAITING for remaining requests to finish (active_jobs=378)
[17:08:27] REQUEST: 9 - COMPLETED
[17:08:27] REQUEST COMPLETED -> remaining active_jobs=377
[17:08:27] WAITING for remaining requests to finish (active_jobs=377)
[17:08:27] REQUEST: 25 - COMPLETED
[17:08:27] REQUEST COMPLETED -> remaining active_jobs=376
[17:08:27] WAITING for remaining requests to finish (active_jobs=376)
[17:08:27] REQUEST: 13 - COMPLETED
[17:08:27] REQUEST COMPLETED -> remaining active_jobs=375
[17:08:27] WAITING for remaining requests to finish (active_jobs=375)
[17:08:27] REQUEST: 52 - COMPLETED
[17:08:27] REQUEST COMPLETED -> remaining active_jobs=374
[17:08:27] WAITING for remaining requests to finish (active_jobs=374)
[17:08:27] REQUEST: 19 - COMPLETED
[17:08:27] REQUEST COMPLETED -> remaining active_jobs=373
[17:08:27] WAITING for remaining requests to finish (active_jobs=373)
[17:08:27] REQUEST: 75 - COMPLETED
[17:08:27] REQUEST COMPLETED -> remaining active_jobs=372
[17:08:27] WAITING for remaining requests to finish (active_jobs=372)
[17:08:27] REQUEST: 54 - COMPLETED
[17:08:27] REQUEST COMPLETED -> remaining active_jobs=371
[17:08:27] WAITING for remaining requests to finish (active_jobs=371)
[17:08:28] REQUEST: 38 - COMPLETED
[17:08:28] REQUEST COMPLETED -> remaining active_jobs=370
[17:08:28] WAITING for remaining requests to finish (active_jobs=370)
[17:08:28] REQUEST: 59 - COMPLETED
[17:08:28] REQUEST COMPLETED -> remaining active_jobs=369
[17:08:28] WAITING for remaining requests to finish (active_jobs=369)
[17:08:28] REQUEST: 64 - COMPLETED
[17:08:28] REQUEST COMPLETED -> remaining active_jobs=368
[17:08:28] WAITING for remaining requests to finish (active_jobs=368)
[17:08:28] REQUEST: 7 - COMPLETED
[17:08:28] REQUEST COMPLETED -> remaining active_jobs=367
[17:08:28] WAITING for remaining requests to finish (active_jobs=367)
[17:08:28] REQUEST: 34 - COMPLETED
[17:08:28] REQUEST COMPLETED -> remaining active_jobs=366
[17:08:28] WAITING for remaining requests to finish (active_jobs=366)
[17:08:28] REQUEST: 23 - COMPLETED
[17:08:28] REQUEST COMPLETED -> remaining active_jobs=365
[17:08:28] WAITING for remaining requests to finish (active_jobs=365)
[17:08:28] REQUEST: 55 - COMPLETED
[17:08:28] REQUEST COMPLETED -> remaining active_jobs=364
[17:08:28] WAITING for remaining requests to finish (active_jobs=364)
[17:08:28] REQUEST: 46 - COMPLETED
[17:08:28] REQUEST COMPLETED -> remaining active_jobs=363
[17:08:28] WAITING for remaining requests to finish (active_jobs=363)
[17:08:28] REQUEST: 40 - COMPLETED
[17:08:28] REQUEST COMPLETED -> remaining active_jobs=362
[17:08:28] WAITING for remaining requests to finish (active_jobs=362)
[17:08:28] REQUEST: 86 - COMPLETED
[17:08:28] REQUEST COMPLETED -> remaining active_jobs=361
[17:08:28] WAITING for remaining requests to finish (active_jobs=361)
[17:08:28] REQUEST: 43 - COMPLETED
[17:08:28] REQUEST COMPLETED -> remaining active_jobs=360
[17:08:28] WAITING for remaining requests to finish (active_jobs=360)
[17:08:28] REQUEST: 45 - COMPLETED
[17:08:28] REQUEST COMPLETED -> remaining active_jobs=359
[17:08:28] WAITING for remaining requests to finish (active_jobs=359)
[17:08:28] REQUEST: 88 - COMPLETED
[17:08:28] REQUEST COMPLETED -> remaining active_jobs=358
[17:08:28] WAITING for remaining requests to finish (active_jobs=358)
[17:08:29] REQUEST: 18 - COMPLETED
[17:08:29] REQUEST COMPLETED -> remaining active_jobs=357
[17:08:29] WAITING for remaining requests to finish (active_jobs=357)
[17:08:29] REQUEST: 79 - COMPLETED
[17:08:29] REQUEST COMPLETED -> remaining active_jobs=356
[17:08:29] WAITING for remaining requests to finish (active_jobs=356)
[17:08:29] REQUEST: 47 - COMPLETED
[17:08:29] REQUEST COMPLETED -> remaining active_jobs=355
[17:08:29] WAITING for remaining requests to finish (active_jobs=355)
[17:08:29] REQUEST: 49 - COMPLETED
[17:08:29] REQUEST COMPLETED -> remaining active_jobs=354
[17:08:29] WAITING for remaining requests to finish (active_jobs=354)
[17:08:29] REQUEST: 65 - COMPLETED
[17:08:29] REQUEST COMPLETED -> remaining active_jobs=353
[17:08:29] WAITING for remaining requests to finish (active_jobs=353)
[17:08:29] REQUEST: 50 - COMPLETED
[17:08:29] REQUEST COMPLETED -> remaining active_jobs=352
[17:08:29] WAITING for remaining requests to finish (active_jobs=352)
[17:08:29] REQUEST: 4 - COMPLETED
[17:08:29] REQUEST COMPLETED -> remaining active_jobs=351
[17:08:29] WAITING for remaining requests to finish (active_jobs=351)
[17:08:29] REQUEST: 85 - COMPLETED
[17:08:29] REQUEST COMPLETED -> remaining active_jobs=350
[17:08:29] WAITING for remaining requests to finish (active_jobs=350)
[17:08:29] REQUEST: 96 - COMPLETED
[17:08:29] REQUEST COMPLETED -> remaining active_jobs=349
[17:08:29] WAITING for remaining requests to finish (active_jobs=349)
[17:08:29] REQUEST: 68 - COMPLETED
[17:08:29] REQUEST COMPLETED -> remaining active_jobs=348
[17:08:29] WAITING for remaining requests to finish (active_jobs=348)
[17:08:29] REQUEST: 138 - COMPLETED
[17:08:29] REQUEST COMPLETED -> remaining active_jobs=347
[17:08:29] WAITING for remaining requests to finish (active_jobs=347)
[17:08:29] REQUEST: 66 - COMPLETED
[17:08:29] REQUEST COMPLETED -> remaining active_jobs=346
[17:08:29] WAITING for remaining requests to finish (active_jobs=346)
[17:08:29] REQUEST: 134 - COMPLETED
[17:08:29] REQUEST COMPLETED -> remaining active_jobs=345
[17:08:29] WAITING for remaining requests to finish (active_jobs=345)
[17:08:29] REQUEST: 61 - COMPLETED
[17:08:29] REQUEST COMPLETED -> remaining active_jobs=344
[17:08:29] WAITING for remaining requests to finish (active_jobs=344)
[17:08:30] REQUEST: 22 - COMPLETED
[17:08:30] REQUEST COMPLETED -> remaining active_jobs=343
[17:08:30] WAITING for remaining requests to finish (active_jobs=343)
[17:08:30] REQUEST: 63 - COMPLETED
[17:08:30] REQUEST COMPLETED -> remaining active_jobs=342
[17:08:30] WAITING for remaining requests to finish (active_jobs=342)
[17:08:30] REQUEST: 73 - COMPLETED
[17:08:30] REQUEST COMPLETED -> remaining active_jobs=341
[17:08:30] WAITING for remaining requests to finish (active_jobs=341)
[17:08:30] REQUEST: 135 - COMPLETED
[17:08:30] REQUEST COMPLETED -> remaining active_jobs=340
[17:08:30] WAITING for remaining requests to finish (active_jobs=340)
[17:08:30] REQUEST: 35 - COMPLETED
[17:08:30] REQUEST COMPLETED -> remaining active_jobs=339
[17:08:30] WAITING for remaining requests to finish (active_jobs=339)
[17:08:30] REQUEST: 53 - COMPLETED
[17:08:30] REQUEST COMPLETED -> remaining active_jobs=338
[17:08:30] WAITING for remaining requests to finish (active_jobs=338)
[17:08:30] REQUEST: 78 - COMPLETED
[17:08:30] REQUEST COMPLETED -> remaining active_jobs=337
[17:08:30] WAITING for remaining requests to finish (active_jobs=337)
[17:08:30] REQUEST: 98 - COMPLETED
[17:08:30] REQUEST COMPLETED -> remaining active_jobs=336
[17:08:30] WAITING for remaining requests to finish (active_jobs=336)
[17:08:30] REQUEST: 109 - COMPLETED
[17:08:30] REQUEST COMPLETED -> remaining active_jobs=335
[17:08:30] WAITING for remaining requests to finish (active_jobs=335)
[17:08:30] REQUEST: 36 - COMPLETED
[17:08:30] REQUEST COMPLETED -> remaining active_jobs=334
[17:08:30] WAITING for remaining requests to finish (active_jobs=334)
[17:08:30] REQUEST: 110 - COMPLETED
[17:08:30] REQUEST COMPLETED -> remaining active_jobs=333
[17:08:30] WAITING for remaining requests to finish (active_jobs=333)
[17:08:30] REQUEST: 83 - COMPLETED
[17:08:30] REQUEST COMPLETED -> remaining active_jobs=332
[17:08:30] WAITING for remaining requests to finish (active_jobs=332)
[17:08:30] REQUEST: 111 - COMPLETED
[17:08:30] REQUEST COMPLETED -> remaining active_jobs=331
[17:08:30] WAITING for remaining requests to finish (active_jobs=331)
[17:08:31] REQUEST: 131 - COMPLETED
[17:08:31] REQUEST COMPLETED -> remaining active_jobs=330
[17:08:31] WAITING for remaining requests to finish (active_jobs=330)
[17:08:31] REQUEST: 51 - COMPLETED
[17:08:31] REQUEST COMPLETED -> remaining active_jobs=329
[17:08:31] WAITING for remaining requests to finish (active_jobs=329)
[17:08:31] REQUEST: 129 - COMPLETED
[17:08:31] REQUEST COMPLETED -> remaining active_jobs=328
[17:08:31] WAITING for remaining requests to finish (active_jobs=328)
[17:08:31] REQUEST: 33 - COMPLETED
[17:08:31] REQUEST COMPLETED -> remaining active_jobs=327
[17:08:31] WAITING for remaining requests to finish (active_jobs=327)
[17:08:31] REQUEST: 42 - COMPLETED
[17:08:31] REQUEST COMPLETED -> remaining active_jobs=326
[17:08:31] WAITING for remaining requests to finish (active_jobs=326)
[17:08:31] REQUEST: 41 - COMPLETED
[17:08:31] REQUEST COMPLETED -> remaining active_jobs=325
[17:08:31] WAITING for remaining requests to finish (active_jobs=325)
[17:08:31] REQUEST: 62 - COMPLETED
[17:08:31] REQUEST COMPLETED -> remaining active_jobs=324
[17:08:31] WAITING for remaining requests to finish (active_jobs=324)
[17:08:31] REQUEST: 120 - COMPLETED
[17:08:31] REQUEST COMPLETED -> remaining active_jobs=323
[17:08:31] WAITING for remaining requests to finish (active_jobs=323)
[17:08:31] REQUEST: 132 - COMPLETED
[17:08:31] REQUEST COMPLETED -> remaining active_jobs=322
[17:08:31] WAITING for remaining requests to finish (active_jobs=322)
[17:08:31] REQUEST: 39 - COMPLETED
[17:08:31] REQUEST COMPLETED -> remaining active_jobs=321
[17:08:31] WAITING for remaining requests to finish (active_jobs=321)
[17:08:31] REQUEST: 106 - COMPLETED
[17:08:31] REQUEST COMPLETED -> remaining active_jobs=320
[17:08:31] WAITING for remaining requests to finish (active_jobs=320)
[17:08:31] REQUEST: 58 - COMPLETED
[17:08:31] REQUEST COMPLETED -> remaining active_jobs=319
[17:08:31] WAITING for remaining requests to finish (active_jobs=319)
[17:08:31] REQUEST: 130 - COMPLETED
[17:08:31] REQUEST COMPLETED -> remaining active_jobs=318
[17:08:31] WAITING for remaining requests to finish (active_jobs=318)
[17:08:32] REQUEST: 104 - COMPLETED
[17:08:32] REQUEST COMPLETED -> remaining active_jobs=317
[17:08:32] WAITING for remaining requests to finish (active_jobs=317)
[17:08:32] REQUEST: 126 - COMPLETED
[17:08:32] REQUEST COMPLETED -> remaining active_jobs=316
[17:08:32] WAITING for remaining requests to finish (active_jobs=316)
[17:08:32] REQUEST: 30 - COMPLETED
[17:08:32] REQUEST COMPLETED -> remaining active_jobs=315
[17:08:32] WAITING for remaining requests to finish (active_jobs=315)
[17:08:32] REQUEST: 133 - COMPLETED
[17:08:32] REQUEST COMPLETED -> remaining active_jobs=314
[17:08:32] WAITING for remaining requests to finish (active_jobs=314)
[17:08:32] REQUEST: 71 - COMPLETED
[17:08:32] REQUEST COMPLETED -> remaining active_jobs=313
[17:08:32] WAITING for remaining requests to finish (active_jobs=313)
[17:08:32] REQUEST: 141 - COMPLETED
[17:08:32] REQUEST COMPLETED -> remaining active_jobs=312
[17:08:32] WAITING for remaining requests to finish (active_jobs=312)
[17:08:32] REQUEST: 94 - COMPLETED
[17:08:32] REQUEST COMPLETED -> remaining active_jobs=311
[17:08:32] WAITING for remaining requests to finish (active_jobs=311)
[17:08:32] REQUEST: 103 - COMPLETED
[17:08:32] REQUEST COMPLETED -> remaining active_jobs=310
[17:08:32] WAITING for remaining requests to finish (active_jobs=310)
[17:08:32] REQUEST: 116 - COMPLETED
[17:08:32] REQUEST COMPLETED -> remaining active_jobs=309
[17:08:32] WAITING for remaining requests to finish (active_jobs=309)
[17:08:32] REQUEST: 91 - COMPLETED
[17:08:32] REQUEST COMPLETED -> remaining active_jobs=308
[17:08:32] WAITING for remaining requests to finish (active_jobs=308)
[17:08:32] REQUEST: 160 - COMPLETED
[17:08:32] REQUEST COMPLETED -> remaining active_jobs=307
[17:08:32] WAITING for remaining requests to finish (active_jobs=307)
[17:08:32] REQUEST: 115 - COMPLETED
[17:08:32] REQUEST COMPLETED -> remaining active_jobs=306
[17:08:32] WAITING for remaining requests to finish (active_jobs=306)
[17:08:32] REQUEST: 74 - COMPLETED
[17:08:32] REQUEST COMPLETED -> remaining active_jobs=305
[17:08:32] WAITING for remaining requests to finish (active_jobs=305)
[17:08:32] REQUEST: 72 - COMPLETED
[17:08:32] REQUEST COMPLETED -> remaining active_jobs=304
[17:08:32] WAITING for remaining requests to finish (active_jobs=304)
[17:08:33] REQUEST: 119 - COMPLETED
[17:08:33] REQUEST COMPLETED -> remaining active_jobs=303
[17:08:33] WAITING for remaining requests to finish (active_jobs=303)
[17:08:33] REQUEST: 89 - COMPLETED
[17:08:33] REQUEST COMPLETED -> remaining active_jobs=302
[17:08:33] WAITING for remaining requests to finish (active_jobs=302)
[17:08:33] REQUEST: 48 - COMPLETED
[17:08:33] REQUEST COMPLETED -> remaining active_jobs=301
[17:08:33] WAITING for remaining requests to finish (active_jobs=301)
[17:08:33] REQUEST: 107 - COMPLETED
[17:08:33] REQUEST COMPLETED -> remaining active_jobs=300
[17:08:33] WAITING for remaining requests to finish (active_jobs=300)
[17:08:33] REQUEST: 123 - COMPLETED
[17:08:33] REQUEST COMPLETED -> remaining active_jobs=299
[17:08:33] WAITING for remaining requests to finish (active_jobs=299)
[17:08:33] REQUEST: 99 - COMPLETED
[17:08:33] REQUEST COMPLETED -> remaining active_jobs=298
[17:08:33] WAITING for remaining requests to finish (active_jobs=298)
[17:08:33] REQUEST: 227 - COMPLETED
[17:08:33] REQUEST COMPLETED -> remaining active_jobs=297
[17:08:33] WAITING for remaining requests to finish (active_jobs=297)
[17:08:33] REQUEST: 101 - COMPLETED
[17:08:33] REQUEST COMPLETED -> remaining active_jobs=296
[17:08:33] WAITING for remaining requests to finish (active_jobs=296)
[17:08:33] REQUEST: 105 - COMPLETED
[17:08:33] REQUEST COMPLETED -> remaining active_jobs=295
[17:08:33] WAITING for remaining requests to finish (active_jobs=295)
[17:08:33] REQUEST: 32 - COMPLETED
[17:08:33] REQUEST COMPLETED -> remaining active_jobs=294
[17:08:33] WAITING for remaining requests to finish (active_jobs=294)
[17:08:33] REQUEST: 125 - COMPLETED
[17:08:33] REQUEST COMPLETED -> remaining active_jobs=293
[17:08:33] WAITING for remaining requests to finish (active_jobs=293)
[17:08:33] REQUEST: 84 - COMPLETED
[17:08:33] REQUEST COMPLETED -> remaining active_jobs=292
[17:08:33] WAITING for remaining requests to finish (active_jobs=292)
[17:08:33] REQUEST: 113 - COMPLETED
[17:08:33] REQUEST COMPLETED -> remaining active_jobs=291
[17:08:33] WAITING for remaining requests to finish (active_jobs=291)
[17:08:34] REQUEST: 81 - COMPLETED
[17:08:34] REQUEST COMPLETED -> remaining active_jobs=290
[17:08:34] WAITING for remaining requests to finish (active_jobs=290)
[17:08:34] REQUEST: 27 - COMPLETED
[17:08:34] REQUEST COMPLETED -> remaining active_jobs=289
[17:08:34] WAITING for remaining requests to finish (active_jobs=289)
[17:08:34] REQUEST: 147 - COMPLETED
[17:08:34] REQUEST COMPLETED -> remaining active_jobs=288
[17:08:34] WAITING for remaining requests to finish (active_jobs=288)
[17:08:34] REQUEST: 231 - COMPLETED
[17:08:34] REQUEST COMPLETED -> remaining active_jobs=287
[17:08:34] WAITING for remaining requests to finish (active_jobs=287)
[17:08:34] REQUEST: 326 - COMPLETED
[17:08:34] REQUEST COMPLETED -> remaining active_jobs=286
[17:08:34] WAITING for remaining requests to finish (active_jobs=286)
[17:08:34] REQUEST: 57 - COMPLETED
[17:08:34] REQUEST COMPLETED -> remaining active_jobs=285
[17:08:34] WAITING for remaining requests to finish (active_jobs=285)
[17:08:34] REQUEST: 166 - COMPLETED
[17:08:34] REQUEST COMPLETED -> remaining active_jobs=284
[17:08:34] WAITING for remaining requests to finish (active_jobs=284)
[17:08:34] REQUEST: 268 - COMPLETED
[17:08:34] REQUEST COMPLETED -> remaining active_jobs=283
[17:08:34] WAITING for remaining requests to finish (active_jobs=283)
[17:08:34] REQUEST: 165 - COMPLETED
[17:08:34] REQUEST COMPLETED -> remaining active_jobs=282
[17:08:34] WAITING for remaining requests to finish (active_jobs=282)
[17:08:34] REQUEST: 102 - COMPLETED
[17:08:34] REQUEST COMPLETED -> remaining active_jobs=281
[17:08:34] WAITING for remaining requests to finish (active_jobs=281)
[17:08:34] REQUEST: 284 - COMPLETED
[17:08:34] REQUEST COMPLETED -> remaining active_jobs=280
[17:08:34] WAITING for remaining requests to finish (active_jobs=280)
[17:08:34] REQUEST: 146 - COMPLETED
[17:08:34] REQUEST COMPLETED -> remaining active_jobs=279
[17:08:34] WAITING for remaining requests to finish (active_jobs=279)
[17:08:34] REQUEST: 258 - COMPLETED
[17:08:34] REQUEST COMPLETED -> remaining active_jobs=278
[17:08:34] WAITING for remaining requests to finish (active_jobs=278)
[17:08:34] REQUEST: 161 - COMPLETED
[17:08:34] REQUEST COMPLETED -> remaining active_jobs=277
[17:08:35] WAITING for remaining requests to finish (active_jobs=277)
[17:08:35] REQUEST: 196 - COMPLETED
[17:08:35] REQUEST COMPLETED -> remaining active_jobs=276
[17:08:35] WAITING for remaining requests to finish (active_jobs=276)
[17:08:35] REQUEST: 93 - COMPLETED
[17:08:35] REQUEST COMPLETED -> remaining active_jobs=275
[17:08:35] WAITING for remaining requests to finish (active_jobs=275)
[17:08:35] REQUEST: 149 - COMPLETED
[17:08:35] REQUEST COMPLETED -> remaining active_jobs=274
[17:08:35] WAITING for remaining requests to finish (active_jobs=274)
[17:08:35] REQUEST: 137 - COMPLETED
[17:08:35] REQUEST COMPLETED -> remaining active_jobs=273
[17:08:35] WAITING for remaining requests to finish (active_jobs=273)
[17:08:35] REQUEST: 67 - COMPLETED
[17:08:35] REQUEST COMPLETED -> remaining active_jobs=272
[17:08:35] WAITING for remaining requests to finish (active_jobs=272)
[17:08:35] REQUEST: 139 - COMPLETED
[17:08:35] REQUEST COMPLETED -> remaining active_jobs=271
[17:08:35] WAITING for remaining requests to finish (active_jobs=271)
[17:08:35] REQUEST: 92 - COMPLETED
[17:08:35] REQUEST COMPLETED -> remaining active_jobs=270
[17:08:35] WAITING for remaining requests to finish (active_jobs=270)
[17:08:35] REQUEST: 128 - COMPLETED
[17:08:35] REQUEST COMPLETED -> remaining active_jobs=269
[17:08:35] WAITING for remaining requests to finish (active_jobs=269)
[17:08:35] REQUEST: 29 - COMPLETED
[17:08:35] REQUEST COMPLETED -> remaining active_jobs=268
[17:08:35] WAITING for remaining requests to finish (active_jobs=268)
[17:08:35] REQUEST: 152 - COMPLETED
[17:08:35] REQUEST COMPLETED -> remaining active_jobs=267
[17:08:35] WAITING for remaining requests to finish (active_jobs=267)
[17:08:35] REQUEST: 82 - COMPLETED
[17:08:35] REQUEST COMPLETED -> remaining active_jobs=266
[17:08:35] WAITING for remaining requests to finish (active_jobs=266)
[17:08:35] REQUEST: 11 - COMPLETED
[17:08:35] REQUEST COMPLETED -> remaining active_jobs=265
[17:08:35] WAITING for remaining requests to finish (active_jobs=265)
[17:08:35] REQUEST: 282 - COMPLETED
[17:08:35] REQUEST COMPLETED -> remaining active_jobs=264
[17:08:35] WAITING for remaining requests to finish (active_jobs=264)
[17:08:36] REQUEST: 118 - COMPLETED
[17:08:36] REQUEST COMPLETED -> remaining active_jobs=263
[17:08:36] WAITING for remaining requests to finish (active_jobs=263)
[17:08:36] REQUEST: 145 - COMPLETED
[17:08:36] REQUEST COMPLETED -> remaining active_jobs=262
[17:08:36] WAITING for remaining requests to finish (active_jobs=262)
[17:08:36] REQUEST: 280 - COMPLETED
[17:08:36] REQUEST COMPLETED -> remaining active_jobs=261
[17:08:36] WAITING for remaining requests to finish (active_jobs=261)
[17:08:36] REQUEST: 242 - COMPLETED
[17:08:36] REQUEST COMPLETED -> remaining active_jobs=260
[17:08:36] WAITING for remaining requests to finish (active_jobs=260)
[17:08:36] REQUEST: 87 - COMPLETED
[17:08:36] REQUEST COMPLETED -> remaining active_jobs=259
[17:08:36] WAITING for remaining requests to finish (active_jobs=259)
[17:08:36] REQUEST: 274 - COMPLETED
[17:08:36] REQUEST COMPLETED -> remaining active_jobs=258
[17:08:36] WAITING for remaining requests to finish (active_jobs=258)
[17:08:36] REQUEST: 329 - COMPLETED
[17:08:36] REQUEST COMPLETED -> remaining active_jobs=257
[17:08:36] WAITING for remaining requests to finish (active_jobs=257)
[17:08:36] REQUEST: 240 - COMPLETED
[17:08:36] REQUEST COMPLETED -> remaining active_jobs=256
[17:08:36] WAITING for remaining requests to finish (active_jobs=256)
[17:08:36] REQUEST: 150 - COMPLETED
[17:08:36] REQUEST COMPLETED -> remaining active_jobs=255
[17:08:36] WAITING for remaining requests to finish (active_jobs=255)
[17:08:36] REQUEST: 90 - COMPLETED
[17:08:36] REQUEST COMPLETED -> remaining active_jobs=254
[17:08:36] WAITING for remaining requests to finish (active_jobs=254)
[17:08:36] REQUEST: 198 - COMPLETED
[17:08:36] REQUEST COMPLETED -> remaining active_jobs=253
[17:08:36] WAITING for remaining requests to finish (active_jobs=253)
[17:08:36] REQUEST: 244 - COMPLETED
[17:08:36] REQUEST COMPLETED -> remaining active_jobs=252
[17:08:36] WAITING for remaining requests to finish (active_jobs=252)
[17:08:36] REQUEST: 140 - COMPLETED
[17:08:36] REQUEST COMPLETED -> remaining active_jobs=251
[17:08:36] WAITING for remaining requests to finish (active_jobs=251)
[17:08:37] REQUEST: 254 - COMPLETED
[17:08:37] REQUEST COMPLETED -> remaining active_jobs=250
[17:08:37] WAITING for remaining requests to finish (active_jobs=250)
[17:08:37] REQUEST: 344 - COMPLETED
[17:08:37] REQUEST COMPLETED -> remaining active_jobs=249
[17:08:37] WAITING for remaining requests to finish (active_jobs=249)
[17:08:37] REQUEST: 281 - COMPLETED
[17:08:37] REQUEST COMPLETED -> remaining active_jobs=248
[17:08:37] WAITING for remaining requests to finish (active_jobs=248)
[17:08:37] REQUEST: 76 - COMPLETED
[17:08:37] REQUEST COMPLETED -> remaining active_jobs=247
[17:08:37] WAITING for remaining requests to finish (active_jobs=247)
[17:08:37] REQUEST: 182 - COMPLETED
[17:08:37] REQUEST COMPLETED -> remaining active_jobs=246
[17:08:37] WAITING for remaining requests to finish (active_jobs=246)
[17:08:37] REQUEST: 239 - COMPLETED
[17:08:37] REQUEST COMPLETED -> remaining active_jobs=245
[17:08:37] WAITING for remaining requests to finish (active_jobs=245)
[17:08:37] REQUEST: 217 - COMPLETED
[17:08:37] REQUEST COMPLETED -> remaining active_jobs=244
[17:08:37] WAITING for remaining requests to finish (active_jobs=244)
[17:08:37] REQUEST: 279 - COMPLETED
[17:08:37] REQUEST COMPLETED -> remaining active_jobs=243
[17:08:37] WAITING for remaining requests to finish (active_jobs=243)
[17:08:37] REQUEST: 273 - COMPLETED
[17:08:37] REQUEST COMPLETED -> remaining active_jobs=242
[17:08:37] WAITING for remaining requests to finish (active_jobs=242)
[17:08:37] REQUEST: 228 - COMPLETED
[17:08:37] REQUEST COMPLETED -> remaining active_jobs=241
[17:08:37] WAITING for remaining requests to finish (active_jobs=241)
[17:08:37] REQUEST: 377 - COMPLETED
[17:08:37] REQUEST COMPLETED -> remaining active_jobs=240
[17:08:37] WAITING for remaining requests to finish (active_jobs=240)
[17:08:37] REQUEST: 295 - COMPLETED
[17:08:37] REQUEST COMPLETED -> remaining active_jobs=239
[17:08:37] WAITING for remaining requests to finish (active_jobs=239)
[17:08:37] REQUEST: 363 - COMPLETED
[17:08:37] REQUEST COMPLETED -> remaining active_jobs=238
[17:08:37] WAITING for remaining requests to finish (active_jobs=238)
[17:08:37] REQUEST: 207 - COMPLETED
[17:08:37] REQUEST COMPLETED -> remaining active_jobs=237
[17:08:37] WAITING for remaining requests to finish (active_jobs=237)
[17:08:38] REQUEST: 396 - COMPLETED
[17:08:38] REQUEST COMPLETED -> remaining active_jobs=236
[17:08:38] WAITING for remaining requests to finish (active_jobs=236)
[17:08:38] REQUEST: 314 - COMPLETED
[17:08:38] REQUEST COMPLETED -> remaining active_jobs=235
[17:08:38] WAITING for remaining requests to finish (active_jobs=235)
[17:08:38] REQUEST: 327 - COMPLETED
[17:08:38] REQUEST COMPLETED -> remaining active_jobs=234
[17:08:38] WAITING for remaining requests to finish (active_jobs=234)
[17:08:38] REQUEST: 308 - COMPLETED
[17:08:38] REQUEST COMPLETED -> remaining active_jobs=233
[17:08:38] WAITING for remaining requests to finish (active_jobs=233)
[17:08:38] REQUEST: 265 - COMPLETED
[17:08:38] REQUEST COMPLETED -> remaining active_jobs=232
[17:08:38] WAITING for remaining requests to finish (active_jobs=232)
[17:08:38] REQUEST: 297 - COMPLETED
[17:08:38] REQUEST COMPLETED -> remaining active_jobs=231
[17:08:38] WAITING for remaining requests to finish (active_jobs=231)
[17:08:38] REQUEST: 296 - COMPLETED
[17:08:38] REQUEST COMPLETED -> remaining active_jobs=230
[17:08:38] WAITING for remaining requests to finish (active_jobs=230)
[17:08:38] REQUEST: 301 - COMPLETED
[17:08:38] REQUEST COMPLETED -> remaining active_jobs=229
[17:08:38] WAITING for remaining requests to finish (active_jobs=229)
[17:08:38] REQUEST: 278 - COMPLETED
[17:08:38] REQUEST COMPLETED -> remaining active_jobs=228
[17:08:38] WAITING for remaining requests to finish (active_jobs=228)
[17:08:38] REQUEST: 233 - COMPLETED
[17:08:38] REQUEST COMPLETED -> remaining active_jobs=227
[17:08:38] WAITING for remaining requests to finish (active_jobs=227)
[17:08:38] REQUEST: 95 - COMPLETED
[17:08:38] REQUEST COMPLETED -> remaining active_jobs=226
[17:08:38] WAITING for remaining requests to finish (active_jobs=226)
[17:08:38] REQUEST: 176 - COMPLETED
[17:08:38] REQUEST COMPLETED -> remaining active_jobs=225
[17:08:38] WAITING for remaining requests to finish (active_jobs=225)
[17:08:38] REQUEST: 255 - COMPLETED
[17:08:38] REQUEST COMPLETED -> remaining active_jobs=224
[17:08:38] WAITING for remaining requests to finish (active_jobs=224)
[17:08:39] REQUEST: 245 - COMPLETED
[17:08:39] REQUEST COMPLETED -> remaining active_jobs=223
[17:08:39] WAITING for remaining requests to finish (active_jobs=223)
[17:08:39] REQUEST: 267 - COMPLETED
[17:08:39] REQUEST COMPLETED -> remaining active_jobs=222
[17:08:39] WAITING for remaining requests to finish (active_jobs=222)
[17:08:39] REQUEST: 199 - COMPLETED
[17:08:39] REQUEST COMPLETED -> remaining active_jobs=221
[17:08:39] WAITING for remaining requests to finish (active_jobs=221)
[17:08:39] REQUEST: 220 - COMPLETED
[17:08:39] REQUEST COMPLETED -> remaining active_jobs=220
[17:08:39] WAITING for remaining requests to finish (active_jobs=220)
[17:08:39] REQUEST: 171 - COMPLETED
[17:08:39] REQUEST COMPLETED -> remaining active_jobs=219
[17:08:39] WAITING for remaining requests to finish (active_jobs=219)
[17:08:39] REQUEST: 353 - COMPLETED
[17:08:39] REQUEST COMPLETED -> remaining active_jobs=218
[17:08:39] WAITING for remaining requests to finish (active_jobs=218)
[17:08:39] REQUEST: 293 - COMPLETED
[17:08:39] REQUEST COMPLETED -> remaining active_jobs=217
[17:08:39] WAITING for remaining requests to finish (active_jobs=217)
[17:08:39] REQUEST: 122 - COMPLETED
[17:08:39] REQUEST COMPLETED -> remaining active_jobs=216
[17:08:39] WAITING for remaining requests to finish (active_jobs=216)
[17:08:39] REQUEST: 213 - COMPLETED
[17:08:39] REQUEST COMPLETED -> remaining active_jobs=215
[17:08:39] WAITING for remaining requests to finish (active_jobs=215)
[17:08:39] REQUEST: 211 - COMPLETED
[17:08:39] REQUEST COMPLETED -> remaining active_jobs=214
[17:08:39] WAITING for remaining requests to finish (active_jobs=214)
[17:08:39] REQUEST: 210 - COMPLETED
[17:08:39] REQUEST COMPLETED -> remaining active_jobs=213
[17:08:39] WAITING for remaining requests to finish (active_jobs=213)
[17:08:39] REQUEST: 183 - COMPLETED
[17:08:39] REQUEST COMPLETED -> remaining active_jobs=212
[17:08:39] WAITING for remaining requests to finish (active_jobs=212)
[17:08:39] REQUEST: 170 - COMPLETED
[17:08:39] REQUEST COMPLETED -> remaining active_jobs=211
[17:08:39] WAITING for remaining requests to finish (active_jobs=211)
[17:08:39] REQUEST: 229 - COMPLETED
[17:08:39] REQUEST COMPLETED -> remaining active_jobs=210
[17:08:39] WAITING for remaining requests to finish (active_jobs=210)
[17:08:40] REQUEST: 97 - COMPLETED
[17:08:40] REQUEST COMPLETED -> remaining active_jobs=209
[17:08:40] WAITING for remaining requests to finish (active_jobs=209)
[17:08:40] REQUEST: 157 - COMPLETED
[17:08:40] REQUEST COMPLETED -> remaining active_jobs=208
[17:08:40] WAITING for remaining requests to finish (active_jobs=208)
[17:08:40] REQUEST: 155 - COMPLETED
[17:08:40] REQUEST COMPLETED -> remaining active_jobs=207
[17:08:40] WAITING for remaining requests to finish (active_jobs=207)
[17:08:40] REQUEST: 304 - COMPLETED
[17:08:40] REQUEST COMPLETED -> remaining active_jobs=206
[17:08:40] WAITING for remaining requests to finish (active_jobs=206)
[17:08:40] REQUEST: 399 - COMPLETED
[17:08:40] REQUEST COMPLETED -> remaining active_jobs=205
[17:08:40] WAITING for remaining requests to finish (active_jobs=205)
[17:08:40] REQUEST: 319 - COMPLETED
[17:08:40] REQUEST COMPLETED -> remaining active_jobs=204
[17:08:40] WAITING for remaining requests to finish (active_jobs=204)
[17:08:40] REQUEST: 397 - COMPLETED
[17:08:40] REQUEST COMPLETED -> remaining active_jobs=203
[17:08:40] WAITING for remaining requests to finish (active_jobs=203)
[17:08:40] REQUEST: 264 - COMPLETED
[17:08:40] REQUEST COMPLETED -> remaining active_jobs=202
[17:08:40] WAITING for remaining requests to finish (active_jobs=202)
[17:08:40] REQUEST: 197 - COMPLETED
[17:08:40] REQUEST COMPLETED -> remaining active_jobs=201
[17:08:40] WAITING for remaining requests to finish (active_jobs=201)
[17:08:40] REQUEST: 283 - COMPLETED
[17:08:40] REQUEST COMPLETED -> remaining active_jobs=200
[17:08:40] WAITING for remaining requests to finish (active_jobs=200)
[17:08:40] REQUEST: 253 - COMPLETED
[17:08:40] REQUEST COMPLETED -> remaining active_jobs=199
[17:08:40] WAITING for remaining requests to finish (active_jobs=199)
[17:08:40] REQUEST: 164 - COMPLETED
[17:08:40] REQUEST COMPLETED -> remaining active_jobs=198
[17:08:40] WAITING for remaining requests to finish (active_jobs=198)
[17:08:40] REQUEST: 218 - COMPLETED
[17:08:40] REQUEST COMPLETED -> remaining active_jobs=197
[17:08:40] WAITING for remaining requests to finish (active_jobs=197)
[17:08:41] REQUEST: 272 - COMPLETED
[17:08:41] REQUEST COMPLETED -> remaining active_jobs=196
[17:08:41] WAITING for remaining requests to finish (active_jobs=196)
[17:08:41] REQUEST: 212 - COMPLETED
[17:08:41] REQUEST COMPLETED -> remaining active_jobs=195
[17:08:41] WAITING for remaining requests to finish (active_jobs=195)
[17:08:41] REQUEST: 117 - COMPLETED
[17:08:41] REQUEST COMPLETED -> remaining active_jobs=194
[17:08:41] WAITING for remaining requests to finish (active_jobs=194)
[17:08:41] REQUEST: 167 - COMPLETED
[17:08:41] REQUEST COMPLETED -> remaining active_jobs=193
[17:08:41] WAITING for remaining requests to finish (active_jobs=193)
[17:08:41] REQUEST: 271 - COMPLETED
[17:08:41] REQUEST COMPLETED -> remaining active_jobs=192
[17:08:41] WAITING for remaining requests to finish (active_jobs=192)
[17:08:41] REQUEST: 156 - COMPLETED
[17:08:41] REQUEST COMPLETED -> remaining active_jobs=191
[17:08:41] WAITING for remaining requests to finish (active_jobs=191)
[17:08:41] REQUEST: 69 - COMPLETED
[17:08:41] REQUEST COMPLETED -> remaining active_jobs=190
[17:08:41] WAITING for remaining requests to finish (active_jobs=190)
[17:08:41] REQUEST: 148 - COMPLETED
[17:08:41] REQUEST COMPLETED -> remaining active_jobs=189
[17:08:41] WAITING for remaining requests to finish (active_jobs=189)
[17:08:41] REQUEST: 56 - COMPLETED
[17:08:41] REQUEST COMPLETED -> remaining active_jobs=188
[17:08:41] WAITING for remaining requests to finish (active_jobs=188)
[17:08:41] REQUEST: 333 - COMPLETED
[17:08:41] REQUEST COMPLETED -> remaining active_jobs=187
[17:08:41] WAITING for remaining requests to finish (active_jobs=187)
[17:08:41] REQUEST: 393 - COMPLETED
[17:08:41] REQUEST COMPLETED -> remaining active_jobs=186
[17:08:41] WAITING for remaining requests to finish (active_jobs=186)
[17:08:41] REQUEST: 230 - COMPLETED
[17:08:41] REQUEST COMPLETED -> remaining active_jobs=185
[17:08:41] WAITING for remaining requests to finish (active_jobs=185)
[17:08:41] REQUEST: 121 - COMPLETED
[17:08:41] REQUEST COMPLETED -> remaining active_jobs=184
[17:08:41] WAITING for remaining requests to finish (active_jobs=184)
[17:08:42] REQUEST: 260 - COMPLETED
[17:08:42] REQUEST COMPLETED -> remaining active_jobs=183
[17:08:42] WAITING for remaining requests to finish (active_jobs=183)
[17:08:42] REQUEST: 349 - COMPLETED
[17:08:42] REQUEST COMPLETED -> remaining active_jobs=182
[17:08:42] WAITING for remaining requests to finish (active_jobs=182)
[17:08:42] REQUEST: 235 - COMPLETED
[17:08:42] REQUEST COMPLETED -> remaining active_jobs=181
[17:08:42] WAITING for remaining requests to finish (active_jobs=181)
[17:08:42] REQUEST: 247 - COMPLETED
[17:08:42] REQUEST COMPLETED -> remaining active_jobs=180
[17:08:42] WAITING for remaining requests to finish (active_jobs=180)
[17:08:42] REQUEST: 275 - COMPLETED
[17:08:42] REQUEST COMPLETED -> remaining active_jobs=179
[17:08:42] WAITING for remaining requests to finish (active_jobs=179)
[17:08:42] REQUEST: 298 - COMPLETED
[17:08:42] REQUEST COMPLETED -> remaining active_jobs=178
[17:08:42] WAITING for remaining requests to finish (active_jobs=178)
[17:08:42] REQUEST: 168 - COMPLETED
[17:08:42] REQUEST COMPLETED -> remaining active_jobs=177
[17:08:42] WAITING for remaining requests to finish (active_jobs=177)
[17:08:42] REQUEST: 225 - COMPLETED
[17:08:42] REQUEST COMPLETED -> remaining active_jobs=176
[17:08:42] WAITING for remaining requests to finish (active_jobs=176)
[17:08:42] REQUEST: 328 - COMPLETED
[17:08:42] REQUEST COMPLETED -> remaining active_jobs=175
[17:08:42] WAITING for remaining requests to finish (active_jobs=175)
[17:08:42] REQUEST: 294 - COMPLETED
[17:08:42] REQUEST COMPLETED -> remaining active_jobs=174
[17:08:42] WAITING for remaining requests to finish (active_jobs=174)
[17:08:42] REQUEST: 222 - COMPLETED
[17:08:42] REQUEST COMPLETED -> remaining active_jobs=173
[17:08:42] WAITING for remaining requests to finish (active_jobs=173)
[17:08:42] REQUEST: 219 - COMPLETED
[17:08:42] REQUEST COMPLETED -> remaining active_jobs=172
[17:08:42] WAITING for remaining requests to finish (active_jobs=172)
[17:08:42] REQUEST: 347 - COMPLETED
[17:08:42] REQUEST COMPLETED -> remaining active_jobs=171
[17:08:42] WAITING for remaining requests to finish (active_jobs=171)
[17:08:42] REQUEST: 391 - COMPLETED
[17:08:42] REQUEST COMPLETED -> remaining active_jobs=170
[17:08:42] WAITING for remaining requests to finish (active_jobs=170)
[17:08:43] REQUEST: 288 - COMPLETED
[17:08:43] REQUEST COMPLETED -> remaining active_jobs=169
[17:08:43] WAITING for remaining requests to finish (active_jobs=169)
[17:08:43] REQUEST: 201 - COMPLETED
[17:08:43] REQUEST COMPLETED -> remaining active_jobs=168
[17:08:43] WAITING for remaining requests to finish (active_jobs=168)
[17:08:43] REQUEST: 80 - COMPLETED
[17:08:43] REQUEST COMPLETED -> remaining active_jobs=167
[17:08:43] WAITING for remaining requests to finish (active_jobs=167)
[17:08:43] REQUEST: 251 - COMPLETED
[17:08:43] REQUEST COMPLETED -> remaining active_jobs=166
[17:08:43] WAITING for remaining requests to finish (active_jobs=166)
[17:08:43] REQUEST: 289 - COMPLETED
[17:08:43] REQUEST COMPLETED -> remaining active_jobs=165
[17:08:43] WAITING for remaining requests to finish (active_jobs=165)
[17:08:43] REQUEST: 392 - COMPLETED
[17:08:43] REQUEST COMPLETED -> remaining active_jobs=164
[17:08:43] WAITING for remaining requests to finish (active_jobs=164)
[17:08:43] REQUEST: 354 - COMPLETED
[17:08:43] REQUEST COMPLETED -> remaining active_jobs=163
[17:08:43] WAITING for remaining requests to finish (active_jobs=163)
[17:08:43] REQUEST: 151 - COMPLETED
[17:08:43] REQUEST COMPLETED -> remaining active_jobs=162
[17:08:43] WAITING for remaining requests to finish (active_jobs=162)
[17:08:43] REQUEST: 127 - COMPLETED
[17:08:43] REQUEST COMPLETED -> remaining active_jobs=161
[17:08:43] WAITING for remaining requests to finish (active_jobs=161)
[17:08:43] REQUEST: 276 - COMPLETED
[17:08:43] REQUEST COMPLETED -> remaining active_jobs=160
[17:08:43] WAITING for remaining requests to finish (active_jobs=160)
[17:08:43] REQUEST: 112 - COMPLETED
[17:08:43] REQUEST COMPLETED -> remaining active_jobs=159
[17:08:43] WAITING for remaining requests to finish (active_jobs=159)
[17:08:43] REQUEST: 208 - COMPLETED
[17:08:43] REQUEST COMPLETED -> remaining active_jobs=158
[17:08:43] WAITING for remaining requests to finish (active_jobs=158)
[17:08:43] REQUEST: 124 - COMPLETED
[17:08:43] REQUEST COMPLETED -> remaining active_jobs=157
[17:08:43] WAITING for remaining requests to finish (active_jobs=157)
[17:08:44] REQUEST: 385 - COMPLETED
[17:08:44] REQUEST COMPLETED -> remaining active_jobs=156
[17:08:44] WAITING for remaining requests to finish (active_jobs=156)
[17:08:44] REQUEST: 238 - COMPLETED
[17:08:44] REQUEST COMPLETED -> remaining active_jobs=155
[17:08:44] WAITING for remaining requests to finish (active_jobs=155)
[17:08:44] REQUEST: 356 - COMPLETED
[17:08:44] REQUEST COMPLETED -> remaining active_jobs=154
[17:08:44] WAITING for remaining requests to finish (active_jobs=154)
[17:08:44] REQUEST: 338 - COMPLETED
[17:08:44] REQUEST COMPLETED -> remaining active_jobs=153
[17:08:44] WAITING for remaining requests to finish (active_jobs=153)
[17:08:44] REQUEST: 180 - COMPLETED
[17:08:44] REQUEST COMPLETED -> remaining active_jobs=152
[17:08:44] WAITING for remaining requests to finish (active_jobs=152)
[17:08:44] REQUEST: 246 - COMPLETED
[17:08:44] REQUEST COMPLETED -> remaining active_jobs=151
[17:08:44] WAITING for remaining requests to finish (active_jobs=151)
[17:08:44] REQUEST: 340 - COMPLETED
[17:08:44] REQUEST COMPLETED -> remaining active_jobs=150
[17:08:44] WAITING for remaining requests to finish (active_jobs=150)
[17:08:44] REQUEST: 144 - COMPLETED
[17:08:44] REQUEST COMPLETED -> remaining active_jobs=149
[17:08:44] WAITING for remaining requests to finish (active_jobs=149)
[17:08:44] REQUEST: 189 - COMPLETED
[17:08:44] REQUEST COMPLETED -> remaining active_jobs=148
[17:08:44] WAITING for remaining requests to finish (active_jobs=148)
[17:08:44] REQUEST: 143 - COMPLETED
[17:08:44] REQUEST COMPLETED -> remaining active_jobs=147
[17:08:44] WAITING for remaining requests to finish (active_jobs=147)
[17:08:44] REQUEST: 332 - COMPLETED
[17:08:44] REQUEST COMPLETED -> remaining active_jobs=146
[17:08:44] WAITING for remaining requests to finish (active_jobs=146)
[17:08:44] REQUEST: 311 - COMPLETED
[17:08:44] REQUEST COMPLETED -> remaining active_jobs=145
[17:08:44] WAITING for remaining requests to finish (active_jobs=145)
[17:08:44] REQUEST: 352 - COMPLETED
[17:08:44] REQUEST COMPLETED -> remaining active_jobs=144
[17:08:44] WAITING for remaining requests to finish (active_jobs=144)
[17:08:44] REQUEST: 188 - COMPLETED
[17:08:44] REQUEST COMPLETED -> remaining active_jobs=143
[17:08:44] WAITING for remaining requests to finish (active_jobs=143)
[17:08:45] REQUEST: 302 - COMPLETED
[17:08:45] REQUEST COMPLETED -> remaining active_jobs=142
[17:08:45] WAITING for remaining requests to finish (active_jobs=142)
[17:08:45] REQUEST: 322 - COMPLETED
[17:08:45] REQUEST COMPLETED -> remaining active_jobs=141
[17:08:45] WAITING for remaining requests to finish (active_jobs=141)
[17:08:45] REQUEST: 158 - COMPLETED
[17:08:45] REQUEST COMPLETED -> remaining active_jobs=140
[17:08:45] WAITING for remaining requests to finish (active_jobs=140)
[17:08:45] REQUEST: 179 - COMPLETED
[17:08:45] REQUEST COMPLETED -> remaining active_jobs=139
[17:08:45] WAITING for remaining requests to finish (active_jobs=139)
[17:08:45] REQUEST: 300 - COMPLETED
[17:08:45] REQUEST COMPLETED -> remaining active_jobs=138
[17:08:45] WAITING for remaining requests to finish (active_jobs=138)
[17:08:45] REQUEST: 398 - COMPLETED
[17:08:45] REQUEST COMPLETED -> remaining active_jobs=137
[17:08:45] WAITING for remaining requests to finish (active_jobs=137)
[17:08:45] REQUEST: 312 - COMPLETED
[17:08:45] REQUEST COMPLETED -> remaining active_jobs=136
[17:08:45] WAITING for remaining requests to finish (active_jobs=136)
[17:08:45] REQUEST: 277 - COMPLETED
[17:08:45] REQUEST COMPLETED -> remaining active_jobs=135
[17:08:45] WAITING for remaining requests to finish (active_jobs=135)
[17:08:45] REQUEST: 380 - COMPLETED
[17:08:45] REQUEST COMPLETED -> remaining active_jobs=134
[17:08:45] WAITING for remaining requests to finish (active_jobs=134)
[17:08:45] REQUEST: 263 - COMPLETED
[17:08:45] REQUEST COMPLETED -> remaining active_jobs=133
[17:08:45] WAITING for remaining requests to finish (active_jobs=133)
[17:08:45] REQUEST: 331 - COMPLETED
[17:08:45] REQUEST COMPLETED -> remaining active_jobs=132
[17:08:45] WAITING for remaining requests to finish (active_jobs=132)
[17:08:45] REQUEST: 369 - COMPLETED
[17:08:45] REQUEST COMPLETED -> remaining active_jobs=131
[17:08:45] WAITING for remaining requests to finish (active_jobs=131)
[17:08:45] REQUEST: 290 - COMPLETED
[17:08:45] REQUEST COMPLETED -> remaining active_jobs=130
[17:08:45] WAITING for remaining requests to finish (active_jobs=130)
[17:08:46] REQUEST: 313 - COMPLETED
[17:08:46] REQUEST COMPLETED -> remaining active_jobs=129
[17:08:46] WAITING for remaining requests to finish (active_jobs=129)
[17:08:46] REQUEST: 335 - COMPLETED
[17:08:46] REQUEST COMPLETED -> remaining active_jobs=128
[17:08:46] WAITING for remaining requests to finish (active_jobs=128)
[17:08:46] REQUEST: 324 - COMPLETED
[17:08:46] REQUEST COMPLETED -> remaining active_jobs=127
[17:08:46] WAITING for remaining requests to finish (active_jobs=127)
[17:08:46] REQUEST: 334 - COMPLETED
[17:08:46] REQUEST COMPLETED -> remaining active_jobs=126
[17:08:46] WAITING for remaining requests to finish (active_jobs=126)
[17:08:46] REQUEST: 389 - COMPLETED
[17:08:46] REQUEST COMPLETED -> remaining active_jobs=125
[17:08:46] WAITING for remaining requests to finish (active_jobs=125)
[17:08:46] REQUEST: 318 - COMPLETED
[17:08:46] REQUEST COMPLETED -> remaining active_jobs=124
[17:08:46] WAITING for remaining requests to finish (active_jobs=124)
[17:08:46] REQUEST: 320 - COMPLETED
[17:08:46] REQUEST COMPLETED -> remaining active_jobs=123
[17:08:46] WAITING for remaining requests to finish (active_jobs=123)
[17:08:46] REQUEST: 162 - COMPLETED
[17:08:46] REQUEST COMPLETED -> remaining active_jobs=122
[17:08:46] WAITING for remaining requests to finish (active_jobs=122)
[17:08:46] REQUEST: 190 - COMPLETED
[17:08:46] REQUEST COMPLETED -> remaining active_jobs=121
[17:08:46] WAITING for remaining requests to finish (active_jobs=121)
[17:08:46] REQUEST: 243 - COMPLETED
[17:08:46] REQUEST COMPLETED -> remaining active_jobs=120
[17:08:46] WAITING for remaining requests to finish (active_jobs=120)
[17:08:46] REQUEST: 339 - COMPLETED
[17:08:46] REQUEST COMPLETED -> remaining active_jobs=119
[17:08:46] WAITING for remaining requests to finish (active_jobs=119)
[17:08:46] REQUEST: 206 - COMPLETED
[17:08:46] REQUEST COMPLETED -> remaining active_jobs=118
[17:08:46] WAITING for remaining requests to finish (active_jobs=118)
[17:08:46] REQUEST: 309 - COMPLETED
[17:08:46] REQUEST COMPLETED -> remaining active_jobs=117
[17:08:46] WAITING for remaining requests to finish (active_jobs=117)
[17:08:47] REQUEST: 154 - COMPLETED
[17:08:47] REQUEST COMPLETED -> remaining active_jobs=116
[17:08:47] WAITING for remaining requests to finish (active_jobs=116)
[17:08:47] REQUEST: 394 - COMPLETED
[17:08:47] REQUEST COMPLETED -> remaining active_jobs=115
[17:08:47] WAITING for remaining requests to finish (active_jobs=115)
[17:08:47] REQUEST: 205 - COMPLETED
[17:08:47] REQUEST COMPLETED -> remaining active_jobs=114
[17:08:47] WAITING for remaining requests to finish (active_jobs=114)
[17:08:47] REQUEST: 358 - COMPLETED
[17:08:47] REQUEST COMPLETED -> remaining active_jobs=113
[17:08:47] WAITING for remaining requests to finish (active_jobs=113)
[17:08:47] REQUEST: 310 - COMPLETED
[17:08:47] REQUEST COMPLETED -> remaining active_jobs=112
[17:08:47] WAITING for remaining requests to finish (active_jobs=112)
[17:08:47] REQUEST: 172 - COMPLETED
[17:08:47] REQUEST COMPLETED -> remaining active_jobs=111
[17:08:47] WAITING for remaining requests to finish (active_jobs=111)
[17:08:47] REQUEST: 195 - COMPLETED
[17:08:47] REQUEST COMPLETED -> remaining active_jobs=110
[17:08:47] WAITING for remaining requests to finish (active_jobs=110)
[17:08:47] REQUEST: 223 - COMPLETED
[17:08:47] REQUEST COMPLETED -> remaining active_jobs=109
[17:08:47] WAITING for remaining requests to finish (active_jobs=109)
[17:08:47] REQUEST: 108 - COMPLETED
[17:08:47] REQUEST COMPLETED -> remaining active_jobs=108
[17:08:47] WAITING for remaining requests to finish (active_jobs=108)
[17:08:47] REQUEST: 370 - COMPLETED
[17:08:47] REQUEST COMPLETED -> remaining active_jobs=107
[17:08:47] WAITING for remaining requests to finish (active_jobs=107)
[17:08:47] REQUEST: 232 - COMPLETED
[17:08:47] REQUEST COMPLETED -> remaining active_jobs=106
[17:08:47] WAITING for remaining requests to finish (active_jobs=106)
[17:08:47] REQUEST: 364 - COMPLETED
[17:08:47] REQUEST COMPLETED -> remaining active_jobs=105
[17:08:47] WAITING for remaining requests to finish (active_jobs=105)
[17:08:47] REQUEST: 395 - COMPLETED
[17:08:47] REQUEST COMPLETED -> remaining active_jobs=104
[17:08:47] WAITING for remaining requests to finish (active_jobs=104)
[17:08:47] REQUEST: 315 - COMPLETED
[17:08:47] REQUEST COMPLETED -> remaining active_jobs=103
[17:08:47] WAITING for remaining requests to finish (active_jobs=103)
[17:08:48] REQUEST: 286 - COMPLETED
[17:08:48] REQUEST COMPLETED -> remaining active_jobs=102
[17:08:48] WAITING for remaining requests to finish (active_jobs=102)
[17:08:48] REQUEST: 350 - COMPLETED
[17:08:48] REQUEST COMPLETED -> remaining active_jobs=101
[17:08:48] WAITING for remaining requests to finish (active_jobs=101)
[17:08:48] REQUEST: 305 - COMPLETED
[17:08:48] REQUEST COMPLETED -> remaining active_jobs=100
[17:08:48] WAITING for remaining requests to finish (active_jobs=100)
[17:08:48] REQUEST: 192 - COMPLETED
[17:08:48] REQUEST COMPLETED -> remaining active_jobs=99
[17:08:48] WAITING for remaining requests to finish (active_jobs=99)
[17:08:48] REQUEST: 372 - COMPLETED
[17:08:48] REQUEST COMPLETED -> remaining active_jobs=98
[17:08:48] WAITING for remaining requests to finish (active_jobs=98)
[17:08:48] REQUEST: 216 - COMPLETED
[17:08:48] REQUEST COMPLETED -> remaining active_jobs=97
[17:08:48] WAITING for remaining requests to finish (active_jobs=97)
[17:08:48] REQUEST: 153 - COMPLETED
[17:08:48] REQUEST COMPLETED -> remaining active_jobs=96
[17:08:48] WAITING for remaining requests to finish (active_jobs=96)
[17:08:48] REQUEST: 269 - COMPLETED
[17:08:48] REQUEST COMPLETED -> remaining active_jobs=95
[17:08:48] WAITING for remaining requests to finish (active_jobs=95)
[17:08:48] REQUEST: 186 - COMPLETED
[17:08:48] REQUEST COMPLETED -> remaining active_jobs=94
[17:08:48] WAITING for remaining requests to finish (active_jobs=94)
[17:08:48] REQUEST: 185 - COMPLETED
[17:08:48] REQUEST COMPLETED -> remaining active_jobs=93
[17:08:48] WAITING for remaining requests to finish (active_jobs=93)
[17:08:48] REQUEST: 193 - COMPLETED
[17:08:48] REQUEST COMPLETED -> remaining active_jobs=92
[17:08:48] WAITING for remaining requests to finish (active_jobs=92)
[17:08:48] REQUEST: 174 - COMPLETED
[17:08:48] REQUEST COMPLETED -> remaining active_jobs=91
[17:08:48] WAITING for remaining requests to finish (active_jobs=91)
[17:08:48] REQUEST: 371 - COMPLETED
[17:08:48] REQUEST COMPLETED -> remaining active_jobs=90
[17:08:48] WAITING for remaining requests to finish (active_jobs=90)
[17:08:49] REQUEST: 184 - COMPLETED
[17:08:49] REQUEST COMPLETED -> remaining active_jobs=89
[17:08:49] WAITING for remaining requests to finish (active_jobs=89)
[17:08:49] REQUEST: 357 - COMPLETED
[17:08:49] REQUEST COMPLETED -> remaining active_jobs=88
[17:08:49] WAITING for remaining requests to finish (active_jobs=88)
[17:08:49] REQUEST: 378 - COMPLETED
[17:08:49] REQUEST COMPLETED -> remaining active_jobs=87
[17:08:49] WAITING for remaining requests to finish (active_jobs=87)
[17:08:49] REQUEST: 390 - COMPLETED
[17:08:49] REQUEST COMPLETED -> remaining active_jobs=86
[17:08:49] WAITING for remaining requests to finish (active_jobs=86)
[17:08:49] REQUEST: 257 - COMPLETED
[17:08:49] REQUEST COMPLETED -> remaining active_jobs=85
[17:08:49] WAITING for remaining requests to finish (active_jobs=85)
[17:08:49] REQUEST: 387 - COMPLETED
[17:08:49] REQUEST COMPLETED -> remaining active_jobs=84
[17:08:49] WAITING for remaining requests to finish (active_jobs=84)
[17:08:49] REQUEST: 379 - COMPLETED
[17:08:49] REQUEST COMPLETED -> remaining active_jobs=83
[17:08:49] WAITING for remaining requests to finish (active_jobs=83)
[17:08:49] REQUEST: 375 - COMPLETED
[17:08:49] REQUEST COMPLETED -> remaining active_jobs=82
[17:08:49] WAITING for remaining requests to finish (active_jobs=82)
[17:08:49] REQUEST: 336 - COMPLETED
[17:08:49] REQUEST COMPLETED -> remaining active_jobs=81
[17:08:49] WAITING for remaining requests to finish (active_jobs=81)
[17:08:49] REQUEST: 262 - COMPLETED
[17:08:49] REQUEST COMPLETED -> remaining active_jobs=80
[17:08:49] WAITING for remaining requests to finish (active_jobs=80)
[17:08:49] REQUEST: 351 - COMPLETED
[17:08:49] REQUEST COMPLETED -> remaining active_jobs=79
[17:08:49] WAITING for remaining requests to finish (active_jobs=79)
[17:08:49] REQUEST: 169 - COMPLETED
[17:08:49] REQUEST COMPLETED -> remaining active_jobs=78
[17:08:49] WAITING for remaining requests to finish (active_jobs=78)
[17:08:49] REQUEST: 285 - COMPLETED
[17:08:49] REQUEST COMPLETED -> remaining active_jobs=77
[17:08:49] WAITING for remaining requests to finish (active_jobs=77)
[17:08:49] REQUEST: 241 - COMPLETED
[17:08:49] REQUEST COMPLETED -> remaining active_jobs=76
[17:08:49] WAITING for remaining requests to finish (active_jobs=76)
[17:08:50] REQUEST: 323 - COMPLETED
[17:08:50] REQUEST COMPLETED -> remaining active_jobs=75
[17:08:50] WAITING for remaining requests to finish (active_jobs=75)
[17:08:50] REQUEST: 325 - COMPLETED
[17:08:50] REQUEST COMPLETED -> remaining active_jobs=74
[17:08:50] WAITING for remaining requests to finish (active_jobs=74)
[17:08:50] REQUEST: 400 - COMPLETED
[17:08:50] REQUEST COMPLETED -> remaining active_jobs=73
[17:08:50] WAITING for remaining requests to finish (active_jobs=73)
[17:08:50] REQUEST: 187 - COMPLETED
[17:08:50] REQUEST COMPLETED -> remaining active_jobs=72
[17:08:50] WAITING for remaining requests to finish (active_jobs=72)
[17:08:50] REQUEST: 234 - COMPLETED
[17:08:50] REQUEST COMPLETED -> remaining active_jobs=71
[17:08:50] WAITING for remaining requests to finish (active_jobs=71)
[17:08:50] REQUEST: 382 - COMPLETED
[17:08:50] REQUEST COMPLETED -> remaining active_jobs=70
[17:08:50] WAITING for remaining requests to finish (active_jobs=70)
[17:08:50] REQUEST: 383 - COMPLETED
[17:08:50] REQUEST COMPLETED -> remaining active_jobs=69
[17:08:50] WAITING for remaining requests to finish (active_jobs=69)
[17:08:50] REQUEST: 226 - COMPLETED
[17:08:50] REQUEST COMPLETED -> remaining active_jobs=68
[17:08:50] WAITING for remaining requests to finish (active_jobs=68)
[17:08:50] REQUEST: 191 - COMPLETED
[17:08:50] REQUEST COMPLETED -> remaining active_jobs=67
[17:08:50] WAITING for remaining requests to finish (active_jobs=67)
[17:08:50] REQUEST: 214 - COMPLETED
[17:08:50] REQUEST COMPLETED -> remaining active_jobs=66
[17:08:50] WAITING for remaining requests to finish (active_jobs=66)
[17:08:50] REQUEST: 330 - COMPLETED
[17:08:50] REQUEST COMPLETED -> remaining active_jobs=65
[17:08:50] WAITING for remaining requests to finish (active_jobs=65)
[17:08:50] REQUEST: 248 - COMPLETED
[17:08:50] REQUEST COMPLETED -> remaining active_jobs=64
[17:08:50] WAITING for remaining requests to finish (active_jobs=64)
[17:08:50] REQUEST: 250 - COMPLETED
[17:08:50] REQUEST COMPLETED -> remaining active_jobs=63
[17:08:50] WAITING for remaining requests to finish (active_jobs=63)
[17:08:51] REQUEST: 342 - COMPLETED
[17:08:51] REQUEST COMPLETED -> remaining active_jobs=62
[17:08:51] WAITING for remaining requests to finish (active_jobs=62)
[17:08:51] REQUEST: 299 - COMPLETED
[17:08:51] REQUEST COMPLETED -> remaining active_jobs=61
[17:08:51] WAITING for remaining requests to finish (active_jobs=61)
[17:08:51] REQUEST: 384 - COMPLETED
[17:08:51] REQUEST COMPLETED -> remaining active_jobs=60
[17:08:51] WAITING for remaining requests to finish (active_jobs=60)
[17:08:51] REQUEST: 178 - COMPLETED
[17:08:51] REQUEST COMPLETED -> remaining active_jobs=59
[17:08:51] WAITING for remaining requests to finish (active_jobs=59)
[17:08:51] REQUEST: 343 - COMPLETED
[17:08:51] REQUEST COMPLETED -> remaining active_jobs=58
[17:08:51] WAITING for remaining requests to finish (active_jobs=58)
[17:08:51] REQUEST: 177 - COMPLETED
[17:08:51] REQUEST COMPLETED -> remaining active_jobs=57
[17:08:51] WAITING for remaining requests to finish (active_jobs=57)
[17:08:51] REQUEST: 215 - COMPLETED
[17:08:51] REQUEST COMPLETED -> remaining active_jobs=56
[17:08:51] WAITING for remaining requests to finish (active_jobs=56)
[17:08:51] REQUEST: 303 - COMPLETED
[17:08:51] REQUEST COMPLETED -> remaining active_jobs=55
[17:08:51] WAITING for remaining requests to finish (active_jobs=55)
[17:08:51] REQUEST: 266 - COMPLETED
[17:08:51] REQUEST COMPLETED -> remaining active_jobs=54
[17:08:51] WAITING for remaining requests to finish (active_jobs=54)
[17:08:51] REQUEST: 316 - COMPLETED
[17:08:51] REQUEST COMPLETED -> remaining active_jobs=53
[17:08:51] WAITING for remaining requests to finish (active_jobs=53)
[17:08:51] REQUEST: 270 - COMPLETED
[17:08:51] REQUEST COMPLETED -> remaining active_jobs=52
[17:08:51] WAITING for remaining requests to finish (active_jobs=52)
[17:08:51] REQUEST: 374 - COMPLETED
[17:08:51] REQUEST COMPLETED -> remaining active_jobs=51
[17:08:51] WAITING for remaining requests to finish (active_jobs=51)
[17:08:51] REQUEST: 224 - COMPLETED
[17:08:51] REQUEST COMPLETED -> remaining active_jobs=50
[17:08:51] WAITING for remaining requests to finish (active_jobs=50)
[17:08:52] REQUEST: 287 - COMPLETED
[17:08:52] REQUEST COMPLETED -> remaining active_jobs=49
[17:08:52] WAITING for remaining requests to finish (active_jobs=49)
[17:08:52] REQUEST: 307 - COMPLETED
[17:08:52] REQUEST COMPLETED -> remaining active_jobs=48
[17:08:52] WAITING for remaining requests to finish (active_jobs=48)
[17:08:52] REQUEST: 345 - COMPLETED
[17:08:52] REQUEST COMPLETED -> remaining active_jobs=47
[17:08:52] WAITING for remaining requests to finish (active_jobs=47)
[17:08:52] REQUEST: 194 - COMPLETED
[17:08:52] REQUEST COMPLETED -> remaining active_jobs=46
[17:08:52] WAITING for remaining requests to finish (active_jobs=46)
[17:08:52] REQUEST: 163 - COMPLETED
[17:08:52] REQUEST COMPLETED -> remaining active_jobs=45
[17:08:52] WAITING for remaining requests to finish (active_jobs=45)
[17:08:52] REQUEST: 355 - COMPLETED
[17:08:52] REQUEST COMPLETED -> remaining active_jobs=44
[17:08:52] WAITING for remaining requests to finish (active_jobs=44)
[17:08:52] REQUEST: 337 - COMPLETED
[17:08:52] REQUEST COMPLETED -> remaining active_jobs=43
[17:08:52] WAITING for remaining requests to finish (active_jobs=43)
[17:08:52] REQUEST: 136 - COMPLETED
[17:08:52] REQUEST COMPLETED -> remaining active_jobs=42
[17:08:52] WAITING for remaining requests to finish (active_jobs=42)
[17:08:52] REQUEST: 366 - COMPLETED
[17:08:52] REQUEST COMPLETED -> remaining active_jobs=41
[17:08:52] WAITING for remaining requests to finish (active_jobs=41)
[17:08:52] REQUEST: 142 - COMPLETED
[17:08:52] REQUEST COMPLETED -> remaining active_jobs=40
[17:08:52] WAITING for remaining requests to finish (active_jobs=40)
[17:08:52] REQUEST: 291 - COMPLETED
[17:08:52] REQUEST COMPLETED -> remaining active_jobs=39
[17:08:52] WAITING for remaining requests to finish (active_jobs=39)
[17:08:52] REQUEST: 306 - COMPLETED
[17:08:52] REQUEST COMPLETED -> remaining active_jobs=38
[17:08:52] WAITING for remaining requests to finish (active_jobs=38)
[17:08:52] REQUEST: 359 - COMPLETED
[17:08:52] REQUEST COMPLETED -> remaining active_jobs=37
[17:08:52] WAITING for remaining requests to finish (active_jobs=37)
[17:08:53] REQUEST: 348 - COMPLETED
[17:08:53] REQUEST COMPLETED -> remaining active_jobs=36
[17:08:53] WAITING for remaining requests to finish (active_jobs=36)
[17:08:53] REQUEST: 341 - COMPLETED
[17:08:53] REQUEST COMPLETED -> remaining active_jobs=35
[17:08:53] WAITING for remaining requests to finish (active_jobs=35)
[17:08:53] REQUEST: 259 - COMPLETED
[17:08:53] REQUEST COMPLETED -> remaining active_jobs=34
[17:08:53] WAITING for remaining requests to finish (active_jobs=34)
[17:08:53] REQUEST: 202 - COMPLETED
[17:08:53] REQUEST COMPLETED -> remaining active_jobs=33
[17:08:53] WAITING for remaining requests to finish (active_jobs=33)
[17:08:53] REQUEST: 173 - COMPLETED
[17:08:53] REQUEST COMPLETED -> remaining active_jobs=32
[17:08:53] WAITING for remaining requests to finish (active_jobs=32)
[17:08:53] REQUEST: 373 - COMPLETED
[17:08:53] REQUEST COMPLETED -> remaining active_jobs=31
[17:08:53] WAITING for remaining requests to finish (active_jobs=31)
[17:08:53] REQUEST: 261 - COMPLETED
[17:08:53] REQUEST COMPLETED -> remaining active_jobs=30
[17:08:53] WAITING for remaining requests to finish (active_jobs=30)
[17:08:53] REQUEST: 381 - COMPLETED
[17:08:53] REQUEST COMPLETED -> remaining active_jobs=29
[17:08:53] WAITING for remaining requests to finish (active_jobs=29)
[17:08:53] REQUEST: 204 - COMPLETED
[17:08:53] REQUEST COMPLETED -> remaining active_jobs=28
[17:08:53] WAITING for remaining requests to finish (active_jobs=28)
[17:08:53] REQUEST: 209 - COMPLETED
[17:08:53] REQUEST COMPLETED -> remaining active_jobs=27
[17:08:53] WAITING for remaining requests to finish (active_jobs=27)
[17:08:53] REQUEST: 252 - COMPLETED
[17:08:53] REQUEST COMPLETED -> remaining active_jobs=26
[17:08:53] WAITING for remaining requests to finish (active_jobs=26)
[17:08:53] REQUEST: 365 - COMPLETED
[17:08:53] REQUEST COMPLETED -> remaining active_jobs=25
[17:08:53] WAITING for remaining requests to finish (active_jobs=25)
[17:08:53] REQUEST: 362 - COMPLETED
[17:08:53] REQUEST COMPLETED -> remaining active_jobs=24
[17:08:53] WAITING for remaining requests to finish (active_jobs=24)
[17:08:53] REQUEST: 346 - COMPLETED
[17:08:53] REQUEST COMPLETED -> remaining active_jobs=23
[17:08:53] WAITING for remaining requests to finish (active_jobs=23)
[17:08:54] REQUEST: 203 - COMPLETED
[17:08:54] REQUEST COMPLETED -> remaining active_jobs=22
[17:08:54] WAITING for remaining requests to finish (active_jobs=22)
[17:08:54] REQUEST: 159 - COMPLETED
[17:08:54] REQUEST COMPLETED -> remaining active_jobs=21
[17:08:54] WAITING for remaining requests to finish (active_jobs=21)
[17:08:54] REQUEST: 181 - COMPLETED
[17:08:54] REQUEST COMPLETED -> remaining active_jobs=20
[17:08:54] WAITING for remaining requests to finish (active_jobs=20)
[17:08:54] REQUEST: 175 - COMPLETED
[17:08:54] REQUEST COMPLETED -> remaining active_jobs=19
[17:08:54] WAITING for remaining requests to finish (active_jobs=19)
[17:08:54] REQUEST: 249 - COMPLETED
[17:08:54] REQUEST COMPLETED -> remaining active_jobs=18
[17:08:54] WAITING for remaining requests to finish (active_jobs=18)
[17:08:54] REQUEST: 200 - COMPLETED
[17:08:54] REQUEST COMPLETED -> remaining active_jobs=17
[17:08:54] WAITING for remaining requests to finish (active_jobs=17)
[17:08:54] REQUEST: 256 - COMPLETED
[17:08:54] REQUEST COMPLETED -> remaining active_jobs=16
[17:08:54] WAITING for remaining requests to finish (active_jobs=16)
[17:08:54] REQUEST: 368 - COMPLETED
[17:08:54] REQUEST COMPLETED -> remaining active_jobs=15
[17:08:54] WAITING for remaining requests to finish (active_jobs=15)
[17:08:54] REQUEST: 317 - COMPLETED
[17:08:54] REQUEST COMPLETED -> remaining active_jobs=14
[17:08:54] WAITING for remaining requests to finish (active_jobs=14)
[17:08:54] REQUEST: 114 - COMPLETED
[17:08:54] REQUEST COMPLETED -> remaining active_jobs=13
[17:08:54] WAITING for remaining requests to finish (active_jobs=13)
[17:08:54] REQUEST: 361 - COMPLETED
[17:08:54] REQUEST COMPLETED -> remaining active_jobs=12
[17:08:54] WAITING for remaining requests to finish (active_jobs=12)
[17:08:54] REQUEST: 292 - COMPLETED
[17:08:54] REQUEST COMPLETED -> remaining active_jobs=11
[17:08:54] WAITING for remaining requests to finish (active_jobs=11)
[17:08:54] REQUEST: 236 - COMPLETED
[17:08:54] REQUEST COMPLETED -> remaining active_jobs=10
[17:08:54] WAITING for remaining requests to finish (active_jobs=10)
[17:08:55] REQUEST: 360 - COMPLETED
[17:08:55] REQUEST COMPLETED -> remaining active_jobs=9
[17:08:55] WAITING for remaining requests to finish (active_jobs=9)
[17:08:55] REQUEST: 388 - COMPLETED
[17:08:55] REQUEST COMPLETED -> remaining active_jobs=8
[17:08:55] WAITING for remaining requests to finish (active_jobs=8)
[17:08:55] REQUEST: 100 - COMPLETED
[17:08:55] REQUEST COMPLETED -> remaining active_jobs=7
[17:08:55] WAITING for remaining requests to finish (active_jobs=7)
[17:08:55] REQUEST: 237 - COMPLETED
[17:08:55] REQUEST COMPLETED -> remaining active_jobs=6
[17:08:55] WAITING for remaining requests to finish (active_jobs=6)
[17:08:55] REQUEST: 367 - COMPLETED
[17:08:55] REQUEST COMPLETED -> remaining active_jobs=5
[17:08:55] WAITING for remaining requests to finish (active_jobs=5)
[17:08:55] REQUEST: 321 - COMPLETED
[17:08:55] REQUEST COMPLETED -> remaining active_jobs=4
[17:08:55] WAITING for remaining requests to finish (active_jobs=4)
[17:08:55] REQUEST: 221 - COMPLETED
[17:08:55] REQUEST COMPLETED -> remaining active_jobs=3
[17:08:55] WAITING for remaining requests to finish (active_jobs=3)
[17:08:55] REQUEST: 77 - COMPLETED
[17:08:55] REQUEST COMPLETED -> remaining active_jobs=2
[17:08:55] WAITING for remaining requests to finish (active_jobs=2)
[17:08:55] REQUEST: 376 - COMPLETED
[17:08:55] REQUEST COMPLETED -> remaining active_jobs=1
[17:08:55] WAITING for remaining requests to finish (active_jobs=1)
[17:08:55] REQUEST: 386 - COMPLETED
[17:08:55] REQUEST COMPLETED -> remaining active_jobs=0
[17:08:55] Load test completed
[17:08:55] Running results evaluation


--- PER-REQUEST STATS ---
Request 01 | res_time: 17:08:23.48 | latency:   0.83 s | tokens: 25 | gen_time: 0.065 s | tok/s: 384.09
Request 02 | res_time: 17:08:24.37 | latency:   1.69 s | tokens: 25 | gen_time: 0.064 s | tok/s: 389.09
Request 03 | res_time: 17:08:25.17 | latency:   2.44 s | tokens: 25 | gen_time: 0.055 s | tok/s: 452.15
Request 04 | res_time: 17:08:26.00 | latency:   3.34 s | tokens: 25 | gen_time: 0.074 s | tok/s: 337.25
Request 05 | res_time: 17:08:26.10 | latency:   3.45 s | tokens: 25 | gen_time: 0.060 s | tok/s: 413.88
Request 06 | res_time: 17:08:26.20 | latency:   3.54 s | tokens: 25 | gen_time: 0.062 s | tok/s: 401.04
Request 07 | res_time: 17:08:26.32 | latency:   3.62 s | tokens: 25 | gen_time: 0.054 s | tok/s: 461.66
Request 08 | res_time: 17:08:26.39 | latency:   3.75 s | tokens: 25 | gen_time: 0.054 s | tok/s: 460.91
Request 09 | res_time: 17:08:26.47 | latency:   3.83 s | tokens: 25 | gen_time: 0.054 s | tok/s: 461.74
Request 10 | res_time: 17:08:26.55 | latency:   3.82 s | tokens: 25 | gen_time: 0.054 s | tok/s: 460.33
Request 11 | res_time: 17:08:26.62 | latency:   3.87 s | tokens: 25 | gen_time: 0.054 s | tok/s: 464.15
Request 12 | res_time: 17:08:26.69 | latency:   3.97 s | tokens: 25 | gen_time: 0.054 s | tok/s: 466.89
Request 13 | res_time: 17:08:26.77 | latency:   4.04 s | tokens: 25 | gen_time: 0.054 s | tok/s: 465.06
Request 14 | res_time: 17:08:26.84 | latency:   4.13 s | tokens: 25 | gen_time: 0.054 s | tok/s: 462.88
Request 15 | res_time: 17:08:26.92 | latency:   4.23 s | tokens: 25 | gen_time: 0.054 s | tok/s: 459.81
Request 16 | res_time: 17:08:26.99 | latency:   4.26 s | tokens: 25 | gen_time: 0.055 s | tok/s: 457.40
Request 17 | res_time: 17:08:27.07 | latency:   4.43 s | tokens: 25 | gen_time: 0.054 s | tok/s: 459.64
Request 18 | res_time: 17:08:27.14 | latency:   4.46 s | tokens: 25 | gen_time: 0.055 s | tok/s: 457.71
Request 19 | res_time: 17:08:27.22 | latency:   4.43 s | tokens: 25 | gen_time: 0.054 s | tok/s: 461.66
Request 20 | res_time: 17:08:27.29 | latency:   4.62 s | tokens: 25 | gen_time: 0.054 s | tok/s: 459.45
Request 21 | res_time: 17:08:27.37 | latency:   4.59 s | tokens: 25 | gen_time: 0.054 s | tok/s: 460.84
Request 22 | res_time: 17:08:27.44 | latency:   4.53 s | tokens: 25 | gen_time: 0.054 s | tok/s: 460.50
Request 23 | res_time: 17:08:27.51 | latency:   4.86 s | tokens: 25 | gen_time: 0.054 s | tok/s: 464.04
Request 24 | res_time: 17:08:27.59 | latency:   4.88 s | tokens: 25 | gen_time: 0.055 s | tok/s: 458.12
Request 25 | res_time: 17:08:27.67 | latency:   4.99 s | tokens: 25 | gen_time: 0.054 s | tok/s: 459.33
Request 26 | res_time: 17:08:27.74 | latency:   4.94 s | tokens: 25 | gen_time: 0.054 s | tok/s: 463.29
Request 27 | res_time: 17:08:27.81 | latency:   5.09 s | tokens: 25 | gen_time: 0.054 s | tok/s: 463.52
Request 28 | res_time: 17:08:27.89 | latency:   4.98 s | tokens: 25 | gen_time: 0.054 s | tok/s: 463.36
Request 29 | res_time: 17:08:27.96 | latency:   5.19 s | tokens: 25 | gen_time: 0.054 s | tok/s: 466.30
Request 30 | res_time: 17:08:28.04 | latency:   5.29 s | tokens: 25 | gen_time: 0.054 s | tok/s: 464.94
Request 31 | res_time: 17:08:28.11 | latency:   5.31 s | tokens: 25 | gen_time: 0.054 s | tok/s: 462.37
Request 32 | res_time: 17:08:28.19 | latency:   5.38 s | tokens: 25 | gen_time: 0.054 s | tok/s: 465.55
Request 33 | res_time: 17:08:28.26 | latency:   5.61 s | tokens: 25 | gen_time: 0.054 s | tok/s: 463.51
Request 34 | res_time: 17:08:28.34 | latency:   5.59 s | tokens: 25 | gen_time: 0.054 s | tok/s: 467.03
Request 35 | res_time: 17:08:28.41 | latency:   5.68 s | tokens: 25 | gen_time: 0.054 s | tok/s: 460.90
Request 36 | res_time: 17:08:28.49 | latency:   5.69 s | tokens: 25 | gen_time: 0.054 s | tok/s: 463.40
Request 37 | res_time: 17:08:28.56 | latency:   5.78 s | tokens: 25 | gen_time: 0.054 s | tok/s: 462.96
Request 38 | res_time: 17:08:28.64 | latency:   5.90 s | tokens: 25 | gen_time: 0.054 s | tok/s: 465.20
Request 39 | res_time: 17:08:28.71 | latency:   5.66 s | tokens: 25 | gen_time: 0.054 s | tok/s: 462.41
Request 40 | res_time: 17:08:28.79 | latency:   5.99 s | tokens: 25 | gen_time: 0.054 s | tok/s: 461.76
Request 41 | res_time: 17:08:28.86 | latency:   6.08 s | tokens: 25 | gen_time: 0.054 s | tok/s: 462.35
Request 42 | res_time: 17:08:28.93 | latency:   5.84 s | tokens: 25 | gen_time: 0.055 s | tok/s: 458.13
Request 43 | res_time: 17:08:29.01 | latency:   6.33 s | tokens: 25 | gen_time: 0.054 s | tok/s: 463.49
Request 44 | res_time: 17:08:29.09 | latency:   6.24 s | tokens: 25 | gen_time: 0.055 s | tok/s: 454.70
Request 45 | res_time: 17:08:29.16 | latency:   6.40 s | tokens: 25 | gen_time: 0.054 s | tok/s: 465.63
Request 46 | res_time: 17:08:29.23 | latency:   6.44 s | tokens: 25 | gen_time: 0.054 s | tok/s: 467.21
Request 47 | res_time: 17:08:29.31 | latency:   6.50 s | tokens: 25 | gen_time: 0.054 s | tok/s: 466.27
Request 48 | res_time: 17:08:29.38 | latency:   6.58 s | tokens: 25 | gen_time: 0.054 s | tok/s: 464.78
Request 49 | res_time: 17:08:29.46 | latency:   6.81 s | tokens: 25 | gen_time: 0.054 s | tok/s: 461.66
Request 50 | res_time: 17:08:29.53 | latency:   6.50 s | tokens: 25 | gen_time: 0.054 s | tok/s: 466.91
Request 51 | res_time: 17:08:29.61 | latency:   6.43 s | tokens: 25 | gen_time: 0.054 s | tok/s: 464.76
Request 52 | res_time: 17:08:29.68 | latency:   6.82 s | tokens: 25 | gen_time: 0.054 s | tok/s: 464.25
Request 53 | res_time: 17:08:29.75 | latency:   6.58 s | tokens: 25 | gen_time: 0.054 s | tok/s: 466.01
Request 54 | res_time: 17:08:29.83 | latency:   6.98 s | tokens: 25 | gen_time: 0.054 s | tok/s: 460.49
Request 55 | res_time: 17:08:29.90 | latency:   6.58 s | tokens: 25 | gen_time: 0.054 s | tok/s: 464.57
Request 56 | res_time: 17:08:29.98 | latency:   7.18 s | tokens: 25 | gen_time: 0.054 s | tok/s: 462.34
Request 57 | res_time: 17:08:30.05 | latency:   7.32 s | tokens: 25 | gen_time: 0.054 s | tok/s: 466.88
Request 58 | res_time: 17:08:30.13 | latency:   7.32 s | tokens: 25 | gen_time: 0.054 s | tok/s: 463.43
Request 59 | res_time: 17:08:30.20 | latency:   7.25 s | tokens: 25 | gen_time: 0.054 s | tok/s: 466.69
Request 60 | res_time: 17:08:30.28 | latency:   7.14 s | tokens: 25 | gen_time: 0.054 s | tok/s: 459.94
Request 61 | res_time: 17:08:30.35 | latency:   7.61 s | tokens: 25 | gen_time: 0.054 s | tok/s: 462.84
Request 62 | res_time: 17:08:30.42 | latency:   7.62 s | tokens: 25 | gen_time: 0.053 s | tok/s: 467.71
Request 63 | res_time: 17:08:30.50 | latency:   7.52 s | tokens: 25 | gen_time: 0.054 s | tok/s: 462.72
Request 64 | res_time: 17:08:30.57 | latency:   7.38 s | tokens: 25 | gen_time: 0.054 s | tok/s: 466.61
Request 65 | res_time: 17:08:30.65 | latency:   7.52 s | tokens: 25 | gen_time: 0.054 s | tok/s: 464.50
Request 66 | res_time: 17:08:30.72 | latency:   7.98 s | tokens: 25 | gen_time: 0.054 s | tok/s: 462.22
Request 67 | res_time: 17:08:30.80 | latency:   7.64 s | tokens: 25 | gen_time: 0.054 s | tok/s: 462.57
Request 68 | res_time: 17:08:30.87 | latency:   7.86 s | tokens: 25 | gen_time: 0.054 s | tok/s: 463.91
Request 69 | res_time: 17:08:30.94 | latency:   7.77 s | tokens: 25 | gen_time: 0.054 s | tok/s: 464.75
Request 70 | res_time: 17:08:31.02 | latency:   8.03 s | tokens: 25 | gen_time: 0.054 s | tok/s: 460.91
Request 71 | res_time: 17:08:31.09 | latency:   8.29 s | tokens: 25 | gen_time: 0.054 s | tok/s: 460.60
Request 72 | res_time: 17:08:31.17 | latency:   7.93 s | tokens: 25 | gen_time: 0.054 s | tok/s: 463.31
Request 73 | res_time: 17:08:31.24 | latency:   8.50 s | tokens: 25 | gen_time: 0.055 s | tok/s: 458.68
Request 74 | res_time: 17:08:31.32 | latency:   8.42 s | tokens: 25 | gen_time: 0.054 s | tok/s: 463.46
Request 75 | res_time: 17:08:31.39 | latency:   8.55 s | tokens: 25 | gen_time: 0.054 s | tok/s: 464.19
Request 76 | res_time: 17:08:31.47 | latency:   8.66 s | tokens: 25 | gen_time: 0.054 s | tok/s: 466.31
Request 77 | res_time: 17:08:31.54 | latency:   8.27 s | tokens: 25 | gen_time: 0.054 s | tok/s: 465.56
Request 78 | res_time: 17:08:31.61 | latency:   8.49 s | tokens: 25 | gen_time: 0.054 s | tok/s: 465.45
Request 79 | res_time: 17:08:31.69 | latency:   8.94 s | tokens: 25 | gen_time: 0.054 s | tok/s: 459.84
Request 80 | res_time: 17:08:31.76 | latency:   8.57 s | tokens: 25 | gen_time: 0.054 s | tok/s: 461.61
Request 81 | res_time: 17:08:31.84 | latency:   9.04 s | tokens: 25 | gen_time: 0.054 s | tok/s: 462.77
Request 82 | res_time: 17:08:31.91 | latency:   8.76 s | tokens: 25 | gen_time: 0.054 s | tok/s: 464.81
Request 83 | res_time: 17:08:31.99 | latency:   8.81 s | tokens: 25 | gen_time: 0.054 s | tok/s: 461.85
Request 84 | res_time: 17:08:32.06 | latency:   8.87 s | tokens: 25 | gen_time: 0.054 s | tok/s: 462.09
Request 85 | res_time: 17:08:32.14 | latency:   9.43 s | tokens: 25 | gen_time: 0.054 s | tok/s: 461.52
Request 86 | res_time: 17:08:32.21 | latency:   9.09 s | tokens: 25 | gen_time: 0.055 s | tok/s: 457.04
Request 87 | res_time: 17:08:32.29 | latency:   9.36 s | tokens: 25 | gen_time: 0.055 s | tok/s: 455.32
Request 88 | res_time: 17:08:32.37 | latency:   8.96 s | tokens: 25 | gen_time: 0.055 s | tok/s: 451.72
Request 89 | res_time: 17:08:32.44 | latency:   9.31 s | tokens: 25 | gen_time: 0.055 s | tok/s: 458.71
Request 90 | res_time: 17:08:32.52 | latency:   9.32 s | tokens: 25 | gen_time: 0.054 s | tok/s: 464.40
Request 91 | res_time: 17:08:32.59 | latency:   9.46 s | tokens: 25 | gen_time: 0.054 s | tok/s: 459.23
Request 92 | res_time: 17:08:32.67 | latency:   9.47 s | tokens: 25 | gen_time: 0.054 s | tok/s: 464.94
Request 93 | res_time: 17:08:32.74 | latency:   9.68 s | tokens: 25 | gen_time: 0.054 s | tok/s: 460.37
Request 94 | res_time: 17:08:32.82 | latency:   9.58 s | tokens: 25 | gen_time: 0.054 s | tok/s: 463.45
Request 95 | res_time: 17:08:32.89 | latency:   9.92 s | tokens: 25 | gen_time: 0.054 s | tok/s: 462.63
Request 96 | res_time: 17:08:32.96 | latency:  10.01 s | tokens: 25 | gen_time: 0.054 s | tok/s: 459.66
Request 97 | res_time: 17:08:33.04 | latency:   9.85 s | tokens: 25 | gen_time: 0.054 s | tok/s: 464.43
Request 98 | res_time: 17:08:33.11 | latency:   9.94 s | tokens: 25 | gen_time: 0.054 s | tok/s: 460.28
Request 99 | res_time: 17:08:33.19 | latency:  10.39 s | tokens: 25 | gen_time: 0.054 s | tok/s: 463.47
Request 100 | res_time: 17:08:33.26 | latency:  10.03 s | tokens: 25 | gen_time: 0.054 s | tok/s: 459.07
Request 101 | res_time: 17:08:33.34 | latency:  10.21 s | tokens: 25 | gen_time: 0.055 s | tok/s: 454.30
Request 102 | res_time: 17:08:33.41 | latency:  10.14 s | tokens: 25 | gen_time: 0.054 s | tok/s: 465.55
Request 103 | res_time: 17:08:33.49 | latency:   9.75 s | tokens: 25 | gen_time: 0.054 s | tok/s: 464.40
Request 104 | res_time: 17:08:33.56 | latency:  10.43 s | tokens: 25 | gen_time: 0.054 s | tok/s: 459.58
Request 105 | res_time: 17:08:33.64 | latency:  10.42 s | tokens: 25 | gen_time: 0.054 s | tok/s: 463.17
Request 106 | res_time: 17:08:33.71 | latency:  10.97 s | tokens: 25 | gen_time: 0.054 s | tok/s: 460.14
Request 107 | res_time: 17:08:33.79 | latency:  10.61 s | tokens: 25 | gen_time: 0.054 s | tok/s: 463.04
Request 108 | res_time: 17:08:33.86 | latency:  10.86 s | tokens: 25 | gen_time: 0.054 s | tok/s: 459.68
Request 109 | res_time: 17:08:33.94 | latency:  10.72 s | tokens: 25 | gen_time: 0.054 s | tok/s: 460.76
Request 110 | res_time: 17:08:34.01 | latency:  11.01 s | tokens: 25 | gen_time: 0.054 s | tok/s: 460.32
Request 111 | res_time: 17:08:34.09 | latency:  11.38 s | tokens: 25 | gen_time: 0.054 s | tok/s: 462.42
Request 112 | res_time: 17:08:34.16 | latency:  10.76 s | tokens: 25 | gen_time: 0.054 s | tok/s: 465.31
Request 113 | res_time: 17:08:34.23 | latency:  10.41 s | tokens: 25 | gen_time: 0.054 s | tok/s: 465.51
Request 114 | res_time: 17:08:34.31 | latency:  10.75 s | tokens: 25 | gen_time: 0.054 s | tok/s: 459.89
Request 115 | res_time: 17:08:34.38 | latency:  11.58 s | tokens: 25 | gen_time: 0.054 s | tok/s: 461.35
Request 116 | res_time: 17:08:34.46 | latency:  10.72 s | tokens: 25 | gen_time: 0.053 s | tok/s: 467.88
Request 117 | res_time: 17:08:34.53 | latency:  10.80 s | tokens: 25 | gen_time: 0.054 s | tok/s: 461.49
Request 118 | res_time: 17:08:34.61 | latency:  10.88 s | tokens: 25 | gen_time: 0.054 s | tok/s: 461.53
Request 119 | res_time: 17:08:34.68 | latency:  11.53 s | tokens: 25 | gen_time: 0.054 s | tok/s: 465.65
Request 120 | res_time: 17:08:34.76 | latency:  10.93 s | tokens: 25 | gen_time: 0.054 s | tok/s: 461.77
Request 121 | res_time: 17:08:34.83 | latency:  11.51 s | tokens: 25 | gen_time: 0.054 s | tok/s: 463.51
Request 122 | res_time: 17:08:34.91 | latency:  11.08 s | tokens: 25 | gen_time: 0.054 s | tok/s: 459.99
Request 123 | res_time: 17:08:34.98 | latency:  11.38 s | tokens: 25 | gen_time: 0.054 s | tok/s: 461.99
Request 124 | res_time: 17:08:35.05 | latency:  11.33 s | tokens: 25 | gen_time: 0.054 s | tok/s: 464.37
Request 125 | res_time: 17:08:35.13 | latency:  12.01 s | tokens: 25 | gen_time: 0.054 s | tok/s: 464.17
Request 126 | res_time: 17:08:35.20 | latency:  11.84 s | tokens: 25 | gen_time: 0.054 s | tok/s: 464.02
Request 127 | res_time: 17:08:35.28 | latency:  12.13 s | tokens: 25 | gen_time: 0.054 s | tok/s: 463.70
Request 128 | res_time: 17:08:35.35 | latency:  12.50 s | tokens: 25 | gen_time: 0.054 s | tok/s: 462.97
Request 129 | res_time: 17:08:35.43 | latency:  12.23 s | tokens: 25 | gen_time: 0.054 s | tok/s: 464.53
Request 130 | res_time: 17:08:35.50 | latency:  12.20 s | tokens: 25 | gen_time: 0.054 s | tok/s: 467.18
Request 131 | res_time: 17:08:35.58 | latency:  12.36 s | tokens: 25 | gen_time: 0.055 s | tok/s: 458.56
Request 132 | res_time: 17:08:35.65 | latency:  12.93 s | tokens: 25 | gen_time: 0.054 s | tok/s: 466.59
Request 133 | res_time: 17:08:35.72 | latency:  12.24 s | tokens: 25 | gen_time: 0.054 s | tok/s: 465.12
Request 134 | res_time: 17:08:35.80 | latency:  12.80 s | tokens: 25 | gen_time: 0.054 s | tok/s: 464.72
Request 135 | res_time: 17:08:35.87 | latency:  13.21 s | tokens: 25 | gen_time: 0.054 s | tok/s: 462.95
Request 136 | res_time: 17:08:35.95 | latency:  12.16 s | tokens: 25 | gen_time: 0.054 s | tok/s: 463.37
Request 137 | res_time: 17:08:36.02 | latency:  12.87 s | tokens: 25 | gen_time: 0.054 s | tok/s: 460.35
Request 138 | res_time: 17:08:36.10 | latency:  12.79 s | tokens: 25 | gen_time: 0.054 s | tok/s: 462.50
Request 139 | res_time: 17:08:36.17 | latency:  12.43 s | tokens: 25 | gen_time: 0.054 s | tok/s: 466.56
Request 140 | res_time: 17:08:36.24 | latency:  12.48 s | tokens: 25 | gen_time: 0.054 s | tok/s: 464.67
Request 141 | res_time: 17:08:36.32 | latency:  13.24 s | tokens: 25 | gen_time: 0.054 s | tok/s: 465.09
Request 142 | res_time: 17:08:36.39 | latency:  12.55 s | tokens: 25 | gen_time: 0.054 s | tok/s: 465.11
Request 143 | res_time: 17:08:36.47 | latency:  12.55 s | tokens: 25 | gen_time: 0.054 s | tok/s: 464.63
Request 144 | res_time: 17:08:36.54 | latency:  12.81 s | tokens: 25 | gen_time: 0.054 s | tok/s: 466.41
Request 145 | res_time: 17:08:36.62 | latency:  13.23 s | tokens: 25 | gen_time: 0.054 s | tok/s: 464.04
Request 146 | res_time: 17:08:36.69 | latency:  13.50 s | tokens: 25 | gen_time: 0.054 s | tok/s: 464.06
Request 147 | res_time: 17:08:36.76 | latency:  13.02 s | tokens: 25 | gen_time: 0.054 s | tok/s: 464.29
Request 148 | res_time: 17:08:36.84 | latency:  13.06 s | tokens: 25 | gen_time: 0.054 s | tok/s: 459.19
Request 149 | res_time: 17:08:36.91 | latency:  13.66 s | tokens: 25 | gen_time: 0.054 s | tok/s: 466.13
Request 150 | res_time: 17:08:36.99 | latency:  13.25 s | tokens: 25 | gen_time: 0.054 s | tok/s: 462.61
Request 151 | res_time: 17:08:37.06 | latency:  12.99 s | tokens: 25 | gen_time: 0.054 s | tok/s: 466.27
Request 152 | res_time: 17:08:37.14 | latency:  13.37 s | tokens: 25 | gen_time: 0.054 s | tok/s: 462.48
Request 153 | res_time: 17:08:37.21 | latency:  14.28 s | tokens: 25 | gen_time: 0.054 s | tok/s: 464.93
Request 154 | res_time: 17:08:37.28 | latency:  13.36 s | tokens: 25 | gen_time: 0.054 s | tok/s: 460.63
Request 155 | res_time: 17:08:37.36 | latency:  13.63 s | tokens: 25 | gen_time: 0.054 s | tok/s: 462.60
Request 156 | res_time: 17:08:37.43 | latency:  13.63 s | tokens: 25 | gen_time: 0.054 s | tok/s: 460.97
Request 157 | res_time: 17:08:37.51 | latency:  13.78 s | tokens: 25 | gen_time: 0.054 s | tok/s: 460.88
Request 158 | res_time: 17:08:37.58 | latency:  13.76 s | tokens: 25 | gen_time: 0.054 s | tok/s: 458.84
Request 159 | res_time: 17:08:37.66 | latency:  13.90 s | tokens: 25 | gen_time: 0.054 s | tok/s: 464.83
Request 160 | res_time: 17:08:37.73 | latency:  13.06 s | tokens: 25 | gen_time: 0.054 s | tok/s: 461.86
Request 161 | res_time: 17:08:37.81 | latency:  14.01 s | tokens: 25 | gen_time: 0.054 s | tok/s: 461.88
Request 162 | res_time: 17:08:37.88 | latency:  13.49 s | tokens: 25 | gen_time: 0.054 s | tok/s: 465.53
Request 163 | res_time: 17:08:37.96 | latency:  14.24 s | tokens: 25 | gen_time: 0.054 s | tok/s: 460.60
Request 164 | res_time: 17:08:38.03 | latency:  13.96 s | tokens: 25 | gen_time: 0.054 s | tok/s: 462.17
Request 165 | res_time: 17:08:38.11 | latency:  13.34 s | tokens: 25 | gen_time: 0.055 s | tok/s: 455.89
Request 166 | res_time: 17:08:38.19 | latency:  14.23 s | tokens: 25 | gen_time: 0.054 s | tok/s: 461.46
Request 167 | res_time: 17:08:38.26 | latency:  13.81 s | tokens: 25 | gen_time: 0.054 s | tok/s: 459.45
Request 168 | res_time: 17:08:38.34 | latency:  14.61 s | tokens: 25 | gen_time: 0.054 s | tok/s: 460.70
Request 169 | res_time: 17:08:38.41 | latency:  14.56 s | tokens: 25 | gen_time: 0.054 s | tok/s: 467.07
Request 170 | res_time: 17:08:38.48 | latency:  14.66 s | tokens: 25 | gen_time: 0.054 s | tok/s: 460.41
Request 171 | res_time: 17:08:38.56 | latency:  14.51 s | tokens: 25 | gen_time: 0.054 s | tok/s: 465.88
Request 172 | res_time: 17:08:38.63 | latency:  14.91 s | tokens: 25 | gen_time: 0.054 s | tok/s: 464.23
Request 173 | res_time: 17:08:38.71 | latency:  14.81 s | tokens: 25 | gen_time: 0.054 s | tok/s: 461.94
Request 174 | res_time: 17:08:38.78 | latency:  15.63 s | tokens: 25 | gen_time: 0.054 s | tok/s: 461.93
Request 175 | res_time: 17:08:38.86 | latency:  15.15 s | tokens: 25 | gen_time: 0.054 s | tok/s: 462.82
Request 176 | res_time: 17:08:38.93 | latency:  15.17 s | tokens: 25 | gen_time: 0.055 s | tok/s: 458.62
Request 177 | res_time: 17:08:39.01 | latency:  15.18 s | tokens: 25 | gen_time: 0.054 s | tok/s: 461.58
Request 178 | res_time: 17:08:39.08 | latency:  14.96 s | tokens: 25 | gen_time: 0.054 s | tok/s: 466.05
Request 179 | res_time: 17:08:39.16 | latency:  15.40 s | tokens: 25 | gen_time: 0.054 s | tok/s: 461.68
Request 180 | res_time: 17:08:39.23 | latency:  15.08 s | tokens: 25 | gen_time: 0.054 s | tok/s: 462.34
Request 181 | res_time: 17:08:39.31 | latency:  15.46 s | tokens: 25 | gen_time: 0.054 s | tok/s: 465.19
Request 182 | res_time: 17:08:39.38 | latency:  15.15 s | tokens: 25 | gen_time: 0.054 s | tok/s: 461.67
Request 183 | res_time: 17:08:39.46 | latency:  15.69 s | tokens: 25 | gen_time: 0.054 s | tok/s: 462.04
Request 184 | res_time: 17:08:39.53 | latency:  16.23 s | tokens: 25 | gen_time: 0.054 s | tok/s: 461.22
Request 185 | res_time: 17:08:39.60 | latency:  15.63 s | tokens: 25 | gen_time: 0.054 s | tok/s: 465.47
Request 186 | res_time: 17:08:39.68 | latency:  15.95 s | tokens: 25 | gen_time: 0.054 s | tok/s: 460.48
Request 187 | res_time: 17:08:39.75 | latency:  16.03 s | tokens: 25 | gen_time: 0.054 s | tok/s: 465.42
Request 188 | res_time: 17:08:39.83 | latency:  15.88 s | tokens: 25 | gen_time: 0.054 s | tok/s: 463.24
Request 189 | res_time: 17:08:39.90 | latency:  16.08 s | tokens: 25 | gen_time: 0.054 s | tok/s: 461.93
Request 190 | res_time: 17:08:39.98 | latency:  16.19 s | tokens: 25 | gen_time: 0.054 s | tok/s: 462.03
Request 191 | res_time: 17:08:40.05 | latency:  16.61 s | tokens: 25 | gen_time: 0.054 s | tok/s: 459.02
Request 192 | res_time: 17:08:40.13 | latency:  16.61 s | tokens: 25 | gen_time: 0.054 s | tok/s: 464.83
Request 193 | res_time: 17:08:40.20 | latency:  16.66 s | tokens: 25 | gen_time: 0.054 s | tok/s: 459.91
Request 194 | res_time: 17:08:40.28 | latency:  16.08 s | tokens: 25 | gen_time: 0.055 s | tok/s: 453.68
Request 195 | res_time: 17:08:40.35 | latency:  16.23 s | tokens: 25 | gen_time: 0.054 s | tok/s: 461.97
Request 196 | res_time: 17:08:40.43 | latency:  16.44 s | tokens: 25 | gen_time: 0.054 s | tok/s: 461.92
Request 197 | res_time: 17:08:40.50 | latency:  16.42 s | tokens: 25 | gen_time: 0.054 s | tok/s: 466.20
Request 198 | res_time: 17:08:40.58 | latency:  16.70 s | tokens: 25 | gen_time: 0.054 s | tok/s: 459.01
Request 199 | res_time: 17:08:40.65 | latency:  16.92 s | tokens: 25 | gen_time: 0.054 s | tok/s: 461.45
Request 200 | res_time: 17:08:40.73 | latency:  16.92 s | tokens: 25 | gen_time: 0.054 s | tok/s: 464.88
Request 201 | res_time: 17:08:40.80 | latency:  17.07 s | tokens: 25 | gen_time: 0.054 s | tok/s: 467.14
Request 202 | res_time: 17:08:40.88 | latency:  16.96 s | tokens: 25 | gen_time: 0.054 s | tok/s: 463.82
Request 203 | res_time: 17:08:40.95 | latency:  17.13 s | tokens: 25 | gen_time: 0.054 s | tok/s: 464.14
Request 204 | res_time: 17:08:41.02 | latency:  17.22 s | tokens: 25 | gen_time: 0.054 s | tok/s: 463.27
Request 205 | res_time: 17:08:41.10 | latency:  17.37 s | tokens: 25 | gen_time: 0.054 s | tok/s: 460.83
Request 206 | res_time: 17:08:41.17 | latency:  18.00 s | tokens: 25 | gen_time: 0.054 s | tok/s: 466.69
Request 207 | res_time: 17:08:41.25 | latency:  17.49 s | tokens: 25 | gen_time: 0.054 s | tok/s: 461.04
Request 208 | res_time: 17:08:41.32 | latency:  17.54 s | tokens: 25 | gen_time: 0.054 s | tok/s: 463.87
Request 209 | res_time: 17:08:41.40 | latency:  17.75 s | tokens: 25 | gen_time: 0.054 s | tok/s: 459.53
Request 210 | res_time: 17:08:41.47 | latency:  18.59 s | tokens: 25 | gen_time: 0.054 s | tok/s: 462.03
Request 211 | res_time: 17:08:41.55 | latency:  18.20 s | tokens: 25 | gen_time: 0.054 s | tok/s: 463.19
Request 212 | res_time: 17:08:41.62 | latency:  18.82 s | tokens: 25 | gen_time: 0.054 s | tok/s: 460.90
Request 213 | res_time: 17:08:41.70 | latency:  17.71 s | tokens: 25 | gen_time: 0.054 s | tok/s: 462.43
Request 214 | res_time: 17:08:41.77 | latency:  17.76 s | tokens: 25 | gen_time: 0.054 s | tok/s: 465.16
Request 215 | res_time: 17:08:41.85 | latency:  18.04 s | tokens: 25 | gen_time: 0.054 s | tok/s: 462.70
Request 216 | res_time: 17:08:41.92 | latency:  18.64 s | tokens: 25 | gen_time: 0.054 s | tok/s: 465.88
Request 217 | res_time: 17:08:41.99 | latency:  18.01 s | tokens: 25 | gen_time: 0.054 s | tok/s: 463.23
Request 218 | res_time: 17:08:42.07 | latency:  17.92 s | tokens: 25 | gen_time: 0.054 s | tok/s: 465.01
Request 219 | res_time: 17:08:42.14 | latency:  18.17 s | tokens: 25 | gen_time: 0.054 s | tok/s: 461.32
Request 220 | res_time: 17:08:42.22 | latency:  18.04 s | tokens: 25 | gen_time: 0.054 s | tok/s: 460.76
Request 221 | res_time: 17:08:42.29 | latency:  18.05 s | tokens: 25 | gen_time: 0.054 s | tok/s: 463.79
Request 222 | res_time: 17:08:42.37 | latency:  18.46 s | tokens: 25 | gen_time: 0.054 s | tok/s: 462.65
Request 223 | res_time: 17:08:42.44 | latency:  18.66 s | tokens: 25 | gen_time: 0.054 s | tok/s: 460.84
Request 224 | res_time: 17:08:42.52 | latency:  18.79 s | tokens: 25 | gen_time: 0.054 s | tok/s: 466.05
Request 225 | res_time: 17:08:42.59 | latency:  18.65 s | tokens: 25 | gen_time: 0.054 s | tok/s: 460.98
Request 226 | res_time: 17:08:42.66 | latency:  18.88 s | tokens: 25 | gen_time: 0.054 s | tok/s: 463.18
Request 227 | res_time: 17:08:42.74 | latency:  19.01 s | tokens: 25 | gen_time: 0.054 s | tok/s: 463.55
Request 228 | res_time: 17:08:42.81 | latency:  18.97 s | tokens: 25 | gen_time: 0.054 s | tok/s: 465.36
Request 229 | res_time: 17:08:42.89 | latency:  18.76 s | tokens: 25 | gen_time: 0.054 s | tok/s: 458.81
Request 230 | res_time: 17:08:42.96 | latency:  18.97 s | tokens: 25 | gen_time: 0.055 s | tok/s: 457.87
Request 231 | res_time: 17:08:43.04 | latency:  19.31 s | tokens: 25 | gen_time: 0.054 s | tok/s: 460.17
Request 232 | res_time: 17:08:43.11 | latency:  19.31 s | tokens: 25 | gen_time: 0.054 s | tok/s: 459.91
Request 233 | res_time: 17:08:43.19 | latency:  20.19 s | tokens: 25 | gen_time: 0.054 s | tok/s: 461.00
Request 234 | res_time: 17:08:43.26 | latency:  19.53 s | tokens: 25 | gen_time: 0.054 s | tok/s: 463.00
Request 235 | res_time: 17:08:43.34 | latency:  19.61 s | tokens: 25 | gen_time: 0.054 s | tok/s: 463.62
Request 236 | res_time: 17:08:43.41 | latency:  19.42 s | tokens: 25 | gen_time: 0.054 s | tok/s: 460.53
Request 237 | res_time: 17:08:43.49 | latency:  19.22 s | tokens: 25 | gen_time: 0.054 s | tok/s: 462.87
Request 238 | res_time: 17:08:43.56 | latency:  20.08 s | tokens: 25 | gen_time: 0.054 s | tok/s: 461.89
Request 239 | res_time: 17:08:43.64 | latency:  20.44 s | tokens: 25 | gen_time: 0.054 s | tok/s: 461.94
Request 240 | res_time: 17:08:43.71 | latency:  19.99 s | tokens: 25 | gen_time: 0.054 s | tok/s: 459.71
Request 241 | res_time: 17:08:43.79 | latency:  20.59 s | tokens: 25 | gen_time: 0.054 s | tok/s: 462.50
Request 242 | res_time: 17:08:43.86 | latency:  20.14 s | tokens: 25 | gen_time: 0.054 s | tok/s: 466.95
Request 243 | res_time: 17:08:43.93 | latency:  20.78 s | tokens: 25 | gen_time: 0.054 s | tok/s: 466.45
Request 244 | res_time: 17:08:44.01 | latency:  19.19 s | tokens: 25 | gen_time: 0.054 s | tok/s: 464.54
Request 245 | res_time: 17:08:44.08 | latency:  20.35 s | tokens: 25 | gen_time: 0.054 s | tok/s: 463.24
Request 246 | res_time: 17:08:44.16 | latency:  19.85 s | tokens: 25 | gen_time: 0.054 s | tok/s: 466.72
Request 247 | res_time: 17:08:44.23 | latency:  19.97 s | tokens: 25 | gen_time: 0.054 s | tok/s: 462.80
Request 248 | res_time: 17:08:44.31 | latency:  20.41 s | tokens: 25 | gen_time: 0.054 s | tok/s: 461.40
Request 249 | res_time: 17:08:44.38 | latency:  20.53 s | tokens: 25 | gen_time: 0.054 s | tok/s: 464.93
Request 250 | res_time: 17:08:44.45 | latency:  20.46 s | tokens: 25 | gen_time: 0.054 s | tok/s: 462.66
Request 251 | res_time: 17:08:44.53 | latency:  21.25 s | tokens: 25 | gen_time: 0.054 s | tok/s: 462.07
Request 252 | res_time: 17:08:44.60 | latency:  19.97 s | tokens: 25 | gen_time: 0.054 s | tok/s: 460.19
Request 253 | res_time: 17:08:44.68 | latency:  21.40 s | tokens: 25 | gen_time: 0.054 s | tok/s: 465.24
Request 254 | res_time: 17:08:44.75 | latency:  20.76 s | tokens: 25 | gen_time: 0.054 s | tok/s: 464.14
Request 255 | res_time: 17:08:44.83 | latency:  20.13 s | tokens: 25 | gen_time: 0.054 s | tok/s: 461.31
Request 256 | res_time: 17:08:44.90 | latency:  20.66 s | tokens: 25 | gen_time: 0.053 s | tok/s: 467.39
Request 257 | res_time: 17:08:44.97 | latency:  20.40 s | tokens: 25 | gen_time: 0.054 s | tok/s: 459.46
Request 258 | res_time: 17:08:45.05 | latency:  20.93 s | tokens: 25 | gen_time: 0.054 s | tok/s: 465.14
Request 259 | res_time: 17:08:45.12 | latency:  20.90 s | tokens: 25 | gen_time: 0.054 s | tok/s: 466.68
Request 260 | res_time: 17:08:45.20 | latency:  21.70 s | tokens: 25 | gen_time: 0.054 s | tok/s: 465.06
Request 261 | res_time: 17:08:45.27 | latency:  21.41 s | tokens: 25 | gen_time: 0.054 s | tok/s: 464.35
Request 262 | res_time: 17:08:45.34 | latency:  21.35 s | tokens: 25 | gen_time: 0.054 s | tok/s: 463.03
Request 263 | res_time: 17:08:45.42 | latency:  21.31 s | tokens: 25 | gen_time: 0.054 s | tok/s: 461.26
Request 264 | res_time: 17:08:45.49 | latency:  20.77 s | tokens: 25 | gen_time: 0.054 s | tok/s: 460.78
Request 265 | res_time: 17:08:45.57 | latency:  21.84 s | tokens: 25 | gen_time: 0.054 s | tok/s: 464.44
Request 266 | res_time: 17:08:45.64 | latency:  20.96 s | tokens: 25 | gen_time: 0.054 s | tok/s: 459.25
Request 267 | res_time: 17:08:45.72 | latency:  21.99 s | tokens: 25 | gen_time: 0.054 s | tok/s: 460.78
Request 268 | res_time: 17:08:45.79 | latency:  21.68 s | tokens: 25 | gen_time: 0.054 s | tok/s: 462.00
Request 269 | res_time: 17:08:45.87 | latency:  21.36 s | tokens: 25 | gen_time: 0.054 s | tok/s: 460.84
Request 270 | res_time: 17:08:45.94 | latency:  22.01 s | tokens: 25 | gen_time: 0.053 s | tok/s: 467.89
Request 271 | res_time: 17:08:46.02 | latency:  21.25 s | tokens: 25 | gen_time: 0.054 s | tok/s: 461.13
Request 272 | res_time: 17:08:46.09 | latency:  22.10 s | tokens: 25 | gen_time: 0.054 s | tok/s: 466.25
Request 273 | res_time: 17:08:46.16 | latency:  21.86 s | tokens: 25 | gen_time: 0.054 s | tok/s: 460.50
Request 274 | res_time: 17:08:46.24 | latency:  22.25 s | tokens: 25 | gen_time: 0.054 s | tok/s: 459.68
Request 275 | res_time: 17:08:46.31 | latency:  21.44 s | tokens: 25 | gen_time: 0.054 s | tok/s: 466.38
Request 276 | res_time: 17:08:46.39 | latency:  21.53 s | tokens: 25 | gen_time: 0.054 s | tok/s: 464.13
Request 277 | res_time: 17:08:46.46 | latency:  22.37 s | tokens: 25 | gen_time: 0.054 s | tok/s: 462.93
Request 278 | res_time: 17:08:46.54 | latency:  22.81 s | tokens: 25 | gen_time: 0.054 s | tok/s: 462.45
Request 279 | res_time: 17:08:46.61 | latency:  21.95 s | tokens: 25 | gen_time: 0.054 s | tok/s: 462.78
Request 280 | res_time: 17:08:46.69 | latency:  22.88 s | tokens: 25 | gen_time: 0.054 s | tok/s: 460.08
Request 281 | res_time: 17:08:46.76 | latency:  22.77 s | tokens: 25 | gen_time: 0.054 s | tok/s: 462.91
Request 282 | res_time: 17:08:46.84 | latency:  22.19 s | tokens: 25 | gen_time: 0.054 s | tok/s: 463.09
Request 283 | res_time: 17:08:46.91 | latency:  22.40 s | tokens: 25 | gen_time: 0.054 s | tok/s: 462.65
Request 284 | res_time: 17:08:46.99 | latency:  23.49 s | tokens: 25 | gen_time: 0.054 s | tok/s: 461.25
Request 285 | res_time: 17:08:47.06 | latency:  23.03 s | tokens: 25 | gen_time: 0.054 s | tok/s: 463.81
Request 286 | res_time: 17:08:47.14 | latency:  22.54 s | tokens: 25 | gen_time: 0.055 s | tok/s: 457.37
Request 287 | res_time: 17:08:47.21 | latency:  22.86 s | tokens: 25 | gen_time: 0.053 s | tok/s: 467.41
Request 288 | res_time: 17:08:47.28 | latency:  22.72 s | tokens: 25 | gen_time: 0.054 s | tok/s: 462.62
Request 289 | res_time: 17:08:47.36 | latency:  22.97 s | tokens: 25 | gen_time: 0.054 s | tok/s: 462.92
Request 290 | res_time: 17:08:47.43 | latency:  23.44 s | tokens: 25 | gen_time: 0.054 s | tok/s: 465.28
Request 291 | res_time: 17:08:47.51 | latency:  23.78 s | tokens: 25 | gen_time: 0.054 s | tok/s: 464.92
Request 292 | res_time: 17:08:47.58 | latency:  24.46 s | tokens: 25 | gen_time: 0.054 s | tok/s: 462.21
Request 293 | res_time: 17:08:47.66 | latency:  23.13 s | tokens: 25 | gen_time: 0.054 s | tok/s: 462.55
Request 294 | res_time: 17:08:47.73 | latency:  23.88 s | tokens: 25 | gen_time: 0.054 s | tok/s: 466.66
Request 295 | res_time: 17:08:47.80 | latency:  23.40 s | tokens: 25 | gen_time: 0.054 s | tok/s: 459.31
Request 296 | res_time: 17:08:47.88 | latency:  23.83 s | tokens: 25 | gen_time: 0.054 s | tok/s: 461.91
Request 297 | res_time: 17:08:47.95 | latency:  23.14 s | tokens: 25 | gen_time: 0.054 s | tok/s: 459.20
Request 298 | res_time: 17:08:48.03 | latency:  24.18 s | tokens: 25 | gen_time: 0.054 s | tok/s: 466.68
Request 299 | res_time: 17:08:48.10 | latency:  23.91 s | tokens: 25 | gen_time: 0.054 s | tok/s: 461.33
Request 300 | res_time: 17:08:48.18 | latency:  23.86 s | tokens: 25 | gen_time: 0.054 s | tok/s: 459.10
Request 301 | res_time: 17:08:48.25 | latency:  24.54 s | tokens: 25 | gen_time: 0.054 s | tok/s: 460.58
Request 302 | res_time: 17:08:48.33 | latency:  23.76 s | tokens: 25 | gen_time: 0.054 s | tok/s: 467.26
Request 303 | res_time: 17:08:48.40 | latency:  24.62 s | tokens: 25 | gen_time: 0.055 s | tok/s: 456.84
Request 304 | res_time: 17:08:48.48 | latency:  24.76 s | tokens: 25 | gen_time: 0.054 s | tok/s: 459.95
Request 305 | res_time: 17:08:48.55 | latency:  24.81 s | tokens: 25 | gen_time: 0.054 s | tok/s: 463.64
Request 306 | res_time: 17:08:48.63 | latency:  24.64 s | tokens: 25 | gen_time: 0.054 s | tok/s: 462.63
Request 307 | res_time: 17:08:48.70 | latency:  24.72 s | tokens: 25 | gen_time: 0.054 s | tok/s: 464.71
Request 308 | res_time: 17:08:48.78 | latency:  25.05 s | tokens: 25 | gen_time: 0.054 s | tok/s: 458.86
Request 309 | res_time: 17:08:48.85 | latency:  24.39 s | tokens: 25 | gen_time: 0.054 s | tok/s: 465.55
Request 310 | res_time: 17:08:48.93 | latency:  24.38 s | tokens: 25 | gen_time: 0.054 s | tok/s: 463.46
Request 311 | res_time: 17:08:49.00 | latency:  25.03 s | tokens: 25 | gen_time: 0.054 s | tok/s: 466.58
Request 312 | res_time: 17:08:49.08 | latency:  24.75 s | tokens: 25 | gen_time: 0.054 s | tok/s: 460.65
Request 313 | res_time: 17:08:49.15 | latency:  24.25 s | tokens: 25 | gen_time: 0.054 s | tok/s: 464.83
Request 314 | res_time: 17:08:49.22 | latency:  25.44 s | tokens: 25 | gen_time: 0.054 s | tok/s: 460.99
Request 315 | res_time: 17:08:49.30 | latency:  25.50 s | tokens: 25 | gen_time: 0.054 s | tok/s: 463.63
Request 316 | res_time: 17:08:49.37 | latency:  24.57 s | tokens: 25 | gen_time: 0.054 s | tok/s: 462.91
Request 317 | res_time: 17:08:49.45 | latency:  24.52 s | tokens: 25 | gen_time: 0.054 s | tok/s: 465.96
Request 318 | res_time: 17:08:49.52 | latency:  24.90 s | tokens: 25 | gen_time: 0.054 s | tok/s: 462.35
Request 319 | res_time: 17:08:49.60 | latency:  25.61 s | tokens: 25 | gen_time: 0.054 s | tok/s: 464.68
Request 320 | res_time: 17:08:49.67 | latency:  25.57 s | tokens: 25 | gen_time: 0.054 s | tok/s: 464.44
Request 321 | res_time: 17:08:49.75 | latency:  25.53 s | tokens: 25 | gen_time: 0.054 s | tok/s: 462.85
Request 322 | res_time: 17:08:49.82 | latency:  26.02 s | tokens: 25 | gen_time: 0.055 s | tok/s: 457.61
Request 323 | res_time: 17:08:49.90 | latency:  25.20 s | tokens: 25 | gen_time: 0.054 s | tok/s: 461.69
Request 324 | res_time: 17:08:49.97 | latency:  26.23 s | tokens: 25 | gen_time: 0.054 s | tok/s: 462.97
Request 325 | res_time: 17:08:50.05 | latency:  25.82 s | tokens: 25 | gen_time: 0.054 s | tok/s: 458.89
Request 326 | res_time: 17:08:50.12 | latency:  25.79 s | tokens: 25 | gen_time: 0.055 s | tok/s: 458.51
Request 327 | res_time: 17:08:50.21 | latency:  26.22 s | tokens: 25 | gen_time: 0.055 s | tok/s: 452.35
Request 328 | res_time: 17:08:50.28 | latency:  25.72 s | tokens: 25 | gen_time: 0.056 s | tok/s: 445.55
Request 329 | res_time: 17:08:50.36 | latency:  26.41 s | tokens: 25 | gen_time: 0.055 s | tok/s: 451.19
Request 330 | res_time: 17:08:50.44 | latency:  25.72 s | tokens: 25 | gen_time: 0.055 s | tok/s: 456.46
Request 331 | res_time: 17:08:50.52 | latency:  25.78 s | tokens: 25 | gen_time: 0.055 s | tok/s: 457.25
Request 332 | res_time: 17:08:50.59 | latency:  26.86 s | tokens: 25 | gen_time: 0.054 s | tok/s: 461.54
Request 333 | res_time: 17:08:50.67 | latency:  25.75 s | tokens: 25 | gen_time: 0.054 s | tok/s: 462.41
Request 334 | res_time: 17:08:50.74 | latency:  27.00 s | tokens: 25 | gen_time: 0.054 s | tok/s: 459.15
Request 335 | res_time: 17:08:50.82 | latency:  26.84 s | tokens: 25 | gen_time: 0.055 s | tok/s: 458.46
Request 336 | res_time: 17:08:50.89 | latency:  26.66 s | tokens: 25 | gen_time: 0.055 s | tok/s: 455.36
Request 337 | res_time: 17:08:50.97 | latency:  26.71 s | tokens: 25 | gen_time: 0.054 s | tok/s: 460.28
Request 338 | res_time: 17:08:51.04 | latency:  27.01 s | tokens: 25 | gen_time: 0.055 s | tok/s: 458.28
Request 339 | res_time: 17:08:51.12 | latency:  27.16 s | tokens: 25 | gen_time: 0.054 s | tok/s: 459.07
Request 340 | res_time: 17:08:51.20 | latency:  26.44 s | tokens: 25 | gen_time: 0.055 s | tok/s: 457.48
Request 341 | res_time: 17:08:51.27 | latency:  27.55 s | tokens: 25 | gen_time: 0.055 s | tok/s: 455.56
Request 342 | res_time: 17:08:51.35 | latency:  27.30 s | tokens: 25 | gen_time: 0.055 s | tok/s: 454.38
Request 343 | res_time: 17:08:51.43 | latency:  27.44 s | tokens: 25 | gen_time: 0.054 s | tok/s: 463.90
Request 344 | res_time: 17:08:51.50 | latency:  27.74 s | tokens: 25 | gen_time: 0.054 s | tok/s: 466.12
Request 345 | res_time: 17:08:51.57 | latency:  27.18 s | tokens: 25 | gen_time: 0.054 s | tok/s: 461.80
Request 346 | res_time: 17:08:51.65 | latency:  27.72 s | tokens: 25 | gen_time: 0.054 s | tok/s: 463.50
Request 347 | res_time: 17:08:51.72 | latency:  26.89 s | tokens: 25 | gen_time: 0.054 s | tok/s: 460.92
Request 348 | res_time: 17:08:51.80 | latency:  28.04 s | tokens: 25 | gen_time: 0.054 s | tok/s: 461.38
Request 349 | res_time: 17:08:51.87 | latency:  27.29 s | tokens: 25 | gen_time: 0.054 s | tok/s: 460.28
Request 350 | res_time: 17:08:51.95 | latency:  28.22 s | tokens: 25 | gen_time: 0.054 s | tok/s: 461.78
Request 351 | res_time: 17:08:52.02 | latency:  27.46 s | tokens: 25 | gen_time: 0.054 s | tok/s: 461.09
Request 352 | res_time: 17:08:52.10 | latency:  27.57 s | tokens: 25 | gen_time: 0.054 s | tok/s: 463.51
Request 353 | res_time: 17:08:52.17 | latency:  28.09 s | tokens: 25 | gen_time: 0.054 s | tok/s: 459.16
Request 354 | res_time: 17:08:52.25 | latency:  28.52 s | tokens: 25 | gen_time: 0.054 s | tok/s: 461.84
Request 355 | res_time: 17:08:52.32 | latency:  28.70 s | tokens: 25 | gen_time: 0.054 s | tok/s: 464.39
Request 356 | res_time: 17:08:52.40 | latency:  28.12 s | tokens: 25 | gen_time: 0.055 s | tok/s: 455.66
Request 357 | res_time: 17:08:52.47 | latency:  28.48 s | tokens: 25 | gen_time: 0.054 s | tok/s: 464.96
Request 358 | res_time: 17:08:52.55 | latency:  29.42 s | tokens: 25 | gen_time: 0.054 s | tok/s: 464.91
Request 359 | res_time: 17:08:52.62 | latency:  28.17 s | tokens: 25 | gen_time: 0.054 s | tok/s: 464.24
Request 360 | res_time: 17:08:52.70 | latency:  29.43 s | tokens: 25 | gen_time: 0.054 s | tok/s: 461.30
Request 361 | res_time: 17:08:52.77 | latency:  29.03 s | tokens: 25 | gen_time: 0.055 s | tok/s: 458.63
Request 362 | res_time: 17:08:52.84 | latency:  28.45 s | tokens: 25 | gen_time: 0.054 s | tok/s: 460.89
Request 363 | res_time: 17:08:52.92 | latency:  28.55 s | tokens: 25 | gen_time: 0.054 s | tok/s: 461.31
Request 364 | res_time: 17:08:52.99 | latency:  28.82 s | tokens: 25 | gen_time: 0.054 s | tok/s: 459.94
Request 365 | res_time: 17:08:53.07 | latency:  29.06 s | tokens: 25 | gen_time: 0.054 s | tok/s: 461.23
Request 366 | res_time: 17:08:53.14 | latency:  29.30 s | tokens: 25 | gen_time: 0.054 s | tok/s: 465.73
Request 367 | res_time: 17:08:53.22 | latency:  29.39 s | tokens: 25 | gen_time: 0.054 s | tok/s: 465.68
Request 368 | res_time: 17:08:53.29 | latency:  28.87 s | tokens: 25 | gen_time: 0.054 s | tok/s: 460.53
Request 369 | res_time: 17:08:53.37 | latency:  28.77 s | tokens: 25 | gen_time: 0.054 s | tok/s: 463.13
Request 370 | res_time: 17:08:53.44 | latency:  29.41 s | tokens: 25 | gen_time: 0.055 s | tok/s: 457.49
Request 371 | res_time: 17:08:53.52 | latency:  28.82 s | tokens: 25 | gen_time: 0.054 s | tok/s: 459.50
Request 372 | res_time: 17:08:53.59 | latency:  29.03 s | tokens: 25 | gen_time: 0.055 s | tok/s: 458.29
Request 373 | res_time: 17:08:53.67 | latency:  28.84 s | tokens: 25 | gen_time: 0.055 s | tok/s: 456.88
Request 374 | res_time: 17:08:53.74 | latency:  30.02 s | tokens: 25 | gen_time: 0.055 s | tok/s: 458.00
Request 375 | res_time: 17:08:53.82 | latency:  29.39 s | tokens: 25 | gen_time: 0.054 s | tok/s: 459.90
Request 376 | res_time: 17:08:53.89 | latency:  29.50 s | tokens: 25 | gen_time: 0.054 s | tok/s: 461.37
Request 377 | res_time: 17:08:53.97 | latency:  29.86 s | tokens: 25 | gen_time: 0.054 s | tok/s: 462.69
Request 378 | res_time: 17:08:54.04 | latency:  30.20 s | tokens: 25 | gen_time: 0.054 s | tok/s: 463.44
Request 379 | res_time: 17:08:54.12 | latency:  30.56 s | tokens: 25 | gen_time: 0.055 s | tok/s: 458.51
Request 380 | res_time: 17:08:54.19 | latency:  30.28 s | tokens: 25 | gen_time: 0.054 s | tok/s: 465.78
Request 381 | res_time: 17:08:54.27 | latency:  29.75 s | tokens: 25 | gen_time: 0.054 s | tok/s: 463.84
Request 382 | res_time: 17:08:54.34 | latency:  30.61 s | tokens: 25 | gen_time: 0.054 s | tok/s: 461.13
Request 383 | res_time: 17:08:54.42 | latency:  30.63 s | tokens: 25 | gen_time: 0.054 s | tok/s: 460.99
Request 384 | res_time: 17:08:54.49 | latency:  30.71 s | tokens: 25 | gen_time: 0.054 s | tok/s: 465.84
Request 385 | res_time: 17:08:54.56 | latency:  30.07 s | tokens: 25 | gen_time: 0.054 s | tok/s: 461.45
Request 386 | res_time: 17:08:54.64 | latency:  29.79 s | tokens: 25 | gen_time: 0.054 s | tok/s: 462.83
Request 387 | res_time: 17:08:54.71 | latency:  31.51 s | tokens: 25 | gen_time: 0.054 s | tok/s: 463.63
Request 388 | res_time: 17:08:54.79 | latency:  30.40 s | tokens: 25 | gen_time: 0.054 s | tok/s: 461.65
Request 389 | res_time: 17:08:54.86 | latency:  31.13 s | tokens: 25 | gen_time: 0.054 s | tok/s: 462.20
Request 390 | res_time: 17:08:54.94 | latency:  31.08 s | tokens: 25 | gen_time: 0.054 s | tok/s: 463.66
Request 391 | res_time: 17:08:55.01 | latency:  30.64 s | tokens: 25 | gen_time: 0.054 s | tok/s: 464.39
Request 392 | res_time: 17:08:55.09 | latency:  30.22 s | tokens: 25 | gen_time: 0.054 s | tok/s: 461.07
Request 393 | res_time: 17:08:55.16 | latency:  32.04 s | tokens: 25 | gen_time: 0.054 s | tok/s: 461.69
Request 394 | res_time: 17:08:55.23 | latency:  31.51 s | tokens: 25 | gen_time: 0.054 s | tok/s: 466.31
Request 395 | res_time: 17:08:55.31 | latency:  30.84 s | tokens: 25 | gen_time: 0.054 s | tok/s: 464.69
Request 396 | res_time: 17:08:55.38 | latency:  31.24 s | tokens: 25 | gen_time: 0.054 s | tok/s: 459.72
Request 397 | res_time: 17:08:55.46 | latency:  31.45 s | tokens: 25 | gen_time: 0.054 s | tok/s: 462.72
Request 398 | res_time: 17:08:55.53 | latency:  32.58 s | tokens: 25 | gen_time: 0.054 s | tok/s: 461.10
Request 399 | res_time: 17:08:55.62 | latency:  30.97 s | tokens: 25 | gen_time: 0.056 s | tok/s: 450.18
Request 400 | res_time: 17:08:55.70 | latency:  30.91 s | tokens: 25 | gen_time: 0.055 s | tok/s: 452.42

--- TEST CONFIGURATION ---
MIG Config: all-7g.40gb
Ollama Replicas: 1
Total requests: 400
Concurrency: 400
Requested output tokens (effort): 25

Total tokens: 10000
Wall time (s): 33.07
GPU time (s): 21.69

--- METRICS ---
Throughput REAL (tok/s): 302.37
Throughput GPU (tok/s): 461.00
Avg tokens/sec per request: 461.25
Latency avg (ms): 17102.06
Latency p95 (ms): 30195.41

Run appended to CSV table: results/results_table.csv
Per-request stats appended to CSV table: results/result-20260902-170822-617-all-7g.40gb-replicas1-25.csv
