[18:13:20] Starting load test
[18:13:20] MIG Config: all-balanced
[18:13:20] Ollama Replicas: 1
[18:13:20] Total requests: 300
[18:13:20] Concurrency: 300
[18:13:20] Output tokens (effort): 25
[18:13:20] REQUEST: 1 - STARTED in background (active_jobs=1)
[18:13:20] REQUEST: 2 - STARTED in background (active_jobs=2)
[18:13:20] REQUEST: 3 - STARTED in background (active_jobs=3)
[18:13:20] REQUEST: 4 - STARTED in background (active_jobs=4)
[18:13:20] REQUEST: 5 - STARTED in background (active_jobs=5)
[18:13:20] REQUEST: 6 - STARTED in background (active_jobs=6)
[18:13:20] REQUEST: 7 - STARTED in background (active_jobs=7)
[18:13:20] REQUEST: 8 - STARTED in background (active_jobs=8)
[18:13:20] REQUEST: 9 - STARTED in background (active_jobs=9)
[18:13:20] REQUEST: 10 - STARTED in background (active_jobs=10)
[18:13:20] REQUEST: 11 - STARTED in background (active_jobs=11)
[18:13:20] REQUEST: 12 - STARTED in background (active_jobs=12)
[18:13:20] REQUEST: 13 - STARTED in background (active_jobs=13)
[18:13:20] REQUEST: 14 - STARTED in background (active_jobs=14)
[18:13:20] REQUEST: 15 - STARTED in background (active_jobs=15)
[18:13:20] REQUEST: 16 - STARTED in background (active_jobs=16)
[18:13:20] REQUEST: 17 - STARTED in background (active_jobs=17)
[18:13:20] REQUEST: 18 - STARTED in background (active_jobs=18)
[18:13:20] REQUEST: 19 - STARTED in background (active_jobs=19)
[18:13:20] REQUEST: 20 - STARTED in background (active_jobs=20)
[18:13:20] REQUEST: 21 - STARTED in background (active_jobs=21)
[18:13:20] REQUEST: 22 - STARTED in background (active_jobs=22)
[18:13:20] REQUEST: 23 - STARTED in background (active_jobs=23)
[18:13:20] REQUEST: 24 - STARTED in background (active_jobs=24)
[18:13:20] REQUEST: 25 - STARTED in background (active_jobs=25)
[18:13:20] REQUEST: 26 - STARTED in background (active_jobs=26)
[18:13:20] REQUEST: 27 - STARTED in background (active_jobs=27)
[18:13:20] REQUEST: 28 - STARTED in background (active_jobs=28)
[18:13:20] REQUEST: 29 - STARTED in background (active_jobs=29)
[18:13:20] REQUEST: 30 - STARTED in background (active_jobs=30)
[18:13:20] REQUEST: 31 - STARTED in background (active_jobs=31)
[18:13:20] REQUEST: 32 - STARTED in background (active_jobs=32)
[18:13:20] REQUEST: 33 - STARTED in background (active_jobs=33)
[18:13:20] REQUEST: 34 - STARTED in background (active_jobs=34)
[18:13:20] REQUEST: 35 - STARTED in background (active_jobs=35)
[18:13:20] REQUEST: 36 - STARTED in background (active_jobs=36)
[18:13:20] REQUEST: 37 - STARTED in background (active_jobs=37)
[18:13:20] REQUEST: 38 - STARTED in background (active_jobs=38)
[18:13:20] REQUEST: 39 - STARTED in background (active_jobs=39)
[18:13:20] REQUEST: 40 - STARTED in background (active_jobs=40)
[18:13:20] REQUEST: 41 - STARTED in background (active_jobs=41)
[18:13:20] REQUEST: 42 - STARTED in background (active_jobs=42)
[18:13:20] REQUEST: 43 - STARTED in background (active_jobs=43)
[18:13:20] REQUEST: 44 - STARTED in background (active_jobs=44)
[18:13:20] REQUEST: 45 - STARTED in background (active_jobs=45)
[18:13:20] REQUEST: 46 - STARTED in background (active_jobs=46)
[18:13:20] REQUEST: 47 - STARTED in background (active_jobs=47)
[18:13:20] REQUEST: 48 - STARTED in background (active_jobs=48)
[18:13:20] REQUEST: 49 - STARTED in background (active_jobs=49)
[18:13:20] REQUEST: 50 - STARTED in background (active_jobs=50)
[18:13:20] REQUEST: 51 - STARTED in background (active_jobs=51)
[18:13:20] REQUEST: 52 - STARTED in background (active_jobs=52)
[18:13:20] REQUEST: 53 - STARTED in background (active_jobs=53)
[18:13:20] REQUEST: 54 - STARTED in background (active_jobs=54)
[18:13:20] REQUEST: 55 - STARTED in background (active_jobs=55)
[18:13:20] REQUEST: 56 - STARTED in background (active_jobs=56)
[18:13:20] REQUEST: 57 - STARTED in background (active_jobs=57)
[18:13:20] REQUEST: 58 - STARTED in background (active_jobs=58)
[18:13:20] REQUEST: 59 - STARTED in background (active_jobs=59)
[18:13:20] REQUEST: 60 - STARTED in background (active_jobs=60)
[18:13:20] REQUEST: 61 - STARTED in background (active_jobs=61)
[18:13:20] REQUEST: 62 - STARTED in background (active_jobs=62)
[18:13:20] REQUEST: 63 - STARTED in background (active_jobs=63)
[18:13:20] REQUEST: 64 - STARTED in background (active_jobs=64)
[18:13:20] REQUEST: 65 - STARTED in background (active_jobs=65)
[18:13:20] REQUEST: 66 - STARTED in background (active_jobs=66)
[18:13:20] REQUEST: 67 - STARTED in background (active_jobs=67)
[18:13:20] REQUEST: 68 - STARTED in background (active_jobs=68)
[18:13:20] REQUEST: 69 - STARTED in background (active_jobs=69)
[18:13:20] REQUEST: 70 - STARTED in background (active_jobs=70)
[18:13:20] REQUEST: 71 - STARTED in background (active_jobs=71)
[18:13:20] REQUEST: 72 - STARTED in background (active_jobs=72)
[18:13:20] REQUEST: 73 - STARTED in background (active_jobs=73)
[18:13:20] REQUEST: 74 - STARTED in background (active_jobs=74)
[18:13:20] REQUEST: 75 - STARTED in background (active_jobs=75)
[18:13:20] REQUEST: 76 - STARTED in background (active_jobs=76)
[18:13:20] REQUEST: 77 - STARTED in background (active_jobs=77)
[18:13:20] REQUEST: 78 - STARTED in background (active_jobs=78)
[18:13:20] REQUEST: 79 - STARTED in background (active_jobs=79)
[18:13:20] REQUEST: 80 - STARTED in background (active_jobs=80)
[18:13:20] REQUEST: 81 - STARTED in background (active_jobs=81)
[18:13:20] REQUEST: 82 - STARTED in background (active_jobs=82)
[18:13:20] REQUEST: 83 - STARTED in background (active_jobs=83)
[18:13:20] REQUEST: 84 - STARTED in background (active_jobs=84)
[18:13:20] REQUEST: 85 - STARTED in background (active_jobs=85)
[18:13:20] REQUEST: 86 - STARTED in background (active_jobs=86)
[18:13:20] REQUEST: 87 - STARTED in background (active_jobs=87)
[18:13:20] REQUEST: 88 - STARTED in background (active_jobs=88)
[18:13:20] REQUEST: 89 - STARTED in background (active_jobs=89)
[18:13:20] REQUEST: 90 - STARTED in background (active_jobs=90)
[18:13:20] REQUEST: 91 - STARTED in background (active_jobs=91)
[18:13:20] REQUEST: 92 - STARTED in background (active_jobs=92)
[18:13:20] REQUEST: 93 - STARTED in background (active_jobs=93)
[18:13:20] REQUEST: 94 - STARTED in background (active_jobs=94)
[18:13:20] REQUEST: 95 - STARTED in background (active_jobs=95)
[18:13:20] REQUEST: 96 - STARTED in background (active_jobs=96)
[18:13:20] REQUEST: 97 - STARTED in background (active_jobs=97)
[18:13:20] REQUEST: 98 - STARTED in background (active_jobs=98)
[18:13:20] REQUEST: 99 - STARTED in background (active_jobs=99)
[18:13:20] REQUEST: 100 - STARTED in background (active_jobs=100)
[18:13:20] REQUEST: 101 - STARTED in background (active_jobs=101)
[18:13:20] REQUEST: 102 - STARTED in background (active_jobs=102)
[18:13:20] REQUEST: 103 - STARTED in background (active_jobs=103)
[18:13:20] REQUEST: 104 - STARTED in background (active_jobs=104)
[18:13:20] REQUEST: 105 - STARTED in background (active_jobs=105)
[18:13:20] REQUEST: 106 - STARTED in background (active_jobs=106)
[18:13:20] REQUEST: 107 - STARTED in background (active_jobs=107)
[18:13:20] REQUEST: 108 - STARTED in background (active_jobs=108)
[18:13:20] REQUEST: 109 - STARTED in background (active_jobs=109)
[18:13:20] REQUEST: 110 - STARTED in background (active_jobs=110)
[18:13:20] REQUEST: 111 - STARTED in background (active_jobs=111)
[18:13:20] REQUEST: 112 - STARTED in background (active_jobs=112)
[18:13:20] REQUEST: 113 - STARTED in background (active_jobs=113)
[18:13:20] REQUEST: 114 - STARTED in background (active_jobs=114)
[18:13:20] REQUEST: 115 - STARTED in background (active_jobs=115)
[18:13:20] REQUEST: 116 - STARTED in background (active_jobs=116)
[18:13:20] REQUEST: 117 - STARTED in background (active_jobs=117)
[18:13:20] REQUEST: 118 - STARTED in background (active_jobs=118)
[18:13:20] REQUEST: 119 - STARTED in background (active_jobs=119)
[18:13:20] REQUEST: 120 - STARTED in background (active_jobs=120)
[18:13:20] REQUEST: 121 - STARTED in background (active_jobs=121)
[18:13:20] REQUEST: 122 - STARTED in background (active_jobs=122)
[18:13:20] REQUEST: 123 - STARTED in background (active_jobs=123)
[18:13:20] REQUEST: 124 - STARTED in background (active_jobs=124)
[18:13:20] REQUEST: 125 - STARTED in background (active_jobs=125)
[18:13:20] REQUEST: 126 - STARTED in background (active_jobs=126)
[18:13:20] REQUEST: 127 - STARTED in background (active_jobs=127)
[18:13:20] REQUEST: 128 - STARTED in background (active_jobs=128)
[18:13:20] REQUEST: 2 - COMPLETED
[18:13:20] REQUEST: 129 - STARTED in background (active_jobs=129)
[18:13:20] REQUEST: 130 - STARTED in background (active_jobs=130)
[18:13:20] REQUEST: 131 - STARTED in background (active_jobs=131)
[18:13:20] REQUEST: 132 - STARTED in background (active_jobs=132)
[18:13:20] REQUEST: 133 - STARTED in background (active_jobs=133)
[18:13:20] REQUEST: 134 - STARTED in background (active_jobs=134)
[18:13:20] REQUEST: 135 - STARTED in background (active_jobs=135)
[18:13:20] REQUEST: 136 - STARTED in background (active_jobs=136)
[18:13:21] REQUEST: 137 - STARTED in background (active_jobs=137)
[18:13:21] REQUEST: 138 - STARTED in background (active_jobs=138)
[18:13:21] REQUEST: 139 - STARTED in background (active_jobs=139)
[18:13:21] REQUEST: 140 - STARTED in background (active_jobs=140)
[18:13:21] REQUEST: 141 - STARTED in background (active_jobs=141)
[18:13:21] REQUEST: 142 - STARTED in background (active_jobs=142)
[18:13:21] REQUEST: 143 - STARTED in background (active_jobs=143)
[18:13:21] REQUEST: 144 - STARTED in background (active_jobs=144)
[18:13:21] REQUEST: 145 - STARTED in background (active_jobs=145)
[18:13:21] REQUEST: 146 - STARTED in background (active_jobs=146)
[18:13:21] REQUEST: 147 - STARTED in background (active_jobs=147)
[18:13:21] REQUEST: 148 - STARTED in background (active_jobs=148)
[18:13:21] REQUEST: 149 - STARTED in background (active_jobs=149)
[18:13:21] REQUEST: 150 - STARTED in background (active_jobs=150)
[18:13:21] REQUEST: 151 - STARTED in background (active_jobs=151)
[18:13:21] REQUEST: 152 - STARTED in background (active_jobs=152)
[18:13:21] REQUEST: 153 - STARTED in background (active_jobs=153)
[18:13:21] REQUEST: 154 - STARTED in background (active_jobs=154)
[18:13:21] REQUEST: 155 - STARTED in background (active_jobs=155)
[18:13:21] REQUEST: 156 - STARTED in background (active_jobs=156)
[18:13:21] REQUEST: 157 - STARTED in background (active_jobs=157)
[18:13:21] REQUEST: 158 - STARTED in background (active_jobs=158)
[18:13:21] REQUEST: 159 - STARTED in background (active_jobs=159)
[18:13:21] REQUEST: 160 - STARTED in background (active_jobs=160)
[18:13:21] REQUEST: 161 - STARTED in background (active_jobs=161)
[18:13:21] REQUEST: 162 - STARTED in background (active_jobs=162)
[18:13:21] REQUEST: 163 - STARTED in background (active_jobs=163)
[18:13:21] REQUEST: 164 - STARTED in background (active_jobs=164)
[18:13:21] REQUEST: 165 - STARTED in background (active_jobs=165)
[18:13:21] REQUEST: 166 - STARTED in background (active_jobs=166)
[18:13:21] REQUEST: 167 - STARTED in background (active_jobs=167)
[18:13:21] REQUEST: 168 - STARTED in background (active_jobs=168)
[18:13:21] REQUEST: 169 - STARTED in background (active_jobs=169)
[18:13:21] REQUEST: 170 - STARTED in background (active_jobs=170)
[18:13:21] REQUEST: 171 - STARTED in background (active_jobs=171)
[18:13:21] REQUEST: 172 - STARTED in background (active_jobs=172)
[18:13:21] REQUEST: 173 - STARTED in background (active_jobs=173)
[18:13:21] REQUEST: 174 - STARTED in background (active_jobs=174)
[18:13:21] REQUEST: 175 - STARTED in background (active_jobs=175)
[18:13:21] REQUEST: 176 - STARTED in background (active_jobs=176)
[18:13:21] REQUEST: 177 - STARTED in background (active_jobs=177)
[18:13:21] REQUEST: 178 - STARTED in background (active_jobs=178)
[18:13:21] REQUEST: 179 - STARTED in background (active_jobs=179)
[18:13:21] REQUEST: 180 - STARTED in background (active_jobs=180)
[18:13:21] REQUEST: 181 - STARTED in background (active_jobs=181)
[18:13:21] REQUEST: 182 - STARTED in background (active_jobs=182)
[18:13:21] REQUEST: 183 - STARTED in background (active_jobs=183)
[18:13:21] REQUEST: 184 - STARTED in background (active_jobs=184)
[18:13:21] REQUEST: 185 - STARTED in background (active_jobs=185)
[18:13:21] REQUEST: 186 - STARTED in background (active_jobs=186)
[18:13:21] REQUEST: 187 - STARTED in background (active_jobs=187)
[18:13:21] REQUEST: 188 - STARTED in background (active_jobs=188)
[18:13:21] REQUEST: 189 - STARTED in background (active_jobs=189)
[18:13:21] REQUEST: 190 - STARTED in background (active_jobs=190)
[18:13:21] REQUEST: 191 - STARTED in background (active_jobs=191)
[18:13:21] REQUEST: 192 - STARTED in background (active_jobs=192)
[18:13:21] REQUEST: 193 - STARTED in background (active_jobs=193)
[18:13:21] REQUEST: 194 - STARTED in background (active_jobs=194)
[18:13:21] REQUEST: 195 - STARTED in background (active_jobs=195)
[18:13:21] REQUEST: 196 - STARTED in background (active_jobs=196)
[18:13:21] REQUEST: 197 - STARTED in background (active_jobs=197)
[18:13:21] REQUEST: 198 - STARTED in background (active_jobs=198)
[18:13:21] REQUEST: 199 - STARTED in background (active_jobs=199)
[18:13:21] REQUEST: 200 - STARTED in background (active_jobs=200)
[18:13:21] REQUEST: 201 - STARTED in background (active_jobs=201)
[18:13:21] REQUEST: 202 - STARTED in background (active_jobs=202)
[18:13:21] REQUEST: 203 - STARTED in background (active_jobs=203)
[18:13:21] REQUEST: 204 - STARTED in background (active_jobs=204)
[18:13:21] REQUEST: 205 - STARTED in background (active_jobs=205)
[18:13:21] REQUEST: 206 - STARTED in background (active_jobs=206)
[18:13:21] REQUEST: 207 - STARTED in background (active_jobs=207)
[18:13:21] REQUEST: 208 - STARTED in background (active_jobs=208)
[18:13:21] REQUEST: 209 - STARTED in background (active_jobs=209)
[18:13:21] REQUEST: 210 - STARTED in background (active_jobs=210)
[18:13:21] REQUEST: 211 - STARTED in background (active_jobs=211)
[18:13:21] REQUEST: 212 - STARTED in background (active_jobs=212)
[18:13:21] REQUEST: 213 - STARTED in background (active_jobs=213)
[18:13:21] REQUEST: 214 - STARTED in background (active_jobs=214)
[18:13:21] REQUEST: 215 - STARTED in background (active_jobs=215)
[18:13:21] REQUEST: 216 - STARTED in background (active_jobs=216)
[18:13:21] REQUEST: 217 - STARTED in background (active_jobs=217)
[18:13:21] REQUEST: 218 - STARTED in background (active_jobs=218)
[18:13:21] REQUEST: 219 - STARTED in background (active_jobs=219)
[18:13:21] REQUEST: 220 - STARTED in background (active_jobs=220)
[18:13:21] REQUEST: 221 - STARTED in background (active_jobs=221)
[18:13:21] REQUEST: 222 - STARTED in background (active_jobs=222)
[18:13:21] REQUEST: 223 - STARTED in background (active_jobs=223)
[18:13:21] REQUEST: 224 - STARTED in background (active_jobs=224)
[18:13:21] REQUEST: 225 - STARTED in background (active_jobs=225)
[18:13:21] REQUEST: 226 - STARTED in background (active_jobs=226)
[18:13:21] REQUEST: 227 - STARTED in background (active_jobs=227)
[18:13:21] REQUEST: 228 - STARTED in background (active_jobs=228)
[18:13:21] REQUEST: 229 - STARTED in background (active_jobs=229)
[18:13:21] REQUEST: 230 - STARTED in background (active_jobs=230)
[18:13:21] REQUEST: 231 - STARTED in background (active_jobs=231)
[18:13:21] REQUEST: 232 - STARTED in background (active_jobs=232)
[18:13:21] REQUEST: 233 - STARTED in background (active_jobs=233)
[18:13:21] REQUEST: 234 - STARTED in background (active_jobs=234)
[18:13:21] REQUEST: 235 - STARTED in background (active_jobs=235)
[18:13:21] REQUEST: 236 - STARTED in background (active_jobs=236)
[18:13:21] REQUEST: 237 - STARTED in background (active_jobs=237)
[18:13:21] REQUEST: 238 - STARTED in background (active_jobs=238)
[18:13:21] REQUEST: 239 - STARTED in background (active_jobs=239)
[18:13:21] REQUEST: 240 - STARTED in background (active_jobs=240)
[18:13:21] REQUEST: 241 - STARTED in background (active_jobs=241)
[18:13:21] REQUEST: 242 - STARTED in background (active_jobs=242)
[18:13:21] REQUEST: 243 - STARTED in background (active_jobs=243)
[18:13:21] REQUEST: 244 - STARTED in background (active_jobs=244)
[18:13:21] REQUEST: 245 - STARTED in background (active_jobs=245)
[18:13:21] REQUEST: 246 - STARTED in background (active_jobs=246)
[18:13:21] REQUEST: 247 - STARTED in background (active_jobs=247)
[18:13:21] REQUEST: 248 - STARTED in background (active_jobs=248)
[18:13:21] REQUEST: 249 - STARTED in background (active_jobs=249)
[18:13:21] REQUEST: 250 - STARTED in background (active_jobs=250)
[18:13:21] REQUEST: 251 - STARTED in background (active_jobs=251)
[18:13:21] REQUEST: 252 - STARTED in background (active_jobs=252)
[18:13:21] REQUEST: 253 - STARTED in background (active_jobs=253)
[18:13:21] REQUEST: 254 - STARTED in background (active_jobs=254)
[18:13:21] REQUEST: 255 - STARTED in background (active_jobs=255)
[18:13:21] REQUEST: 256 - STARTED in background (active_jobs=256)
[18:13:21] REQUEST: 257 - STARTED in background (active_jobs=257)
[18:13:21] REQUEST: 258 - STARTED in background (active_jobs=258)
[18:13:21] REQUEST: 259 - STARTED in background (active_jobs=259)
[18:13:21] REQUEST: 260 - STARTED in background (active_jobs=260)
[18:13:21] REQUEST: 261 - STARTED in background (active_jobs=261)
[18:13:21] REQUEST: 262 - STARTED in background (active_jobs=262)
[18:13:21] REQUEST: 263 - STARTED in background (active_jobs=263)
[18:13:21] REQUEST: 264 - STARTED in background (active_jobs=264)
[18:13:21] REQUEST: 265 - STARTED in background (active_jobs=265)
[18:13:21] REQUEST: 266 - STARTED in background (active_jobs=266)
[18:13:21] REQUEST: 267 - STARTED in background (active_jobs=267)
[18:13:21] REQUEST: 268 - STARTED in background (active_jobs=268)
[18:13:21] REQUEST: 269 - STARTED in background (active_jobs=269)
[18:13:21] REQUEST: 270 - STARTED in background (active_jobs=270)
[18:13:21] REQUEST: 271 - STARTED in background (active_jobs=271)
[18:13:21] REQUEST: 272 - STARTED in background (active_jobs=272)
[18:13:21] REQUEST: 273 - STARTED in background (active_jobs=273)
[18:13:21] REQUEST: 274 - STARTED in background (active_jobs=274)
[18:13:21] REQUEST: 275 - STARTED in background (active_jobs=275)
[18:13:21] REQUEST: 276 - STARTED in background (active_jobs=276)
[18:13:21] REQUEST: 277 - STARTED in background (active_jobs=277)
[18:13:21] REQUEST: 278 - STARTED in background (active_jobs=278)
[18:13:21] REQUEST: 279 - STARTED in background (active_jobs=279)
[18:13:21] REQUEST: 280 - STARTED in background (active_jobs=280)
[18:13:21] REQUEST: 281 - STARTED in background (active_jobs=281)
[18:13:21] REQUEST: 282 - STARTED in background (active_jobs=282)
[18:13:21] REQUEST: 283 - STARTED in background (active_jobs=283)
[18:13:21] REQUEST: 284 - STARTED in background (active_jobs=284)
[18:13:21] REQUEST: 285 - STARTED in background (active_jobs=285)
[18:13:21] REQUEST: 286 - STARTED in background (active_jobs=286)
[18:13:21] REQUEST: 287 - STARTED in background (active_jobs=287)
[18:13:21] REQUEST: 288 - STARTED in background (active_jobs=288)
[18:13:21] REQUEST: 289 - STARTED in background (active_jobs=289)
[18:13:21] REQUEST: 290 - STARTED in background (active_jobs=290)
[18:13:21] REQUEST: 291 - STARTED in background (active_jobs=291)
[18:13:21] REQUEST: 292 - STARTED in background (active_jobs=292)
[18:13:21] REQUEST: 293 - STARTED in background (active_jobs=293)
[18:13:21] REQUEST: 294 - STARTED in background (active_jobs=294)
[18:13:21] REQUEST: 295 - STARTED in background (active_jobs=295)
[18:13:21] REQUEST: 296 - STARTED in background (active_jobs=296)
[18:13:21] REQUEST: 297 - STARTED in background (active_jobs=297)
[18:13:21] REQUEST: 298 - STARTED in background (active_jobs=298)
[18:13:21] REQUEST: 299 - STARTED in background (active_jobs=299)
[18:13:21] REQUEST: 300 - STARTED in background (active_jobs=300)
[18:13:21] WAITING -> active_jobs=300
[18:13:21] RESUMING -> a request finished (active_jobs=299)
[18:13:21] ALL REQUESTS LAUNCHED
[18:13:21] WAITING for remaining requests to finish (active_jobs=299)
[18:13:22] REQUEST: 3 - COMPLETED
[18:13:22] REQUEST COMPLETED -> remaining active_jobs=298
[18:13:22] WAITING for remaining requests to finish (active_jobs=298)
[18:13:23] REQUEST: 1 - COMPLETED
[18:13:23] REQUEST COMPLETED -> remaining active_jobs=297
[18:13:23] WAITING for remaining requests to finish (active_jobs=297)
[18:13:23] REQUEST: 15 - COMPLETED
[18:13:23] REQUEST COMPLETED -> remaining active_jobs=296
[18:13:23] WAITING for remaining requests to finish (active_jobs=296)
[18:13:23] REQUEST: 11 - COMPLETED
[18:13:23] REQUEST COMPLETED -> remaining active_jobs=295
[18:13:23] WAITING for remaining requests to finish (active_jobs=295)
[18:13:23] REQUEST: 121 - COMPLETED
[18:13:23] REQUEST COMPLETED -> remaining active_jobs=294
[18:13:23] WAITING for remaining requests to finish (active_jobs=294)
[18:13:23] REQUEST: 13 - COMPLETED
[18:13:23] REQUEST COMPLETED -> remaining active_jobs=293
[18:13:23] WAITING for remaining requests to finish (active_jobs=293)
[18:13:23] REQUEST: 19 - COMPLETED
[18:13:23] REQUEST COMPLETED -> remaining active_jobs=292
[18:13:23] WAITING for remaining requests to finish (active_jobs=292)
[18:13:23] REQUEST: 20 - COMPLETED
[18:13:23] REQUEST COMPLETED -> remaining active_jobs=291
[18:13:23] WAITING for remaining requests to finish (active_jobs=291)
[18:13:24] REQUEST: 37 - COMPLETED
[18:13:24] REQUEST COMPLETED -> remaining active_jobs=290
[18:13:24] WAITING for remaining requests to finish (active_jobs=290)
[18:13:24] REQUEST: 12 - COMPLETED
[18:13:24] REQUEST COMPLETED -> remaining active_jobs=289
[18:13:24] WAITING for remaining requests to finish (active_jobs=289)
[18:13:24] REQUEST: 44 - COMPLETED
[18:13:24] REQUEST COMPLETED -> remaining active_jobs=288
[18:13:24] WAITING for remaining requests to finish (active_jobs=288)
[18:13:24] REQUEST: 6 - COMPLETED
[18:13:24] REQUEST COMPLETED -> remaining active_jobs=287
[18:13:24] WAITING for remaining requests to finish (active_jobs=287)
[18:13:24] REQUEST: 16 - COMPLETED
[18:13:24] REQUEST COMPLETED -> remaining active_jobs=286
[18:13:24] WAITING for remaining requests to finish (active_jobs=286)
[18:13:24] REQUEST: 4 - COMPLETED
[18:13:24] REQUEST COMPLETED -> remaining active_jobs=285
[18:13:24] WAITING for remaining requests to finish (active_jobs=285)
[18:13:24] REQUEST: 176 - COMPLETED
[18:13:24] REQUEST COMPLETED -> remaining active_jobs=284
[18:13:24] WAITING for remaining requests to finish (active_jobs=284)
[18:13:24] REQUEST: 8 - COMPLETED
[18:13:24] REQUEST COMPLETED -> remaining active_jobs=283
[18:13:24] WAITING for remaining requests to finish (active_jobs=283)
[18:13:24] REQUEST: 49 - COMPLETED
[18:13:24] REQUEST COMPLETED -> remaining active_jobs=282
[18:13:24] WAITING for remaining requests to finish (active_jobs=282)
[18:13:24] REQUEST: 149 - COMPLETED
[18:13:24] REQUEST COMPLETED -> remaining active_jobs=281
[18:13:24] WAITING for remaining requests to finish (active_jobs=281)
[18:13:24] REQUEST: 34 - COMPLETED
[18:13:24] REQUEST COMPLETED -> remaining active_jobs=280
[18:13:24] WAITING for remaining requests to finish (active_jobs=280)
[18:13:25] REQUEST: 40 - COMPLETED
[18:13:25] REQUEST COMPLETED -> remaining active_jobs=279
[18:13:25] WAITING for remaining requests to finish (active_jobs=279)
[18:13:25] REQUEST: 43 - COMPLETED
[18:13:25] REQUEST COMPLETED -> remaining active_jobs=278
[18:13:25] WAITING for remaining requests to finish (active_jobs=278)
[18:13:25] REQUEST: 178 - COMPLETED
[18:13:25] REQUEST COMPLETED -> remaining active_jobs=277
[18:13:25] WAITING for remaining requests to finish (active_jobs=277)
[18:13:25] REQUEST: 14 - COMPLETED
[18:13:25] REQUEST COMPLETED -> remaining active_jobs=276
[18:13:25] WAITING for remaining requests to finish (active_jobs=276)
[18:13:25] REQUEST: 80 - COMPLETED
[18:13:25] REQUEST COMPLETED -> remaining active_jobs=275
[18:13:25] WAITING for remaining requests to finish (active_jobs=275)
[18:13:25] REQUEST: 75 - COMPLETED
[18:13:25] REQUEST COMPLETED -> remaining active_jobs=274
[18:13:25] WAITING for remaining requests to finish (active_jobs=274)
[18:13:25] REQUEST: 182 - COMPLETED
[18:13:25] REQUEST COMPLETED -> remaining active_jobs=273
[18:13:25] WAITING for remaining requests to finish (active_jobs=273)
[18:13:25] REQUEST: 26 - COMPLETED
[18:13:25] REQUEST COMPLETED -> remaining active_jobs=272
[18:13:25] WAITING for remaining requests to finish (active_jobs=272)
[18:13:25] REQUEST: 31 - COMPLETED
[18:13:25] REQUEST COMPLETED -> remaining active_jobs=271
[18:13:25] WAITING for remaining requests to finish (active_jobs=271)
[18:13:25] REQUEST: 58 - COMPLETED
[18:13:25] REQUEST COMPLETED -> remaining active_jobs=270
[18:13:25] WAITING for remaining requests to finish (active_jobs=270)
[18:13:25] REQUEST: 228 - COMPLETED
[18:13:25] REQUEST COMPLETED -> remaining active_jobs=269
[18:13:25] WAITING for remaining requests to finish (active_jobs=269)
[18:13:26] REQUEST: 189 - COMPLETED
[18:13:26] REQUEST COMPLETED -> remaining active_jobs=268
[18:13:26] WAITING for remaining requests to finish (active_jobs=268)
[18:13:26] REQUEST: 59 - COMPLETED
[18:13:26] REQUEST COMPLETED -> remaining active_jobs=267
[18:13:26] WAITING for remaining requests to finish (active_jobs=267)
[18:13:26] REQUEST: 183 - COMPLETED
[18:13:26] REQUEST COMPLETED -> remaining active_jobs=266
[18:13:26] WAITING for remaining requests to finish (active_jobs=266)
[18:13:26] REQUEST: 200 - COMPLETED
[18:13:26] REQUEST COMPLETED -> remaining active_jobs=265
[18:13:26] WAITING for remaining requests to finish (active_jobs=265)
[18:13:26] REQUEST: 22 - COMPLETED
[18:13:26] REQUEST COMPLETED -> remaining active_jobs=264
[18:13:26] WAITING for remaining requests to finish (active_jobs=264)
[18:13:26] REQUEST: 196 - COMPLETED
[18:13:26] REQUEST COMPLETED -> remaining active_jobs=263
[18:13:26] WAITING for remaining requests to finish (active_jobs=263)
[18:13:26] REQUEST: 179 - COMPLETED
[18:13:26] REQUEST COMPLETED -> remaining active_jobs=262
[18:13:26] WAITING for remaining requests to finish (active_jobs=262)
[18:13:26] REQUEST: 73 - COMPLETED
[18:13:26] REQUEST COMPLETED -> remaining active_jobs=261
[18:13:26] WAITING for remaining requests to finish (active_jobs=261)
[18:13:26] REQUEST: 60 - COMPLETED
[18:13:26] REQUEST COMPLETED -> remaining active_jobs=260
[18:13:26] WAITING for remaining requests to finish (active_jobs=260)
[18:13:26] REQUEST: 198 - COMPLETED
[18:13:26] REQUEST COMPLETED -> remaining active_jobs=259
[18:13:26] WAITING for remaining requests to finish (active_jobs=259)
[18:13:27] REQUEST: 42 - COMPLETED
[18:13:27] REQUEST COMPLETED -> remaining active_jobs=258
[18:13:27] WAITING for remaining requests to finish (active_jobs=258)
[18:13:27] REQUEST: 24 - COMPLETED
[18:13:27] REQUEST COMPLETED -> remaining active_jobs=257
[18:13:27] WAITING for remaining requests to finish (active_jobs=257)
[18:13:27] REQUEST: 203 - COMPLETED
[18:13:27] REQUEST COMPLETED -> remaining active_jobs=256
[18:13:27] WAITING for remaining requests to finish (active_jobs=256)
[18:13:27] REQUEST: 180 - COMPLETED
[18:13:27] REQUEST COMPLETED -> remaining active_jobs=255
[18:13:27] WAITING for remaining requests to finish (active_jobs=255)
[18:13:27] REQUEST: 199 - COMPLETED
[18:13:27] REQUEST COMPLETED -> remaining active_jobs=254
[18:13:27] WAITING for remaining requests to finish (active_jobs=254)
[18:13:27] REQUEST: 86 - COMPLETED
[18:13:27] REQUEST COMPLETED -> remaining active_jobs=253
[18:13:27] WAITING for remaining requests to finish (active_jobs=253)
[18:13:27] REQUEST: 97 - COMPLETED
[18:13:27] REQUEST COMPLETED -> remaining active_jobs=252
[18:13:27] WAITING for remaining requests to finish (active_jobs=252)
[18:13:27] REQUEST: 35 - COMPLETED
[18:13:27] REQUEST COMPLETED -> remaining active_jobs=251
[18:13:27] WAITING for remaining requests to finish (active_jobs=251)
[18:13:27] REQUEST: 129 - COMPLETED
[18:13:27] REQUEST COMPLETED -> remaining active_jobs=250
[18:13:27] WAITING for remaining requests to finish (active_jobs=250)
[18:13:27] REQUEST: 184 - COMPLETED
[18:13:27] REQUEST COMPLETED -> remaining active_jobs=249
[18:13:27] WAITING for remaining requests to finish (active_jobs=249)
[18:13:27] REQUEST: 233 - COMPLETED
[18:13:27] REQUEST COMPLETED -> remaining active_jobs=248
[18:13:27] WAITING for remaining requests to finish (active_jobs=248)
[18:13:28] REQUEST: 7 - COMPLETED
[18:13:28] REQUEST COMPLETED -> remaining active_jobs=247
[18:13:28] WAITING for remaining requests to finish (active_jobs=247)
[18:13:28] REQUEST: 276 - COMPLETED
[18:13:28] REQUEST COMPLETED -> remaining active_jobs=246
[18:13:28] WAITING for remaining requests to finish (active_jobs=246)
[18:13:28] REQUEST: 181 - COMPLETED
[18:13:28] REQUEST COMPLETED -> remaining active_jobs=245
[18:13:28] WAITING for remaining requests to finish (active_jobs=245)
[18:13:28] REQUEST: 188 - COMPLETED
[18:13:28] REQUEST COMPLETED -> remaining active_jobs=244
[18:13:28] WAITING for remaining requests to finish (active_jobs=244)
[18:13:28] REQUEST: 39 - COMPLETED
[18:13:28] REQUEST COMPLETED -> remaining active_jobs=243
[18:13:28] WAITING for remaining requests to finish (active_jobs=243)
[18:13:28] REQUEST: 61 - COMPLETED
[18:13:28] REQUEST COMPLETED -> remaining active_jobs=242
[18:13:28] WAITING for remaining requests to finish (active_jobs=242)
[18:13:28] REQUEST: 53 - COMPLETED
[18:13:28] REQUEST COMPLETED -> remaining active_jobs=241
[18:13:28] WAITING for remaining requests to finish (active_jobs=241)
[18:13:28] REQUEST: 74 - COMPLETED
[18:13:28] REQUEST COMPLETED -> remaining active_jobs=240
[18:13:28] WAITING for remaining requests to finish (active_jobs=240)
[18:13:28] REQUEST: 206 - COMPLETED
[18:13:28] REQUEST COMPLETED -> remaining active_jobs=239
[18:13:28] WAITING for remaining requests to finish (active_jobs=239)
[18:13:28] REQUEST: 163 - COMPLETED
[18:13:28] REQUEST COMPLETED -> remaining active_jobs=238
[18:13:28] WAITING for remaining requests to finish (active_jobs=238)
[18:13:28] REQUEST: 194 - COMPLETED
[18:13:28] REQUEST COMPLETED -> remaining active_jobs=237
[18:13:28] WAITING for remaining requests to finish (active_jobs=237)
[18:13:29] REQUEST: 243 - COMPLETED
[18:13:29] REQUEST COMPLETED -> remaining active_jobs=236
[18:13:29] WAITING for remaining requests to finish (active_jobs=236)
[18:13:29] REQUEST: 50 - COMPLETED
[18:13:29] REQUEST COMPLETED -> remaining active_jobs=235
[18:13:29] WAITING for remaining requests to finish (active_jobs=235)
[18:13:29] REQUEST: 48 - COMPLETED
[18:13:29] REQUEST COMPLETED -> remaining active_jobs=234
[18:13:29] WAITING for remaining requests to finish (active_jobs=234)
[18:13:29] REQUEST: 93 - COMPLETED
[18:13:29] REQUEST COMPLETED -> remaining active_jobs=233
[18:13:29] WAITING for remaining requests to finish (active_jobs=233)
[18:13:29] REQUEST: 221 - COMPLETED
[18:13:29] REQUEST COMPLETED -> remaining active_jobs=232
[18:13:29] WAITING for remaining requests to finish (active_jobs=232)
[18:13:29] REQUEST: 237 - COMPLETED
[18:13:29] REQUEST COMPLETED -> remaining active_jobs=231
[18:13:29] WAITING for remaining requests to finish (active_jobs=231)
[18:13:29] REQUEST: 91 - COMPLETED
[18:13:29] REQUEST COMPLETED -> remaining active_jobs=230
[18:13:29] WAITING for remaining requests to finish (active_jobs=230)
[18:13:29] REQUEST: 210 - COMPLETED
[18:13:29] REQUEST COMPLETED -> remaining active_jobs=229
[18:13:29] WAITING for remaining requests to finish (active_jobs=229)
[18:13:29] REQUEST: 217 - COMPLETED
[18:13:29] REQUEST COMPLETED -> remaining active_jobs=228
[18:13:29] WAITING for remaining requests to finish (active_jobs=228)
[18:13:29] REQUEST: 177 - COMPLETED
[18:13:29] REQUEST COMPLETED -> remaining active_jobs=227
[18:13:29] WAITING for remaining requests to finish (active_jobs=227)
[18:13:29] REQUEST: 187 - COMPLETED
[18:13:29] REQUEST COMPLETED -> remaining active_jobs=226
[18:13:29] WAITING for remaining requests to finish (active_jobs=226)
[18:13:30] REQUEST: 234 - COMPLETED
[18:13:30] REQUEST COMPLETED -> remaining active_jobs=225
[18:13:30] WAITING for remaining requests to finish (active_jobs=225)
[18:13:30] REQUEST: 284 - COMPLETED
[18:13:30] REQUEST COMPLETED -> remaining active_jobs=224
[18:13:30] WAITING for remaining requests to finish (active_jobs=224)
[18:13:30] REQUEST: 202 - COMPLETED
[18:13:30] REQUEST COMPLETED -> remaining active_jobs=223
[18:13:30] WAITING for remaining requests to finish (active_jobs=223)
[18:13:30] REQUEST: 271 - COMPLETED
[18:13:30] REQUEST COMPLETED -> remaining active_jobs=222
[18:13:30] WAITING for remaining requests to finish (active_jobs=222)
[18:13:30] REQUEST: 155 - COMPLETED
[18:13:30] REQUEST COMPLETED -> remaining active_jobs=221
[18:13:30] WAITING for remaining requests to finish (active_jobs=221)
[18:13:30] REQUEST: 274 - COMPLETED
[18:13:30] REQUEST COMPLETED -> remaining active_jobs=220
[18:13:30] WAITING for remaining requests to finish (active_jobs=220)
[18:13:30] REQUEST: 71 - COMPLETED
[18:13:30] REQUEST COMPLETED -> remaining active_jobs=219
[18:13:30] WAITING for remaining requests to finish (active_jobs=219)
[18:13:30] REQUEST: 101 - COMPLETED
[18:13:30] REQUEST COMPLETED -> remaining active_jobs=218
[18:13:30] WAITING for remaining requests to finish (active_jobs=218)
[18:13:30] REQUEST: 287 - COMPLETED
[18:13:30] REQUEST COMPLETED -> remaining active_jobs=217
[18:13:30] WAITING for remaining requests to finish (active_jobs=217)
[18:13:30] REQUEST: 98 - COMPLETED
[18:13:30] REQUEST COMPLETED -> remaining active_jobs=216
[18:13:30] WAITING for remaining requests to finish (active_jobs=216)
[18:13:31] REQUEST: 104 - COMPLETED
[18:13:31] REQUEST COMPLETED -> remaining active_jobs=215
[18:13:31] WAITING for remaining requests to finish (active_jobs=215)
[18:13:31] REQUEST: 285 - COMPLETED
[18:13:31] REQUEST COMPLETED -> remaining active_jobs=214
[18:13:31] WAITING for remaining requests to finish (active_jobs=214)
[18:13:31] REQUEST: 5 - COMPLETED
[18:13:31] REQUEST COMPLETED -> remaining active_jobs=213
[18:13:31] WAITING for remaining requests to finish (active_jobs=213)
[18:13:31] REQUEST: 288 - COMPLETED
[18:13:31] REQUEST COMPLETED -> remaining active_jobs=212
[18:13:31] WAITING for remaining requests to finish (active_jobs=212)
[18:13:31] REQUEST: 290 - COMPLETED
[18:13:31] REQUEST COMPLETED -> remaining active_jobs=211
[18:13:31] WAITING for remaining requests to finish (active_jobs=211)
[18:13:31] REQUEST: 289 - COMPLETED
[18:13:31] REQUEST COMPLETED -> remaining active_jobs=210
[18:13:31] WAITING for remaining requests to finish (active_jobs=210)
[18:13:31] REQUEST: 291 - COMPLETED
[18:13:31] REQUEST COMPLETED -> remaining active_jobs=209
[18:13:31] WAITING for remaining requests to finish (active_jobs=209)
[18:13:31] REQUEST: 292 - COMPLETED
[18:13:31] REQUEST COMPLETED -> remaining active_jobs=208
[18:13:31] WAITING for remaining requests to finish (active_jobs=208)
[18:13:31] REQUEST: 293 - COMPLETED
[18:13:31] REQUEST COMPLETED -> remaining active_jobs=207
[18:13:31] WAITING for remaining requests to finish (active_jobs=207)
[18:13:31] REQUEST: 298 - COMPLETED
[18:13:31] REQUEST COMPLETED -> remaining active_jobs=206
[18:13:31] WAITING for remaining requests to finish (active_jobs=206)
[18:13:31] REQUEST: 295 - COMPLETED
[18:13:31] REQUEST COMPLETED -> remaining active_jobs=205
[18:13:31] WAITING for remaining requests to finish (active_jobs=205)
[18:13:32] REQUEST: 296 - COMPLETED
[18:13:32] REQUEST COMPLETED -> remaining active_jobs=204
[18:13:32] WAITING for remaining requests to finish (active_jobs=204)
[18:13:32] REQUEST: 240 - COMPLETED
[18:13:32] REQUEST COMPLETED -> remaining active_jobs=203
[18:13:32] WAITING for remaining requests to finish (active_jobs=203)
[18:13:32] REQUEST: 10 - COMPLETED
[18:13:32] REQUEST COMPLETED -> remaining active_jobs=202
[18:13:32] WAITING for remaining requests to finish (active_jobs=202)
[18:13:32] REQUEST: 294 - COMPLETED
[18:13:32] REQUEST COMPLETED -> remaining active_jobs=201
[18:13:32] WAITING for remaining requests to finish (active_jobs=201)
[18:13:32] REQUEST: 76 - COMPLETED
[18:13:32] REQUEST COMPLETED -> remaining active_jobs=200
[18:13:32] WAITING for remaining requests to finish (active_jobs=200)
[18:13:32] REQUEST: 195 - COMPLETED
[18:13:32] REQUEST COMPLETED -> remaining active_jobs=199
[18:13:32] WAITING for remaining requests to finish (active_jobs=199)
[18:13:32] REQUEST: 174 - COMPLETED
[18:13:32] REQUEST COMPLETED -> remaining active_jobs=198
[18:13:32] WAITING for remaining requests to finish (active_jobs=198)
[18:13:32] REQUEST: 297 - COMPLETED
[18:13:32] REQUEST COMPLETED -> remaining active_jobs=197
[18:13:32] WAITING for remaining requests to finish (active_jobs=197)
[18:13:32] REQUEST: 300 - COMPLETED
[18:13:32] REQUEST COMPLETED -> remaining active_jobs=196
[18:13:32] WAITING for remaining requests to finish (active_jobs=196)
[18:13:32] REQUEST: 168 - COMPLETED
[18:13:32] REQUEST COMPLETED -> remaining active_jobs=195
[18:13:32] WAITING for remaining requests to finish (active_jobs=195)
[18:13:32] REQUEST: 25 - COMPLETED
[18:13:32] REQUEST COMPLETED -> remaining active_jobs=194
[18:13:32] WAITING for remaining requests to finish (active_jobs=194)
[18:13:33] REQUEST: 215 - COMPLETED
[18:13:33] REQUEST COMPLETED -> remaining active_jobs=193
[18:13:33] WAITING for remaining requests to finish (active_jobs=193)
[18:13:33] REQUEST: 225 - COMPLETED
[18:13:33] REQUEST COMPLETED -> remaining active_jobs=192
[18:13:33] WAITING for remaining requests to finish (active_jobs=192)
[18:13:33] REQUEST: 281 - COMPLETED
[18:13:33] REQUEST COMPLETED -> remaining active_jobs=191
[18:13:33] WAITING for remaining requests to finish (active_jobs=191)
[18:13:33] REQUEST: 85 - COMPLETED
[18:13:33] REQUEST COMPLETED -> remaining active_jobs=190
[18:13:33] WAITING for remaining requests to finish (active_jobs=190)
[18:13:33] REQUEST: 79 - COMPLETED
[18:13:33] REQUEST COMPLETED -> remaining active_jobs=189
[18:13:33] WAITING for remaining requests to finish (active_jobs=189)
[18:13:33] REQUEST: 124 - COMPLETED
[18:13:33] REQUEST COMPLETED -> remaining active_jobs=188
[18:13:33] WAITING for remaining requests to finish (active_jobs=188)
[18:13:33] REQUEST: 115 - COMPLETED
[18:13:33] REQUEST COMPLETED -> remaining active_jobs=187
[18:13:33] WAITING for remaining requests to finish (active_jobs=187)
[18:13:33] REQUEST: 113 - COMPLETED
[18:13:33] REQUEST COMPLETED -> remaining active_jobs=186
[18:13:33] WAITING for remaining requests to finish (active_jobs=186)
[18:13:33] REQUEST: 128 - COMPLETED
[18:13:33] REQUEST COMPLETED -> remaining active_jobs=185
[18:13:33] WAITING for remaining requests to finish (active_jobs=185)
[18:13:33] REQUEST: 147 - COMPLETED
[18:13:33] REQUEST COMPLETED -> remaining active_jobs=184
[18:13:33] WAITING for remaining requests to finish (active_jobs=184)
[18:13:34] REQUEST: 27 - COMPLETED
[18:13:34] REQUEST COMPLETED -> remaining active_jobs=183
[18:13:34] WAITING for remaining requests to finish (active_jobs=183)
[18:13:34] REQUEST: 209 - COMPLETED
[18:13:34] REQUEST COMPLETED -> remaining active_jobs=182
[18:13:34] WAITING for remaining requests to finish (active_jobs=182)
[18:13:34] REQUEST: 205 - COMPLETED
[18:13:34] REQUEST COMPLETED -> remaining active_jobs=181
[18:13:34] WAITING for remaining requests to finish (active_jobs=181)
[18:13:34] REQUEST: 299 - COMPLETED
[18:13:34] REQUEST COMPLETED -> remaining active_jobs=180
[18:13:34] WAITING for remaining requests to finish (active_jobs=180)
[18:13:34] REQUEST: 269 - COMPLETED
[18:13:34] REQUEST COMPLETED -> remaining active_jobs=179
[18:13:34] WAITING for remaining requests to finish (active_jobs=179)
[18:13:34] REQUEST: 204 - COMPLETED
[18:13:34] REQUEST COMPLETED -> remaining active_jobs=178
[18:13:34] WAITING for remaining requests to finish (active_jobs=178)
[18:13:34] REQUEST: 32 - COMPLETED
[18:13:34] REQUEST COMPLETED -> remaining active_jobs=177
[18:13:34] WAITING for remaining requests to finish (active_jobs=177)
[18:13:34] REQUEST: 268 - COMPLETED
[18:13:34] REQUEST COMPLETED -> remaining active_jobs=176
[18:13:34] WAITING for remaining requests to finish (active_jobs=176)
[18:13:34] REQUEST: 51 - COMPLETED
[18:13:34] REQUEST COMPLETED -> remaining active_jobs=175
[18:13:34] WAITING for remaining requests to finish (active_jobs=175)
[18:13:34] REQUEST: 117 - COMPLETED
[18:13:34] REQUEST COMPLETED -> remaining active_jobs=174
[18:13:34] WAITING for remaining requests to finish (active_jobs=174)
[18:13:34] REQUEST: 107 - COMPLETED
[18:13:34] REQUEST COMPLETED -> remaining active_jobs=173
[18:13:34] WAITING for remaining requests to finish (active_jobs=173)
[18:13:35] REQUEST: 230 - COMPLETED
[18:13:35] REQUEST COMPLETED -> remaining active_jobs=172
[18:13:35] WAITING for remaining requests to finish (active_jobs=172)
[18:13:35] REQUEST: 100 - COMPLETED
[18:13:35] REQUEST COMPLETED -> remaining active_jobs=171
[18:13:35] WAITING for remaining requests to finish (active_jobs=171)
[18:13:35] REQUEST: 175 - COMPLETED
[18:13:35] REQUEST COMPLETED -> remaining active_jobs=170
[18:13:35] WAITING for remaining requests to finish (active_jobs=170)
[18:13:35] REQUEST: 173 - COMPLETED
[18:13:35] REQUEST COMPLETED -> remaining active_jobs=169
[18:13:35] WAITING for remaining requests to finish (active_jobs=169)
[18:13:35] REQUEST: 250 - COMPLETED
[18:13:35] REQUEST COMPLETED -> remaining active_jobs=168
[18:13:35] WAITING for remaining requests to finish (active_jobs=168)
[18:13:35] REQUEST: 30 - COMPLETED
[18:13:35] REQUEST COMPLETED -> remaining active_jobs=167
[18:13:35] WAITING for remaining requests to finish (active_jobs=167)
[18:13:35] REQUEST: 77 - COMPLETED
[18:13:35] REQUEST COMPLETED -> remaining active_jobs=166
[18:13:35] WAITING for remaining requests to finish (active_jobs=166)
[18:13:35] REQUEST: 264 - COMPLETED
[18:13:35] REQUEST COMPLETED -> remaining active_jobs=165
[18:13:35] WAITING for remaining requests to finish (active_jobs=165)
[18:13:35] REQUEST: 64 - COMPLETED
[18:13:35] REQUEST COMPLETED -> remaining active_jobs=164
[18:13:35] WAITING for remaining requests to finish (active_jobs=164)
[18:13:35] REQUEST: 171 - COMPLETED
[18:13:35] REQUEST COMPLETED -> remaining active_jobs=163
[18:13:35] WAITING for remaining requests to finish (active_jobs=163)
[18:13:35] REQUEST: 141 - COMPLETED
[18:13:35] REQUEST COMPLETED -> remaining active_jobs=162
[18:13:35] WAITING for remaining requests to finish (active_jobs=162)
[18:13:36] REQUEST: 236 - COMPLETED
[18:13:36] REQUEST COMPLETED -> remaining active_jobs=161
[18:13:36] WAITING for remaining requests to finish (active_jobs=161)
[18:13:36] REQUEST: 161 - COMPLETED
[18:13:36] REQUEST COMPLETED -> remaining active_jobs=160
[18:13:36] WAITING for remaining requests to finish (active_jobs=160)
[18:13:36] REQUEST: 112 - COMPLETED
[18:13:36] REQUEST COMPLETED -> remaining active_jobs=159
[18:13:36] WAITING for remaining requests to finish (active_jobs=159)
[18:13:36] REQUEST: 241 - COMPLETED
[18:13:36] REQUEST COMPLETED -> remaining active_jobs=158
[18:13:36] WAITING for remaining requests to finish (active_jobs=158)
[18:13:36] REQUEST: 33 - COMPLETED
[18:13:36] REQUEST COMPLETED -> remaining active_jobs=157
[18:13:36] WAITING for remaining requests to finish (active_jobs=157)
[18:13:36] REQUEST: 164 - COMPLETED
[18:13:36] REQUEST COMPLETED -> remaining active_jobs=156
[18:13:36] WAITING for remaining requests to finish (active_jobs=156)
[18:13:36] REQUEST: 162 - COMPLETED
[18:13:36] REQUEST COMPLETED -> remaining active_jobs=155
[18:13:36] WAITING for remaining requests to finish (active_jobs=155)
[18:13:36] REQUEST: 110 - COMPLETED
[18:13:36] REQUEST COMPLETED -> remaining active_jobs=154
[18:13:36] WAITING for remaining requests to finish (active_jobs=154)
[18:13:36] REQUEST: 224 - COMPLETED
[18:13:36] REQUEST COMPLETED -> remaining active_jobs=153
[18:13:36] WAITING for remaining requests to finish (active_jobs=153)
[18:13:36] REQUEST: 156 - COMPLETED
[18:13:36] REQUEST COMPLETED -> remaining active_jobs=152
[18:13:36] WAITING for remaining requests to finish (active_jobs=152)
[18:13:37] REQUEST: 119 - COMPLETED
[18:13:37] REQUEST COMPLETED -> remaining active_jobs=151
[18:13:37] WAITING for remaining requests to finish (active_jobs=151)
[18:13:37] REQUEST: 193 - COMPLETED
[18:13:37] REQUEST COMPLETED -> remaining active_jobs=150
[18:13:37] WAITING for remaining requests to finish (active_jobs=150)
[18:13:37] REQUEST: 256 - COMPLETED
[18:13:37] REQUEST COMPLETED -> remaining active_jobs=149
[18:13:37] WAITING for remaining requests to finish (active_jobs=149)
[18:13:37] REQUEST: 138 - COMPLETED
[18:13:37] REQUEST COMPLETED -> remaining active_jobs=148
[18:13:37] WAITING for remaining requests to finish (active_jobs=148)
[18:13:37] REQUEST: 272 - COMPLETED
[18:13:37] REQUEST COMPLETED -> remaining active_jobs=147
[18:13:37] WAITING for remaining requests to finish (active_jobs=147)
[18:13:37] REQUEST: 105 - COMPLETED
[18:13:37] REQUEST COMPLETED -> remaining active_jobs=146
[18:13:37] WAITING for remaining requests to finish (active_jobs=146)
[18:13:37] REQUEST: 9 - COMPLETED
[18:13:37] REQUEST COMPLETED -> remaining active_jobs=145
[18:13:37] WAITING for remaining requests to finish (active_jobs=145)
[18:13:37] REQUEST: 78 - COMPLETED
[18:13:37] REQUEST COMPLETED -> remaining active_jobs=144
[18:13:37] WAITING for remaining requests to finish (active_jobs=144)
[18:13:37] REQUEST: 140 - COMPLETED
[18:13:37] REQUEST COMPLETED -> remaining active_jobs=143
[18:13:37] WAITING for remaining requests to finish (active_jobs=143)
[18:13:37] REQUEST: 246 - COMPLETED
[18:13:37] REQUEST COMPLETED -> remaining active_jobs=142
[18:13:37] WAITING for remaining requests to finish (active_jobs=142)
[18:13:37] REQUEST: 211 - COMPLETED
[18:13:37] REQUEST COMPLETED -> remaining active_jobs=141
[18:13:37] WAITING for remaining requests to finish (active_jobs=141)
[18:13:38] REQUEST: 106 - COMPLETED
[18:13:38] REQUEST COMPLETED -> remaining active_jobs=140
[18:13:38] WAITING for remaining requests to finish (active_jobs=140)
[18:13:38] REQUEST: 152 - COMPLETED
[18:13:38] REQUEST COMPLETED -> remaining active_jobs=139
[18:13:38] WAITING for remaining requests to finish (active_jobs=139)
[18:13:38] REQUEST: 253 - COMPLETED
[18:13:38] REQUEST COMPLETED -> remaining active_jobs=138
[18:13:38] WAITING for remaining requests to finish (active_jobs=138)
[18:13:38] REQUEST: 47 - COMPLETED
[18:13:38] REQUEST COMPLETED -> remaining active_jobs=137
[18:13:38] WAITING for remaining requests to finish (active_jobs=137)
[18:13:38] REQUEST: 99 - COMPLETED
[18:13:38] REQUEST COMPLETED -> remaining active_jobs=136
[18:13:38] WAITING for remaining requests to finish (active_jobs=136)
[18:13:38] REQUEST: 90 - COMPLETED
[18:13:38] REQUEST COMPLETED -> remaining active_jobs=135
[18:13:38] WAITING for remaining requests to finish (active_jobs=135)
[18:13:38] REQUEST: 185 - COMPLETED
[18:13:38] REQUEST COMPLETED -> remaining active_jobs=134
[18:13:38] WAITING for remaining requests to finish (active_jobs=134)
[18:13:38] REQUEST: 208 - COMPLETED
[18:13:38] REQUEST COMPLETED -> remaining active_jobs=133
[18:13:38] WAITING for remaining requests to finish (active_jobs=133)
[18:13:38] REQUEST: 245 - COMPLETED
[18:13:38] REQUEST COMPLETED -> remaining active_jobs=132
[18:13:38] WAITING for remaining requests to finish (active_jobs=132)
[18:13:38] REQUEST: 108 - COMPLETED
[18:13:38] REQUEST COMPLETED -> remaining active_jobs=131
[18:13:38] WAITING for remaining requests to finish (active_jobs=131)
[18:13:38] REQUEST: 158 - COMPLETED
[18:13:38] REQUEST COMPLETED -> remaining active_jobs=130
[18:13:38] WAITING for remaining requests to finish (active_jobs=130)
[18:13:39] REQUEST: 145 - COMPLETED
[18:13:39] REQUEST COMPLETED -> remaining active_jobs=129
[18:13:39] WAITING for remaining requests to finish (active_jobs=129)
[18:13:39] REQUEST: 190 - COMPLETED
[18:13:39] REQUEST COMPLETED -> remaining active_jobs=128
[18:13:39] WAITING for remaining requests to finish (active_jobs=128)
[18:13:39] REQUEST: 136 - COMPLETED
[18:13:39] REQUEST COMPLETED -> remaining active_jobs=127
[18:13:39] WAITING for remaining requests to finish (active_jobs=127)
[18:13:39] REQUEST: 63 - COMPLETED
[18:13:39] REQUEST COMPLETED -> remaining active_jobs=126
[18:13:39] WAITING for remaining requests to finish (active_jobs=126)
[18:13:39] REQUEST: 223 - COMPLETED
[18:13:39] REQUEST COMPLETED -> remaining active_jobs=125
[18:13:39] WAITING for remaining requests to finish (active_jobs=125)
[18:13:39] REQUEST: 54 - COMPLETED
[18:13:39] REQUEST COMPLETED -> remaining active_jobs=124
[18:13:39] WAITING for remaining requests to finish (active_jobs=124)
[18:13:39] REQUEST: 87 - COMPLETED
[18:13:39] REQUEST COMPLETED -> remaining active_jobs=123
[18:13:39] WAITING for remaining requests to finish (active_jobs=123)
[18:13:39] REQUEST: 265 - COMPLETED
[18:13:39] REQUEST COMPLETED -> remaining active_jobs=122
[18:13:39] WAITING for remaining requests to finish (active_jobs=122)
[18:13:39] REQUEST: 137 - COMPLETED
[18:13:39] REQUEST COMPLETED -> remaining active_jobs=121
[18:13:39] WAITING for remaining requests to finish (active_jobs=121)
[18:13:39] REQUEST: 118 - COMPLETED
[18:13:39] REQUEST COMPLETED -> remaining active_jobs=120
[18:13:39] WAITING for remaining requests to finish (active_jobs=120)
[18:13:39] REQUEST: 109 - COMPLETED
[18:13:39] REQUEST COMPLETED -> remaining active_jobs=119
[18:13:39] WAITING for remaining requests to finish (active_jobs=119)
[18:13:40] REQUEST: 95 - COMPLETED
[18:13:40] REQUEST COMPLETED -> remaining active_jobs=118
[18:13:40] WAITING for remaining requests to finish (active_jobs=118)
[18:13:40] REQUEST: 229 - COMPLETED
[18:13:40] REQUEST COMPLETED -> remaining active_jobs=117
[18:13:40] WAITING for remaining requests to finish (active_jobs=117)
[18:13:40] REQUEST: 125 - COMPLETED
[18:13:40] REQUEST COMPLETED -> remaining active_jobs=116
[18:13:40] WAITING for remaining requests to finish (active_jobs=116)
[18:13:40] REQUEST: 142 - COMPLETED
[18:13:40] REQUEST COMPLETED -> remaining active_jobs=115
[18:13:40] WAITING for remaining requests to finish (active_jobs=115)
[18:13:40] REQUEST: 172 - COMPLETED
[18:13:40] REQUEST COMPLETED -> remaining active_jobs=114
[18:13:40] WAITING for remaining requests to finish (active_jobs=114)
[18:13:40] REQUEST: 166 - COMPLETED
[18:13:40] REQUEST COMPLETED -> remaining active_jobs=113
[18:13:40] WAITING for remaining requests to finish (active_jobs=113)
[18:13:40] REQUEST: 192 - COMPLETED
[18:13:40] REQUEST COMPLETED -> remaining active_jobs=112
[18:13:40] WAITING for remaining requests to finish (active_jobs=112)
[18:13:40] REQUEST: 248 - COMPLETED
[18:13:40] REQUEST COMPLETED -> remaining active_jobs=111
[18:13:40] WAITING for remaining requests to finish (active_jobs=111)
[18:13:40] REQUEST: 266 - COMPLETED
[18:13:40] REQUEST COMPLETED -> remaining active_jobs=110
[18:13:40] WAITING for remaining requests to finish (active_jobs=110)
[18:13:40] REQUEST: 247 - COMPLETED
[18:13:40] REQUEST COMPLETED -> remaining active_jobs=109
[18:13:40] WAITING for remaining requests to finish (active_jobs=109)
[18:13:41] REQUEST: 62 - COMPLETED
[18:13:41] REQUEST COMPLETED -> remaining active_jobs=108
[18:13:41] WAITING for remaining requests to finish (active_jobs=108)
[18:13:41] REQUEST: 218 - COMPLETED
[18:13:41] REQUEST COMPLETED -> remaining active_jobs=107
[18:13:41] WAITING for remaining requests to finish (active_jobs=107)
[18:13:41] REQUEST: 70 - COMPLETED
[18:13:41] REQUEST COMPLETED -> remaining active_jobs=106
[18:13:41] WAITING for remaining requests to finish (active_jobs=106)
[18:13:41] REQUEST: 263 - COMPLETED
[18:13:41] REQUEST COMPLETED -> remaining active_jobs=105
[18:13:41] WAITING for remaining requests to finish (active_jobs=105)
[18:13:41] REQUEST: 127 - COMPLETED
[18:13:41] REQUEST COMPLETED -> remaining active_jobs=104
[18:13:41] WAITING for remaining requests to finish (active_jobs=104)
[18:13:41] REQUEST: 111 - COMPLETED
[18:13:41] REQUEST COMPLETED -> remaining active_jobs=103
[18:13:41] WAITING for remaining requests to finish (active_jobs=103)
[18:13:41] REQUEST: 84 - COMPLETED
[18:13:41] REQUEST COMPLETED -> remaining active_jobs=102
[18:13:41] WAITING for remaining requests to finish (active_jobs=102)
[18:13:41] REQUEST: 235 - COMPLETED
[18:13:41] REQUEST COMPLETED -> remaining active_jobs=101
[18:13:41] WAITING for remaining requests to finish (active_jobs=101)
[18:13:41] REQUEST: 219 - COMPLETED
[18:13:41] REQUEST COMPLETED -> remaining active_jobs=100
[18:13:41] WAITING for remaining requests to finish (active_jobs=100)
[18:13:41] REQUEST: 238 - COMPLETED
[18:13:41] REQUEST COMPLETED -> remaining active_jobs=99
[18:13:41] WAITING for remaining requests to finish (active_jobs=99)
[18:13:41] REQUEST: 159 - COMPLETED
[18:13:41] REQUEST COMPLETED -> remaining active_jobs=98
[18:13:41] WAITING for remaining requests to finish (active_jobs=98)
[18:13:42] REQUEST: 201 - COMPLETED
[18:13:42] REQUEST COMPLETED -> remaining active_jobs=97
[18:13:42] WAITING for remaining requests to finish (active_jobs=97)
[18:13:42] REQUEST: 67 - COMPLETED
[18:13:42] REQUEST COMPLETED -> remaining active_jobs=96
[18:13:42] WAITING for remaining requests to finish (active_jobs=96)
[18:13:42] REQUEST: 130 - COMPLETED
[18:13:42] REQUEST COMPLETED -> remaining active_jobs=95
[18:13:42] WAITING for remaining requests to finish (active_jobs=95)
[18:13:42] REQUEST: 29 - COMPLETED
[18:13:42] REQUEST COMPLETED -> remaining active_jobs=94
[18:13:42] WAITING for remaining requests to finish (active_jobs=94)
[18:13:42] REQUEST: 134 - COMPLETED
[18:13:42] REQUEST COMPLETED -> remaining active_jobs=93
[18:13:42] WAITING for remaining requests to finish (active_jobs=93)
[18:13:42] REQUEST: 102 - COMPLETED
[18:13:42] REQUEST COMPLETED -> remaining active_jobs=92
[18:13:42] WAITING for remaining requests to finish (active_jobs=92)
[18:13:42] REQUEST: 114 - COMPLETED
[18:13:42] REQUEST COMPLETED -> remaining active_jobs=91
[18:13:42] WAITING for remaining requests to finish (active_jobs=91)
[18:13:42] REQUEST: 267 - COMPLETED
[18:13:42] REQUEST COMPLETED -> remaining active_jobs=90
[18:13:42] WAITING for remaining requests to finish (active_jobs=90)
[18:13:42] REQUEST: 259 - COMPLETED
[18:13:42] REQUEST COMPLETED -> remaining active_jobs=89
[18:13:42] WAITING for remaining requests to finish (active_jobs=89)
[18:13:42] REQUEST: 56 - COMPLETED
[18:13:42] REQUEST COMPLETED -> remaining active_jobs=88
[18:13:42] WAITING for remaining requests to finish (active_jobs=88)
[18:13:42] REQUEST: 41 - COMPLETED
[18:13:42] REQUEST COMPLETED -> remaining active_jobs=87
[18:13:42] WAITING for remaining requests to finish (active_jobs=87)
[18:13:43] REQUEST: 242 - COMPLETED
[18:13:43] REQUEST COMPLETED -> remaining active_jobs=86
[18:13:43] WAITING for remaining requests to finish (active_jobs=86)
[18:13:43] REQUEST: 17 - COMPLETED
[18:13:43] REQUEST COMPLETED -> remaining active_jobs=85
[18:13:43] WAITING for remaining requests to finish (active_jobs=85)
[18:13:43] REQUEST: 148 - COMPLETED
[18:13:43] REQUEST COMPLETED -> remaining active_jobs=84
[18:13:43] WAITING for remaining requests to finish (active_jobs=84)
[18:13:43] REQUEST: 231 - COMPLETED
[18:13:43] REQUEST COMPLETED -> remaining active_jobs=83
[18:13:43] WAITING for remaining requests to finish (active_jobs=83)
[18:13:43] REQUEST: 279 - COMPLETED
[18:13:43] REQUEST COMPLETED -> remaining active_jobs=82
[18:13:43] WAITING for remaining requests to finish (active_jobs=82)
[18:13:43] REQUEST: 89 - COMPLETED
[18:13:43] REQUEST COMPLETED -> remaining active_jobs=81
[18:13:43] WAITING for remaining requests to finish (active_jobs=81)
[18:13:43] REQUEST: 282 - COMPLETED
[18:13:43] REQUEST COMPLETED -> remaining active_jobs=80
[18:13:43] WAITING for remaining requests to finish (active_jobs=80)
[18:13:43] REQUEST: 38 - COMPLETED
[18:13:43] REQUEST COMPLETED -> remaining active_jobs=79
[18:13:43] WAITING for remaining requests to finish (active_jobs=79)
[18:13:43] REQUEST: 144 - COMPLETED
[18:13:43] REQUEST COMPLETED -> remaining active_jobs=78
[18:13:43] WAITING for remaining requests to finish (active_jobs=78)
[18:13:43] REQUEST: 216 - COMPLETED
[18:13:43] REQUEST COMPLETED -> remaining active_jobs=77
[18:13:43] WAITING for remaining requests to finish (active_jobs=77)
[18:13:43] REQUEST: 222 - COMPLETED
[18:13:44] REQUEST COMPLETED -> remaining active_jobs=76
[18:13:44] WAITING for remaining requests to finish (active_jobs=76)
[18:13:44] REQUEST: 275 - COMPLETED
[18:13:44] REQUEST COMPLETED -> remaining active_jobs=75
[18:13:44] WAITING for remaining requests to finish (active_jobs=75)
[18:13:44] REQUEST: 197 - COMPLETED
[18:13:44] REQUEST COMPLETED -> remaining active_jobs=74
[18:13:44] WAITING for remaining requests to finish (active_jobs=74)
[18:13:44] REQUEST: 251 - COMPLETED
[18:13:44] REQUEST COMPLETED -> remaining active_jobs=73
[18:13:44] WAITING for remaining requests to finish (active_jobs=73)
[18:13:44] REQUEST: 213 - COMPLETED
[18:13:44] REQUEST COMPLETED -> remaining active_jobs=72
[18:13:44] WAITING for remaining requests to finish (active_jobs=72)
[18:13:44] REQUEST: 45 - COMPLETED
[18:13:44] REQUEST COMPLETED -> remaining active_jobs=71
[18:13:44] WAITING for remaining requests to finish (active_jobs=71)
[18:13:44] REQUEST: 94 - COMPLETED
[18:13:44] REQUEST COMPLETED -> remaining active_jobs=70
[18:13:44] WAITING for remaining requests to finish (active_jobs=70)
[18:13:44] REQUEST: 220 - COMPLETED
[18:13:44] REQUEST COMPLETED -> remaining active_jobs=69
[18:13:44] WAITING for remaining requests to finish (active_jobs=69)
[18:13:44] REQUEST: 214 - COMPLETED
[18:13:44] REQUEST COMPLETED -> remaining active_jobs=68
[18:13:44] WAITING for remaining requests to finish (active_jobs=68)
[18:13:44] REQUEST: 57 - COMPLETED
[18:13:44] REQUEST COMPLETED -> remaining active_jobs=67
[18:13:44] WAITING for remaining requests to finish (active_jobs=67)
[18:13:44] REQUEST: 186 - COMPLETED
[18:13:44] REQUEST COMPLETED -> remaining active_jobs=66
[18:13:44] WAITING for remaining requests to finish (active_jobs=66)
[18:13:45] REQUEST: 133 - COMPLETED
[18:13:45] REQUEST COMPLETED -> remaining active_jobs=65
[18:13:45] WAITING for remaining requests to finish (active_jobs=65)
[18:13:45] REQUEST: 153 - COMPLETED
[18:13:45] REQUEST COMPLETED -> remaining active_jobs=64
[18:13:45] WAITING for remaining requests to finish (active_jobs=64)
[18:13:45] REQUEST: 244 - COMPLETED
[18:13:45] REQUEST COMPLETED -> remaining active_jobs=63
[18:13:45] WAITING for remaining requests to finish (active_jobs=63)
[18:13:45] REQUEST: 122 - COMPLETED
[18:13:45] REQUEST COMPLETED -> remaining active_jobs=62
[18:13:45] WAITING for remaining requests to finish (active_jobs=62)
[18:13:45] REQUEST: 21 - COMPLETED
[18:13:45] REQUEST COMPLETED -> remaining active_jobs=61
[18:13:45] WAITING for remaining requests to finish (active_jobs=61)
[18:13:45] REQUEST: 36 - COMPLETED
[18:13:45] REQUEST COMPLETED -> remaining active_jobs=60
[18:13:45] WAITING for remaining requests to finish (active_jobs=60)
[18:13:45] REQUEST: 232 - COMPLETED
[18:13:45] REQUEST COMPLETED -> remaining active_jobs=59
[18:13:45] WAITING for remaining requests to finish (active_jobs=59)
[18:13:45] REQUEST: 116 - COMPLETED
[18:13:45] REQUEST COMPLETED -> remaining active_jobs=58
[18:13:45] WAITING for remaining requests to finish (active_jobs=58)
[18:13:45] REQUEST: 103 - COMPLETED
[18:13:45] REQUEST COMPLETED -> remaining active_jobs=57
[18:13:45] WAITING for remaining requests to finish (active_jobs=57)
[18:13:45] REQUEST: 120 - COMPLETED
[18:13:45] REQUEST COMPLETED -> remaining active_jobs=56
[18:13:45] WAITING for remaining requests to finish (active_jobs=56)
[18:13:45] REQUEST: 239 - COMPLETED
[18:13:45] REQUEST COMPLETED -> remaining active_jobs=55
[18:13:45] WAITING for remaining requests to finish (active_jobs=55)
[18:13:46] REQUEST: 23 - COMPLETED
[18:13:46] REQUEST COMPLETED -> remaining active_jobs=54
[18:13:46] WAITING for remaining requests to finish (active_jobs=54)
[18:13:46] REQUEST: 207 - COMPLETED
[18:13:46] REQUEST COMPLETED -> remaining active_jobs=53
[18:13:46] WAITING for remaining requests to finish (active_jobs=53)
[18:13:46] REQUEST: 65 - COMPLETED
[18:13:46] REQUEST COMPLETED -> remaining active_jobs=52
[18:13:46] WAITING for remaining requests to finish (active_jobs=52)
[18:13:46] REQUEST: 270 - COMPLETED
[18:13:46] REQUEST COMPLETED -> remaining active_jobs=51
[18:13:46] WAITING for remaining requests to finish (active_jobs=51)
[18:13:46] REQUEST: 226 - COMPLETED
[18:13:46] REQUEST COMPLETED -> remaining active_jobs=50
[18:13:46] WAITING for remaining requests to finish (active_jobs=50)
[18:13:46] REQUEST: 151 - COMPLETED
[18:13:46] REQUEST COMPLETED -> remaining active_jobs=49
[18:13:46] WAITING for remaining requests to finish (active_jobs=49)
[18:13:46] REQUEST: 69 - COMPLETED
[18:13:46] REQUEST COMPLETED -> remaining active_jobs=48
[18:13:46] WAITING for remaining requests to finish (active_jobs=48)
[18:13:46] REQUEST: 249 - COMPLETED
[18:13:46] REQUEST COMPLETED -> remaining active_jobs=47
[18:13:46] WAITING for remaining requests to finish (active_jobs=47)
[18:13:46] REQUEST: 277 - COMPLETED
[18:13:46] REQUEST COMPLETED -> remaining active_jobs=46
[18:13:46] WAITING for remaining requests to finish (active_jobs=46)
[18:13:46] REQUEST: 126 - COMPLETED
[18:13:46] REQUEST COMPLETED -> remaining active_jobs=45
[18:13:46] WAITING for remaining requests to finish (active_jobs=45)
[18:13:46] REQUEST: 286 - COMPLETED
[18:13:46] REQUEST COMPLETED -> remaining active_jobs=44
[18:13:46] WAITING for remaining requests to finish (active_jobs=44)
[18:13:47] REQUEST: 18 - COMPLETED
[18:13:47] REQUEST COMPLETED -> remaining active_jobs=43
[18:13:47] WAITING for remaining requests to finish (active_jobs=43)
[18:13:47] REQUEST: 81 - COMPLETED
[18:13:47] REQUEST COMPLETED -> remaining active_jobs=42
[18:13:47] WAITING for remaining requests to finish (active_jobs=42)
[18:13:47] REQUEST: 167 - COMPLETED
[18:13:47] REQUEST COMPLETED -> remaining active_jobs=41
[18:13:47] WAITING for remaining requests to finish (active_jobs=41)
[18:13:47] REQUEST: 262 - COMPLETED
[18:13:47] REQUEST COMPLETED -> remaining active_jobs=40
[18:13:47] WAITING for remaining requests to finish (active_jobs=40)
[18:13:47] REQUEST: 191 - COMPLETED
[18:13:47] REQUEST COMPLETED -> remaining active_jobs=39
[18:13:47] WAITING for remaining requests to finish (active_jobs=39)
[18:13:47] REQUEST: 68 - COMPLETED
[18:13:47] REQUEST COMPLETED -> remaining active_jobs=38
[18:13:47] WAITING for remaining requests to finish (active_jobs=38)
[18:13:47] REQUEST: 165 - COMPLETED
[18:13:47] REQUEST COMPLETED -> remaining active_jobs=37
[18:13:47] WAITING for remaining requests to finish (active_jobs=37)
[18:13:47] REQUEST: 255 - COMPLETED
[18:13:47] REQUEST COMPLETED -> remaining active_jobs=36
[18:13:47] WAITING for remaining requests to finish (active_jobs=36)
[18:13:47] REQUEST: 212 - COMPLETED
[18:13:47] REQUEST COMPLETED -> remaining active_jobs=35
[18:13:47] WAITING for remaining requests to finish (active_jobs=35)
[18:13:47] REQUEST: 280 - COMPLETED
[18:13:47] REQUEST COMPLETED -> remaining active_jobs=34
[18:13:47] WAITING for remaining requests to finish (active_jobs=34)
[18:13:48] REQUEST: 278 - COMPLETED
[18:13:48] REQUEST COMPLETED -> remaining active_jobs=33
[18:13:48] WAITING for remaining requests to finish (active_jobs=33)
[18:13:48] REQUEST: 252 - COMPLETED
[18:13:48] REQUEST COMPLETED -> remaining active_jobs=32
[18:13:48] WAITING for remaining requests to finish (active_jobs=32)
[18:13:48] REQUEST: 150 - COMPLETED
[18:13:48] REQUEST COMPLETED -> remaining active_jobs=31
[18:13:48] WAITING for remaining requests to finish (active_jobs=31)
[18:13:48] REQUEST: 139 - COMPLETED
[18:13:48] REQUEST COMPLETED -> remaining active_jobs=30
[18:13:48] WAITING for remaining requests to finish (active_jobs=30)
[18:13:48] REQUEST: 143 - COMPLETED
[18:13:48] REQUEST COMPLETED -> remaining active_jobs=29
[18:13:48] WAITING for remaining requests to finish (active_jobs=29)
[18:13:48] REQUEST: 55 - COMPLETED
[18:13:48] REQUEST COMPLETED -> remaining active_jobs=28
[18:13:48] WAITING for remaining requests to finish (active_jobs=28)
[18:13:48] REQUEST: 169 - COMPLETED
[18:13:48] REQUEST COMPLETED -> remaining active_jobs=27
[18:13:48] WAITING for remaining requests to finish (active_jobs=27)
[18:13:48] REQUEST: 146 - COMPLETED
[18:13:48] REQUEST COMPLETED -> remaining active_jobs=26
[18:13:48] WAITING for remaining requests to finish (active_jobs=26)
[18:13:48] REQUEST: 88 - COMPLETED
[18:13:48] REQUEST COMPLETED -> remaining active_jobs=25
[18:13:48] WAITING for remaining requests to finish (active_jobs=25)
[18:13:48] REQUEST: 46 - COMPLETED
[18:13:48] REQUEST COMPLETED -> remaining active_jobs=24
[18:13:48] WAITING for remaining requests to finish (active_jobs=24)
[18:13:48] REQUEST: 227 - COMPLETED
[18:13:48] REQUEST COMPLETED -> remaining active_jobs=23
[18:13:48] WAITING for remaining requests to finish (active_jobs=23)
[18:13:49] REQUEST: 273 - COMPLETED
[18:13:49] REQUEST COMPLETED -> remaining active_jobs=22
[18:13:49] WAITING for remaining requests to finish (active_jobs=22)
[18:13:49] REQUEST: 72 - COMPLETED
[18:13:49] REQUEST COMPLETED -> remaining active_jobs=21
[18:13:49] WAITING for remaining requests to finish (active_jobs=21)
[18:13:49] REQUEST: 254 - COMPLETED
[18:13:49] REQUEST COMPLETED -> remaining active_jobs=20
[18:13:49] WAITING for remaining requests to finish (active_jobs=20)
[18:13:49] REQUEST: 28 - COMPLETED
[18:13:49] REQUEST COMPLETED -> remaining active_jobs=19
[18:13:49] WAITING for remaining requests to finish (active_jobs=19)
[18:13:49] REQUEST: 261 - COMPLETED
[18:13:49] REQUEST COMPLETED -> remaining active_jobs=18
[18:13:49] WAITING for remaining requests to finish (active_jobs=18)
[18:13:49] REQUEST: 66 - COMPLETED
[18:13:49] REQUEST COMPLETED -> remaining active_jobs=17
[18:13:49] WAITING for remaining requests to finish (active_jobs=17)
[18:13:49] REQUEST: 52 - COMPLETED
[18:13:49] REQUEST COMPLETED -> remaining active_jobs=16
[18:13:49] WAITING for remaining requests to finish (active_jobs=16)
[18:13:49] REQUEST: 82 - COMPLETED
[18:13:49] REQUEST COMPLETED -> remaining active_jobs=15
[18:13:49] WAITING for remaining requests to finish (active_jobs=15)
[18:13:49] REQUEST: 283 - COMPLETED
[18:13:49] REQUEST COMPLETED -> remaining active_jobs=14
[18:13:49] WAITING for remaining requests to finish (active_jobs=14)
[18:13:49] REQUEST: 123 - COMPLETED
[18:13:49] REQUEST COMPLETED -> remaining active_jobs=13
[18:13:49] WAITING for remaining requests to finish (active_jobs=13)
[18:13:49] REQUEST: 132 - COMPLETED
[18:13:49] REQUEST COMPLETED -> remaining active_jobs=12
[18:13:49] WAITING for remaining requests to finish (active_jobs=12)
[18:13:50] REQUEST: 260 - COMPLETED
[18:13:50] REQUEST COMPLETED -> remaining active_jobs=11
[18:13:50] WAITING for remaining requests to finish (active_jobs=11)
[18:13:50] REQUEST: 257 - COMPLETED
[18:13:50] REQUEST COMPLETED -> remaining active_jobs=10
[18:13:50] WAITING for remaining requests to finish (active_jobs=10)
[18:13:50] REQUEST: 154 - COMPLETED
[18:13:50] REQUEST COMPLETED -> remaining active_jobs=9
[18:13:50] WAITING for remaining requests to finish (active_jobs=9)
[18:13:50] REQUEST: 83 - COMPLETED
[18:13:50] REQUEST COMPLETED -> remaining active_jobs=8
[18:13:50] WAITING for remaining requests to finish (active_jobs=8)
[18:13:50] REQUEST: 96 - COMPLETED
[18:13:50] REQUEST COMPLETED -> remaining active_jobs=7
[18:13:50] WAITING for remaining requests to finish (active_jobs=7)
[18:13:50] REQUEST: 135 - COMPLETED
[18:13:50] REQUEST COMPLETED -> remaining active_jobs=6
[18:13:50] WAITING for remaining requests to finish (active_jobs=6)
[18:13:50] REQUEST: 157 - COMPLETED
[18:13:50] REQUEST COMPLETED -> remaining active_jobs=5
[18:13:50] WAITING for remaining requests to finish (active_jobs=5)
[18:13:50] REQUEST: 170 - COMPLETED
[18:13:50] REQUEST COMPLETED -> remaining active_jobs=4
[18:13:50] WAITING for remaining requests to finish (active_jobs=4)
[18:13:50] REQUEST: 92 - COMPLETED
[18:13:50] REQUEST COMPLETED -> remaining active_jobs=3
[18:13:50] WAITING for remaining requests to finish (active_jobs=3)
[18:13:50] REQUEST: 131 - COMPLETED
[18:13:50] REQUEST COMPLETED -> remaining active_jobs=2
[18:13:50] WAITING for remaining requests to finish (active_jobs=2)
[18:13:51] REQUEST: 160 - COMPLETED
[18:13:51] REQUEST COMPLETED -> remaining active_jobs=1
[18:13:51] WAITING for remaining requests to finish (active_jobs=1)
[18:13:51] REQUEST: 258 - COMPLETED
[18:13:51] REQUEST COMPLETED -> remaining active_jobs=0
[18:13:51] Load test completed
[18:13:51] Running results evaluation


--- PER-REQUEST STATS ---
Request 01 | res_time: 18:13:20.96 | latency:   0.31 s | tokens: 25 | gen_time: 0.078 s | tok/s: 319.87
Request 02 | res_time: 18:13:22.00 | latency:   1.36 s | tokens: 25 | gen_time: 0.074 s | tok/s: 335.99
Request 03 | res_time: 18:13:23.32 | latency:   2.67 s | tokens: 25 | gen_time: 0.075 s | tok/s: 332.59
Request 04 | res_time: 18:13:23.44 | latency:   2.74 s | tokens: 25 | gen_time: 0.083 s | tok/s: 300.58
Request 05 | res_time: 18:13:23.53 | latency:   2.86 s | tokens: 25 | gen_time: 0.072 s | tok/s: 346.19
Request 06 | res_time: 18:13:23.62 | latency:   2.64 s | tokens: 25 | gen_time: 0.072 s | tok/s: 346.90
Request 07 | res_time: 18:13:23.72 | latency:   3.04 s | tokens: 25 | gen_time: 0.072 s | tok/s: 347.72
Request 08 | res_time: 18:13:23.81 | latency:   2.80 s | tokens: 25 | gen_time: 0.072 s | tok/s: 345.84
Request 09 | res_time: 18:13:23.90 | latency:   3.18 s | tokens: 25 | gen_time: 0.072 s | tok/s: 346.67
Request 10 | res_time: 18:13:24.00 | latency:   3.22 s | tokens: 25 | gen_time: 0.072 s | tok/s: 346.63
Request 11 | res_time: 18:13:24.09 | latency:   3.41 s | tokens: 25 | gen_time: 0.072 s | tok/s: 348.11
Request 12 | res_time: 18:13:24.19 | latency:   3.43 s | tokens: 25 | gen_time: 0.072 s | tok/s: 345.05
Request 13 | res_time: 18:13:24.28 | latency:   3.62 s | tokens: 25 | gen_time: 0.072 s | tok/s: 346.99
Request 14 | res_time: 18:13:24.37 | latency:   3.68 s | tokens: 25 | gen_time: 0.072 s | tok/s: 347.26
Request 15 | res_time: 18:13:24.47 | latency:   3.82 s | tokens: 25 | gen_time: 0.072 s | tok/s: 346.21
Request 16 | res_time: 18:13:24.56 | latency:   3.42 s | tokens: 25 | gen_time: 0.072 s | tok/s: 346.15
Request 17 | res_time: 18:13:24.65 | latency:   3.99 s | tokens: 25 | gen_time: 0.072 s | tok/s: 348.12
Request 18 | res_time: 18:13:24.75 | latency:   3.98 s | tokens: 25 | gen_time: 0.072 s | tok/s: 347.03
Request 19 | res_time: 18:13:24.84 | latency:   3.73 s | tokens: 25 | gen_time: 0.072 s | tok/s: 345.09
Request 20 | res_time: 18:13:24.93 | latency:   4.18 s | tokens: 25 | gen_time: 0.072 s | tok/s: 345.71
Request 21 | res_time: 18:13:25.03 | latency:   4.27 s | tokens: 25 | gen_time: 0.072 s | tok/s: 346.20
Request 22 | res_time: 18:13:25.12 | latency:   4.36 s | tokens: 25 | gen_time: 0.072 s | tok/s: 345.11
Request 23 | res_time: 18:13:25.21 | latency:   4.07 s | tokens: 25 | gen_time: 0.072 s | tok/s: 345.62
Request 24 | res_time: 18:13:25.31 | latency:   4.63 s | tokens: 25 | gen_time: 0.072 s | tok/s: 346.29
Request 25 | res_time: 18:13:25.40 | latency:   4.55 s | tokens: 25 | gen_time: 0.072 s | tok/s: 347.65
Request 26 | res_time: 18:13:25.49 | latency:   4.64 s | tokens: 25 | gen_time: 0.072 s | tok/s: 347.82
Request 27 | res_time: 18:13:25.59 | latency:   4.43 s | tokens: 25 | gen_time: 0.072 s | tok/s: 345.80
Request 28 | res_time: 18:13:25.68 | latency:   4.96 s | tokens: 25 | gen_time: 0.072 s | tok/s: 347.01
Request 29 | res_time: 18:13:25.77 | latency:   5.05 s | tokens: 25 | gen_time: 0.072 s | tok/s: 347.04
Request 30 | res_time: 18:13:25.87 | latency:   5.02 s | tokens: 25 | gen_time: 0.073 s | tok/s: 344.25
Request 31 | res_time: 18:13:25.96 | latency:   4.62 s | tokens: 25 | gen_time: 0.072 s | tok/s: 346.77
Request 32 | res_time: 18:13:26.05 | latency:   4.88 s | tokens: 25 | gen_time: 0.072 s | tok/s: 345.14
Request 33 | res_time: 18:13:26.15 | latency:   5.30 s | tokens: 25 | gen_time: 0.072 s | tok/s: 346.58
Request 34 | res_time: 18:13:26.24 | latency:   5.09 s | tokens: 25 | gen_time: 0.073 s | tok/s: 343.68
Request 35 | res_time: 18:13:26.33 | latency:   5.12 s | tokens: 25 | gen_time: 0.072 s | tok/s: 346.10
Request 36 | res_time: 18:13:26.43 | latency:   5.71 s | tokens: 25 | gen_time: 0.072 s | tok/s: 345.93
Request 37 | res_time: 18:13:26.52 | latency:   5.32 s | tokens: 25 | gen_time: 0.072 s | tok/s: 346.66
Request 38 | res_time: 18:13:26.61 | latency:   5.45 s | tokens: 25 | gen_time: 0.073 s | tok/s: 344.31
Request 39 | res_time: 18:13:26.71 | latency:   5.86 s | tokens: 25 | gen_time: 0.072 s | tok/s: 346.10
Request 40 | res_time: 18:13:26.80 | latency:   5.95 s | tokens: 25 | gen_time: 0.072 s | tok/s: 347.35
Request 41 | res_time: 18:13:26.89 | latency:   5.65 s | tokens: 25 | gen_time: 0.072 s | tok/s: 345.07
Request 42 | res_time: 18:13:26.99 | latency:   6.24 s | tokens: 25 | gen_time: 0.072 s | tok/s: 347.03
Request 43 | res_time: 18:13:27.08 | latency:   6.35 s | tokens: 25 | gen_time: 0.072 s | tok/s: 345.89
Request 44 | res_time: 18:13:27.17 | latency:   5.84 s | tokens: 25 | gen_time: 0.073 s | tok/s: 343.55
Request 45 | res_time: 18:13:27.27 | latency:   6.08 s | tokens: 25 | gen_time: 0.072 s | tok/s: 345.21
Request 46 | res_time: 18:13:27.36 | latency:   6.11 s | tokens: 25 | gen_time: 0.072 s | tok/s: 346.47
Request 47 | res_time: 18:13:27.46 | latency:   6.48 s | tokens: 25 | gen_time: 0.072 s | tok/s: 345.76
Request 48 | res_time: 18:13:27.55 | latency:   6.19 s | tokens: 25 | gen_time: 0.072 s | tok/s: 346.11
Request 49 | res_time: 18:13:27.64 | latency:   6.91 s | tokens: 25 | gen_time: 0.072 s | tok/s: 345.71
Request 50 | res_time: 18:13:27.74 | latency:   6.75 s | tokens: 25 | gen_time: 0.072 s | tok/s: 347.30
Request 51 | res_time: 18:13:27.83 | latency:   6.63 s | tokens: 25 | gen_time: 0.072 s | tok/s: 347.32
Request 52 | res_time: 18:13:27.92 | latency:   6.60 s | tokens: 25 | gen_time: 0.072 s | tok/s: 347.15
Request 53 | res_time: 18:13:28.02 | latency:   7.36 s | tokens: 25 | gen_time: 0.072 s | tok/s: 347.90
Request 54 | res_time: 18:13:28.11 | latency:   5.97 s | tokens: 25 | gen_time: 0.072 s | tok/s: 347.04
Request 55 | res_time: 18:13:28.20 | latency:   7.00 s | tokens: 25 | gen_time: 0.072 s | tok/s: 346.62
Request 56 | res_time: 18:13:28.30 | latency:   6.98 s | tokens: 25 | gen_time: 0.072 s | tok/s: 345.90
Request 57 | res_time: 18:13:28.39 | latency:   7.62 s | tokens: 25 | gen_time: 0.072 s | tok/s: 345.43
Request 58 | res_time: 18:13:28.48 | latency:   7.63 s | tokens: 25 | gen_time: 0.072 s | tok/s: 347.36
Request 59 | res_time: 18:13:28.58 | latency:   7.73 s | tokens: 25 | gen_time: 0.072 s | tok/s: 346.97
Request 60 | res_time: 18:13:28.67 | latency:   7.82 s | tokens: 25 | gen_time: 0.072 s | tok/s: 347.37
Request 61 | res_time: 18:13:28.76 | latency:   7.44 s | tokens: 25 | gen_time: 0.072 s | tok/s: 345.94
Request 62 | res_time: 18:13:28.86 | latency:   7.72 s | tokens: 25 | gen_time: 0.072 s | tok/s: 346.78
Request 63 | res_time: 18:13:28.95 | latency:   7.63 s | tokens: 25 | gen_time: 0.072 s | tok/s: 347.25
Request 64 | res_time: 18:13:29.04 | latency:   7.40 s | tokens: 25 | gen_time: 0.072 s | tok/s: 347.93
Request 65 | res_time: 18:13:29.14 | latency:   8.37 s | tokens: 25 | gen_time: 0.073 s | tok/s: 344.42
Request 66 | res_time: 18:13:29.23 | latency:   8.45 s | tokens: 25 | gen_time: 0.072 s | tok/s: 347.24
Request 67 | res_time: 18:13:29.32 | latency:   7.97 s | tokens: 25 | gen_time: 0.072 s | tok/s: 349.04
Request 68 | res_time: 18:13:29.42 | latency:   8.09 s | tokens: 25 | gen_time: 0.072 s | tok/s: 347.16
Request 69 | res_time: 18:13:29.51 | latency:   8.17 s | tokens: 25 | gen_time: 0.072 s | tok/s: 348.57
Request 70 | res_time: 18:13:29.60 | latency:   8.34 s | tokens: 25 | gen_time: 0.072 s | tok/s: 346.86
Request 71 | res_time: 18:13:29.70 | latency:   8.37 s | tokens: 25 | gen_time: 0.072 s | tok/s: 347.77
Request 72 | res_time: 18:13:29.79 | latency:   8.47 s | tokens: 25 | gen_time: 0.072 s | tok/s: 346.60
Request 73 | res_time: 18:13:29.88 | latency:   7.96 s | tokens: 25 | gen_time: 0.072 s | tok/s: 347.18
Request 74 | res_time: 18:13:29.98 | latency:   8.72 s | tokens: 25 | gen_time: 0.072 s | tok/s: 347.93
Request 75 | res_time: 18:13:30.07 | latency:   8.69 s | tokens: 25 | gen_time: 0.072 s | tok/s: 346.09
Request 76 | res_time: 18:13:30.16 | latency:   7.87 s | tokens: 25 | gen_time: 0.072 s | tok/s: 346.62
Request 77 | res_time: 18:13:30.26 | latency:   8.93 s | tokens: 25 | gen_time: 0.072 s | tok/s: 346.87
Request 78 | res_time: 18:13:30.35 | latency:   8.29 s | tokens: 25 | gen_time: 0.072 s | tok/s: 346.02
Request 79 | res_time: 18:13:30.44 | latency:   9.32 s | tokens: 25 | gen_time: 0.072 s | tok/s: 346.23
Request 80 | res_time: 18:13:30.54 | latency:   8.38 s | tokens: 25 | gen_time: 0.072 s | tok/s: 345.58
Request 81 | res_time: 18:13:30.63 | latency:   9.78 s | tokens: 25 | gen_time: 0.072 s | tok/s: 345.67
Request 82 | res_time: 18:13:30.72 | latency:   9.31 s | tokens: 25 | gen_time: 0.072 s | tok/s: 348.44
Request 83 | res_time: 18:13:30.82 | latency:   8.46 s | tokens: 25 | gen_time: 0.072 s | tok/s: 348.19
Request 84 | res_time: 18:13:30.91 | latency:   9.53 s | tokens: 25 | gen_time: 0.072 s | tok/s: 346.73
Request 85 | res_time: 18:13:31.00 | latency:   9.57 s | tokens: 25 | gen_time: 0.072 s | tok/s: 345.49
Request 86 | res_time: 18:13:31.10 | latency:   8.77 s | tokens: 25 | gen_time: 0.073 s | tok/s: 343.99
Request 87 | res_time: 18:13:31.19 | latency:  10.54 s | tokens: 25 | gen_time: 0.072 s | tok/s: 347.44
Request 88 | res_time: 18:13:31.28 | latency:   8.87 s | tokens: 25 | gen_time: 0.072 s | tok/s: 346.34
Request 89 | res_time: 18:13:31.38 | latency:   8.93 s | tokens: 25 | gen_time: 0.072 s | tok/s: 346.10
Request 90 | res_time: 18:13:31.47 | latency:   9.04 s | tokens: 25 | gen_time: 0.072 s | tok/s: 345.45
Request 91 | res_time: 18:13:31.57 | latency:   9.11 s | tokens: 25 | gen_time: 0.072 s | tok/s: 347.85
Request 92 | res_time: 18:13:31.66 | latency:   9.21 s | tokens: 25 | gen_time: 0.072 s | tok/s: 347.58
Request 93 | res_time: 18:13:31.75 | latency:   9.30 s | tokens: 25 | gen_time: 0.072 s | tok/s: 346.60
Request 94 | res_time: 18:13:31.85 | latency:   9.37 s | tokens: 25 | gen_time: 0.072 s | tok/s: 345.55
Request 95 | res_time: 18:13:31.94 | latency:   9.48 s | tokens: 25 | gen_time: 0.072 s | tok/s: 346.97
Request 96 | res_time: 18:13:32.03 | latency:   9.57 s | tokens: 25 | gen_time: 0.072 s | tok/s: 345.40
Request 97 | res_time: 18:13:32.13 | latency:  10.35 s | tokens: 25 | gen_time: 0.072 s | tok/s: 348.24
Request 98 | res_time: 18:13:32.22 | latency:  11.55 s | tokens: 25 | gen_time: 0.072 s | tok/s: 345.21
Request 99 | res_time: 18:13:32.31 | latency:   9.85 s | tokens: 25 | gen_time: 0.072 s | tok/s: 346.81
Request 100 | res_time: 18:13:32.41 | latency:  11.56 s | tokens: 25 | gen_time: 0.072 s | tok/s: 345.74
Request 101 | res_time: 18:13:32.50 | latency:  11.21 s | tokens: 25 | gen_time: 0.072 s | tok/s: 347.52
Request 102 | res_time: 18:13:32.59 | latency:  10.78 s | tokens: 25 | gen_time: 0.072 s | tok/s: 346.82
Request 103 | res_time: 18:13:32.69 | latency:  10.22 s | tokens: 25 | gen_time: 0.072 s | tok/s: 347.09
Request 104 | res_time: 18:13:32.78 | latency:  11.21 s | tokens: 25 | gen_time: 0.072 s | tok/s: 346.59
Request 105 | res_time: 18:13:32.87 | latency:  11.76 s | tokens: 25 | gen_time: 0.072 s | tok/s: 345.47
Request 106 | res_time: 18:13:32.97 | latency:  12.25 s | tokens: 25 | gen_time: 0.072 s | tok/s: 347.18
Request 107 | res_time: 18:13:33.06 | latency:  11.74 s | tokens: 25 | gen_time: 0.072 s | tok/s: 345.79
Request 108 | res_time: 18:13:33.15 | latency:  11.83 s | tokens: 25 | gen_time: 0.072 s | tok/s: 346.93
Request 109 | res_time: 18:13:33.25 | latency:  11.01 s | tokens: 25 | gen_time: 0.072 s | tok/s: 345.46
Request 110 | res_time: 18:13:33.34 | latency:  12.37 s | tokens: 25 | gen_time: 0.072 s | tok/s: 345.25
Request 111 | res_time: 18:13:33.43 | latency:  12.47 s | tokens: 25 | gen_time: 0.072 s | tok/s: 345.89
Request 112 | res_time: 18:13:33.53 | latency:  11.79 s | tokens: 25 | gen_time: 0.072 s | tok/s: 347.23
Request 113 | res_time: 18:13:33.62 | latency:  12.00 s | tokens: 25 | gen_time: 0.072 s | tok/s: 346.97
Request 114 | res_time: 18:13:33.72 | latency:  12.22 s | tokens: 25 | gen_time: 0.072 s | tok/s: 346.77
Request 115 | res_time: 18:13:33.81 | latency:  12.10 s | tokens: 25 | gen_time: 0.072 s | tok/s: 347.57
Request 116 | res_time: 18:13:33.90 | latency:  12.80 s | tokens: 25 | gen_time: 0.072 s | tok/s: 348.86
Request 117 | res_time: 18:13:33.99 | latency:  13.27 s | tokens: 25 | gen_time: 0.072 s | tok/s: 348.47
Request 118 | res_time: 18:13:34.09 | latency:  12.76 s | tokens: 25 | gen_time: 0.073 s | tok/s: 344.71
Request 119 | res_time: 18:13:34.18 | latency:  12.86 s | tokens: 25 | gen_time: 0.072 s | tok/s: 346.80
Request 120 | res_time: 18:13:34.28 | latency:  11.80 s | tokens: 25 | gen_time: 0.072 s | tok/s: 346.09
Request 121 | res_time: 18:13:34.37 | latency:  12.37 s | tokens: 25 | gen_time: 0.072 s | tok/s: 346.44
Request 122 | res_time: 18:13:34.46 | latency:  13.13 s | tokens: 25 | gen_time: 0.072 s | tok/s: 346.49
Request 123 | res_time: 18:13:34.56 | latency:  13.59 s | tokens: 25 | gen_time: 0.072 s | tok/s: 344.83
Request 124 | res_time: 18:13:34.65 | latency:  12.63 s | tokens: 25 | gen_time: 0.072 s | tok/s: 344.99
Request 125 | res_time: 18:13:34.74 | latency:  13.90 s | tokens: 25 | gen_time: 0.072 s | tok/s: 345.73
Request 126 | res_time: 18:13:34.84 | latency:  13.29 s | tokens: 25 | gen_time: 0.072 s | tok/s: 348.96
Request 127 | res_time: 18:13:34.93 | latency:  13.35 s | tokens: 25 | gen_time: 0.072 s | tok/s: 348.02
Request 128 | res_time: 18:13:35.02 | latency:  13.68 s | tokens: 25 | gen_time: 0.072 s | tok/s: 346.46
Request 129 | res_time: 18:13:35.12 | latency:  13.70 s | tokens: 25 | gen_time: 0.072 s | tok/s: 346.40
Request 130 | res_time: 18:13:35.21 | latency:  13.25 s | tokens: 25 | gen_time: 0.072 s | tok/s: 345.87
Request 131 | res_time: 18:13:35.30 | latency:  13.49 s | tokens: 25 | gen_time: 0.072 s | tok/s: 347.32
Request 132 | res_time: 18:13:35.40 | latency:  13.63 s | tokens: 25 | gen_time: 0.072 s | tok/s: 345.05
Request 133 | res_time: 18:13:35.49 | latency:  14.76 s | tokens: 25 | gen_time: 0.073 s | tok/s: 344.22
Request 134 | res_time: 18:13:35.58 | latency:  14.73 s | tokens: 25 | gen_time: 0.072 s | tok/s: 345.94
Request 135 | res_time: 18:13:35.68 | latency:  13.73 s | tokens: 25 | gen_time: 0.072 s | tok/s: 347.09
Request 136 | res_time: 18:13:35.77 | latency:  14.92 s | tokens: 25 | gen_time: 0.072 s | tok/s: 346.34
Request 137 | res_time: 18:13:35.86 | latency:  14.75 s | tokens: 25 | gen_time: 0.072 s | tok/s: 345.97
Request 138 | res_time: 18:13:35.96 | latency:  14.94 s | tokens: 25 | gen_time: 0.073 s | tok/s: 344.77
Request 139 | res_time: 18:13:36.05 | latency:  14.64 s | tokens: 25 | gen_time: 0.072 s | tok/s: 345.86
Request 140 | res_time: 18:13:36.15 | latency:  15.01 s | tokens: 25 | gen_time: 0.072 s | tok/s: 347.10
Request 141 | res_time: 18:13:36.24 | latency:  15.26 s | tokens: 25 | gen_time: 0.072 s | tok/s: 347.20
Request 142 | res_time: 18:13:36.33 | latency:  14.73 s | tokens: 25 | gen_time: 0.072 s | tok/s: 348.77
Request 143 | res_time: 18:13:36.42 | latency:  15.46 s | tokens: 25 | gen_time: 0.072 s | tok/s: 346.91
Request 144 | res_time: 18:13:36.52 | latency:  14.57 s | tokens: 25 | gen_time: 0.072 s | tok/s: 346.92
Request 145 | res_time: 18:13:36.61 | latency:  15.49 s | tokens: 25 | gen_time: 0.072 s | tok/s: 347.30
Request 146 | res_time: 18:13:36.70 | latency:  15.23 s | tokens: 25 | gen_time: 0.072 s | tok/s: 345.96
Request 147 | res_time: 18:13:36.80 | latency:  15.48 s | tokens: 25 | gen_time: 0.072 s | tok/s: 345.45
Request 148 | res_time: 18:13:36.89 | latency:  15.77 s | tokens: 25 | gen_time: 0.072 s | tok/s: 346.82
Request 149 | res_time: 18:13:36.99 | latency:  15.40 s | tokens: 25 | gen_time: 0.072 s | tok/s: 346.15
Request 150 | res_time: 18:13:37.08 | latency:  15.77 s | tokens: 25 | gen_time: 0.072 s | tok/s: 349.20
Request 151 | res_time: 18:13:37.17 | latency:  15.26 s | tokens: 25 | gen_time: 0.072 s | tok/s: 348.76
Request 152 | res_time: 18:13:37.26 | latency:  16.16 s | tokens: 25 | gen_time: 0.072 s | tok/s: 347.63
Request 153 | res_time: 18:13:37.36 | latency:  15.27 s | tokens: 25 | gen_time: 0.072 s | tok/s: 347.88
Request 154 | res_time: 18:13:37.45 | latency:  15.99 s | tokens: 25 | gen_time: 0.072 s | tok/s: 345.56
Request 155 | res_time: 18:13:37.54 | latency:  16.88 s | tokens: 25 | gen_time: 0.072 s | tok/s: 346.60
Request 156 | res_time: 18:13:37.64 | latency:  16.79 s | tokens: 25 | gen_time: 0.072 s | tok/s: 347.36
Request 157 | res_time: 18:13:37.73 | latency:  16.62 s | tokens: 25 | gen_time: 0.072 s | tok/s: 345.99
Request 158 | res_time: 18:13:37.82 | latency:  16.12 s | tokens: 25 | gen_time: 0.072 s | tok/s: 345.28
Request 159 | res_time: 18:13:37.92 | latency:  16.59 s | tokens: 25 | gen_time: 0.072 s | tok/s: 345.70
Request 160 | res_time: 18:13:38.01 | latency:  17.03 s | tokens: 25 | gen_time: 0.072 s | tok/s: 347.86
Request 161 | res_time: 18:13:38.10 | latency:  16.97 s | tokens: 25 | gen_time: 0.072 s | tok/s: 347.53
Request 162 | res_time: 18:13:38.20 | latency:  16.37 s | tokens: 25 | gen_time: 0.072 s | tok/s: 344.98
Request 163 | res_time: 18:13:38.29 | latency:  17.51 s | tokens: 25 | gen_time: 0.072 s | tok/s: 345.38
Request 164 | res_time: 18:13:38.39 | latency:  17.01 s | tokens: 25 | gen_time: 0.072 s | tok/s: 346.20
Request 165 | res_time: 18:13:38.48 | latency:  17.49 s | tokens: 25 | gen_time: 0.072 s | tok/s: 349.07
Request 166 | res_time: 18:13:38.57 | latency:  17.35 s | tokens: 25 | gen_time: 0.072 s | tok/s: 346.96
Request 167 | res_time: 18:13:38.66 | latency:  17.34 s | tokens: 25 | gen_time: 0.072 s | tok/s: 348.26
Request 168 | res_time: 18:13:38.76 | latency:  17.07 s | tokens: 25 | gen_time: 0.072 s | tok/s: 349.05
Request 169 | res_time: 18:13:38.85 | latency:  17.32 s | tokens: 25 | gen_time: 0.073 s | tok/s: 344.68
Request 170 | res_time: 18:13:38.94 | latency:  17.83 s | tokens: 25 | gen_time: 0.072 s | tok/s: 345.65
Request 171 | res_time: 18:13:39.04 | latency:  17.95 s | tokens: 25 | gen_time: 0.072 s | tok/s: 346.02
Request 172 | res_time: 18:13:39.13 | latency:  17.89 s | tokens: 25 | gen_time: 0.072 s | tok/s: 347.91
Request 173 | res_time: 18:13:39.22 | latency:  18.18 s | tokens: 25 | gen_time: 0.072 s | tok/s: 345.93
Request 174 | res_time: 18:13:39.32 | latency:  18.46 s | tokens: 25 | gen_time: 0.072 s | tok/s: 347.37
Request 175 | res_time: 18:13:39.41 | latency:  18.09 s | tokens: 25 | gen_time: 0.072 s | tok/s: 345.01
Request 176 | res_time: 18:13:39.50 | latency:  18.65 s | tokens: 25 | gen_time: 0.072 s | tok/s: 346.24
Request 177 | res_time: 18:13:39.60 | latency:  18.36 s | tokens: 25 | gen_time: 0.072 s | tok/s: 346.00
Request 178 | res_time: 18:13:39.69 | latency:  17.74 s | tokens: 25 | gen_time: 0.072 s | tok/s: 347.56
Request 179 | res_time: 18:13:39.78 | latency:  18.68 s | tokens: 25 | gen_time: 0.072 s | tok/s: 347.10
Request 180 | res_time: 18:13:39.88 | latency:  18.31 s | tokens: 25 | gen_time: 0.072 s | tok/s: 345.94
Request 181 | res_time: 18:13:39.97 | latency:  18.23 s | tokens: 25 | gen_time: 0.072 s | tok/s: 346.95
Request 182 | res_time: 18:13:40.06 | latency:  18.72 s | tokens: 25 | gen_time: 0.072 s | tok/s: 344.92
Request 183 | res_time: 18:13:40.16 | latency:  18.82 s | tokens: 25 | gen_time: 0.072 s | tok/s: 345.31
Request 184 | res_time: 18:13:40.25 | latency:  18.51 s | tokens: 25 | gen_time: 0.073 s | tok/s: 342.97
Request 185 | res_time: 18:13:40.35 | latency:  19.24 s | tokens: 25 | gen_time: 0.073 s | tok/s: 344.25
Request 186 | res_time: 18:13:40.44 | latency:  18.40 s | tokens: 25 | gen_time: 0.072 s | tok/s: 345.90
Request 187 | res_time: 18:13:40.53 | latency:  19.42 s | tokens: 25 | gen_time: 0.072 s | tok/s: 344.99
Request 188 | res_time: 18:13:40.63 | latency:  19.34 s | tokens: 25 | gen_time: 0.073 s | tok/s: 343.71
Request 189 | res_time: 18:13:40.72 | latency:  18.98 s | tokens: 25 | gen_time: 0.072 s | tok/s: 345.74
Request 190 | res_time: 18:13:40.81 | latency:  18.85 s | tokens: 25 | gen_time: 0.072 s | tok/s: 347.36
Request 191 | res_time: 18:13:40.91 | latency:  19.18 s | tokens: 25 | gen_time: 0.072 s | tok/s: 346.36
Request 192 | res_time: 18:13:41.00 | latency:  20.15 s | tokens: 25 | gen_time: 0.072 s | tok/s: 346.74
Request 193 | res_time: 18:13:41.09 | latency:  19.77 s | tokens: 25 | gen_time: 0.072 s | tok/s: 347.33
Request 194 | res_time: 18:13:41.19 | latency:  20.34 s | tokens: 25 | gen_time: 0.072 s | tok/s: 344.97
Request 195 | res_time: 18:13:41.28 | latency:  19.34 s | tokens: 25 | gen_time: 0.072 s | tok/s: 347.48
Request 196 | res_time: 18:13:41.37 | latency:  19.56 s | tokens: 25 | gen_time: 0.072 s | tok/s: 346.35
Request 197 | res_time: 18:13:41.47 | latency:  19.99 s | tokens: 25 | gen_time: 0.072 s | tok/s: 346.21
Request 198 | res_time: 18:13:41.56 | latency:  20.59 s | tokens: 25 | gen_time: 0.072 s | tok/s: 348.34
Request 199 | res_time: 18:13:41.65 | latency:  20.26 s | tokens: 25 | gen_time: 0.072 s | tok/s: 346.41
Request 200 | res_time: 18:13:41.75 | latency:  20.42 s | tokens: 25 | gen_time: 0.072 s | tok/s: 347.27
Request 201 | res_time: 18:13:41.84 | latency:  20.08 s | tokens: 25 | gen_time: 0.072 s | tok/s: 346.14
Request 202 | res_time: 18:13:41.93 | latency:  20.81 s | tokens: 25 | gen_time: 0.072 s | tok/s: 345.99
Request 203 | res_time: 18:13:42.03 | latency:  20.70 s | tokens: 25 | gen_time: 0.072 s | tok/s: 345.28
Request 204 | res_time: 18:13:42.12 | latency:  21.28 s | tokens: 25 | gen_time: 0.072 s | tok/s: 346.93
Request 205 | res_time: 18:13:42.21 | latency:  21.23 s | tokens: 25 | gen_time: 0.072 s | tok/s: 348.44
Request 206 | res_time: 18:13:42.31 | latency:  21.58 s | tokens: 25 | gen_time: 0.072 s | tok/s: 348.76
Request 207 | res_time: 18:13:42.40 | latency:  21.40 s | tokens: 25 | gen_time: 0.072 s | tok/s: 345.40
Request 208 | res_time: 18:13:42.49 | latency:  21.10 s | tokens: 25 | gen_time: 0.072 s | tok/s: 345.08
Request 209 | res_time: 18:13:42.59 | latency:  20.98 s | tokens: 25 | gen_time: 0.072 s | tok/s: 346.05
Request 210 | res_time: 18:13:42.68 | latency:  20.70 s | tokens: 25 | gen_time: 0.072 s | tok/s: 346.68
Request 211 | res_time: 18:13:42.77 | latency:  20.83 s | tokens: 25 | gen_time: 0.072 s | tok/s: 345.23
Request 212 | res_time: 18:13:42.87 | latency:  22.02 s | tokens: 25 | gen_time: 0.072 s | tok/s: 346.71
Request 213 | res_time: 18:13:42.96 | latency:  22.20 s | tokens: 25 | gen_time: 0.072 s | tok/s: 348.15
Request 214 | res_time: 18:13:43.05 | latency:  21.43 s | tokens: 25 | gen_time: 0.072 s | tok/s: 346.28
Request 215 | res_time: 18:13:43.15 | latency:  22.43 s | tokens: 25 | gen_time: 0.072 s | tok/s: 347.09
Request 216 | res_time: 18:13:43.24 | latency:  22.20 s | tokens: 25 | gen_time: 0.072 s | tok/s: 348.28
Request 217 | res_time: 18:13:43.33 | latency:  21.96 s | tokens: 25 | gen_time: 0.072 s | tok/s: 347.46
Request 218 | res_time: 18:13:43.42 | latency:  21.23 s | tokens: 25 | gen_time: 0.072 s | tok/s: 347.21
Request 219 | res_time: 18:13:43.52 | latency:  22.54 s | tokens: 25 | gen_time: 0.072 s | tok/s: 348.52
Request 220 | res_time: 18:13:43.61 | latency:  21.35 s | tokens: 25 | gen_time: 0.072 s | tok/s: 348.12
Request 221 | res_time: 18:13:43.70 | latency:  22.93 s | tokens: 25 | gen_time: 0.072 s | tok/s: 345.37
Request 222 | res_time: 18:13:43.80 | latency:  22.73 s | tokens: 25 | gen_time: 0.072 s | tok/s: 347.52
Request 223 | res_time: 18:13:43.89 | latency:  22.57 s | tokens: 25 | gen_time: 0.072 s | tok/s: 346.53
Request 224 | res_time: 18:13:43.98 | latency:  22.66 s | tokens: 25 | gen_time: 0.072 s | tok/s: 346.25
Request 225 | res_time: 18:13:44.08 | latency:  21.95 s | tokens: 25 | gen_time: 0.072 s | tok/s: 347.27
Request 226 | res_time: 18:13:44.17 | latency:  22.93 s | tokens: 25 | gen_time: 0.072 s | tok/s: 346.66
Request 227 | res_time: 18:13:44.26 | latency:  22.46 s | tokens: 25 | gen_time: 0.072 s | tok/s: 347.23
Request 228 | res_time: 18:13:44.36 | latency:  23.03 s | tokens: 25 | gen_time: 0.072 s | tok/s: 346.09
Request 229 | res_time: 18:13:44.45 | latency:  23.69 s | tokens: 25 | gen_time: 0.072 s | tok/s: 345.41
Request 230 | res_time: 18:13:44.54 | latency:  23.22 s | tokens: 25 | gen_time: 0.072 s | tok/s: 346.26
Request 231 | res_time: 18:13:44.64 | latency:  23.31 s | tokens: 25 | gen_time: 0.072 s | tok/s: 348.23
Request 232 | res_time: 18:13:44.73 | latency:  23.41 s | tokens: 25 | gen_time: 0.072 s | tok/s: 345.96
Request 233 | res_time: 18:13:44.82 | latency:  23.97 s | tokens: 25 | gen_time: 0.072 s | tok/s: 345.51
Request 234 | res_time: 18:13:44.92 | latency:  23.68 s | tokens: 25 | gen_time: 0.072 s | tok/s: 347.31
Request 235 | res_time: 18:13:45.01 | latency:  23.97 s | tokens: 25 | gen_time: 0.072 s | tok/s: 348.29
Request 236 | res_time: 18:13:45.10 | latency:  23.99 s | tokens: 25 | gen_time: 0.072 s | tok/s: 345.49
Request 237 | res_time: 18:13:45.20 | latency:  23.53 s | tokens: 25 | gen_time: 0.072 s | tok/s: 347.37
Request 238 | res_time: 18:13:45.29 | latency:  24.32 s | tokens: 25 | gen_time: 0.072 s | tok/s: 347.28
Request 239 | res_time: 18:13:45.38 | latency:  24.61 s | tokens: 25 | gen_time: 0.072 s | tok/s: 347.80
Request 240 | res_time: 18:13:45.48 | latency:  24.74 s | tokens: 25 | gen_time: 0.072 s | tok/s: 348.18
Request 241 | res_time: 18:13:45.57 | latency:  24.21 s | tokens: 25 | gen_time: 0.072 s | tok/s: 345.20
Request 242 | res_time: 18:13:45.66 | latency:  24.11 s | tokens: 25 | gen_time: 0.072 s | tok/s: 347.90
Request 243 | res_time: 18:13:45.76 | latency:  24.32 s | tokens: 25 | gen_time: 0.072 s | tok/s: 345.73
Request 244 | res_time: 18:13:45.85 | latency:  24.18 s | tokens: 25 | gen_time: 0.072 s | tok/s: 345.62
Request 245 | res_time: 18:13:45.94 | latency:  24.35 s | tokens: 25 | gen_time: 0.072 s | tok/s: 345.34
Request 246 | res_time: 18:13:46.04 | latency:  25.32 s | tokens: 25 | gen_time: 0.072 s | tok/s: 345.16
Request 247 | res_time: 18:13:46.13 | latency:  24.81 s | tokens: 25 | gen_time: 0.072 s | tok/s: 344.98
Request 248 | res_time: 18:13:46.23 | latency:  25.37 s | tokens: 25 | gen_time: 0.073 s | tok/s: 344.16
Request 249 | res_time: 18:13:46.32 | latency:  24.28 s | tokens: 25 | gen_time: 0.072 s | tok/s: 346.88
Request 250 | res_time: 18:13:46.41 | latency:  25.09 s | tokens: 25 | gen_time: 0.072 s | tok/s: 345.42
Request 251 | res_time: 18:13:46.51 | latency:  25.39 s | tokens: 25 | gen_time: 0.072 s | tok/s: 346.39
Request 252 | res_time: 18:13:46.60 | latency:  25.75 s | tokens: 25 | gen_time: 0.072 s | tok/s: 346.19
Request 253 | res_time: 18:13:46.69 | latency:  24.91 s | tokens: 25 | gen_time: 0.072 s | tok/s: 345.75
Request 254 | res_time: 18:13:46.79 | latency:  24.61 s | tokens: 25 | gen_time: 0.072 s | tok/s: 345.04
Request 255 | res_time: 18:13:46.88 | latency:  25.07 s | tokens: 25 | gen_time: 0.072 s | tok/s: 347.71
Request 256 | res_time: 18:13:46.97 | latency:  24.64 s | tokens: 25 | gen_time: 0.073 s | tok/s: 344.34
Request 257 | res_time: 18:13:47.07 | latency:  26.35 s | tokens: 25 | gen_time: 0.072 s | tok/s: 346.85
Request 258 | res_time: 18:13:47.16 | latency:  26.19 s | tokens: 25 | gen_time: 0.072 s | tok/s: 346.18
Request 259 | res_time: 18:13:47.26 | latency:  26.15 s | tokens: 25 | gen_time: 0.072 s | tok/s: 346.70
Request 260 | res_time: 18:13:47.35 | latency:  25.41 s | tokens: 25 | gen_time: 0.072 s | tok/s: 344.92
Request 261 | res_time: 18:13:47.44 | latency:  26.23 s | tokens: 25 | gen_time: 0.072 s | tok/s: 345.40
Request 262 | res_time: 18:13:47.54 | latency:  26.69 s | tokens: 25 | gen_time: 0.072 s | tok/s: 345.26
Request 263 | res_time: 18:13:47.63 | latency:  25.86 s | tokens: 25 | gen_time: 0.072 s | tok/s: 345.87
Request 264 | res_time: 18:13:47.72 | latency:  25.83 s | tokens: 25 | gen_time: 0.072 s | tok/s: 346.57
Request 265 | res_time: 18:13:47.82 | latency:  26.49 s | tokens: 25 | gen_time: 0.072 s | tok/s: 347.29
Request 266 | res_time: 18:13:47.91 | latency:  25.69 s | tokens: 25 | gen_time: 0.072 s | tok/s: 345.43
Request 267 | res_time: 18:13:48.00 | latency:  25.82 s | tokens: 25 | gen_time: 0.072 s | tok/s: 346.77
Request 268 | res_time: 18:13:48.10 | latency:  26.28 s | tokens: 25 | gen_time: 0.072 s | tok/s: 346.46
Request 269 | res_time: 18:13:48.19 | latency:  27.08 s | tokens: 25 | gen_time: 0.072 s | tok/s: 346.23
Request 270 | res_time: 18:13:48.28 | latency:  27.18 s | tokens: 25 | gen_time: 0.072 s | tok/s: 348.33
Request 271 | res_time: 18:13:48.38 | latency:  27.31 s | tokens: 25 | gen_time: 0.072 s | tok/s: 345.79
Request 272 | res_time: 18:13:48.47 | latency:  27.62 s | tokens: 25 | gen_time: 0.072 s | tok/s: 347.02
Request 273 | res_time: 18:13:48.56 | latency:  27.44 s | tokens: 25 | gen_time: 0.072 s | tok/s: 347.89
Request 274 | res_time: 18:13:48.66 | latency:  27.55 s | tokens: 25 | gen_time: 0.073 s | tok/s: 344.49
Request 275 | res_time: 18:13:48.75 | latency:  27.51 s | tokens: 25 | gen_time: 0.072 s | tok/s: 346.83
Request 276 | res_time: 18:13:48.84 | latency:  28.08 s | tokens: 25 | gen_time: 0.072 s | tok/s: 348.54
Request 277 | res_time: 18:13:48.94 | latency:  27.62 s | tokens: 25 | gen_time: 0.072 s | tok/s: 346.56
Request 278 | res_time: 18:13:49.03 | latency:  26.92 s | tokens: 25 | gen_time: 0.072 s | tok/s: 346.87
Request 279 | res_time: 18:13:49.12 | latency:  28.27 s | tokens: 25 | gen_time: 0.072 s | tok/s: 346.86
Request 280 | res_time: 18:13:49.21 | latency:  27.34 s | tokens: 25 | gen_time: 0.072 s | tok/s: 346.91
Request 281 | res_time: 18:13:49.31 | latency:  28.58 s | tokens: 25 | gen_time: 0.072 s | tok/s: 344.93
Request 282 | res_time: 18:13:49.40 | latency:  27.46 s | tokens: 25 | gen_time: 0.072 s | tok/s: 344.99
Request 283 | res_time: 18:13:49.50 | latency:  28.64 s | tokens: 25 | gen_time: 0.072 s | tok/s: 345.28
Request 284 | res_time: 18:13:49.59 | latency:  28.74 s | tokens: 25 | gen_time: 0.072 s | tok/s: 346.69
Request 285 | res_time: 18:13:49.68 | latency:  28.71 s | tokens: 25 | gen_time: 0.072 s | tok/s: 345.36
Request 286 | res_time: 18:13:49.78 | latency:  27.51 s | tokens: 25 | gen_time: 0.072 s | tok/s: 344.85
Request 287 | res_time: 18:13:49.87 | latency:  28.90 s | tokens: 25 | gen_time: 0.072 s | tok/s: 347.87
Request 288 | res_time: 18:13:49.96 | latency:  28.94 s | tokens: 25 | gen_time: 0.072 s | tok/s: 346.80
Request 289 | res_time: 18:13:50.06 | latency:  27.92 s | tokens: 25 | gen_time: 0.073 s | tok/s: 344.72
Request 290 | res_time: 18:13:50.16 | latency:  28.23 s | tokens: 25 | gen_time: 0.073 s | tok/s: 344.04
Request 291 | res_time: 18:13:50.25 | latency:  29.13 s | tokens: 25 | gen_time: 0.072 s | tok/s: 345.15
Request 292 | res_time: 18:13:50.34 | latency:  29.37 s | tokens: 25 | gen_time: 0.072 s | tok/s: 345.00
Request 293 | res_time: 18:13:50.44 | latency:  29.08 s | tokens: 25 | gen_time: 0.073 s | tok/s: 344.82
Request 294 | res_time: 18:13:50.53 | latency:  29.43 s | tokens: 25 | gen_time: 0.072 s | tok/s: 347.46
Request 295 | res_time: 18:13:50.63 | latency:  29.49 s | tokens: 25 | gen_time: 0.072 s | tok/s: 345.72
Request 296 | res_time: 18:13:50.72 | latency:  29.59 s | tokens: 25 | gen_time: 0.073 s | tok/s: 341.71
Request 297 | res_time: 18:13:50.82 | latency:  28.63 s | tokens: 25 | gen_time: 0.072 s | tok/s: 347.53
Request 298 | res_time: 18:13:50.91 | latency:  29.92 s | tokens: 25 | gen_time: 0.072 s | tok/s: 344.93
Request 299 | res_time: 18:13:51.01 | latency:  29.89 s | tokens: 25 | gen_time: 0.072 s | tok/s: 345.30
Request 300 | res_time: 18:13:51.10 | latency:  29.16 s | tokens: 25 | gen_time: 0.072 s | tok/s: 345.50

--- TEST CONFIGURATION ---
MIG Config: all-balanced
Ollama Replicas: 1
Total requests: 300
Concurrency: 300
Requested output tokens (effort): 25

Total tokens: 7500
Wall time (s): 30.47
GPU time (s): 21.67

--- METRICS ---
Throughput REAL (tok/s): 246.17
Throughput GPU (tok/s): 346.06
Avg tokens/sec per request: 346.10
Latency avg (ms): 15796.74
Latency p95 (ms): 28634.39

Run appended to CSV table: results/results_table.csv
Per-request stats appended to CSV table: results/result-20260902-181320-627-all-balanced-replicas1-25.csv
