[18:15:58] Starting load test
[18:15:58] MIG Config: all-balanced
[18:15:58] Ollama Replicas: 1
[18:15:58] Total requests: 500
[18:15:58] Concurrency: 500
[18:15:58] Output tokens (effort): 25
[18:15:58] REQUEST: 1 - STARTED in background (active_jobs=1)
[18:15:58] REQUEST: 2 - STARTED in background (active_jobs=2)
[18:15:58] REQUEST: 3 - STARTED in background (active_jobs=3)
[18:15:58] REQUEST: 4 - STARTED in background (active_jobs=4)
[18:15:58] REQUEST: 5 - STARTED in background (active_jobs=5)
[18:15:58] REQUEST: 6 - STARTED in background (active_jobs=6)
[18:15:58] REQUEST: 7 - STARTED in background (active_jobs=7)
[18:15:58] REQUEST: 8 - STARTED in background (active_jobs=8)
[18:15:58] REQUEST: 9 - STARTED in background (active_jobs=9)
[18:15:58] REQUEST: 10 - STARTED in background (active_jobs=10)
[18:15:58] REQUEST: 11 - STARTED in background (active_jobs=11)
[18:15:58] REQUEST: 12 - STARTED in background (active_jobs=12)
[18:15:58] REQUEST: 13 - STARTED in background (active_jobs=13)
[18:15:58] REQUEST: 14 - STARTED in background (active_jobs=14)
[18:15:58] REQUEST: 15 - STARTED in background (active_jobs=15)
[18:15:58] REQUEST: 16 - STARTED in background (active_jobs=16)
[18:15:58] REQUEST: 17 - STARTED in background (active_jobs=17)
[18:15:58] REQUEST: 18 - STARTED in background (active_jobs=18)
[18:15:58] REQUEST: 19 - STARTED in background (active_jobs=19)
[18:15:58] REQUEST: 20 - STARTED in background (active_jobs=20)
[18:15:58] REQUEST: 21 - STARTED in background (active_jobs=21)
[18:15:58] REQUEST: 22 - STARTED in background (active_jobs=22)
[18:15:58] REQUEST: 23 - STARTED in background (active_jobs=23)
[18:15:58] REQUEST: 24 - STARTED in background (active_jobs=24)
[18:15:58] REQUEST: 25 - STARTED in background (active_jobs=25)
[18:15:58] REQUEST: 26 - STARTED in background (active_jobs=26)
[18:15:58] REQUEST: 27 - STARTED in background (active_jobs=27)
[18:15:58] REQUEST: 28 - STARTED in background (active_jobs=28)
[18:15:58] REQUEST: 29 - STARTED in background (active_jobs=29)
[18:15:58] REQUEST: 30 - STARTED in background (active_jobs=30)
[18:15:58] REQUEST: 31 - STARTED in background (active_jobs=31)
[18:15:58] REQUEST: 32 - STARTED in background (active_jobs=32)
[18:15:58] REQUEST: 33 - STARTED in background (active_jobs=33)
[18:15:58] REQUEST: 34 - STARTED in background (active_jobs=34)
[18:15:58] REQUEST: 35 - STARTED in background (active_jobs=35)
[18:15:58] REQUEST: 36 - STARTED in background (active_jobs=36)
[18:15:58] REQUEST: 37 - STARTED in background (active_jobs=37)
[18:15:58] REQUEST: 38 - STARTED in background (active_jobs=38)
[18:15:58] REQUEST: 39 - STARTED in background (active_jobs=39)
[18:15:58] REQUEST: 40 - STARTED in background (active_jobs=40)
[18:15:58] REQUEST: 41 - STARTED in background (active_jobs=41)
[18:15:58] REQUEST: 42 - STARTED in background (active_jobs=42)
[18:15:58] REQUEST: 43 - STARTED in background (active_jobs=43)
[18:15:58] REQUEST: 44 - STARTED in background (active_jobs=44)
[18:15:58] REQUEST: 45 - STARTED in background (active_jobs=45)
[18:15:58] REQUEST: 46 - STARTED in background (active_jobs=46)
[18:15:58] REQUEST: 47 - STARTED in background (active_jobs=47)
[18:15:58] REQUEST: 48 - STARTED in background (active_jobs=48)
[18:15:58] REQUEST: 49 - STARTED in background (active_jobs=49)
[18:15:58] REQUEST: 50 - STARTED in background (active_jobs=50)
[18:15:58] REQUEST: 51 - STARTED in background (active_jobs=51)
[18:15:58] REQUEST: 52 - STARTED in background (active_jobs=52)
[18:15:58] REQUEST: 53 - STARTED in background (active_jobs=53)
[18:15:58] REQUEST: 54 - STARTED in background (active_jobs=54)
[18:15:58] REQUEST: 55 - STARTED in background (active_jobs=55)
[18:15:58] REQUEST: 56 - STARTED in background (active_jobs=56)
[18:15:58] REQUEST: 57 - STARTED in background (active_jobs=57)
[18:15:58] REQUEST: 58 - STARTED in background (active_jobs=58)
[18:15:58] REQUEST: 59 - STARTED in background (active_jobs=59)
[18:15:58] REQUEST: 60 - STARTED in background (active_jobs=60)
[18:15:58] REQUEST: 61 - STARTED in background (active_jobs=61)
[18:15:58] REQUEST: 62 - STARTED in background (active_jobs=62)
[18:15:58] REQUEST: 63 - STARTED in background (active_jobs=63)
[18:15:58] REQUEST: 64 - STARTED in background (active_jobs=64)
[18:15:58] REQUEST: 65 - STARTED in background (active_jobs=65)
[18:15:58] REQUEST: 66 - STARTED in background (active_jobs=66)
[18:15:58] REQUEST: 67 - STARTED in background (active_jobs=67)
[18:15:58] REQUEST: 68 - STARTED in background (active_jobs=68)
[18:15:58] REQUEST: 69 - STARTED in background (active_jobs=69)
[18:15:58] REQUEST: 70 - STARTED in background (active_jobs=70)
[18:15:58] REQUEST: 71 - STARTED in background (active_jobs=71)
[18:15:58] REQUEST: 72 - STARTED in background (active_jobs=72)
[18:15:58] REQUEST: 73 - STARTED in background (active_jobs=73)
[18:15:58] REQUEST: 74 - STARTED in background (active_jobs=74)
[18:15:58] REQUEST: 75 - STARTED in background (active_jobs=75)
[18:15:58] REQUEST: 76 - STARTED in background (active_jobs=76)
[18:15:58] REQUEST: 77 - STARTED in background (active_jobs=77)
[18:15:58] REQUEST: 78 - STARTED in background (active_jobs=78)
[18:15:58] REQUEST: 79 - STARTED in background (active_jobs=79)
[18:15:58] REQUEST: 80 - STARTED in background (active_jobs=80)
[18:15:58] REQUEST: 81 - STARTED in background (active_jobs=81)
[18:15:58] REQUEST: 82 - STARTED in background (active_jobs=82)
[18:15:58] REQUEST: 83 - STARTED in background (active_jobs=83)
[18:15:58] REQUEST: 84 - STARTED in background (active_jobs=84)
[18:15:58] REQUEST: 85 - STARTED in background (active_jobs=85)
[18:15:58] REQUEST: 86 - STARTED in background (active_jobs=86)
[18:15:58] REQUEST: 87 - STARTED in background (active_jobs=87)
[18:15:58] REQUEST: 88 - STARTED in background (active_jobs=88)
[18:15:58] REQUEST: 89 - STARTED in background (active_jobs=89)
[18:15:58] REQUEST: 90 - STARTED in background (active_jobs=90)
[18:15:58] REQUEST: 91 - STARTED in background (active_jobs=91)
[18:15:58] REQUEST: 92 - STARTED in background (active_jobs=92)
[18:15:58] REQUEST: 93 - STARTED in background (active_jobs=93)
[18:15:58] REQUEST: 94 - STARTED in background (active_jobs=94)
[18:15:58] REQUEST: 95 - STARTED in background (active_jobs=95)
[18:15:58] REQUEST: 96 - STARTED in background (active_jobs=96)
[18:15:58] REQUEST: 97 - STARTED in background (active_jobs=97)
[18:15:58] REQUEST: 98 - STARTED in background (active_jobs=98)
[18:15:58] REQUEST: 99 - STARTED in background (active_jobs=99)
[18:15:58] REQUEST: 100 - STARTED in background (active_jobs=100)
[18:15:58] REQUEST: 101 - STARTED in background (active_jobs=101)
[18:15:58] REQUEST: 102 - STARTED in background (active_jobs=102)
[18:15:58] REQUEST: 103 - STARTED in background (active_jobs=103)
[18:15:58] REQUEST: 104 - STARTED in background (active_jobs=104)
[18:15:58] REQUEST: 105 - STARTED in background (active_jobs=105)
[18:15:58] REQUEST: 106 - STARTED in background (active_jobs=106)
[18:15:58] REQUEST: 107 - STARTED in background (active_jobs=107)
[18:15:58] REQUEST: 108 - STARTED in background (active_jobs=108)
[18:15:58] REQUEST: 109 - STARTED in background (active_jobs=109)
[18:15:58] REQUEST: 110 - STARTED in background (active_jobs=110)
[18:15:58] REQUEST: 111 - STARTED in background (active_jobs=111)
[18:15:58] REQUEST: 112 - STARTED in background (active_jobs=112)
[18:15:58] REQUEST: 113 - STARTED in background (active_jobs=113)
[18:15:58] REQUEST: 114 - STARTED in background (active_jobs=114)
[18:15:58] REQUEST: 115 - STARTED in background (active_jobs=115)
[18:15:58] REQUEST: 116 - STARTED in background (active_jobs=116)
[18:15:58] REQUEST: 117 - STARTED in background (active_jobs=117)
[18:15:58] REQUEST: 118 - STARTED in background (active_jobs=118)
[18:15:58] REQUEST: 119 - STARTED in background (active_jobs=119)
[18:15:58] REQUEST: 120 - STARTED in background (active_jobs=120)
[18:15:58] REQUEST: 121 - STARTED in background (active_jobs=121)
[18:15:58] REQUEST: 122 - STARTED in background (active_jobs=122)
[18:15:58] REQUEST: 123 - STARTED in background (active_jobs=123)
[18:15:58] REQUEST: 124 - STARTED in background (active_jobs=124)
[18:15:58] REQUEST: 125 - STARTED in background (active_jobs=125)
[18:15:58] REQUEST: 126 - STARTED in background (active_jobs=126)
[18:15:58] REQUEST: 127 - STARTED in background (active_jobs=127)
[18:15:58] REQUEST: 128 - STARTED in background (active_jobs=128)
[18:15:58] REQUEST: 129 - STARTED in background (active_jobs=129)
[18:15:58] REQUEST: 130 - STARTED in background (active_jobs=130)
[18:15:58] REQUEST: 131 - STARTED in background (active_jobs=131)
[18:15:58] REQUEST: 132 - STARTED in background (active_jobs=132)
[18:15:58] REQUEST: 133 - STARTED in background (active_jobs=133)
[18:15:58] REQUEST: 134 - STARTED in background (active_jobs=134)
[18:15:58] REQUEST: 135 - STARTED in background (active_jobs=135)
[18:15:58] REQUEST: 136 - STARTED in background (active_jobs=136)
[18:15:58] REQUEST: 137 - STARTED in background (active_jobs=137)
[18:15:58] REQUEST: 138 - STARTED in background (active_jobs=138)
[18:15:58] REQUEST: 139 - STARTED in background (active_jobs=139)
[18:15:58] REQUEST: 140 - STARTED in background (active_jobs=140)
[18:15:58] REQUEST: 141 - STARTED in background (active_jobs=141)
[18:15:58] REQUEST: 142 - STARTED in background (active_jobs=142)
[18:15:58] REQUEST: 143 - STARTED in background (active_jobs=143)
[18:15:58] REQUEST: 144 - STARTED in background (active_jobs=144)
[18:15:58] REQUEST: 145 - STARTED in background (active_jobs=145)
[18:15:58] REQUEST: 146 - STARTED in background (active_jobs=146)
[18:15:58] REQUEST: 147 - STARTED in background (active_jobs=147)
[18:15:58] REQUEST: 148 - STARTED in background (active_jobs=148)
[18:15:58] REQUEST: 149 - STARTED in background (active_jobs=149)
[18:15:58] REQUEST: 150 - STARTED in background (active_jobs=150)
[18:15:58] REQUEST: 151 - STARTED in background (active_jobs=151)
[18:15:58] REQUEST: 2 - COMPLETED
[18:15:58] REQUEST: 152 - STARTED in background (active_jobs=152)
[18:15:58] REQUEST: 153 - STARTED in background (active_jobs=153)
[18:15:58] REQUEST: 154 - STARTED in background (active_jobs=154)
[18:15:58] REQUEST: 155 - STARTED in background (active_jobs=155)
[18:15:58] REQUEST: 156 - STARTED in background (active_jobs=156)
[18:15:58] REQUEST: 157 - STARTED in background (active_jobs=157)
[18:15:58] REQUEST: 158 - STARTED in background (active_jobs=158)
[18:15:58] REQUEST: 159 - STARTED in background (active_jobs=159)
[18:15:58] REQUEST: 160 - STARTED in background (active_jobs=160)
[18:15:58] REQUEST: 161 - STARTED in background (active_jobs=161)
[18:15:58] REQUEST: 162 - STARTED in background (active_jobs=162)
[18:15:58] REQUEST: 163 - STARTED in background (active_jobs=163)
[18:15:58] REQUEST: 164 - STARTED in background (active_jobs=164)
[18:15:58] REQUEST: 165 - STARTED in background (active_jobs=165)
[18:15:58] REQUEST: 166 - STARTED in background (active_jobs=166)
[18:15:58] REQUEST: 167 - STARTED in background (active_jobs=167)
[18:15:58] REQUEST: 168 - STARTED in background (active_jobs=168)
[18:15:58] REQUEST: 169 - STARTED in background (active_jobs=169)
[18:15:58] REQUEST: 170 - STARTED in background (active_jobs=170)
[18:15:58] REQUEST: 171 - STARTED in background (active_jobs=171)
[18:15:58] REQUEST: 172 - STARTED in background (active_jobs=172)
[18:15:58] REQUEST: 173 - STARTED in background (active_jobs=173)
[18:15:58] REQUEST: 174 - STARTED in background (active_jobs=174)
[18:15:58] REQUEST: 175 - STARTED in background (active_jobs=175)
[18:15:58] REQUEST: 176 - STARTED in background (active_jobs=176)
[18:15:58] REQUEST: 177 - STARTED in background (active_jobs=177)
[18:15:58] REQUEST: 178 - STARTED in background (active_jobs=178)
[18:15:58] REQUEST: 179 - STARTED in background (active_jobs=179)
[18:15:58] REQUEST: 180 - STARTED in background (active_jobs=180)
[18:15:58] REQUEST: 181 - STARTED in background (active_jobs=181)
[18:15:58] REQUEST: 182 - STARTED in background (active_jobs=182)
[18:15:58] REQUEST: 183 - STARTED in background (active_jobs=183)
[18:15:58] REQUEST: 184 - STARTED in background (active_jobs=184)
[18:15:58] REQUEST: 185 - STARTED in background (active_jobs=185)
[18:15:58] REQUEST: 186 - STARTED in background (active_jobs=186)
[18:15:58] REQUEST: 187 - STARTED in background (active_jobs=187)
[18:15:58] REQUEST: 188 - STARTED in background (active_jobs=188)
[18:15:58] REQUEST: 189 - STARTED in background (active_jobs=189)
[18:15:58] REQUEST: 190 - STARTED in background (active_jobs=190)
[18:15:58] REQUEST: 191 - STARTED in background (active_jobs=191)
[18:15:58] REQUEST: 192 - STARTED in background (active_jobs=192)
[18:15:58] REQUEST: 193 - STARTED in background (active_jobs=193)
[18:15:58] REQUEST: 194 - STARTED in background (active_jobs=194)
[18:15:58] REQUEST: 195 - STARTED in background (active_jobs=195)
[18:15:58] REQUEST: 196 - STARTED in background (active_jobs=196)
[18:15:58] REQUEST: 197 - STARTED in background (active_jobs=197)
[18:15:58] REQUEST: 198 - STARTED in background (active_jobs=198)
[18:15:58] REQUEST: 199 - STARTED in background (active_jobs=199)
[18:15:58] REQUEST: 200 - STARTED in background (active_jobs=200)
[18:15:58] REQUEST: 201 - STARTED in background (active_jobs=201)
[18:15:58] REQUEST: 202 - STARTED in background (active_jobs=202)
[18:15:58] REQUEST: 203 - STARTED in background (active_jobs=203)
[18:15:58] REQUEST: 204 - STARTED in background (active_jobs=204)
[18:15:58] REQUEST: 205 - STARTED in background (active_jobs=205)
[18:15:58] REQUEST: 206 - STARTED in background (active_jobs=206)
[18:15:58] REQUEST: 207 - STARTED in background (active_jobs=207)
[18:15:58] REQUEST: 208 - STARTED in background (active_jobs=208)
[18:15:58] REQUEST: 209 - STARTED in background (active_jobs=209)
[18:15:58] REQUEST: 210 - STARTED in background (active_jobs=210)
[18:15:58] REQUEST: 211 - STARTED in background (active_jobs=211)
[18:15:58] REQUEST: 212 - STARTED in background (active_jobs=212)
[18:15:58] REQUEST: 213 - STARTED in background (active_jobs=213)
[18:15:58] REQUEST: 214 - STARTED in background (active_jobs=214)
[18:15:58] REQUEST: 215 - STARTED in background (active_jobs=215)
[18:15:58] REQUEST: 216 - STARTED in background (active_jobs=216)
[18:15:58] REQUEST: 217 - STARTED in background (active_jobs=217)
[18:15:58] REQUEST: 218 - STARTED in background (active_jobs=218)
[18:15:58] REQUEST: 219 - STARTED in background (active_jobs=219)
[18:15:58] REQUEST: 220 - STARTED in background (active_jobs=220)
[18:15:58] REQUEST: 221 - STARTED in background (active_jobs=221)
[18:15:58] REQUEST: 222 - STARTED in background (active_jobs=222)
[18:15:58] REQUEST: 223 - STARTED in background (active_jobs=223)
[18:15:58] REQUEST: 224 - STARTED in background (active_jobs=224)
[18:15:58] REQUEST: 225 - STARTED in background (active_jobs=225)
[18:15:58] REQUEST: 226 - STARTED in background (active_jobs=226)
[18:15:58] REQUEST: 227 - STARTED in background (active_jobs=227)
[18:15:58] REQUEST: 228 - STARTED in background (active_jobs=228)
[18:15:58] REQUEST: 229 - STARTED in background (active_jobs=229)
[18:15:58] REQUEST: 230 - STARTED in background (active_jobs=230)
[18:15:58] REQUEST: 231 - STARTED in background (active_jobs=231)
[18:15:58] REQUEST: 232 - STARTED in background (active_jobs=232)
[18:15:58] REQUEST: 233 - STARTED in background (active_jobs=233)
[18:15:58] REQUEST: 234 - STARTED in background (active_jobs=234)
[18:15:58] REQUEST: 235 - STARTED in background (active_jobs=235)
[18:15:58] REQUEST: 236 - STARTED in background (active_jobs=236)
[18:15:58] REQUEST: 237 - STARTED in background (active_jobs=237)
[18:15:58] REQUEST: 238 - STARTED in background (active_jobs=238)
[18:15:58] REQUEST: 239 - STARTED in background (active_jobs=239)
[18:15:58] REQUEST: 240 - STARTED in background (active_jobs=240)
[18:15:58] REQUEST: 241 - STARTED in background (active_jobs=241)
[18:15:58] REQUEST: 242 - STARTED in background (active_jobs=242)
[18:15:58] REQUEST: 243 - STARTED in background (active_jobs=243)
[18:15:58] REQUEST: 244 - STARTED in background (active_jobs=244)
[18:15:58] REQUEST: 245 - STARTED in background (active_jobs=245)
[18:15:59] REQUEST: 246 - STARTED in background (active_jobs=246)
[18:15:59] REQUEST: 247 - STARTED in background (active_jobs=247)
[18:15:59] REQUEST: 248 - STARTED in background (active_jobs=248)
[18:15:59] REQUEST: 249 - STARTED in background (active_jobs=249)
[18:15:59] REQUEST: 250 - STARTED in background (active_jobs=250)
[18:15:59] REQUEST: 251 - STARTED in background (active_jobs=251)
[18:15:59] REQUEST: 252 - STARTED in background (active_jobs=252)
[18:15:59] REQUEST: 253 - STARTED in background (active_jobs=253)
[18:15:59] REQUEST: 254 - STARTED in background (active_jobs=254)
[18:15:59] REQUEST: 255 - STARTED in background (active_jobs=255)
[18:15:59] REQUEST: 256 - STARTED in background (active_jobs=256)
[18:15:59] REQUEST: 257 - STARTED in background (active_jobs=257)
[18:15:59] REQUEST: 258 - STARTED in background (active_jobs=258)
[18:15:59] REQUEST: 259 - STARTED in background (active_jobs=259)
[18:15:59] REQUEST: 260 - STARTED in background (active_jobs=260)
[18:15:59] REQUEST: 261 - STARTED in background (active_jobs=261)
[18:15:59] REQUEST: 262 - STARTED in background (active_jobs=262)
[18:15:59] REQUEST: 263 - STARTED in background (active_jobs=263)
[18:15:59] REQUEST: 264 - STARTED in background (active_jobs=264)
[18:15:59] REQUEST: 265 - STARTED in background (active_jobs=265)
[18:15:59] REQUEST: 266 - STARTED in background (active_jobs=266)
[18:15:59] REQUEST: 267 - STARTED in background (active_jobs=267)
[18:15:59] REQUEST: 268 - STARTED in background (active_jobs=268)
[18:15:59] REQUEST: 269 - STARTED in background (active_jobs=269)
[18:15:59] REQUEST: 270 - STARTED in background (active_jobs=270)
[18:15:59] REQUEST: 271 - STARTED in background (active_jobs=271)
[18:15:59] REQUEST: 272 - STARTED in background (active_jobs=272)
[18:15:59] REQUEST: 273 - STARTED in background (active_jobs=273)
[18:15:59] REQUEST: 274 - STARTED in background (active_jobs=274)
[18:15:59] REQUEST: 275 - STARTED in background (active_jobs=275)
[18:15:59] REQUEST: 276 - STARTED in background (active_jobs=276)
[18:15:59] REQUEST: 277 - STARTED in background (active_jobs=277)
[18:15:59] REQUEST: 278 - STARTED in background (active_jobs=278)
[18:15:59] REQUEST: 279 - STARTED in background (active_jobs=279)
[18:15:59] REQUEST: 280 - STARTED in background (active_jobs=280)
[18:15:59] REQUEST: 281 - STARTED in background (active_jobs=281)
[18:15:59] REQUEST: 282 - STARTED in background (active_jobs=282)
[18:15:59] REQUEST: 283 - STARTED in background (active_jobs=283)
[18:15:59] REQUEST: 284 - STARTED in background (active_jobs=284)
[18:15:59] REQUEST: 285 - STARTED in background (active_jobs=285)
[18:15:59] REQUEST: 286 - STARTED in background (active_jobs=286)
[18:15:59] REQUEST: 287 - STARTED in background (active_jobs=287)
[18:15:59] REQUEST: 288 - STARTED in background (active_jobs=288)
[18:15:59] REQUEST: 289 - STARTED in background (active_jobs=289)
[18:15:59] REQUEST: 290 - STARTED in background (active_jobs=290)
[18:15:59] REQUEST: 291 - STARTED in background (active_jobs=291)
[18:15:59] REQUEST: 292 - STARTED in background (active_jobs=292)
[18:15:59] REQUEST: 293 - STARTED in background (active_jobs=293)
[18:15:59] REQUEST: 294 - STARTED in background (active_jobs=294)
[18:15:59] REQUEST: 295 - STARTED in background (active_jobs=295)
[18:15:59] REQUEST: 296 - STARTED in background (active_jobs=296)
[18:15:59] REQUEST: 297 - STARTED in background (active_jobs=297)
[18:15:59] REQUEST: 298 - STARTED in background (active_jobs=298)
[18:15:59] REQUEST: 299 - STARTED in background (active_jobs=299)
[18:15:59] REQUEST: 300 - STARTED in background (active_jobs=300)
[18:15:59] REQUEST: 301 - STARTED in background (active_jobs=301)
[18:15:59] REQUEST: 302 - STARTED in background (active_jobs=302)
[18:15:59] REQUEST: 303 - STARTED in background (active_jobs=303)
[18:15:59] REQUEST: 304 - STARTED in background (active_jobs=304)
[18:15:59] REQUEST: 305 - STARTED in background (active_jobs=305)
[18:15:59] REQUEST: 306 - STARTED in background (active_jobs=306)
[18:15:59] REQUEST: 307 - STARTED in background (active_jobs=307)
[18:15:59] REQUEST: 308 - STARTED in background (active_jobs=308)
[18:15:59] REQUEST: 309 - STARTED in background (active_jobs=309)
[18:15:59] REQUEST: 310 - STARTED in background (active_jobs=310)
[18:15:59] REQUEST: 311 - STARTED in background (active_jobs=311)
[18:15:59] REQUEST: 312 - STARTED in background (active_jobs=312)
[18:15:59] REQUEST: 313 - STARTED in background (active_jobs=313)
[18:15:59] REQUEST: 314 - STARTED in background (active_jobs=314)
[18:15:59] REQUEST: 315 - STARTED in background (active_jobs=315)
[18:15:59] REQUEST: 316 - STARTED in background (active_jobs=316)
[18:15:59] REQUEST: 317 - STARTED in background (active_jobs=317)
[18:15:59] REQUEST: 318 - STARTED in background (active_jobs=318)
[18:15:59] REQUEST: 319 - STARTED in background (active_jobs=319)
[18:15:59] REQUEST: 320 - STARTED in background (active_jobs=320)
[18:15:59] REQUEST: 321 - STARTED in background (active_jobs=321)
[18:15:59] REQUEST: 322 - STARTED in background (active_jobs=322)
[18:15:59] REQUEST: 323 - STARTED in background (active_jobs=323)
[18:15:59] REQUEST: 324 - STARTED in background (active_jobs=324)
[18:15:59] REQUEST: 325 - STARTED in background (active_jobs=325)
[18:15:59] REQUEST: 326 - STARTED in background (active_jobs=326)
[18:15:59] REQUEST: 327 - STARTED in background (active_jobs=327)
[18:15:59] REQUEST: 328 - STARTED in background (active_jobs=328)
[18:15:59] REQUEST: 329 - STARTED in background (active_jobs=329)
[18:15:59] REQUEST: 330 - STARTED in background (active_jobs=330)
[18:15:59] REQUEST: 331 - STARTED in background (active_jobs=331)
[18:15:59] REQUEST: 332 - STARTED in background (active_jobs=332)
[18:15:59] REQUEST: 333 - STARTED in background (active_jobs=333)
[18:15:59] REQUEST: 334 - STARTED in background (active_jobs=334)
[18:15:59] REQUEST: 335 - STARTED in background (active_jobs=335)
[18:15:59] REQUEST: 336 - STARTED in background (active_jobs=336)
[18:15:59] REQUEST: 337 - STARTED in background (active_jobs=337)
[18:15:59] REQUEST: 338 - STARTED in background (active_jobs=338)
[18:15:59] REQUEST: 339 - STARTED in background (active_jobs=339)
[18:15:59] REQUEST: 340 - STARTED in background (active_jobs=340)
[18:15:59] REQUEST: 341 - STARTED in background (active_jobs=341)
[18:15:59] REQUEST: 342 - STARTED in background (active_jobs=342)
[18:15:59] REQUEST: 343 - STARTED in background (active_jobs=343)
[18:15:59] REQUEST: 344 - STARTED in background (active_jobs=344)
[18:15:59] REQUEST: 345 - STARTED in background (active_jobs=345)
[18:15:59] REQUEST: 346 - STARTED in background (active_jobs=346)
[18:15:59] REQUEST: 347 - STARTED in background (active_jobs=347)
[18:15:59] REQUEST: 348 - STARTED in background (active_jobs=348)
[18:15:59] REQUEST: 349 - STARTED in background (active_jobs=349)
[18:15:59] REQUEST: 350 - STARTED in background (active_jobs=350)
[18:15:59] REQUEST: 351 - STARTED in background (active_jobs=351)
[18:15:59] REQUEST: 352 - STARTED in background (active_jobs=352)
[18:15:59] REQUEST: 353 - STARTED in background (active_jobs=353)
[18:15:59] REQUEST: 354 - STARTED in background (active_jobs=354)
[18:15:59] REQUEST: 355 - STARTED in background (active_jobs=355)
[18:15:59] REQUEST: 356 - STARTED in background (active_jobs=356)
[18:15:59] REQUEST: 357 - STARTED in background (active_jobs=357)
[18:15:59] REQUEST: 358 - STARTED in background (active_jobs=358)
[18:15:59] REQUEST: 359 - STARTED in background (active_jobs=359)
[18:15:59] REQUEST: 360 - STARTED in background (active_jobs=360)
[18:15:59] REQUEST: 361 - STARTED in background (active_jobs=361)
[18:15:59] REQUEST: 362 - STARTED in background (active_jobs=362)
[18:15:59] REQUEST: 363 - STARTED in background (active_jobs=363)
[18:15:59] REQUEST: 364 - STARTED in background (active_jobs=364)
[18:15:59] REQUEST: 365 - STARTED in background (active_jobs=365)
[18:15:59] REQUEST: 366 - STARTED in background (active_jobs=366)
[18:15:59] REQUEST: 367 - STARTED in background (active_jobs=367)
[18:15:59] REQUEST: 368 - STARTED in background (active_jobs=368)
[18:15:59] REQUEST: 369 - STARTED in background (active_jobs=369)
[18:15:59] REQUEST: 370 - STARTED in background (active_jobs=370)
[18:15:59] REQUEST: 371 - STARTED in background (active_jobs=371)
[18:15:59] REQUEST: 372 - STARTED in background (active_jobs=372)
[18:15:59] REQUEST: 373 - STARTED in background (active_jobs=373)
[18:15:59] REQUEST: 374 - STARTED in background (active_jobs=374)
[18:15:59] REQUEST: 375 - STARTED in background (active_jobs=375)
[18:15:59] REQUEST: 376 - STARTED in background (active_jobs=376)
[18:15:59] REQUEST: 377 - STARTED in background (active_jobs=377)
[18:15:59] REQUEST: 378 - STARTED in background (active_jobs=378)
[18:15:59] REQUEST: 379 - STARTED in background (active_jobs=379)
[18:15:59] REQUEST: 380 - STARTED in background (active_jobs=380)
[18:15:59] REQUEST: 381 - STARTED in background (active_jobs=381)
[18:15:59] REQUEST: 382 - STARTED in background (active_jobs=382)
[18:15:59] REQUEST: 383 - STARTED in background (active_jobs=383)
[18:15:59] REQUEST: 384 - STARTED in background (active_jobs=384)
[18:15:59] REQUEST: 385 - STARTED in background (active_jobs=385)
[18:15:59] REQUEST: 386 - STARTED in background (active_jobs=386)
[18:15:59] REQUEST: 387 - STARTED in background (active_jobs=387)
[18:15:59] REQUEST: 388 - STARTED in background (active_jobs=388)
[18:15:59] REQUEST: 389 - STARTED in background (active_jobs=389)
[18:15:59] REQUEST: 390 - STARTED in background (active_jobs=390)
[18:15:59] REQUEST: 391 - STARTED in background (active_jobs=391)
[18:15:59] REQUEST: 392 - STARTED in background (active_jobs=392)
[18:15:59] REQUEST: 393 - STARTED in background (active_jobs=393)
[18:15:59] REQUEST: 394 - STARTED in background (active_jobs=394)
[18:15:59] REQUEST: 395 - STARTED in background (active_jobs=395)
[18:15:59] REQUEST: 396 - STARTED in background (active_jobs=396)
[18:15:59] REQUEST: 397 - STARTED in background (active_jobs=397)
[18:15:59] REQUEST: 398 - STARTED in background (active_jobs=398)
[18:15:59] REQUEST: 399 - STARTED in background (active_jobs=399)
[18:15:59] REQUEST: 400 - STARTED in background (active_jobs=400)
[18:15:59] REQUEST: 401 - STARTED in background (active_jobs=401)
[18:15:59] REQUEST: 402 - STARTED in background (active_jobs=402)
[18:15:59] REQUEST: 403 - STARTED in background (active_jobs=403)
[18:15:59] REQUEST: 404 - STARTED in background (active_jobs=404)
[18:15:59] REQUEST: 405 - STARTED in background (active_jobs=405)
[18:15:59] REQUEST: 406 - STARTED in background (active_jobs=406)
[18:15:59] REQUEST: 407 - STARTED in background (active_jobs=407)
[18:15:59] REQUEST: 408 - STARTED in background (active_jobs=408)
[18:15:59] REQUEST: 409 - STARTED in background (active_jobs=409)
[18:15:59] REQUEST: 410 - STARTED in background (active_jobs=410)
[18:15:59] REQUEST: 411 - STARTED in background (active_jobs=411)
[18:15:59] REQUEST: 412 - STARTED in background (active_jobs=412)
[18:15:59] REQUEST: 413 - STARTED in background (active_jobs=413)
[18:15:59] REQUEST: 414 - STARTED in background (active_jobs=414)
[18:15:59] REQUEST: 415 - STARTED in background (active_jobs=415)
[18:15:59] REQUEST: 416 - STARTED in background (active_jobs=416)
[18:15:59] REQUEST: 417 - STARTED in background (active_jobs=417)
[18:15:59] REQUEST: 418 - STARTED in background (active_jobs=418)
[18:15:59] REQUEST: 419 - STARTED in background (active_jobs=419)
[18:15:59] REQUEST: 420 - STARTED in background (active_jobs=420)
[18:15:59] REQUEST: 421 - STARTED in background (active_jobs=421)
[18:15:59] REQUEST: 422 - STARTED in background (active_jobs=422)
[18:15:59] REQUEST: 423 - STARTED in background (active_jobs=423)
[18:15:59] REQUEST: 424 - STARTED in background (active_jobs=424)
[18:15:59] REQUEST: 425 - STARTED in background (active_jobs=425)
[18:15:59] REQUEST: 426 - STARTED in background (active_jobs=426)
[18:15:59] REQUEST: 427 - STARTED in background (active_jobs=427)
[18:15:59] REQUEST: 428 - STARTED in background (active_jobs=428)
[18:15:59] REQUEST: 429 - STARTED in background (active_jobs=429)
[18:15:59] REQUEST: 430 - STARTED in background (active_jobs=430)
[18:15:59] REQUEST: 431 - STARTED in background (active_jobs=431)
[18:15:59] REQUEST: 432 - STARTED in background (active_jobs=432)
[18:15:59] REQUEST: 433 - STARTED in background (active_jobs=433)
[18:15:59] REQUEST: 434 - STARTED in background (active_jobs=434)
[18:15:59] REQUEST: 435 - STARTED in background (active_jobs=435)
[18:15:59] REQUEST: 436 - STARTED in background (active_jobs=436)
[18:15:59] REQUEST: 437 - STARTED in background (active_jobs=437)
[18:15:59] REQUEST: 438 - STARTED in background (active_jobs=438)
[18:15:59] REQUEST: 439 - STARTED in background (active_jobs=439)
[18:15:59] REQUEST: 440 - STARTED in background (active_jobs=440)
[18:15:59] REQUEST: 441 - STARTED in background (active_jobs=441)
[18:15:59] REQUEST: 442 - STARTED in background (active_jobs=442)
[18:15:59] REQUEST: 443 - STARTED in background (active_jobs=443)
[18:15:59] REQUEST: 444 - STARTED in background (active_jobs=444)
[18:15:59] REQUEST: 445 - STARTED in background (active_jobs=445)
[18:15:59] REQUEST: 446 - STARTED in background (active_jobs=446)
[18:15:59] REQUEST: 447 - STARTED in background (active_jobs=447)
[18:15:59] REQUEST: 448 - STARTED in background (active_jobs=448)
[18:15:59] REQUEST: 449 - STARTED in background (active_jobs=449)
[18:15:59] REQUEST: 450 - STARTED in background (active_jobs=450)
[18:15:59] REQUEST: 451 - STARTED in background (active_jobs=451)
[18:15:59] REQUEST: 452 - STARTED in background (active_jobs=452)
[18:15:59] REQUEST: 453 - STARTED in background (active_jobs=453)
[18:15:59] REQUEST: 454 - STARTED in background (active_jobs=454)
[18:15:59] REQUEST: 455 - STARTED in background (active_jobs=455)
[18:15:59] REQUEST: 456 - STARTED in background (active_jobs=456)
[18:15:59] REQUEST: 457 - STARTED in background (active_jobs=457)
[18:15:59] REQUEST: 458 - STARTED in background (active_jobs=458)
[18:15:59] REQUEST: 459 - STARTED in background (active_jobs=459)
[18:15:59] REQUEST: 460 - STARTED in background (active_jobs=460)
[18:15:59] REQUEST: 461 - STARTED in background (active_jobs=461)
[18:15:59] REQUEST: 462 - STARTED in background (active_jobs=462)
[18:15:59] REQUEST: 463 - STARTED in background (active_jobs=463)
[18:15:59] REQUEST: 464 - STARTED in background (active_jobs=464)
[18:15:59] REQUEST: 465 - STARTED in background (active_jobs=465)
[18:15:59] REQUEST: 466 - STARTED in background (active_jobs=466)
[18:15:59] REQUEST: 467 - STARTED in background (active_jobs=467)
[18:15:59] REQUEST: 468 - STARTED in background (active_jobs=468)
[18:15:59] REQUEST: 469 - STARTED in background (active_jobs=469)
[18:15:59] REQUEST: 470 - STARTED in background (active_jobs=470)
[18:15:59] REQUEST: 471 - STARTED in background (active_jobs=471)
[18:15:59] REQUEST: 472 - STARTED in background (active_jobs=472)
[18:15:59] REQUEST: 473 - STARTED in background (active_jobs=473)
[18:15:59] REQUEST: 474 - STARTED in background (active_jobs=474)
[18:15:59] REQUEST: 475 - STARTED in background (active_jobs=475)
[18:15:59] REQUEST: 476 - STARTED in background (active_jobs=476)
[18:15:59] REQUEST: 477 - STARTED in background (active_jobs=477)
[18:15:59] REQUEST: 478 - STARTED in background (active_jobs=478)
[18:15:59] REQUEST: 479 - STARTED in background (active_jobs=479)
[18:15:59] REQUEST: 480 - STARTED in background (active_jobs=480)
[18:15:59] REQUEST: 481 - STARTED in background (active_jobs=481)
[18:15:59] REQUEST: 482 - STARTED in background (active_jobs=482)
[18:15:59] REQUEST: 483 - STARTED in background (active_jobs=483)
[18:15:59] REQUEST: 484 - STARTED in background (active_jobs=484)
[18:15:59] REQUEST: 485 - STARTED in background (active_jobs=485)
[18:15:59] REQUEST: 486 - STARTED in background (active_jobs=486)
[18:15:59] REQUEST: 487 - STARTED in background (active_jobs=487)
[18:15:59] REQUEST: 488 - STARTED in background (active_jobs=488)
[18:15:59] REQUEST: 489 - STARTED in background (active_jobs=489)
[18:15:59] REQUEST: 490 - STARTED in background (active_jobs=490)
[18:15:59] REQUEST: 491 - STARTED in background (active_jobs=491)
[18:15:59] REQUEST: 492 - STARTED in background (active_jobs=492)
[18:15:59] REQUEST: 493 - STARTED in background (active_jobs=493)
[18:15:59] REQUEST: 494 - STARTED in background (active_jobs=494)
[18:15:59] REQUEST: 495 - STARTED in background (active_jobs=495)
[18:15:59] REQUEST: 496 - STARTED in background (active_jobs=496)
[18:15:59] REQUEST: 497 - STARTED in background (active_jobs=497)
[18:16:00] REQUEST: 498 - STARTED in background (active_jobs=498)
[18:16:00] REQUEST: 499 - STARTED in background (active_jobs=499)
[18:16:00] REQUEST: 500 - STARTED in background (active_jobs=500)
[18:16:00] WAITING -> active_jobs=500
[18:16:00] RESUMING -> a request finished (active_jobs=499)
[18:16:00] ALL REQUESTS LAUNCHED
[18:16:00] WAITING for remaining requests to finish (active_jobs=499)
[18:16:01] REQUEST: 47 - COMPLETED
[18:16:01] REQUEST COMPLETED -> remaining active_jobs=498
[18:16:01] WAITING for remaining requests to finish (active_jobs=498)
[18:16:01] REQUEST: 58 - COMPLETED
[18:16:01] REQUEST COMPLETED -> remaining active_jobs=497
[18:16:01] WAITING for remaining requests to finish (active_jobs=497)
[18:16:01] REQUEST: 4 - COMPLETED
[18:16:01] REQUEST COMPLETED -> remaining active_jobs=496
[18:16:01] WAITING for remaining requests to finish (active_jobs=496)
[18:16:01] REQUEST: 66 - COMPLETED
[18:16:01] REQUEST COMPLETED -> remaining active_jobs=495
[18:16:01] WAITING for remaining requests to finish (active_jobs=495)
[18:16:01] REQUEST: 11 - COMPLETED
[18:16:01] REQUEST COMPLETED -> remaining active_jobs=494
[18:16:01] WAITING for remaining requests to finish (active_jobs=494)
[18:16:01] REQUEST: 39 - COMPLETED
[18:16:01] REQUEST COMPLETED -> remaining active_jobs=493
[18:16:01] WAITING for remaining requests to finish (active_jobs=493)
[18:16:02] REQUEST: 43 - COMPLETED
[18:16:02] REQUEST COMPLETED -> remaining active_jobs=492
[18:16:02] WAITING for remaining requests to finish (active_jobs=492)
[18:16:02] REQUEST: 99 - COMPLETED
[18:16:02] REQUEST COMPLETED -> remaining active_jobs=491
[18:16:02] WAITING for remaining requests to finish (active_jobs=491)
[18:16:02] REQUEST: 14 - COMPLETED
[18:16:02] REQUEST COMPLETED -> remaining active_jobs=490
[18:16:02] WAITING for remaining requests to finish (active_jobs=490)
[18:16:02] REQUEST: 83 - COMPLETED
[18:16:02] REQUEST COMPLETED -> remaining active_jobs=489
[18:16:02] WAITING for remaining requests to finish (active_jobs=489)
[18:16:02] REQUEST: 38 - COMPLETED
[18:16:02] REQUEST COMPLETED -> remaining active_jobs=488
[18:16:02] WAITING for remaining requests to finish (active_jobs=488)
[18:16:02] REQUEST: 5 - COMPLETED
[18:16:02] REQUEST COMPLETED -> remaining active_jobs=487
[18:16:02] WAITING for remaining requests to finish (active_jobs=487)
[18:16:02] REQUEST: 9 - COMPLETED
[18:16:02] REQUEST COMPLETED -> remaining active_jobs=486
[18:16:02] WAITING for remaining requests to finish (active_jobs=486)
[18:16:02] REQUEST: 6 - COMPLETED
[18:16:02] REQUEST COMPLETED -> remaining active_jobs=485
[18:16:02] WAITING for remaining requests to finish (active_jobs=485)
[18:16:03] REQUEST: 16 - COMPLETED
[18:16:03] REQUEST COMPLETED -> remaining active_jobs=484
[18:16:03] WAITING for remaining requests to finish (active_jobs=484)
[18:16:03] REQUEST: 64 - COMPLETED
[18:16:03] REQUEST COMPLETED -> remaining active_jobs=483
[18:16:03] WAITING for remaining requests to finish (active_jobs=483)
[18:16:03] REQUEST: 3 - COMPLETED
[18:16:03] REQUEST COMPLETED -> remaining active_jobs=482
[18:16:03] WAITING for remaining requests to finish (active_jobs=482)
[18:16:03] REQUEST: 65 - COMPLETED
[18:16:03] REQUEST COMPLETED -> remaining active_jobs=481
[18:16:03] WAITING for remaining requests to finish (active_jobs=481)
[18:16:03] REQUEST: 18 - COMPLETED
[18:16:03] REQUEST COMPLETED -> remaining active_jobs=480
[18:16:03] WAITING for remaining requests to finish (active_jobs=480)
[18:16:03] REQUEST: 21 - COMPLETED
[18:16:03] REQUEST COMPLETED -> remaining active_jobs=479
[18:16:03] WAITING for remaining requests to finish (active_jobs=479)
[18:16:03] REQUEST: 89 - COMPLETED
[18:16:03] REQUEST COMPLETED -> remaining active_jobs=478
[18:16:03] WAITING for remaining requests to finish (active_jobs=478)
[18:16:03] REQUEST: 10 - COMPLETED
[18:16:03] REQUEST COMPLETED -> remaining active_jobs=477
[18:16:03] WAITING for remaining requests to finish (active_jobs=477)
[18:16:03] REQUEST: 77 - COMPLETED
[18:16:03] REQUEST COMPLETED -> remaining active_jobs=476
[18:16:03] WAITING for remaining requests to finish (active_jobs=476)
[18:16:03] REQUEST: 1 - COMPLETED
[18:16:03] REQUEST COMPLETED -> remaining active_jobs=475
[18:16:03] WAITING for remaining requests to finish (active_jobs=475)
[18:16:04] REQUEST: 81 - COMPLETED
[18:16:04] REQUEST COMPLETED -> remaining active_jobs=474
[18:16:04] WAITING for remaining requests to finish (active_jobs=474)
[18:16:04] REQUEST: 36 - COMPLETED
[18:16:04] REQUEST COMPLETED -> remaining active_jobs=473
[18:16:04] WAITING for remaining requests to finish (active_jobs=473)
[18:16:04] REQUEST: 92 - COMPLETED
[18:16:04] REQUEST COMPLETED -> remaining active_jobs=472
[18:16:04] WAITING for remaining requests to finish (active_jobs=472)
[18:16:04] REQUEST: 57 - COMPLETED
[18:16:04] REQUEST COMPLETED -> remaining active_jobs=471
[18:16:04] WAITING for remaining requests to finish (active_jobs=471)
[18:16:04] REQUEST: 78 - COMPLETED
[18:16:04] REQUEST COMPLETED -> remaining active_jobs=470
[18:16:04] WAITING for remaining requests to finish (active_jobs=470)
[18:16:04] REQUEST: 13 - COMPLETED
[18:16:04] REQUEST COMPLETED -> remaining active_jobs=469
[18:16:04] WAITING for remaining requests to finish (active_jobs=469)
[18:16:04] REQUEST: 86 - COMPLETED
[18:16:04] REQUEST COMPLETED -> remaining active_jobs=468
[18:16:04] WAITING for remaining requests to finish (active_jobs=468)
[18:16:04] REQUEST: 110 - COMPLETED
[18:16:04] REQUEST COMPLETED -> remaining active_jobs=467
[18:16:04] WAITING for remaining requests to finish (active_jobs=467)
[18:16:04] REQUEST: 122 - COMPLETED
[18:16:04] REQUEST COMPLETED -> remaining active_jobs=466
[18:16:04] WAITING for remaining requests to finish (active_jobs=466)
[18:16:04] REQUEST: 108 - COMPLETED
[18:16:04] REQUEST COMPLETED -> remaining active_jobs=465
[18:16:04] WAITING for remaining requests to finish (active_jobs=465)
[18:16:04] REQUEST: 135 - COMPLETED
[18:16:04] REQUEST COMPLETED -> remaining active_jobs=464
[18:16:04] WAITING for remaining requests to finish (active_jobs=464)
[18:16:05] REQUEST: 80 - COMPLETED
[18:16:05] REQUEST COMPLETED -> remaining active_jobs=463
[18:16:05] WAITING for remaining requests to finish (active_jobs=463)
[18:16:05] REQUEST: 112 - COMPLETED
[18:16:05] REQUEST COMPLETED -> remaining active_jobs=462
[18:16:05] WAITING for remaining requests to finish (active_jobs=462)
[18:16:05] REQUEST: 117 - COMPLETED
[18:16:05] REQUEST COMPLETED -> remaining active_jobs=461
[18:16:05] WAITING for remaining requests to finish (active_jobs=461)
[18:16:05] REQUEST: 25 - COMPLETED
[18:16:05] REQUEST COMPLETED -> remaining active_jobs=460
[18:16:05] WAITING for remaining requests to finish (active_jobs=460)
[18:16:05] REQUEST: 90 - COMPLETED
[18:16:05] REQUEST COMPLETED -> remaining active_jobs=459
[18:16:05] WAITING for remaining requests to finish (active_jobs=459)
[18:16:05] REQUEST: 96 - COMPLETED
[18:16:05] REQUEST COMPLETED -> remaining active_jobs=458
[18:16:05] WAITING for remaining requests to finish (active_jobs=458)
[18:16:05] REQUEST: 32 - COMPLETED
[18:16:05] REQUEST COMPLETED -> remaining active_jobs=457
[18:16:05] WAITING for remaining requests to finish (active_jobs=457)
[18:16:05] REQUEST: 24 - COMPLETED
[18:16:05] REQUEST COMPLETED -> remaining active_jobs=456
[18:16:05] WAITING for remaining requests to finish (active_jobs=456)
[18:16:05] REQUEST: 42 - COMPLETED
[18:16:05] REQUEST COMPLETED -> remaining active_jobs=455
[18:16:05] WAITING for remaining requests to finish (active_jobs=455)
[18:16:05] REQUEST: 123 - COMPLETED
[18:16:05] REQUEST COMPLETED -> remaining active_jobs=454
[18:16:05] WAITING for remaining requests to finish (active_jobs=454)
[18:16:05] REQUEST: 127 - COMPLETED
[18:16:05] REQUEST COMPLETED -> remaining active_jobs=453
[18:16:05] WAITING for remaining requests to finish (active_jobs=453)
[18:16:06] REQUEST: 126 - COMPLETED
[18:16:06] REQUEST COMPLETED -> remaining active_jobs=452
[18:16:06] WAITING for remaining requests to finish (active_jobs=452)
[18:16:06] REQUEST: 72 - COMPLETED
[18:16:06] REQUEST COMPLETED -> remaining active_jobs=451
[18:16:06] WAITING for remaining requests to finish (active_jobs=451)
[18:16:06] REQUEST: 121 - COMPLETED
[18:16:06] REQUEST COMPLETED -> remaining active_jobs=450
[18:16:06] WAITING for remaining requests to finish (active_jobs=450)
[18:16:06] REQUEST: 70 - COMPLETED
[18:16:06] REQUEST COMPLETED -> remaining active_jobs=449
[18:16:06] WAITING for remaining requests to finish (active_jobs=449)
[18:16:06] REQUEST: 74 - COMPLETED
[18:16:06] REQUEST COMPLETED -> remaining active_jobs=448
[18:16:06] WAITING for remaining requests to finish (active_jobs=448)
[18:16:06] REQUEST: 97 - COMPLETED
[18:16:06] REQUEST COMPLETED -> remaining active_jobs=447
[18:16:06] WAITING for remaining requests to finish (active_jobs=447)
[18:16:06] REQUEST: 15 - COMPLETED
[18:16:06] REQUEST COMPLETED -> remaining active_jobs=446
[18:16:06] WAITING for remaining requests to finish (active_jobs=446)
[18:16:06] REQUEST: 59 - COMPLETED
[18:16:06] REQUEST COMPLETED -> remaining active_jobs=445
[18:16:06] WAITING for remaining requests to finish (active_jobs=445)
[18:16:06] REQUEST: 133 - COMPLETED
[18:16:06] REQUEST COMPLETED -> remaining active_jobs=444
[18:16:06] WAITING for remaining requests to finish (active_jobs=444)
[18:16:06] REQUEST: 111 - COMPLETED
[18:16:06] REQUEST COMPLETED -> remaining active_jobs=443
[18:16:06] WAITING for remaining requests to finish (active_jobs=443)
[18:16:06] REQUEST: 22 - COMPLETED
[18:16:06] REQUEST COMPLETED -> remaining active_jobs=442
[18:16:07] WAITING for remaining requests to finish (active_jobs=442)
[18:16:07] REQUEST: 29 - COMPLETED
[18:16:07] REQUEST COMPLETED -> remaining active_jobs=441
[18:16:07] WAITING for remaining requests to finish (active_jobs=441)
[18:16:07] REQUEST: 17 - COMPLETED
[18:16:07] REQUEST COMPLETED -> remaining active_jobs=440
[18:16:07] WAITING for remaining requests to finish (active_jobs=440)
[18:16:07] REQUEST: 8 - COMPLETED
[18:16:07] REQUEST COMPLETED -> remaining active_jobs=439
[18:16:07] WAITING for remaining requests to finish (active_jobs=439)
[18:16:07] REQUEST: 136 - COMPLETED
[18:16:07] REQUEST COMPLETED -> remaining active_jobs=438
[18:16:07] WAITING for remaining requests to finish (active_jobs=438)
[18:16:07] REQUEST: 134 - COMPLETED
[18:16:07] REQUEST COMPLETED -> remaining active_jobs=437
[18:16:07] WAITING for remaining requests to finish (active_jobs=437)
[18:16:07] REQUEST: 88 - COMPLETED
[18:16:07] REQUEST COMPLETED -> remaining active_jobs=436
[18:16:07] WAITING for remaining requests to finish (active_jobs=436)
[18:16:07] REQUEST: 40 - COMPLETED
[18:16:07] REQUEST COMPLETED -> remaining active_jobs=435
[18:16:07] WAITING for remaining requests to finish (active_jobs=435)
[18:16:07] REQUEST: 48 - COMPLETED
[18:16:07] REQUEST COMPLETED -> remaining active_jobs=434
[18:16:07] WAITING for remaining requests to finish (active_jobs=434)
[18:16:07] REQUEST: 60 - COMPLETED
[18:16:07] REQUEST COMPLETED -> remaining active_jobs=433
[18:16:07] WAITING for remaining requests to finish (active_jobs=433)
[18:16:07] REQUEST: 7 - COMPLETED
[18:16:07] REQUEST COMPLETED -> remaining active_jobs=432
[18:16:07] WAITING for remaining requests to finish (active_jobs=432)
[18:16:08] REQUEST: 51 - COMPLETED
[18:16:08] REQUEST COMPLETED -> remaining active_jobs=431
[18:16:08] WAITING for remaining requests to finish (active_jobs=431)
[18:16:08] REQUEST: 52 - COMPLETED
[18:16:08] REQUEST COMPLETED -> remaining active_jobs=430
[18:16:08] WAITING for remaining requests to finish (active_jobs=430)
[18:16:08] REQUEST: 49 - COMPLETED
[18:16:08] REQUEST COMPLETED -> remaining active_jobs=429
[18:16:08] WAITING for remaining requests to finish (active_jobs=429)
[18:16:08] REQUEST: 55 - COMPLETED
[18:16:08] REQUEST COMPLETED -> remaining active_jobs=428
[18:16:08] WAITING for remaining requests to finish (active_jobs=428)
[18:16:08] REQUEST: 67 - COMPLETED
[18:16:08] REQUEST COMPLETED -> remaining active_jobs=427
[18:16:08] WAITING for remaining requests to finish (active_jobs=427)
[18:16:08] REQUEST: 50 - COMPLETED
[18:16:08] REQUEST COMPLETED -> remaining active_jobs=426
[18:16:08] WAITING for remaining requests to finish (active_jobs=426)
[18:16:08] REQUEST: 76 - COMPLETED
[18:16:08] REQUEST COMPLETED -> remaining active_jobs=425
[18:16:08] WAITING for remaining requests to finish (active_jobs=425)
[18:16:08] REQUEST: 53 - COMPLETED
[18:16:08] REQUEST COMPLETED -> remaining active_jobs=424
[18:16:08] WAITING for remaining requests to finish (active_jobs=424)
[18:16:08] REQUEST: 37 - COMPLETED
[18:16:08] REQUEST COMPLETED -> remaining active_jobs=423
[18:16:08] WAITING for remaining requests to finish (active_jobs=423)
[18:16:08] REQUEST: 114 - COMPLETED
[18:16:08] REQUEST COMPLETED -> remaining active_jobs=422
[18:16:08] WAITING for remaining requests to finish (active_jobs=422)
[18:16:08] REQUEST: 94 - COMPLETED
[18:16:08] REQUEST COMPLETED -> remaining active_jobs=421
[18:16:08] WAITING for remaining requests to finish (active_jobs=421)
[18:16:09] REQUEST: 30 - COMPLETED
[18:16:09] REQUEST COMPLETED -> remaining active_jobs=420
[18:16:09] WAITING for remaining requests to finish (active_jobs=420)
[18:16:09] REQUEST: 102 - COMPLETED
[18:16:09] REQUEST COMPLETED -> remaining active_jobs=419
[18:16:09] WAITING for remaining requests to finish (active_jobs=419)
[18:16:09] REQUEST: 100 - COMPLETED
[18:16:09] REQUEST COMPLETED -> remaining active_jobs=418
[18:16:09] WAITING for remaining requests to finish (active_jobs=418)
[18:16:09] REQUEST: 109 - COMPLETED
[18:16:09] REQUEST COMPLETED -> remaining active_jobs=417
[18:16:09] WAITING for remaining requests to finish (active_jobs=417)
[18:16:09] REQUEST: 87 - COMPLETED
[18:16:09] REQUEST COMPLETED -> remaining active_jobs=416
[18:16:09] WAITING for remaining requests to finish (active_jobs=416)
[18:16:09] REQUEST: 71 - COMPLETED
[18:16:09] REQUEST COMPLETED -> remaining active_jobs=415
[18:16:09] WAITING for remaining requests to finish (active_jobs=415)
[18:16:09] REQUEST: 82 - COMPLETED
[18:16:09] REQUEST COMPLETED -> remaining active_jobs=414
[18:16:09] WAITING for remaining requests to finish (active_jobs=414)
[18:16:09] REQUEST: 56 - COMPLETED
[18:16:09] REQUEST COMPLETED -> remaining active_jobs=413
[18:16:09] WAITING for remaining requests to finish (active_jobs=413)
[18:16:09] REQUEST: 103 - COMPLETED
[18:16:09] REQUEST COMPLETED -> remaining active_jobs=412
[18:16:09] WAITING for remaining requests to finish (active_jobs=412)
[18:16:09] REQUEST: 119 - COMPLETED
[18:16:09] REQUEST COMPLETED -> remaining active_jobs=411
[18:16:09] WAITING for remaining requests to finish (active_jobs=411)
[18:16:09] REQUEST: 101 - COMPLETED
[18:16:09] REQUEST COMPLETED -> remaining active_jobs=410
[18:16:09] WAITING for remaining requests to finish (active_jobs=410)
[18:16:10] REQUEST: 105 - COMPLETED
[18:16:10] REQUEST COMPLETED -> remaining active_jobs=409
[18:16:10] WAITING for remaining requests to finish (active_jobs=409)
[18:16:10] REQUEST: 20 - COMPLETED
[18:16:10] REQUEST COMPLETED -> remaining active_jobs=408
[18:16:10] WAITING for remaining requests to finish (active_jobs=408)
[18:16:10] REQUEST: 95 - COMPLETED
[18:16:10] REQUEST COMPLETED -> remaining active_jobs=407
[18:16:10] WAITING for remaining requests to finish (active_jobs=407)
[18:16:10] REQUEST: 296 - COMPLETED
[18:16:10] REQUEST COMPLETED -> remaining active_jobs=406
[18:16:10] WAITING for remaining requests to finish (active_jobs=406)
[18:16:10] REQUEST: 23 - COMPLETED
[18:16:10] REQUEST COMPLETED -> remaining active_jobs=405
[18:16:10] WAITING for remaining requests to finish (active_jobs=405)
[18:16:10] REQUEST: 116 - COMPLETED
[18:16:10] REQUEST COMPLETED -> remaining active_jobs=404
[18:16:10] WAITING for remaining requests to finish (active_jobs=404)
[18:16:10] REQUEST: 79 - COMPLETED
[18:16:10] REQUEST COMPLETED -> remaining active_jobs=403
[18:16:10] WAITING for remaining requests to finish (active_jobs=403)
[18:16:10] REQUEST: 128 - COMPLETED
[18:16:10] REQUEST COMPLETED -> remaining active_jobs=402
[18:16:10] WAITING for remaining requests to finish (active_jobs=402)
[18:16:10] REQUEST: 104 - COMPLETED
[18:16:10] REQUEST COMPLETED -> remaining active_jobs=401
[18:16:10] WAITING for remaining requests to finish (active_jobs=401)
[18:16:10] REQUEST: 68 - COMPLETED
[18:16:10] REQUEST COMPLETED -> remaining active_jobs=400
[18:16:10] WAITING for remaining requests to finish (active_jobs=400)
[18:16:11] REQUEST: 129 - COMPLETED
[18:16:11] REQUEST COMPLETED -> remaining active_jobs=399
[18:16:11] WAITING for remaining requests to finish (active_jobs=399)
[18:16:11] REQUEST: 73 - COMPLETED
[18:16:11] REQUEST COMPLETED -> remaining active_jobs=398
[18:16:11] WAITING for remaining requests to finish (active_jobs=398)
[18:16:11] REQUEST: 12 - COMPLETED
[18:16:11] REQUEST COMPLETED -> remaining active_jobs=397
[18:16:11] WAITING for remaining requests to finish (active_jobs=397)
[18:16:11] REQUEST: 31 - COMPLETED
[18:16:11] REQUEST COMPLETED -> remaining active_jobs=396
[18:16:11] WAITING for remaining requests to finish (active_jobs=396)
[18:16:11] REQUEST: 158 - COMPLETED
[18:16:11] REQUEST COMPLETED -> remaining active_jobs=395
[18:16:11] WAITING for remaining requests to finish (active_jobs=395)
[18:16:11] REQUEST: 124 - COMPLETED
[18:16:11] REQUEST COMPLETED -> remaining active_jobs=394
[18:16:11] WAITING for remaining requests to finish (active_jobs=394)
[18:16:11] REQUEST: 41 - COMPLETED
[18:16:11] REQUEST COMPLETED -> remaining active_jobs=393
[18:16:11] WAITING for remaining requests to finish (active_jobs=393)
[18:16:11] REQUEST: 91 - COMPLETED
[18:16:11] REQUEST COMPLETED -> remaining active_jobs=392
[18:16:11] WAITING for remaining requests to finish (active_jobs=392)
[18:16:11] REQUEST: 264 - COMPLETED
[18:16:11] REQUEST COMPLETED -> remaining active_jobs=391
[18:16:11] WAITING for remaining requests to finish (active_jobs=391)
[18:16:11] REQUEST: 138 - COMPLETED
[18:16:11] REQUEST COMPLETED -> remaining active_jobs=390
[18:16:11] WAITING for remaining requests to finish (active_jobs=390)
[18:16:11] REQUEST: 130 - COMPLETED
[18:16:11] REQUEST COMPLETED -> remaining active_jobs=389
[18:16:11] WAITING for remaining requests to finish (active_jobs=389)
[18:16:12] REQUEST: 93 - COMPLETED
[18:16:12] REQUEST COMPLETED -> remaining active_jobs=388
[18:16:12] WAITING for remaining requests to finish (active_jobs=388)
[18:16:12] REQUEST: 84 - COMPLETED
[18:16:12] REQUEST COMPLETED -> remaining active_jobs=387
[18:16:12] WAITING for remaining requests to finish (active_jobs=387)
[18:16:12] REQUEST: 289 - COMPLETED
[18:16:12] REQUEST COMPLETED -> remaining active_jobs=386
[18:16:12] WAITING for remaining requests to finish (active_jobs=386)
[18:16:12] REQUEST: 140 - COMPLETED
[18:16:12] REQUEST COMPLETED -> remaining active_jobs=385
[18:16:12] WAITING for remaining requests to finish (active_jobs=385)
[18:16:12] REQUEST: 156 - COMPLETED
[18:16:12] REQUEST COMPLETED -> remaining active_jobs=384
[18:16:12] WAITING for remaining requests to finish (active_jobs=384)
[18:16:12] REQUEST: 198 - COMPLETED
[18:16:12] REQUEST COMPLETED -> remaining active_jobs=383
[18:16:12] WAITING for remaining requests to finish (active_jobs=383)
[18:16:12] REQUEST: 125 - COMPLETED
[18:16:12] REQUEST COMPLETED -> remaining active_jobs=382
[18:16:12] WAITING for remaining requests to finish (active_jobs=382)
[18:16:12] REQUEST: 272 - COMPLETED
[18:16:12] REQUEST COMPLETED -> remaining active_jobs=381
[18:16:12] WAITING for remaining requests to finish (active_jobs=381)
[18:16:12] REQUEST: 120 - COMPLETED
[18:16:12] REQUEST COMPLETED -> remaining active_jobs=380
[18:16:12] WAITING for remaining requests to finish (active_jobs=380)
[18:16:12] REQUEST: 302 - COMPLETED
[18:16:12] REQUEST COMPLETED -> remaining active_jobs=379
[18:16:12] WAITING for remaining requests to finish (active_jobs=379)
[18:16:12] REQUEST: 303 - COMPLETED
[18:16:12] REQUEST COMPLETED -> remaining active_jobs=378
[18:16:12] WAITING for remaining requests to finish (active_jobs=378)
[18:16:13] REQUEST: 34 - COMPLETED
[18:16:13] REQUEST COMPLETED -> remaining active_jobs=377
[18:16:13] WAITING for remaining requests to finish (active_jobs=377)
[18:16:13] REQUEST: 151 - COMPLETED
[18:16:13] REQUEST COMPLETED -> remaining active_jobs=376
[18:16:13] WAITING for remaining requests to finish (active_jobs=376)
[18:16:13] REQUEST: 233 - COMPLETED
[18:16:13] REQUEST COMPLETED -> remaining active_jobs=375
[18:16:13] WAITING for remaining requests to finish (active_jobs=375)
[18:16:13] REQUEST: 315 - COMPLETED
[18:16:13] REQUEST COMPLETED -> remaining active_jobs=374
[18:16:13] WAITING for remaining requests to finish (active_jobs=374)
[18:16:13] REQUEST: 214 - COMPLETED
[18:16:13] REQUEST COMPLETED -> remaining active_jobs=373
[18:16:13] WAITING for remaining requests to finish (active_jobs=373)
[18:16:13] REQUEST: 249 - COMPLETED
[18:16:13] REQUEST COMPLETED -> remaining active_jobs=372
[18:16:13] WAITING for remaining requests to finish (active_jobs=372)
[18:16:13] REQUEST: 163 - COMPLETED
[18:16:13] REQUEST COMPLETED -> remaining active_jobs=371
[18:16:13] WAITING for remaining requests to finish (active_jobs=371)
[18:16:13] REQUEST: 306 - COMPLETED
[18:16:13] REQUEST COMPLETED -> remaining active_jobs=370
[18:16:13] WAITING for remaining requests to finish (active_jobs=370)
[18:16:13] REQUEST: 26 - COMPLETED
[18:16:13] REQUEST COMPLETED -> remaining active_jobs=369
[18:16:13] WAITING for remaining requests to finish (active_jobs=369)
[18:16:13] REQUEST: 326 - COMPLETED
[18:16:13] REQUEST COMPLETED -> remaining active_jobs=368
[18:16:13] WAITING for remaining requests to finish (active_jobs=368)
[18:16:14] REQUEST: 176 - COMPLETED
[18:16:14] REQUEST COMPLETED -> remaining active_jobs=367
[18:16:14] WAITING for remaining requests to finish (active_jobs=367)
[18:16:14] REQUEST: 75 - COMPLETED
[18:16:14] REQUEST COMPLETED -> remaining active_jobs=366
[18:16:14] WAITING for remaining requests to finish (active_jobs=366)
[18:16:14] REQUEST: 19 - COMPLETED
[18:16:14] REQUEST COMPLETED -> remaining active_jobs=365
[18:16:14] WAITING for remaining requests to finish (active_jobs=365)
[18:16:14] REQUEST: 147 - COMPLETED
[18:16:14] REQUEST COMPLETED -> remaining active_jobs=364
[18:16:14] WAITING for remaining requests to finish (active_jobs=364)
[18:16:14] REQUEST: 265 - COMPLETED
[18:16:14] REQUEST COMPLETED -> remaining active_jobs=363
[18:16:14] WAITING for remaining requests to finish (active_jobs=363)
[18:16:14] REQUEST: 386 - COMPLETED
[18:16:14] REQUEST COMPLETED -> remaining active_jobs=362
[18:16:14] WAITING for remaining requests to finish (active_jobs=362)
[18:16:14] REQUEST: 254 - COMPLETED
[18:16:14] REQUEST COMPLETED -> remaining active_jobs=361
[18:16:14] WAITING for remaining requests to finish (active_jobs=361)
[18:16:14] REQUEST: 227 - COMPLETED
[18:16:14] REQUEST COMPLETED -> remaining active_jobs=360
[18:16:14] WAITING for remaining requests to finish (active_jobs=360)
[18:16:14] REQUEST: 252 - COMPLETED
[18:16:14] REQUEST COMPLETED -> remaining active_jobs=359
[18:16:14] WAITING for remaining requests to finish (active_jobs=359)
[18:16:14] REQUEST: 200 - COMPLETED
[18:16:14] REQUEST COMPLETED -> remaining active_jobs=358
[18:16:14] WAITING for remaining requests to finish (active_jobs=358)
[18:16:14] REQUEST: 274 - COMPLETED
[18:16:14] REQUEST COMPLETED -> remaining active_jobs=357
[18:16:14] WAITING for remaining requests to finish (active_jobs=357)
[18:16:15] REQUEST: 115 - COMPLETED
[18:16:15] REQUEST COMPLETED -> remaining active_jobs=356
[18:16:15] WAITING for remaining requests to finish (active_jobs=356)
[18:16:15] REQUEST: 350 - COMPLETED
[18:16:15] REQUEST COMPLETED -> remaining active_jobs=355
[18:16:15] WAITING for remaining requests to finish (active_jobs=355)
[18:16:15] REQUEST: 181 - COMPLETED
[18:16:15] REQUEST COMPLETED -> remaining active_jobs=354
[18:16:15] WAITING for remaining requests to finish (active_jobs=354)
[18:16:15] REQUEST: 359 - COMPLETED
[18:16:15] REQUEST COMPLETED -> remaining active_jobs=353
[18:16:15] WAITING for remaining requests to finish (active_jobs=353)
[18:16:15] REQUEST: 391 - COMPLETED
[18:16:15] REQUEST COMPLETED -> remaining active_jobs=352
[18:16:15] WAITING for remaining requests to finish (active_jobs=352)
[18:16:15] REQUEST: 213 - COMPLETED
[18:16:15] REQUEST COMPLETED -> remaining active_jobs=351
[18:16:15] WAITING for remaining requests to finish (active_jobs=351)
[18:16:15] REQUEST: 238 - COMPLETED
[18:16:15] REQUEST COMPLETED -> remaining active_jobs=350
[18:16:15] WAITING for remaining requests to finish (active_jobs=350)
[18:16:15] REQUEST: 61 - COMPLETED
[18:16:15] REQUEST COMPLETED -> remaining active_jobs=349
[18:16:15] WAITING for remaining requests to finish (active_jobs=349)
[18:16:15] REQUEST: 259 - COMPLETED
[18:16:15] REQUEST COMPLETED -> remaining active_jobs=348
[18:16:15] WAITING for remaining requests to finish (active_jobs=348)
[18:16:15] REQUEST: 166 - COMPLETED
[18:16:15] REQUEST COMPLETED -> remaining active_jobs=347
[18:16:15] WAITING for remaining requests to finish (active_jobs=347)
[18:16:15] REQUEST: 275 - COMPLETED
[18:16:15] REQUEST COMPLETED -> remaining active_jobs=346
[18:16:15] WAITING for remaining requests to finish (active_jobs=346)
[18:16:16] REQUEST: 324 - COMPLETED
[18:16:16] REQUEST COMPLETED -> remaining active_jobs=345
[18:16:16] WAITING for remaining requests to finish (active_jobs=345)
[18:16:16] REQUEST: 187 - COMPLETED
[18:16:16] REQUEST COMPLETED -> remaining active_jobs=344
[18:16:16] WAITING for remaining requests to finish (active_jobs=344)
[18:16:16] REQUEST: 35 - COMPLETED
[18:16:16] REQUEST COMPLETED -> remaining active_jobs=343
[18:16:16] WAITING for remaining requests to finish (active_jobs=343)
[18:16:16] REQUEST: 293 - COMPLETED
[18:16:16] REQUEST COMPLETED -> remaining active_jobs=342
[18:16:16] WAITING for remaining requests to finish (active_jobs=342)
[18:16:16] REQUEST: 171 - COMPLETED
[18:16:16] REQUEST COMPLETED -> remaining active_jobs=341
[18:16:16] WAITING for remaining requests to finish (active_jobs=341)
[18:16:16] REQUEST: 33 - COMPLETED
[18:16:16] REQUEST COMPLETED -> remaining active_jobs=340
[18:16:16] WAITING for remaining requests to finish (active_jobs=340)
[18:16:16] REQUEST: 291 - COMPLETED
[18:16:16] REQUEST COMPLETED -> remaining active_jobs=339
[18:16:16] WAITING for remaining requests to finish (active_jobs=339)
[18:16:16] REQUEST: 397 - COMPLETED
[18:16:16] REQUEST COMPLETED -> remaining active_jobs=338
[18:16:16] WAITING for remaining requests to finish (active_jobs=338)
[18:16:16] REQUEST: 366 - COMPLETED
[18:16:16] REQUEST COMPLETED -> remaining active_jobs=337
[18:16:16] WAITING for remaining requests to finish (active_jobs=337)
[18:16:16] REQUEST: 333 - COMPLETED
[18:16:16] REQUEST COMPLETED -> remaining active_jobs=336
[18:16:16] WAITING for remaining requests to finish (active_jobs=336)
[18:16:17] REQUEST: 334 - COMPLETED
[18:16:17] REQUEST COMPLETED -> remaining active_jobs=335
[18:16:17] WAITING for remaining requests to finish (active_jobs=335)
[18:16:17] REQUEST: 389 - COMPLETED
[18:16:17] REQUEST COMPLETED -> remaining active_jobs=334
[18:16:17] WAITING for remaining requests to finish (active_jobs=334)
[18:16:17] REQUEST: 267 - COMPLETED
[18:16:17] REQUEST COMPLETED -> remaining active_jobs=333
[18:16:17] WAITING for remaining requests to finish (active_jobs=333)
[18:16:17] REQUEST: 376 - COMPLETED
[18:16:17] REQUEST COMPLETED -> remaining active_jobs=332
[18:16:17] WAITING for remaining requests to finish (active_jobs=332)
[18:16:17] REQUEST: 271 - COMPLETED
[18:16:17] REQUEST COMPLETED -> remaining active_jobs=331
[18:16:17] WAITING for remaining requests to finish (active_jobs=331)
[18:16:17] REQUEST: 392 - COMPLETED
[18:16:17] REQUEST COMPLETED -> remaining active_jobs=330
[18:16:17] WAITING for remaining requests to finish (active_jobs=330)
[18:16:17] REQUEST: 448 - COMPLETED
[18:16:17] REQUEST COMPLETED -> remaining active_jobs=329
[18:16:17] WAITING for remaining requests to finish (active_jobs=329)
[18:16:17] REQUEST: 244 - COMPLETED
[18:16:17] REQUEST COMPLETED -> remaining active_jobs=328
[18:16:17] WAITING for remaining requests to finish (active_jobs=328)
[18:16:17] REQUEST: 439 - COMPLETED
[18:16:17] REQUEST COMPLETED -> remaining active_jobs=327
[18:16:17] WAITING for remaining requests to finish (active_jobs=327)
[18:16:17] REQUEST: 279 - COMPLETED
[18:16:17] REQUEST COMPLETED -> remaining active_jobs=326
[18:16:17] WAITING for remaining requests to finish (active_jobs=326)
[18:16:17] REQUEST: 131 - COMPLETED
[18:16:17] REQUEST COMPLETED -> remaining active_jobs=325
[18:16:17] WAITING for remaining requests to finish (active_jobs=325)
[18:16:18] REQUEST: 497 - COMPLETED
[18:16:18] REQUEST COMPLETED -> remaining active_jobs=324
[18:16:18] WAITING for remaining requests to finish (active_jobs=324)
[18:16:18] REQUEST: 220 - COMPLETED
[18:16:18] REQUEST COMPLETED -> remaining active_jobs=323
[18:16:18] WAITING for remaining requests to finish (active_jobs=323)
[18:16:18] REQUEST: 479 - COMPLETED
[18:16:18] REQUEST COMPLETED -> remaining active_jobs=322
[18:16:18] WAITING for remaining requests to finish (active_jobs=322)
[18:16:18] REQUEST: 454 - COMPLETED
[18:16:18] REQUEST COMPLETED -> remaining active_jobs=321
[18:16:18] WAITING for remaining requests to finish (active_jobs=321)
[18:16:18] REQUEST: 308 - COMPLETED
[18:16:18] REQUEST COMPLETED -> remaining active_jobs=320
[18:16:18] WAITING for remaining requests to finish (active_jobs=320)
[18:16:18] REQUEST: 256 - COMPLETED
[18:16:18] REQUEST COMPLETED -> remaining active_jobs=319
[18:16:18] WAITING for remaining requests to finish (active_jobs=319)
[18:16:18] REQUEST: 495 - COMPLETED
[18:16:18] REQUEST COMPLETED -> remaining active_jobs=318
[18:16:18] WAITING for remaining requests to finish (active_jobs=318)
[18:16:18] REQUEST: 27 - COMPLETED
[18:16:18] REQUEST COMPLETED -> remaining active_jobs=317
[18:16:18] WAITING for remaining requests to finish (active_jobs=317)
[18:16:18] REQUEST: 168 - COMPLETED
[18:16:18] REQUEST COMPLETED -> remaining active_jobs=316
[18:16:18] WAITING for remaining requests to finish (active_jobs=316)
[18:16:18] REQUEST: 488 - COMPLETED
[18:16:18] REQUEST COMPLETED -> remaining active_jobs=315
[18:16:18] WAITING for remaining requests to finish (active_jobs=315)
[18:16:18] REQUEST: 184 - COMPLETED
[18:16:18] REQUEST COMPLETED -> remaining active_jobs=314
[18:16:18] WAITING for remaining requests to finish (active_jobs=314)
[18:16:19] REQUEST: 369 - COMPLETED
[18:16:19] REQUEST COMPLETED -> remaining active_jobs=313
[18:16:19] WAITING for remaining requests to finish (active_jobs=313)
[18:16:19] REQUEST: 243 - COMPLETED
[18:16:19] REQUEST COMPLETED -> remaining active_jobs=312
[18:16:19] WAITING for remaining requests to finish (active_jobs=312)
[18:16:19] REQUEST: 257 - COMPLETED
[18:16:19] REQUEST COMPLETED -> remaining active_jobs=311
[18:16:19] WAITING for remaining requests to finish (active_jobs=311)
[18:16:19] REQUEST: 167 - COMPLETED
[18:16:19] REQUEST COMPLETED -> remaining active_jobs=310
[18:16:19] WAITING for remaining requests to finish (active_jobs=310)
[18:16:19] REQUEST: 210 - COMPLETED
[18:16:19] REQUEST COMPLETED -> remaining active_jobs=309
[18:16:19] WAITING for remaining requests to finish (active_jobs=309)
[18:16:19] REQUEST: 452 - COMPLETED
[18:16:19] REQUEST COMPLETED -> remaining active_jobs=308
[18:16:19] WAITING for remaining requests to finish (active_jobs=308)
[18:16:19] REQUEST: 148 - COMPLETED
[18:16:19] REQUEST COMPLETED -> remaining active_jobs=307
[18:16:19] WAITING for remaining requests to finish (active_jobs=307)
[18:16:19] REQUEST: 320 - COMPLETED
[18:16:19] REQUEST COMPLETED -> remaining active_jobs=306
[18:16:19] WAITING for remaining requests to finish (active_jobs=306)
[18:16:19] REQUEST: 424 - COMPLETED
[18:16:19] REQUEST COMPLETED -> remaining active_jobs=305
[18:16:19] WAITING for remaining requests to finish (active_jobs=305)
[18:16:19] REQUEST: 374 - COMPLETED
[18:16:19] REQUEST COMPLETED -> remaining active_jobs=304
[18:16:19] WAITING for remaining requests to finish (active_jobs=304)
[18:16:19] REQUEST: 500 - COMPLETED
[18:16:19] REQUEST COMPLETED -> remaining active_jobs=303
[18:16:19] WAITING for remaining requests to finish (active_jobs=303)
[18:16:20] REQUEST: 195 - COMPLETED
[18:16:20] REQUEST COMPLETED -> remaining active_jobs=302
[18:16:20] WAITING for remaining requests to finish (active_jobs=302)
[18:16:20] REQUEST: 425 - COMPLETED
[18:16:20] REQUEST COMPLETED -> remaining active_jobs=301
[18:16:20] WAITING for remaining requests to finish (active_jobs=301)
[18:16:20] REQUEST: 358 - COMPLETED
[18:16:20] REQUEST COMPLETED -> remaining active_jobs=300
[18:16:20] WAITING for remaining requests to finish (active_jobs=300)
[18:16:20] REQUEST: 427 - COMPLETED
[18:16:20] REQUEST COMPLETED -> remaining active_jobs=299
[18:16:20] WAITING for remaining requests to finish (active_jobs=299)
[18:16:20] REQUEST: 428 - COMPLETED
[18:16:20] REQUEST COMPLETED -> remaining active_jobs=298
[18:16:20] WAITING for remaining requests to finish (active_jobs=298)
[18:16:20] REQUEST: 311 - COMPLETED
[18:16:20] REQUEST COMPLETED -> remaining active_jobs=297
[18:16:20] WAITING for remaining requests to finish (active_jobs=297)
[18:16:20] REQUEST: 305 - COMPLETED
[18:16:20] REQUEST COMPLETED -> remaining active_jobs=296
[18:16:20] WAITING for remaining requests to finish (active_jobs=296)
[18:16:20] REQUEST: 435 - COMPLETED
[18:16:20] REQUEST COMPLETED -> remaining active_jobs=295
[18:16:20] WAITING for remaining requests to finish (active_jobs=295)
[18:16:20] REQUEST: 429 - COMPLETED
[18:16:20] REQUEST COMPLETED -> remaining active_jobs=294
[18:16:20] WAITING for remaining requests to finish (active_jobs=294)
[18:16:20] REQUEST: 348 - COMPLETED
[18:16:20] REQUEST COMPLETED -> remaining active_jobs=293
[18:16:20] WAITING for remaining requests to finish (active_jobs=293)
[18:16:21] REQUEST: 44 - COMPLETED
[18:16:21] REQUEST COMPLETED -> remaining active_jobs=292
[18:16:21] WAITING for remaining requests to finish (active_jobs=292)
[18:16:21] REQUEST: 173 - COMPLETED
[18:16:21] REQUEST COMPLETED -> remaining active_jobs=291
[18:16:21] WAITING for remaining requests to finish (active_jobs=291)
[18:16:21] REQUEST: 430 - COMPLETED
[18:16:21] REQUEST COMPLETED -> remaining active_jobs=290
[18:16:21] WAITING for remaining requests to finish (active_jobs=290)
[18:16:21] REQUEST: 431 - COMPLETED
[18:16:21] REQUEST COMPLETED -> remaining active_jobs=289
[18:16:21] WAITING for remaining requests to finish (active_jobs=289)
[18:16:21] REQUEST: 263 - COMPLETED
[18:16:21] REQUEST COMPLETED -> remaining active_jobs=288
[18:16:21] WAITING for remaining requests to finish (active_jobs=288)
[18:16:21] REQUEST: 141 - COMPLETED
[18:16:21] REQUEST COMPLETED -> remaining active_jobs=287
[18:16:21] WAITING for remaining requests to finish (active_jobs=287)
[18:16:21] REQUEST: 185 - COMPLETED
[18:16:21] REQUEST COMPLETED -> remaining active_jobs=286
[18:16:21] WAITING for remaining requests to finish (active_jobs=286)
[18:16:21] REQUEST: 339 - COMPLETED
[18:16:21] REQUEST COMPLETED -> remaining active_jobs=285
[18:16:21] WAITING for remaining requests to finish (active_jobs=285)
[18:16:21] REQUEST: 192 - COMPLETED
[18:16:21] REQUEST COMPLETED -> remaining active_jobs=284
[18:16:21] WAITING for remaining requests to finish (active_jobs=284)
[18:16:21] REQUEST: 282 - COMPLETED
[18:16:21] REQUEST COMPLETED -> remaining active_jobs=283
[18:16:21] WAITING for remaining requests to finish (active_jobs=283)
[18:16:21] REQUEST: 239 - COMPLETED
[18:16:21] REQUEST COMPLETED -> remaining active_jobs=282
[18:16:21] WAITING for remaining requests to finish (active_jobs=282)
[18:16:22] REQUEST: 353 - COMPLETED
[18:16:22] REQUEST COMPLETED -> remaining active_jobs=281
[18:16:22] WAITING for remaining requests to finish (active_jobs=281)
[18:16:22] REQUEST: 175 - COMPLETED
[18:16:22] REQUEST COMPLETED -> remaining active_jobs=280
[18:16:22] WAITING for remaining requests to finish (active_jobs=280)
[18:16:22] REQUEST: 317 - COMPLETED
[18:16:22] REQUEST COMPLETED -> remaining active_jobs=279
[18:16:22] WAITING for remaining requests to finish (active_jobs=279)
[18:16:22] REQUEST: 404 - COMPLETED
[18:16:22] REQUEST COMPLETED -> remaining active_jobs=278
[18:16:22] WAITING for remaining requests to finish (active_jobs=278)
[18:16:22] REQUEST: 245 - COMPLETED
[18:16:22] REQUEST COMPLETED -> remaining active_jobs=277
[18:16:22] WAITING for remaining requests to finish (active_jobs=277)
[18:16:22] REQUEST: 288 - COMPLETED
[18:16:22] REQUEST COMPLETED -> remaining active_jobs=276
[18:16:22] WAITING for remaining requests to finish (active_jobs=276)
[18:16:22] REQUEST: 203 - COMPLETED
[18:16:22] REQUEST COMPLETED -> remaining active_jobs=275
[18:16:22] WAITING for remaining requests to finish (active_jobs=275)
[18:16:22] REQUEST: 390 - COMPLETED
[18:16:22] REQUEST COMPLETED -> remaining active_jobs=274
[18:16:22] WAITING for remaining requests to finish (active_jobs=274)
[18:16:22] REQUEST: 407 - COMPLETED
[18:16:22] REQUEST COMPLETED -> remaining active_jobs=273
[18:16:22] WAITING for remaining requests to finish (active_jobs=273)
[18:16:22] REQUEST: 343 - COMPLETED
[18:16:22] REQUEST COMPLETED -> remaining active_jobs=272
[18:16:22] WAITING for remaining requests to finish (active_jobs=272)
[18:16:22] REQUEST: 384 - COMPLETED
[18:16:22] REQUEST COMPLETED -> remaining active_jobs=271
[18:16:22] WAITING for remaining requests to finish (active_jobs=271)
[18:16:23] REQUEST: 379 - COMPLETED
[18:16:23] REQUEST COMPLETED -> remaining active_jobs=270
[18:16:23] WAITING for remaining requests to finish (active_jobs=270)
[18:16:23] REQUEST: 179 - COMPLETED
[18:16:23] REQUEST COMPLETED -> remaining active_jobs=269
[18:16:23] WAITING for remaining requests to finish (active_jobs=269)
[18:16:23] REQUEST: 260 - COMPLETED
[18:16:23] REQUEST COMPLETED -> remaining active_jobs=268
[18:16:23] WAITING for remaining requests to finish (active_jobs=268)
[18:16:23] REQUEST: 351 - COMPLETED
[18:16:23] REQUEST COMPLETED -> remaining active_jobs=267
[18:16:23] WAITING for remaining requests to finish (active_jobs=267)
[18:16:23] REQUEST: 221 - COMPLETED
[18:16:23] REQUEST COMPLETED -> remaining active_jobs=266
[18:16:23] WAITING for remaining requests to finish (active_jobs=266)
[18:16:23] REQUEST: 258 - COMPLETED
[18:16:23] REQUEST COMPLETED -> remaining active_jobs=265
[18:16:23] WAITING for remaining requests to finish (active_jobs=265)
[18:16:23] REQUEST: 172 - COMPLETED
[18:16:23] REQUEST COMPLETED -> remaining active_jobs=264
[18:16:23] WAITING for remaining requests to finish (active_jobs=264)
[18:16:23] REQUEST: 205 - COMPLETED
[18:16:23] REQUEST COMPLETED -> remaining active_jobs=263
[18:16:23] WAITING for remaining requests to finish (active_jobs=263)
[18:16:23] REQUEST: 354 - COMPLETED
[18:16:23] REQUEST COMPLETED -> remaining active_jobs=262
[18:16:23] WAITING for remaining requests to finish (active_jobs=262)
[18:16:23] REQUEST: 457 - COMPLETED
[18:16:23] REQUEST COMPLETED -> remaining active_jobs=261
[18:16:23] WAITING for remaining requests to finish (active_jobs=261)
[18:16:24] REQUEST: 231 - COMPLETED
[18:16:24] REQUEST COMPLETED -> remaining active_jobs=260
[18:16:24] WAITING for remaining requests to finish (active_jobs=260)
[18:16:24] REQUEST: 189 - COMPLETED
[18:16:24] REQUEST COMPLETED -> remaining active_jobs=259
[18:16:24] WAITING for remaining requests to finish (active_jobs=259)
[18:16:24] REQUEST: 433 - COMPLETED
[18:16:24] REQUEST COMPLETED -> remaining active_jobs=258
[18:16:24] WAITING for remaining requests to finish (active_jobs=258)
[18:16:24] REQUEST: 464 - COMPLETED
[18:16:24] REQUEST COMPLETED -> remaining active_jobs=257
[18:16:24] WAITING for remaining requests to finish (active_jobs=257)
[18:16:24] REQUEST: 421 - COMPLETED
[18:16:24] REQUEST COMPLETED -> remaining active_jobs=256
[18:16:24] WAITING for remaining requests to finish (active_jobs=256)
[18:16:24] REQUEST: 319 - COMPLETED
[18:16:24] REQUEST COMPLETED -> remaining active_jobs=255
[18:16:24] WAITING for remaining requests to finish (active_jobs=255)
[18:16:24] REQUEST: 314 - COMPLETED
[18:16:24] REQUEST COMPLETED -> remaining active_jobs=254
[18:16:24] WAITING for remaining requests to finish (active_jobs=254)
[18:16:24] REQUEST: 240 - COMPLETED
[18:16:24] REQUEST COMPLETED -> remaining active_jobs=253
[18:16:24] WAITING for remaining requests to finish (active_jobs=253)
[18:16:24] REQUEST: 63 - COMPLETED
[18:16:24] REQUEST COMPLETED -> remaining active_jobs=252
[18:16:24] WAITING for remaining requests to finish (active_jobs=252)
[18:16:24] REQUEST: 169 - COMPLETED
[18:16:24] REQUEST COMPLETED -> remaining active_jobs=251
[18:16:24] WAITING for remaining requests to finish (active_jobs=251)
[18:16:24] REQUEST: 209 - COMPLETED
[18:16:24] REQUEST COMPLETED -> remaining active_jobs=250
[18:16:24] WAITING for remaining requests to finish (active_jobs=250)
[18:16:25] REQUEST: 219 - COMPLETED
[18:16:25] REQUEST COMPLETED -> remaining active_jobs=249
[18:16:25] WAITING for remaining requests to finish (active_jobs=249)
[18:16:25] REQUEST: 437 - COMPLETED
[18:16:25] REQUEST COMPLETED -> remaining active_jobs=248
[18:16:25] WAITING for remaining requests to finish (active_jobs=248)
[18:16:25] REQUEST: 406 - COMPLETED
[18:16:25] REQUEST COMPLETED -> remaining active_jobs=247
[18:16:25] WAITING for remaining requests to finish (active_jobs=247)
[18:16:25] REQUEST: 246 - COMPLETED
[18:16:25] REQUEST COMPLETED -> remaining active_jobs=246
[18:16:25] WAITING for remaining requests to finish (active_jobs=246)
[18:16:25] REQUEST: 164 - COMPLETED
[18:16:25] REQUEST COMPLETED -> remaining active_jobs=245
[18:16:25] WAITING for remaining requests to finish (active_jobs=245)
[18:16:25] REQUEST: 446 - COMPLETED
[18:16:25] REQUEST COMPLETED -> remaining active_jobs=244
[18:16:25] WAITING for remaining requests to finish (active_jobs=244)
[18:16:25] REQUEST: 477 - COMPLETED
[18:16:25] REQUEST COMPLETED -> remaining active_jobs=243
[18:16:25] WAITING for remaining requests to finish (active_jobs=243)
[18:16:25] REQUEST: 235 - COMPLETED
[18:16:25] REQUEST COMPLETED -> remaining active_jobs=242
[18:16:25] WAITING for remaining requests to finish (active_jobs=242)
[18:16:25] REQUEST: 420 - COMPLETED
[18:16:25] REQUEST COMPLETED -> remaining active_jobs=241
[18:16:25] WAITING for remaining requests to finish (active_jobs=241)
[18:16:25] REQUEST: 423 - COMPLETED
[18:16:25] REQUEST COMPLETED -> remaining active_jobs=240
[18:16:25] WAITING for remaining requests to finish (active_jobs=240)
[18:16:25] REQUEST: 174 - COMPLETED
[18:16:25] REQUEST COMPLETED -> remaining active_jobs=239
[18:16:25] WAITING for remaining requests to finish (active_jobs=239)
[18:16:26] REQUEST: 98 - COMPLETED
[18:16:26] REQUEST COMPLETED -> remaining active_jobs=238
[18:16:26] WAITING for remaining requests to finish (active_jobs=238)
[18:16:26] REQUEST: 398 - COMPLETED
[18:16:26] REQUEST COMPLETED -> remaining active_jobs=237
[18:16:26] WAITING for remaining requests to finish (active_jobs=237)
[18:16:26] REQUEST: 153 - COMPLETED
[18:16:26] REQUEST COMPLETED -> remaining active_jobs=236
[18:16:26] WAITING for remaining requests to finish (active_jobs=236)
[18:16:26] REQUEST: 294 - COMPLETED
[18:16:26] REQUEST COMPLETED -> remaining active_jobs=235
[18:16:26] WAITING for remaining requests to finish (active_jobs=235)
[18:16:26] REQUEST: 309 - COMPLETED
[18:16:26] REQUEST COMPLETED -> remaining active_jobs=234
[18:16:26] WAITING for remaining requests to finish (active_jobs=234)
[18:16:26] REQUEST: 388 - COMPLETED
[18:16:26] REQUEST COMPLETED -> remaining active_jobs=233
[18:16:26] WAITING for remaining requests to finish (active_jobs=233)
[18:16:26] REQUEST: 403 - COMPLETED
[18:16:26] REQUEST COMPLETED -> remaining active_jobs=232
[18:16:26] WAITING for remaining requests to finish (active_jobs=232)
[18:16:26] REQUEST: 342 - COMPLETED
[18:16:26] REQUEST COMPLETED -> remaining active_jobs=231
[18:16:26] WAITING for remaining requests to finish (active_jobs=231)
[18:16:26] REQUEST: 142 - COMPLETED
[18:16:26] REQUEST COMPLETED -> remaining active_jobs=230
[18:16:26] WAITING for remaining requests to finish (active_jobs=230)
[18:16:26] REQUEST: 228 - COMPLETED
[18:16:26] REQUEST COMPLETED -> remaining active_jobs=229
[18:16:26] WAITING for remaining requests to finish (active_jobs=229)
[18:16:27] REQUEST: 107 - COMPLETED
[18:16:27] REQUEST COMPLETED -> remaining active_jobs=228
[18:16:27] WAITING for remaining requests to finish (active_jobs=228)
[18:16:27] REQUEST: 188 - COMPLETED
[18:16:27] REQUEST COMPLETED -> remaining active_jobs=227
[18:16:27] WAITING for remaining requests to finish (active_jobs=227)
[18:16:27] REQUEST: 400 - COMPLETED
[18:16:27] REQUEST COMPLETED -> remaining active_jobs=226
[18:16:27] WAITING for remaining requests to finish (active_jobs=226)
[18:16:27] REQUEST: 253 - COMPLETED
[18:16:27] REQUEST COMPLETED -> remaining active_jobs=225
[18:16:27] WAITING for remaining requests to finish (active_jobs=225)
[18:16:27] REQUEST: 416 - COMPLETED
[18:16:27] REQUEST COMPLETED -> remaining active_jobs=224
[18:16:27] WAITING for remaining requests to finish (active_jobs=224)
[18:16:27] REQUEST: 215 - COMPLETED
[18:16:27] REQUEST COMPLETED -> remaining active_jobs=223
[18:16:27] WAITING for remaining requests to finish (active_jobs=223)
[18:16:27] REQUEST: 395 - COMPLETED
[18:16:27] REQUEST COMPLETED -> remaining active_jobs=222
[18:16:27] WAITING for remaining requests to finish (active_jobs=222)
[18:16:27] REQUEST: 468 - COMPLETED
[18:16:27] REQUEST COMPLETED -> remaining active_jobs=221
[18:16:27] WAITING for remaining requests to finish (active_jobs=221)
[18:16:27] REQUEST: 337 - COMPLETED
[18:16:27] REQUEST COMPLETED -> remaining active_jobs=220
[18:16:27] WAITING for remaining requests to finish (active_jobs=220)
[18:16:27] REQUEST: 415 - COMPLETED
[18:16:27] REQUEST COMPLETED -> remaining active_jobs=219
[18:16:27] WAITING for remaining requests to finish (active_jobs=219)
[18:16:27] REQUEST: 208 - COMPLETED
[18:16:27] REQUEST COMPLETED -> remaining active_jobs=218
[18:16:27] WAITING for remaining requests to finish (active_jobs=218)
[18:16:28] REQUEST: 144 - COMPLETED
[18:16:28] REQUEST COMPLETED -> remaining active_jobs=217
[18:16:28] WAITING for remaining requests to finish (active_jobs=217)
[18:16:28] REQUEST: 478 - COMPLETED
[18:16:28] REQUEST COMPLETED -> remaining active_jobs=216
[18:16:28] WAITING for remaining requests to finish (active_jobs=216)
[18:16:28] REQUEST: 453 - COMPLETED
[18:16:28] REQUEST COMPLETED -> remaining active_jobs=215
[18:16:28] WAITING for remaining requests to finish (active_jobs=215)
[18:16:28] REQUEST: 194 - COMPLETED
[18:16:28] REQUEST COMPLETED -> remaining active_jobs=214
[18:16:28] WAITING for remaining requests to finish (active_jobs=214)
[18:16:28] REQUEST: 224 - COMPLETED
[18:16:28] REQUEST COMPLETED -> remaining active_jobs=213
[18:16:28] WAITING for remaining requests to finish (active_jobs=213)
[18:16:28] REQUEST: 322 - COMPLETED
[18:16:28] REQUEST COMPLETED -> remaining active_jobs=212
[18:16:28] WAITING for remaining requests to finish (active_jobs=212)
[18:16:28] REQUEST: 161 - COMPLETED
[18:16:28] REQUEST COMPLETED -> remaining active_jobs=211
[18:16:28] WAITING for remaining requests to finish (active_jobs=211)
[18:16:28] REQUEST: 54 - COMPLETED
[18:16:28] REQUEST COMPLETED -> remaining active_jobs=210
[18:16:28] WAITING for remaining requests to finish (active_jobs=210)
[18:16:28] REQUEST: 402 - COMPLETED
[18:16:28] REQUEST COMPLETED -> remaining active_jobs=209
[18:16:28] WAITING for remaining requests to finish (active_jobs=209)
[18:16:28] REQUEST: 449 - COMPLETED
[18:16:28] REQUEST COMPLETED -> remaining active_jobs=208
[18:16:28] WAITING for remaining requests to finish (active_jobs=208)
[18:16:28] REQUEST: 341 - COMPLETED
[18:16:28] REQUEST COMPLETED -> remaining active_jobs=207
[18:16:28] WAITING for remaining requests to finish (active_jobs=207)
[18:16:29] REQUEST: 170 - COMPLETED
[18:16:29] REQUEST COMPLETED -> remaining active_jobs=206
[18:16:29] WAITING for remaining requests to finish (active_jobs=206)
[18:16:29] REQUEST: 146 - COMPLETED
[18:16:29] REQUEST COMPLETED -> remaining active_jobs=205
[18:16:29] WAITING for remaining requests to finish (active_jobs=205)
[18:16:29] REQUEST: 438 - COMPLETED
[18:16:29] REQUEST COMPLETED -> remaining active_jobs=204
[18:16:29] WAITING for remaining requests to finish (active_jobs=204)
[18:16:29] REQUEST: 419 - COMPLETED
[18:16:29] REQUEST COMPLETED -> remaining active_jobs=203
[18:16:29] WAITING for remaining requests to finish (active_jobs=203)
[18:16:29] REQUEST: 178 - COMPLETED
[18:16:29] REQUEST COMPLETED -> remaining active_jobs=202
[18:16:29] WAITING for remaining requests to finish (active_jobs=202)
[18:16:29] REQUEST: 496 - COMPLETED
[18:16:29] REQUEST COMPLETED -> remaining active_jobs=201
[18:16:29] WAITING for remaining requests to finish (active_jobs=201)
[18:16:29] REQUEST: 216 - COMPLETED
[18:16:29] REQUEST COMPLETED -> remaining active_jobs=200
[18:16:29] WAITING for remaining requests to finish (active_jobs=200)
[18:16:29] REQUEST: 295 - COMPLETED
[18:16:29] REQUEST COMPLETED -> remaining active_jobs=199
[18:16:29] WAITING for remaining requests to finish (active_jobs=199)
[18:16:29] REQUEST: 360 - COMPLETED
[18:16:29] REQUEST COMPLETED -> remaining active_jobs=198
[18:16:29] WAITING for remaining requests to finish (active_jobs=198)
[18:16:29] REQUEST: 363 - COMPLETED
[18:16:29] REQUEST COMPLETED -> remaining active_jobs=197
[18:16:29] WAITING for remaining requests to finish (active_jobs=197)
[18:16:29] REQUEST: 357 - COMPLETED
[18:16:29] REQUEST COMPLETED -> remaining active_jobs=196
[18:16:29] WAITING for remaining requests to finish (active_jobs=196)
[18:16:30] REQUEST: 434 - COMPLETED
[18:16:30] REQUEST COMPLETED -> remaining active_jobs=195
[18:16:30] WAITING for remaining requests to finish (active_jobs=195)
[18:16:30] REQUEST: 372 - COMPLETED
[18:16:30] REQUEST COMPLETED -> remaining active_jobs=194
[18:16:30] WAITING for remaining requests to finish (active_jobs=194)
[18:16:30] REQUEST: 447 - COMPLETED
[18:16:30] REQUEST COMPLETED -> remaining active_jobs=193
[18:16:30] WAITING for remaining requests to finish (active_jobs=193)
[18:16:30] REQUEST: 442 - COMPLETED
[18:16:30] REQUEST COMPLETED -> remaining active_jobs=192
[18:16:30] WAITING for remaining requests to finish (active_jobs=192)
[18:16:30] REQUEST: 414 - COMPLETED
[18:16:30] REQUEST COMPLETED -> remaining active_jobs=191
[18:16:30] WAITING for remaining requests to finish (active_jobs=191)
[18:16:30] REQUEST: 486 - COMPLETED
[18:16:30] REQUEST COMPLETED -> remaining active_jobs=190
[18:16:30] WAITING for remaining requests to finish (active_jobs=190)
[18:16:30] REQUEST: 292 - COMPLETED
[18:16:30] REQUEST COMPLETED -> remaining active_jobs=189
[18:16:30] WAITING for remaining requests to finish (active_jobs=189)
[18:16:30] REQUEST: 440 - COMPLETED
[18:16:30] REQUEST COMPLETED -> remaining active_jobs=188
[18:16:30] WAITING for remaining requests to finish (active_jobs=188)
[18:16:30] REQUEST: 332 - COMPLETED
[18:16:30] REQUEST COMPLETED -> remaining active_jobs=187
[18:16:30] WAITING for remaining requests to finish (active_jobs=187)
[18:16:30] REQUEST: 466 - COMPLETED
[18:16:30] REQUEST COMPLETED -> remaining active_jobs=186
[18:16:30] WAITING for remaining requests to finish (active_jobs=186)
[18:16:31] REQUEST: 482 - COMPLETED
[18:16:31] REQUEST COMPLETED -> remaining active_jobs=185
[18:16:31] WAITING for remaining requests to finish (active_jobs=185)
[18:16:31] REQUEST: 241 - COMPLETED
[18:16:31] REQUEST COMPLETED -> remaining active_jobs=184
[18:16:31] WAITING for remaining requests to finish (active_jobs=184)
[18:16:31] REQUEST: 160 - COMPLETED
[18:16:31] REQUEST COMPLETED -> remaining active_jobs=183
[18:16:31] WAITING for remaining requests to finish (active_jobs=183)
[18:16:31] REQUEST: 410 - COMPLETED
[18:16:31] REQUEST COMPLETED -> remaining active_jobs=182
[18:16:31] WAITING for remaining requests to finish (active_jobs=182)
[18:16:31] REQUEST: 145 - COMPLETED
[18:16:31] REQUEST COMPLETED -> remaining active_jobs=181
[18:16:31] WAITING for remaining requests to finish (active_jobs=181)
[18:16:31] REQUEST: 299 - COMPLETED
[18:16:31] REQUEST COMPLETED -> remaining active_jobs=180
[18:16:31] WAITING for remaining requests to finish (active_jobs=180)
[18:16:31] REQUEST: 190 - COMPLETED
[18:16:31] REQUEST COMPLETED -> remaining active_jobs=179
[18:16:31] WAITING for remaining requests to finish (active_jobs=179)
[18:16:31] REQUEST: 349 - COMPLETED
[18:16:31] REQUEST COMPLETED -> remaining active_jobs=178
[18:16:31] WAITING for remaining requests to finish (active_jobs=178)
[18:16:31] REQUEST: 250 - COMPLETED
[18:16:31] REQUEST COMPLETED -> remaining active_jobs=177
[18:16:31] WAITING for remaining requests to finish (active_jobs=177)
[18:16:31] REQUEST: 451 - COMPLETED
[18:16:31] REQUEST COMPLETED -> remaining active_jobs=176
[18:16:31] WAITING for remaining requests to finish (active_jobs=176)
[18:16:31] REQUEST: 45 - COMPLETED
[18:16:31] REQUEST COMPLETED -> remaining active_jobs=175
[18:16:31] WAITING for remaining requests to finish (active_jobs=175)
[18:16:32] REQUEST: 312 - COMPLETED
[18:16:32] REQUEST COMPLETED -> remaining active_jobs=174
[18:16:32] WAITING for remaining requests to finish (active_jobs=174)
[18:16:32] REQUEST: 417 - COMPLETED
[18:16:32] REQUEST COMPLETED -> remaining active_jobs=173
[18:16:32] WAITING for remaining requests to finish (active_jobs=173)
[18:16:32] REQUEST: 248 - COMPLETED
[18:16:32] REQUEST COMPLETED -> remaining active_jobs=172
[18:16:32] WAITING for remaining requests to finish (active_jobs=172)
[18:16:32] REQUEST: 474 - COMPLETED
[18:16:32] REQUEST COMPLETED -> remaining active_jobs=171
[18:16:32] WAITING for remaining requests to finish (active_jobs=171)
[18:16:32] REQUEST: 180 - COMPLETED
[18:16:32] REQUEST COMPLETED -> remaining active_jobs=170
[18:16:32] WAITING for remaining requests to finish (active_jobs=170)
[18:16:32] REQUEST: 284 - COMPLETED
[18:16:32] REQUEST COMPLETED -> remaining active_jobs=169
[18:16:32] WAITING for remaining requests to finish (active_jobs=169)
[18:16:32] REQUEST: 383 - COMPLETED
[18:16:32] REQUEST COMPLETED -> remaining active_jobs=168
[18:16:32] WAITING for remaining requests to finish (active_jobs=168)
[18:16:32] REQUEST: 381 - COMPLETED
[18:16:32] REQUEST COMPLETED -> remaining active_jobs=167
[18:16:32] WAITING for remaining requests to finish (active_jobs=167)
[18:16:32] REQUEST: 217 - COMPLETED
[18:16:32] REQUEST COMPLETED -> remaining active_jobs=166
[18:16:32] WAITING for remaining requests to finish (active_jobs=166)
[18:16:32] REQUEST: 490 - COMPLETED
[18:16:32] REQUEST COMPLETED -> remaining active_jobs=165
[18:16:32] WAITING for remaining requests to finish (active_jobs=165)
[18:16:32] REQUEST: 106 - COMPLETED
[18:16:32] REQUEST COMPLETED -> remaining active_jobs=164
[18:16:32] WAITING for remaining requests to finish (active_jobs=164)
[18:16:33] REQUEST: 277 - COMPLETED
[18:16:33] REQUEST COMPLETED -> remaining active_jobs=163
[18:16:33] WAITING for remaining requests to finish (active_jobs=163)
[18:16:33] REQUEST: 325 - COMPLETED
[18:16:33] REQUEST COMPLETED -> remaining active_jobs=162
[18:16:33] WAITING for remaining requests to finish (active_jobs=162)
[18:16:33] REQUEST: 196 - COMPLETED
[18:16:33] REQUEST COMPLETED -> remaining active_jobs=161
[18:16:33] WAITING for remaining requests to finish (active_jobs=161)
[18:16:33] REQUEST: 444 - COMPLETED
[18:16:33] REQUEST COMPLETED -> remaining active_jobs=160
[18:16:33] WAITING for remaining requests to finish (active_jobs=160)
[18:16:33] REQUEST: 234 - COMPLETED
[18:16:33] REQUEST COMPLETED -> remaining active_jobs=159
[18:16:33] WAITING for remaining requests to finish (active_jobs=159)
[18:16:33] REQUEST: 335 - COMPLETED
[18:16:33] REQUEST COMPLETED -> remaining active_jobs=158
[18:16:33] WAITING for remaining requests to finish (active_jobs=158)
[18:16:33] REQUEST: 285 - COMPLETED
[18:16:33] REQUEST COMPLETED -> remaining active_jobs=157
[18:16:33] WAITING for remaining requests to finish (active_jobs=157)
[18:16:33] REQUEST: 393 - COMPLETED
[18:16:33] REQUEST COMPLETED -> remaining active_jobs=156
[18:16:33] WAITING for remaining requests to finish (active_jobs=156)
[18:16:33] REQUEST: 46 - COMPLETED
[18:16:33] REQUEST COMPLETED -> remaining active_jobs=155
[18:16:33] WAITING for remaining requests to finish (active_jobs=155)
[18:16:33] REQUEST: 347 - COMPLETED
[18:16:33] REQUEST COMPLETED -> remaining active_jobs=154
[18:16:33] WAITING for remaining requests to finish (active_jobs=154)
[18:16:34] REQUEST: 408 - COMPLETED
[18:16:34] REQUEST COMPLETED -> remaining active_jobs=153
[18:16:34] WAITING for remaining requests to finish (active_jobs=153)
[18:16:34] REQUEST: 364 - COMPLETED
[18:16:34] REQUEST COMPLETED -> remaining active_jobs=152
[18:16:34] WAITING for remaining requests to finish (active_jobs=152)
[18:16:34] REQUEST: 373 - COMPLETED
[18:16:34] REQUEST COMPLETED -> remaining active_jobs=151
[18:16:34] WAITING for remaining requests to finish (active_jobs=151)
[18:16:34] REQUEST: 273 - COMPLETED
[18:16:34] REQUEST COMPLETED -> remaining active_jobs=150
[18:16:34] WAITING for remaining requests to finish (active_jobs=150)
[18:16:34] REQUEST: 281 - COMPLETED
[18:16:34] REQUEST COMPLETED -> remaining active_jobs=149
[18:16:34] WAITING for remaining requests to finish (active_jobs=149)
[18:16:34] REQUEST: 399 - COMPLETED
[18:16:34] REQUEST COMPLETED -> remaining active_jobs=148
[18:16:34] WAITING for remaining requests to finish (active_jobs=148)
[18:16:34] REQUEST: 255 - COMPLETED
[18:16:34] REQUEST COMPLETED -> remaining active_jobs=147
[18:16:34] WAITING for remaining requests to finish (active_jobs=147)
[18:16:34] REQUEST: 207 - COMPLETED
[18:16:34] REQUEST COMPLETED -> remaining active_jobs=146
[18:16:34] WAITING for remaining requests to finish (active_jobs=146)
[18:16:34] REQUEST: 330 - COMPLETED
[18:16:34] REQUEST COMPLETED -> remaining active_jobs=145
[18:16:34] WAITING for remaining requests to finish (active_jobs=145)
[18:16:34] REQUEST: 382 - COMPLETED
[18:16:34] REQUEST COMPLETED -> remaining active_jobs=144
[18:16:34] WAITING for remaining requests to finish (active_jobs=144)
[18:16:34] REQUEST: 432 - COMPLETED
[18:16:34] REQUEST COMPLETED -> remaining active_jobs=143
[18:16:34] WAITING for remaining requests to finish (active_jobs=143)
[18:16:35] REQUEST: 218 - COMPLETED
[18:16:35] REQUEST COMPLETED -> remaining active_jobs=142
[18:16:35] WAITING for remaining requests to finish (active_jobs=142)
[18:16:35] REQUEST: 304 - COMPLETED
[18:16:35] REQUEST COMPLETED -> remaining active_jobs=141
[18:16:35] WAITING for remaining requests to finish (active_jobs=141)
[18:16:35] REQUEST: 469 - COMPLETED
[18:16:35] REQUEST COMPLETED -> remaining active_jobs=140
[18:16:35] WAITING for remaining requests to finish (active_jobs=140)
[18:16:35] REQUEST: 310 - COMPLETED
[18:16:35] REQUEST COMPLETED -> remaining active_jobs=139
[18:16:35] WAITING for remaining requests to finish (active_jobs=139)
[18:16:35] REQUEST: 290 - COMPLETED
[18:16:35] REQUEST COMPLETED -> remaining active_jobs=138
[18:16:35] WAITING for remaining requests to finish (active_jobs=138)
[18:16:35] REQUEST: 301 - COMPLETED
[18:16:35] REQUEST COMPLETED -> remaining active_jobs=137
[18:16:35] WAITING for remaining requests to finish (active_jobs=137)
[18:16:35] REQUEST: 443 - COMPLETED
[18:16:35] REQUEST COMPLETED -> remaining active_jobs=136
[18:16:35] WAITING for remaining requests to finish (active_jobs=136)
[18:16:35] REQUEST: 269 - COMPLETED
[18:16:35] REQUEST COMPLETED -> remaining active_jobs=135
[18:16:35] WAITING for remaining requests to finish (active_jobs=135)
[18:16:35] REQUEST: 286 - COMPLETED
[18:16:35] REQUEST COMPLETED -> remaining active_jobs=134
[18:16:35] WAITING for remaining requests to finish (active_jobs=134)
[18:16:35] REQUEST: 394 - COMPLETED
[18:16:35] REQUEST COMPLETED -> remaining active_jobs=133
[18:16:35] WAITING for remaining requests to finish (active_jobs=133)
[18:16:35] REQUEST: 365 - COMPLETED
[18:16:35] REQUEST COMPLETED -> remaining active_jobs=132
[18:16:35] WAITING for remaining requests to finish (active_jobs=132)
[18:16:36] REQUEST: 298 - COMPLETED
[18:16:36] REQUEST COMPLETED -> remaining active_jobs=131
[18:16:36] WAITING for remaining requests to finish (active_jobs=131)
[18:16:36] REQUEST: 236 - COMPLETED
[18:16:36] REQUEST COMPLETED -> remaining active_jobs=130
[18:16:36] WAITING for remaining requests to finish (active_jobs=130)
[18:16:36] REQUEST: 487 - COMPLETED
[18:16:36] REQUEST COMPLETED -> remaining active_jobs=129
[18:16:36] WAITING for remaining requests to finish (active_jobs=129)
[18:16:36] REQUEST: 327 - COMPLETED
[18:16:36] REQUEST COMPLETED -> remaining active_jobs=128
[18:16:36] WAITING for remaining requests to finish (active_jobs=128)
[18:16:36] REQUEST: 193 - COMPLETED
[18:16:36] REQUEST COMPLETED -> remaining active_jobs=127
[18:16:36] WAITING for remaining requests to finish (active_jobs=127)
[18:16:36] REQUEST: 412 - COMPLETED
[18:16:36] REQUEST COMPLETED -> remaining active_jobs=126
[18:16:36] WAITING for remaining requests to finish (active_jobs=126)
[18:16:36] REQUEST: 152 - COMPLETED
[18:16:36] REQUEST COMPLETED -> remaining active_jobs=125
[18:16:36] WAITING for remaining requests to finish (active_jobs=125)
[18:16:36] REQUEST: 159 - COMPLETED
[18:16:36] REQUEST COMPLETED -> remaining active_jobs=124
[18:16:36] WAITING for remaining requests to finish (active_jobs=124)
[18:16:36] REQUEST: 199 - COMPLETED
[18:16:36] REQUEST COMPLETED -> remaining active_jobs=123
[18:16:36] WAITING for remaining requests to finish (active_jobs=123)
[18:16:36] REQUEST: 222 - COMPLETED
[18:16:36] REQUEST COMPLETED -> remaining active_jobs=122
[18:16:36] WAITING for remaining requests to finish (active_jobs=122)
[18:16:36] REQUEST: 422 - COMPLETED
[18:16:36] REQUEST COMPLETED -> remaining active_jobs=121
[18:16:36] WAITING for remaining requests to finish (active_jobs=121)
[18:16:37] REQUEST: 300 - COMPLETED
[18:16:37] REQUEST COMPLETED -> remaining active_jobs=120
[18:16:37] WAITING for remaining requests to finish (active_jobs=120)
[18:16:37] REQUEST: 225 - COMPLETED
[18:16:37] REQUEST COMPLETED -> remaining active_jobs=119
[18:16:37] WAITING for remaining requests to finish (active_jobs=119)
[18:16:37] REQUEST: 62 - COMPLETED
[18:16:37] REQUEST COMPLETED -> remaining active_jobs=118
[18:16:37] WAITING for remaining requests to finish (active_jobs=118)
[18:16:37] REQUEST: 456 - COMPLETED
[18:16:37] REQUEST COMPLETED -> remaining active_jobs=117
[18:16:37] WAITING for remaining requests to finish (active_jobs=117)
[18:16:37] REQUEST: 201 - COMPLETED
[18:16:37] REQUEST COMPLETED -> remaining active_jobs=116
[18:16:37] WAITING for remaining requests to finish (active_jobs=116)
[18:16:37] REQUEST: 387 - COMPLETED
[18:16:37] REQUEST COMPLETED -> remaining active_jobs=115
[18:16:37] WAITING for remaining requests to finish (active_jobs=115)
[18:16:37] REQUEST: 149 - COMPLETED
[18:16:37] REQUEST COMPLETED -> remaining active_jobs=114
[18:16:37] WAITING for remaining requests to finish (active_jobs=114)
[18:16:37] REQUEST: 362 - COMPLETED
[18:16:37] REQUEST COMPLETED -> remaining active_jobs=113
[18:16:37] WAITING for remaining requests to finish (active_jobs=113)
[18:16:37] REQUEST: 494 - COMPLETED
[18:16:37] REQUEST COMPLETED -> remaining active_jobs=112
[18:16:37] WAITING for remaining requests to finish (active_jobs=112)
[18:16:37] REQUEST: 396 - COMPLETED
[18:16:37] REQUEST COMPLETED -> remaining active_jobs=111
[18:16:37] WAITING for remaining requests to finish (active_jobs=111)
[18:16:38] REQUEST: 460 - COMPLETED
[18:16:38] REQUEST COMPLETED -> remaining active_jobs=110
[18:16:38] WAITING for remaining requests to finish (active_jobs=110)
[18:16:38] REQUEST: 338 - COMPLETED
[18:16:38] REQUEST COMPLETED -> remaining active_jobs=109
[18:16:38] WAITING for remaining requests to finish (active_jobs=109)
[18:16:38] REQUEST: 229 - COMPLETED
[18:16:38] REQUEST COMPLETED -> remaining active_jobs=108
[18:16:38] WAITING for remaining requests to finish (active_jobs=108)
[18:16:38] REQUEST: 186 - COMPLETED
[18:16:38] REQUEST COMPLETED -> remaining active_jobs=107
[18:16:38] WAITING for remaining requests to finish (active_jobs=107)
[18:16:38] REQUEST: 426 - COMPLETED
[18:16:38] REQUEST COMPLETED -> remaining active_jobs=106
[18:16:38] WAITING for remaining requests to finish (active_jobs=106)
[18:16:38] REQUEST: 183 - COMPLETED
[18:16:38] REQUEST COMPLETED -> remaining active_jobs=105
[18:16:38] WAITING for remaining requests to finish (active_jobs=105)
[18:16:38] REQUEST: 331 - COMPLETED
[18:16:38] REQUEST COMPLETED -> remaining active_jobs=104
[18:16:38] WAITING for remaining requests to finish (active_jobs=104)
[18:16:38] REQUEST: 459 - COMPLETED
[18:16:38] REQUEST COMPLETED -> remaining active_jobs=103
[18:16:38] WAITING for remaining requests to finish (active_jobs=103)
[18:16:38] REQUEST: 165 - COMPLETED
[18:16:38] REQUEST COMPLETED -> remaining active_jobs=102
[18:16:38] WAITING for remaining requests to finish (active_jobs=102)
[18:16:38] REQUEST: 182 - COMPLETED
[18:16:38] REQUEST COMPLETED -> remaining active_jobs=101
[18:16:38] WAITING for remaining requests to finish (active_jobs=101)
[18:16:38] REQUEST: 371 - COMPLETED
[18:16:38] REQUEST COMPLETED -> remaining active_jobs=100
[18:16:38] WAITING for remaining requests to finish (active_jobs=100)
[18:16:39] REQUEST: 471 - COMPLETED
[18:16:39] REQUEST COMPLETED -> remaining active_jobs=99
[18:16:39] WAITING for remaining requests to finish (active_jobs=99)
[18:16:39] REQUEST: 377 - COMPLETED
[18:16:39] REQUEST COMPLETED -> remaining active_jobs=98
[18:16:39] WAITING for remaining requests to finish (active_jobs=98)
[18:16:39] REQUEST: 352 - COMPLETED
[18:16:39] REQUEST COMPLETED -> remaining active_jobs=97
[18:16:39] WAITING for remaining requests to finish (active_jobs=97)
[18:16:39] REQUEST: 297 - COMPLETED
[18:16:39] REQUEST COMPLETED -> remaining active_jobs=96
[18:16:39] WAITING for remaining requests to finish (active_jobs=96)
[18:16:39] REQUEST: 287 - COMPLETED
[18:16:39] REQUEST COMPLETED -> remaining active_jobs=95
[18:16:39] WAITING for remaining requests to finish (active_jobs=95)
[18:16:39] REQUEST: 276 - COMPLETED
[18:16:39] REQUEST COMPLETED -> remaining active_jobs=94
[18:16:39] WAITING for remaining requests to finish (active_jobs=94)
[18:16:39] REQUEST: 318 - COMPLETED
[18:16:39] REQUEST COMPLETED -> remaining active_jobs=93
[18:16:39] WAITING for remaining requests to finish (active_jobs=93)
[18:16:39] REQUEST: 139 - COMPLETED
[18:16:39] REQUEST COMPLETED -> remaining active_jobs=92
[18:16:39] WAITING for remaining requests to finish (active_jobs=92)
[18:16:39] REQUEST: 418 - COMPLETED
[18:16:39] REQUEST COMPLETED -> remaining active_jobs=91
[18:16:39] WAITING for remaining requests to finish (active_jobs=91)
[18:16:39] REQUEST: 370 - COMPLETED
[18:16:39] REQUEST COMPLETED -> remaining active_jobs=90
[18:16:39] WAITING for remaining requests to finish (active_jobs=90)
[18:16:39] REQUEST: 85 - COMPLETED
[18:16:39] REQUEST COMPLETED -> remaining active_jobs=89
[18:16:39] WAITING for remaining requests to finish (active_jobs=89)
[18:16:40] REQUEST: 262 - COMPLETED
[18:16:40] REQUEST COMPLETED -> remaining active_jobs=88
[18:16:40] WAITING for remaining requests to finish (active_jobs=88)
[18:16:40] REQUEST: 230 - COMPLETED
[18:16:40] REQUEST COMPLETED -> remaining active_jobs=87
[18:16:40] WAITING for remaining requests to finish (active_jobs=87)
[18:16:40] REQUEST: 261 - COMPLETED
[18:16:40] REQUEST COMPLETED -> remaining active_jobs=86
[18:16:40] WAITING for remaining requests to finish (active_jobs=86)
[18:16:40] REQUEST: 132 - COMPLETED
[18:16:40] REQUEST COMPLETED -> remaining active_jobs=85
[18:16:40] WAITING for remaining requests to finish (active_jobs=85)
[18:16:40] REQUEST: 345 - COMPLETED
[18:16:40] REQUEST COMPLETED -> remaining active_jobs=84
[18:16:40] WAITING for remaining requests to finish (active_jobs=84)
[18:16:40] REQUEST: 340 - COMPLETED
[18:16:40] REQUEST COMPLETED -> remaining active_jobs=83
[18:16:40] WAITING for remaining requests to finish (active_jobs=83)
[18:16:40] REQUEST: 458 - COMPLETED
[18:16:40] REQUEST COMPLETED -> remaining active_jobs=82
[18:16:40] WAITING for remaining requests to finish (active_jobs=82)
[18:16:40] REQUEST: 283 - COMPLETED
[18:16:40] REQUEST COMPLETED -> remaining active_jobs=81
[18:16:40] WAITING for remaining requests to finish (active_jobs=81)
[18:16:40] REQUEST: 206 - COMPLETED
[18:16:40] REQUEST COMPLETED -> remaining active_jobs=80
[18:16:40] WAITING for remaining requests to finish (active_jobs=80)
[18:16:40] REQUEST: 467 - COMPLETED
[18:16:40] REQUEST COMPLETED -> remaining active_jobs=79
[18:16:40] WAITING for remaining requests to finish (active_jobs=79)
[18:16:41] REQUEST: 280 - COMPLETED
[18:16:41] REQUEST COMPLETED -> remaining active_jobs=78
[18:16:41] WAITING for remaining requests to finish (active_jobs=78)
[18:16:41] REQUEST: 485 - COMPLETED
[18:16:41] REQUEST COMPLETED -> remaining active_jobs=77
[18:16:41] WAITING for remaining requests to finish (active_jobs=77)
[18:16:41] REQUEST: 493 - COMPLETED
[18:16:41] REQUEST COMPLETED -> remaining active_jobs=76
[18:16:41] WAITING for remaining requests to finish (active_jobs=76)
[18:16:41] REQUEST: 472 - COMPLETED
[18:16:41] REQUEST COMPLETED -> remaining active_jobs=75
[18:16:41] WAITING for remaining requests to finish (active_jobs=75)
[18:16:41] REQUEST: 329 - COMPLETED
[18:16:41] REQUEST COMPLETED -> remaining active_jobs=74
[18:16:41] WAITING for remaining requests to finish (active_jobs=74)
[18:16:41] REQUEST: 481 - COMPLETED
[18:16:41] REQUEST COMPLETED -> remaining active_jobs=73
[18:16:41] WAITING for remaining requests to finish (active_jobs=73)
[18:16:41] REQUEST: 380 - COMPLETED
[18:16:41] REQUEST COMPLETED -> remaining active_jobs=72
[18:16:41] WAITING for remaining requests to finish (active_jobs=72)
[18:16:41] REQUEST: 461 - COMPLETED
[18:16:41] REQUEST COMPLETED -> remaining active_jobs=71
[18:16:41] WAITING for remaining requests to finish (active_jobs=71)
[18:16:41] REQUEST: 445 - COMPLETED
[18:16:41] REQUEST COMPLETED -> remaining active_jobs=70
[18:16:41] WAITING for remaining requests to finish (active_jobs=70)
[18:16:41] REQUEST: 191 - COMPLETED
[18:16:41] REQUEST COMPLETED -> remaining active_jobs=69
[18:16:41] WAITING for remaining requests to finish (active_jobs=69)
[18:16:41] REQUEST: 316 - COMPLETED
[18:16:41] REQUEST COMPLETED -> remaining active_jobs=68
[18:16:41] WAITING for remaining requests to finish (active_jobs=68)
[18:16:42] REQUEST: 237 - COMPLETED
[18:16:42] REQUEST COMPLETED -> remaining active_jobs=67
[18:16:42] WAITING for remaining requests to finish (active_jobs=67)
[18:16:42] REQUEST: 367 - COMPLETED
[18:16:42] REQUEST COMPLETED -> remaining active_jobs=66
[18:16:42] WAITING for remaining requests to finish (active_jobs=66)
[18:16:42] REQUEST: 113 - COMPLETED
[18:16:42] REQUEST COMPLETED -> remaining active_jobs=65
[18:16:42] WAITING for remaining requests to finish (active_jobs=65)
[18:16:42] REQUEST: 492 - COMPLETED
[18:16:42] REQUEST COMPLETED -> remaining active_jobs=64
[18:16:42] WAITING for remaining requests to finish (active_jobs=64)
[18:16:42] REQUEST: 143 - COMPLETED
[18:16:42] REQUEST COMPLETED -> remaining active_jobs=63
[18:16:42] WAITING for remaining requests to finish (active_jobs=63)
[18:16:42] REQUEST: 413 - COMPLETED
[18:16:42] REQUEST COMPLETED -> remaining active_jobs=62
[18:16:42] WAITING for remaining requests to finish (active_jobs=62)
[18:16:42] REQUEST: 155 - COMPLETED
[18:16:42] REQUEST COMPLETED -> remaining active_jobs=61
[18:16:42] WAITING for remaining requests to finish (active_jobs=61)
[18:16:42] REQUEST: 321 - COMPLETED
[18:16:42] REQUEST COMPLETED -> remaining active_jobs=60
[18:16:42] WAITING for remaining requests to finish (active_jobs=60)
[18:16:42] REQUEST: 455 - COMPLETED
[18:16:42] REQUEST COMPLETED -> remaining active_jobs=59
[18:16:42] WAITING for remaining requests to finish (active_jobs=59)
[18:16:42] REQUEST: 361 - COMPLETED
[18:16:42] REQUEST COMPLETED -> remaining active_jobs=58
[18:16:42] WAITING for remaining requests to finish (active_jobs=58)
[18:16:42] REQUEST: 28 - COMPLETED
[18:16:42] REQUEST COMPLETED -> remaining active_jobs=57
[18:16:42] WAITING for remaining requests to finish (active_jobs=57)
[18:16:43] REQUEST: 202 - COMPLETED
[18:16:43] REQUEST COMPLETED -> remaining active_jobs=56
[18:16:43] WAITING for remaining requests to finish (active_jobs=56)
[18:16:43] REQUEST: 268 - COMPLETED
[18:16:43] REQUEST COMPLETED -> remaining active_jobs=55
[18:16:43] WAITING for remaining requests to finish (active_jobs=55)
[18:16:43] REQUEST: 385 - COMPLETED
[18:16:43] REQUEST COMPLETED -> remaining active_jobs=54
[18:16:43] WAITING for remaining requests to finish (active_jobs=54)
[18:16:43] REQUEST: 118 - COMPLETED
[18:16:43] REQUEST COMPLETED -> remaining active_jobs=53
[18:16:43] WAITING for remaining requests to finish (active_jobs=53)
[18:16:43] REQUEST: 473 - COMPLETED
[18:16:43] REQUEST COMPLETED -> remaining active_jobs=52
[18:16:43] WAITING for remaining requests to finish (active_jobs=52)
[18:16:43] REQUEST: 223 - COMPLETED
[18:16:43] REQUEST COMPLETED -> remaining active_jobs=51
[18:16:43] WAITING for remaining requests to finish (active_jobs=51)
[18:16:43] REQUEST: 476 - COMPLETED
[18:16:43] REQUEST COMPLETED -> remaining active_jobs=50
[18:16:43] WAITING for remaining requests to finish (active_jobs=50)
[18:16:43] REQUEST: 499 - COMPLETED
[18:16:43] REQUEST COMPLETED -> remaining active_jobs=49
[18:16:43] WAITING for remaining requests to finish (active_jobs=49)
[18:16:43] REQUEST: 197 - COMPLETED
[18:16:43] REQUEST COMPLETED -> remaining active_jobs=48
[18:16:43] WAITING for remaining requests to finish (active_jobs=48)
[18:16:43] REQUEST: 405 - COMPLETED
[18:16:43] REQUEST COMPLETED -> remaining active_jobs=47
[18:16:43] WAITING for remaining requests to finish (active_jobs=47)
[18:16:44] REQUEST: 278 - COMPLETED
[18:16:44] REQUEST COMPLETED -> remaining active_jobs=46
[18:16:44] WAITING for remaining requests to finish (active_jobs=46)
[18:16:44] REQUEST: 375 - COMPLETED
[18:16:44] REQUEST COMPLETED -> remaining active_jobs=45
[18:16:44] WAITING for remaining requests to finish (active_jobs=45)
[18:16:44] REQUEST: 232 - COMPLETED
[18:16:44] REQUEST COMPLETED -> remaining active_jobs=44
[18:16:44] WAITING for remaining requests to finish (active_jobs=44)
[18:16:44] REQUEST: 484 - COMPLETED
[18:16:44] REQUEST COMPLETED -> remaining active_jobs=43
[18:16:44] WAITING for remaining requests to finish (active_jobs=43)
[18:16:44] REQUEST: 368 - COMPLETED
[18:16:44] REQUEST COMPLETED -> remaining active_jobs=42
[18:16:44] WAITING for remaining requests to finish (active_jobs=42)
[18:16:44] REQUEST: 355 - COMPLETED
[18:16:44] REQUEST COMPLETED -> remaining active_jobs=41
[18:16:44] WAITING for remaining requests to finish (active_jobs=41)
[18:16:44] REQUEST: 346 - COMPLETED
[18:16:44] REQUEST COMPLETED -> remaining active_jobs=40
[18:16:44] WAITING for remaining requests to finish (active_jobs=40)
[18:16:44] REQUEST: 177 - COMPLETED
[18:16:44] REQUEST COMPLETED -> remaining active_jobs=39
[18:16:44] WAITING for remaining requests to finish (active_jobs=39)
[18:16:44] REQUEST: 212 - COMPLETED
[18:16:44] REQUEST COMPLETED -> remaining active_jobs=38
[18:16:44] WAITING for remaining requests to finish (active_jobs=38)
[18:16:44] REQUEST: 462 - COMPLETED
[18:16:44] REQUEST COMPLETED -> remaining active_jobs=37
[18:16:44] WAITING for remaining requests to finish (active_jobs=37)
[18:16:44] REQUEST: 242 - COMPLETED
[18:16:44] REQUEST COMPLETED -> remaining active_jobs=36
[18:16:44] WAITING for remaining requests to finish (active_jobs=36)
[18:16:45] REQUEST: 409 - COMPLETED
[18:16:45] REQUEST COMPLETED -> remaining active_jobs=35
[18:16:45] WAITING for remaining requests to finish (active_jobs=35)
[18:16:45] REQUEST: 378 - COMPLETED
[18:16:45] REQUEST COMPLETED -> remaining active_jobs=34
[18:16:45] WAITING for remaining requests to finish (active_jobs=34)
[18:16:45] REQUEST: 313 - COMPLETED
[18:16:45] REQUEST COMPLETED -> remaining active_jobs=33
[18:16:45] WAITING for remaining requests to finish (active_jobs=33)
[18:16:45] REQUEST: 441 - COMPLETED
[18:16:45] REQUEST COMPLETED -> remaining active_jobs=32
[18:16:45] WAITING for remaining requests to finish (active_jobs=32)
[18:16:45] REQUEST: 270 - COMPLETED
[18:16:45] REQUEST COMPLETED -> remaining active_jobs=31
[18:16:45] WAITING for remaining requests to finish (active_jobs=31)
[18:16:45] REQUEST: 411 - COMPLETED
[18:16:45] REQUEST COMPLETED -> remaining active_jobs=30
[18:16:45] WAITING for remaining requests to finish (active_jobs=30)
[18:16:45] REQUEST: 69 - COMPLETED
[18:16:45] REQUEST COMPLETED -> remaining active_jobs=29
[18:16:45] WAITING for remaining requests to finish (active_jobs=29)
[18:16:45] REQUEST: 344 - COMPLETED
[18:16:45] REQUEST COMPLETED -> remaining active_jobs=28
[18:16:45] WAITING for remaining requests to finish (active_jobs=28)
[18:16:45] REQUEST: 204 - COMPLETED
[18:16:45] REQUEST COMPLETED -> remaining active_jobs=27
[18:16:45] WAITING for remaining requests to finish (active_jobs=27)
[18:16:45] REQUEST: 356 - COMPLETED
[18:16:45] REQUEST COMPLETED -> remaining active_jobs=26
[18:16:45] WAITING for remaining requests to finish (active_jobs=26)
[18:16:45] REQUEST: 247 - COMPLETED
[18:16:45] REQUEST COMPLETED -> remaining active_jobs=25
[18:16:45] WAITING for remaining requests to finish (active_jobs=25)
[18:16:46] REQUEST: 491 - COMPLETED
[18:16:46] REQUEST COMPLETED -> remaining active_jobs=24
[18:16:46] WAITING for remaining requests to finish (active_jobs=24)
[18:16:46] REQUEST: 251 - COMPLETED
[18:16:46] REQUEST COMPLETED -> remaining active_jobs=23
[18:16:46] WAITING for remaining requests to finish (active_jobs=23)
[18:16:46] REQUEST: 328 - COMPLETED
[18:16:46] REQUEST COMPLETED -> remaining active_jobs=22
[18:16:46] WAITING for remaining requests to finish (active_jobs=22)
[18:16:46] REQUEST: 463 - COMPLETED
[18:16:46] REQUEST COMPLETED -> remaining active_jobs=21
[18:16:46] WAITING for remaining requests to finish (active_jobs=21)
[18:16:46] REQUEST: 436 - COMPLETED
[18:16:46] REQUEST COMPLETED -> remaining active_jobs=20
[18:16:46] WAITING for remaining requests to finish (active_jobs=20)
[18:16:46] REQUEST: 323 - COMPLETED
[18:16:46] REQUEST COMPLETED -> remaining active_jobs=19
[18:16:46] WAITING for remaining requests to finish (active_jobs=19)
[18:16:46] REQUEST: 211 - COMPLETED
[18:16:46] REQUEST COMPLETED -> remaining active_jobs=18
[18:16:46] WAITING for remaining requests to finish (active_jobs=18)
[18:16:46] REQUEST: 401 - COMPLETED
[18:16:46] REQUEST COMPLETED -> remaining active_jobs=17
[18:16:46] WAITING for remaining requests to finish (active_jobs=17)
[18:16:46] REQUEST: 162 - COMPLETED
[18:16:46] REQUEST COMPLETED -> remaining active_jobs=16
[18:16:46] WAITING for remaining requests to finish (active_jobs=16)
[18:16:46] REQUEST: 483 - COMPLETED
[18:16:46] REQUEST COMPLETED -> remaining active_jobs=15
[18:16:46] WAITING for remaining requests to finish (active_jobs=15)
[18:16:46] REQUEST: 336 - COMPLETED
[18:16:46] REQUEST COMPLETED -> remaining active_jobs=14
[18:16:46] WAITING for remaining requests to finish (active_jobs=14)
[18:16:47] REQUEST: 475 - COMPLETED
[18:16:47] REQUEST COMPLETED -> remaining active_jobs=13
[18:16:47] WAITING for remaining requests to finish (active_jobs=13)
[18:16:47] REQUEST: 266 - COMPLETED
[18:16:47] REQUEST COMPLETED -> remaining active_jobs=12
[18:16:47] WAITING for remaining requests to finish (active_jobs=12)
[18:16:47] REQUEST: 154 - COMPLETED
[18:16:47] REQUEST COMPLETED -> remaining active_jobs=11
[18:16:47] WAITING for remaining requests to finish (active_jobs=11)
[18:16:47] REQUEST: 137 - COMPLETED
[18:16:47] REQUEST COMPLETED -> remaining active_jobs=10
[18:16:47] WAITING for remaining requests to finish (active_jobs=10)
[18:16:47] REQUEST: 150 - COMPLETED
[18:16:47] REQUEST COMPLETED -> remaining active_jobs=9
[18:16:47] WAITING for remaining requests to finish (active_jobs=9)
[18:16:47] REQUEST: 226 - COMPLETED
[18:16:47] REQUEST COMPLETED -> remaining active_jobs=8
[18:16:47] WAITING for remaining requests to finish (active_jobs=8)
[18:16:47] REQUEST: 450 - COMPLETED
[18:16:47] REQUEST COMPLETED -> remaining active_jobs=7
[18:16:47] WAITING for remaining requests to finish (active_jobs=7)
[18:16:47] REQUEST: 470 - COMPLETED
[18:16:47] REQUEST COMPLETED -> remaining active_jobs=6
[18:16:47] WAITING for remaining requests to finish (active_jobs=6)
[18:16:47] REQUEST: 489 - COMPLETED
[18:16:47] REQUEST COMPLETED -> remaining active_jobs=5
[18:16:47] WAITING for remaining requests to finish (active_jobs=5)
[18:16:47] REQUEST: 498 - COMPLETED
[18:16:47] REQUEST COMPLETED -> remaining active_jobs=4
[18:16:47] WAITING for remaining requests to finish (active_jobs=4)
[18:16:48] REQUEST: 307 - COMPLETED
[18:16:48] REQUEST COMPLETED -> remaining active_jobs=3
[18:16:48] WAITING for remaining requests to finish (active_jobs=3)
[18:16:48] REQUEST: 480 - COMPLETED
[18:16:48] REQUEST COMPLETED -> remaining active_jobs=2
[18:16:48] WAITING for remaining requests to finish (active_jobs=2)
[18:16:48] REQUEST: 465 - COMPLETED
[18:16:48] REQUEST COMPLETED -> remaining active_jobs=1
[18:16:48] WAITING for remaining requests to finish (active_jobs=1)
[18:16:48] REQUEST: 157 - COMPLETED
[18:16:48] REQUEST COMPLETED -> remaining active_jobs=0
[18:16:48] Load test completed
[18:16:48] Running results evaluation


--- PER-REQUEST STATS ---
Request 01 | res_time: 18:15:58.58 | latency:   0.39 s | tokens: 25 | gen_time: 0.075 s | tok/s: 334.33
Request 02 | res_time: 18:15:59.65 | latency:   1.33 s | tokens: 25 | gen_time: 0.096 s | tok/s: 260.24
Request 03 | res_time: 18:16:01.43 | latency:   3.07 s | tokens: 25 | gen_time: 0.105 s | tok/s: 237.74
Request 04 | res_time: 18:16:01.56 | latency:   3.36 s | tokens: 25 | gen_time: 0.077 s | tok/s: 326.08
Request 05 | res_time: 18:16:01.68 | latency:   3.30 s | tokens: 25 | gen_time: 0.084 s | tok/s: 298.21
Request 06 | res_time: 18:16:01.83 | latency:   3.61 s | tokens: 25 | gen_time: 0.098 s | tok/s: 254.94
Request 07 | res_time: 18:16:01.97 | latency:   3.54 s | tokens: 25 | gen_time: 0.096 s | tok/s: 259.32
Request 08 | res_time: 18:16:02.10 | latency:   3.53 s | tokens: 25 | gen_time: 0.083 s | tok/s: 301.39
Request 09 | res_time: 18:16:02.22 | latency:   3.71 s | tokens: 25 | gen_time: 0.076 s | tok/s: 327.89
Request 10 | res_time: 18:16:02.32 | latency:   4.09 s | tokens: 25 | gen_time: 0.073 s | tok/s: 341.96
Request 11 | res_time: 18:16:02.55 | latency:   4.12 s | tokens: 25 | gen_time: 0.089 s | tok/s: 280.61
Request 12 | res_time: 18:16:02.68 | latency:   4.24 s | tokens: 25 | gen_time: 0.076 s | tok/s: 326.96
Request 13 | res_time: 18:16:02.78 | latency:   4.58 s | tokens: 25 | gen_time: 0.077 s | tok/s: 326.75
Request 14 | res_time: 18:16:02.87 | latency:   4.66 s | tokens: 25 | gen_time: 0.072 s | tok/s: 347.83
Request 15 | res_time: 18:16:02.97 | latency:   4.76 s | tokens: 25 | gen_time: 0.072 s | tok/s: 345.05
Request 16 | res_time: 18:16:03.06 | latency:   4.82 s | tokens: 25 | gen_time: 0.073 s | tok/s: 344.39
Request 17 | res_time: 18:16:03.15 | latency:   4.77 s | tokens: 25 | gen_time: 0.072 s | tok/s: 346.42
Request 18 | res_time: 18:16:03.25 | latency:   5.05 s | tokens: 25 | gen_time: 0.072 s | tok/s: 345.77
Request 19 | res_time: 18:16:03.34 | latency:   4.95 s | tokens: 25 | gen_time: 0.073 s | tok/s: 343.70
Request 20 | res_time: 18:16:03.43 | latency:   5.17 s | tokens: 25 | gen_time: 0.073 s | tok/s: 344.65
Request 21 | res_time: 18:16:03.53 | latency:   5.26 s | tokens: 25 | gen_time: 0.072 s | tok/s: 347.24
Request 22 | res_time: 18:16:03.62 | latency:   5.18 s | tokens: 25 | gen_time: 0.072 s | tok/s: 345.56
Request 23 | res_time: 18:16:03.72 | latency:   5.50 s | tokens: 25 | gen_time: 0.072 s | tok/s: 346.73
Request 24 | res_time: 18:16:03.81 | latency:   5.40 s | tokens: 25 | gen_time: 0.072 s | tok/s: 348.25
Request 25 | res_time: 18:16:03.90 | latency:   5.71 s | tokens: 25 | gen_time: 0.072 s | tok/s: 346.14
Request 26 | res_time: 18:16:04.00 | latency:   5.57 s | tokens: 25 | gen_time: 0.072 s | tok/s: 344.92
Request 27 | res_time: 18:16:04.09 | latency:   5.77 s | tokens: 25 | gen_time: 0.072 s | tok/s: 348.40
Request 28 | res_time: 18:16:04.18 | latency:   5.67 s | tokens: 25 | gen_time: 0.072 s | tok/s: 346.55
Request 29 | res_time: 18:16:04.28 | latency:   5.92 s | tokens: 25 | gen_time: 0.072 s | tok/s: 346.54
Request 30 | res_time: 18:16:04.37 | latency:   5.91 s | tokens: 25 | gen_time: 0.072 s | tok/s: 347.95
Request 31 | res_time: 18:16:04.46 | latency:   6.20 s | tokens: 25 | gen_time: 0.072 s | tok/s: 346.77
Request 32 | res_time: 18:16:04.56 | latency:   6.10 s | tokens: 25 | gen_time: 0.072 s | tok/s: 347.42
Request 33 | res_time: 18:16:04.65 | latency:   6.10 s | tokens: 25 | gen_time: 0.072 s | tok/s: 346.73
Request 34 | res_time: 18:16:04.74 | latency:   6.14 s | tokens: 25 | gen_time: 0.072 s | tok/s: 345.77
Request 35 | res_time: 18:16:04.84 | latency:   6.29 s | tokens: 25 | gen_time: 0.073 s | tok/s: 343.70
Request 36 | res_time: 18:16:04.93 | latency:   6.14 s | tokens: 25 | gen_time: 0.072 s | tok/s: 347.29
Request 37 | res_time: 18:16:05.02 | latency:   6.55 s | tokens: 25 | gen_time: 0.072 s | tok/s: 346.04
Request 38 | res_time: 18:16:05.12 | latency:   6.52 s | tokens: 25 | gen_time: 0.073 s | tok/s: 344.81
Request 39 | res_time: 18:16:05.21 | latency:   6.59 s | tokens: 25 | gen_time: 0.072 s | tok/s: 345.30
Request 40 | res_time: 18:16:05.30 | latency:   6.98 s | tokens: 25 | gen_time: 0.072 s | tok/s: 348.25
Request 41 | res_time: 18:16:05.40 | latency:   6.92 s | tokens: 25 | gen_time: 0.072 s | tok/s: 346.20
Request 42 | res_time: 18:16:05.49 | latency:   6.89 s | tokens: 25 | gen_time: 0.072 s | tok/s: 347.66
Request 43 | res_time: 18:16:05.58 | latency:   7.27 s | tokens: 25 | gen_time: 0.072 s | tok/s: 347.41
Request 44 | res_time: 18:16:05.68 | latency:   7.41 s | tokens: 25 | gen_time: 0.073 s | tok/s: 344.74
Request 45 | res_time: 18:16:05.77 | latency:   7.19 s | tokens: 25 | gen_time: 0.072 s | tok/s: 346.86
Request 46 | res_time: 18:16:05.86 | latency:   7.21 s | tokens: 25 | gen_time: 0.072 s | tok/s: 346.00
Request 47 | res_time: 18:16:05.96 | latency:   7.32 s | tokens: 25 | gen_time: 0.072 s | tok/s: 347.38
Request 48 | res_time: 18:16:06.05 | latency:   7.39 s | tokens: 25 | gen_time: 0.072 s | tok/s: 345.19
Request 49 | res_time: 18:16:06.14 | latency:   7.57 s | tokens: 25 | gen_time: 0.072 s | tok/s: 346.57
Request 50 | res_time: 18:16:06.23 | latency:   7.63 s | tokens: 25 | gen_time: 0.072 s | tok/s: 347.66
Request 51 | res_time: 18:16:06.33 | latency:   7.84 s | tokens: 25 | gen_time: 0.072 s | tok/s: 346.62
Request 52 | res_time: 18:16:06.42 | latency:   7.82 s | tokens: 25 | gen_time: 0.072 s | tok/s: 346.37
Request 53 | res_time: 18:16:06.52 | latency:   7.92 s | tokens: 25 | gen_time: 0.072 s | tok/s: 345.54
Request 54 | res_time: 18:16:06.61 | latency:   8.38 s | tokens: 25 | gen_time: 0.072 s | tok/s: 346.99
Request 55 | res_time: 18:16:06.70 | latency:   8.33 s | tokens: 25 | gen_time: 0.072 s | tok/s: 347.72
Request 56 | res_time: 18:16:06.79 | latency:   7.92 s | tokens: 25 | gen_time: 0.072 s | tok/s: 347.56
Request 57 | res_time: 18:16:06.89 | latency:   8.31 s | tokens: 25 | gen_time: 0.072 s | tok/s: 346.00
Request 58 | res_time: 18:16:06.98 | latency:   8.69 s | tokens: 25 | gen_time: 0.072 s | tok/s: 345.99
Request 59 | res_time: 18:16:07.07 | latency:   8.76 s | tokens: 25 | gen_time: 0.072 s | tok/s: 347.11
Request 60 | res_time: 18:16:07.17 | latency:   8.92 s | tokens: 25 | gen_time: 0.072 s | tok/s: 345.79
Request 61 | res_time: 18:16:07.26 | latency:   9.05 s | tokens: 25 | gen_time: 0.072 s | tok/s: 347.71
Request 62 | res_time: 18:16:07.35 | latency:   8.60 s | tokens: 25 | gen_time: 0.072 s | tok/s: 346.35
Request 63 | res_time: 18:16:07.45 | latency:   8.60 s | tokens: 25 | gen_time: 0.073 s | tok/s: 344.78
Request 64 | res_time: 18:16:07.54 | latency:   9.03 s | tokens: 25 | gen_time: 0.072 s | tok/s: 346.95
Request 65 | res_time: 18:16:07.64 | latency:   9.32 s | tokens: 25 | gen_time: 0.073 s | tok/s: 343.86
Request 66 | res_time: 18:16:07.73 | latency:   9.41 s | tokens: 25 | gen_time: 0.072 s | tok/s: 346.91
Request 67 | res_time: 18:16:07.82 | latency:   9.45 s | tokens: 25 | gen_time: 0.072 s | tok/s: 346.78
Request 68 | res_time: 18:16:07.92 | latency:   9.71 s | tokens: 25 | gen_time: 0.072 s | tok/s: 345.45
Request 69 | res_time: 18:16:08.01 | latency:   9.68 s | tokens: 25 | gen_time: 0.072 s | tok/s: 346.94
Request 70 | res_time: 18:16:08.10 | latency:   9.16 s | tokens: 25 | gen_time: 0.072 s | tok/s: 345.81
Request 71 | res_time: 18:16:08.20 | latency:   9.26 s | tokens: 25 | gen_time: 0.072 s | tok/s: 346.50
Request 72 | res_time: 18:16:08.29 | latency:   9.94 s | tokens: 25 | gen_time: 0.072 s | tok/s: 348.03
Request 73 | res_time: 18:16:08.38 | latency:  10.00 s | tokens: 25 | gen_time: 0.072 s | tok/s: 346.91
Request 74 | res_time: 18:16:08.48 | latency:   9.54 s | tokens: 25 | gen_time: 0.072 s | tok/s: 345.87
Request 75 | res_time: 18:16:08.57 | latency:   9.93 s | tokens: 25 | gen_time: 0.072 s | tok/s: 348.29
Request 76 | res_time: 18:16:08.66 | latency:  10.31 s | tokens: 25 | gen_time: 0.072 s | tok/s: 347.03
Request 77 | res_time: 18:16:08.76 | latency:  10.07 s | tokens: 25 | gen_time: 0.072 s | tok/s: 347.17
Request 78 | res_time: 18:16:08.85 | latency:  10.25 s | tokens: 25 | gen_time: 0.072 s | tok/s: 346.43
Request 79 | res_time: 18:16:08.94 | latency:  10.45 s | tokens: 25 | gen_time: 0.073 s | tok/s: 344.56
Request 80 | res_time: 18:16:09.04 | latency:  10.72 s | tokens: 25 | gen_time: 0.072 s | tok/s: 345.54
Request 81 | res_time: 18:16:09.13 | latency:  10.06 s | tokens: 25 | gen_time: 0.072 s | tok/s: 347.70
Request 82 | res_time: 18:16:09.22 | latency:  10.69 s | tokens: 25 | gen_time: 0.072 s | tok/s: 348.06
Request 83 | res_time: 18:16:09.32 | latency:  10.73 s | tokens: 25 | gen_time: 0.072 s | tok/s: 345.61
Request 84 | res_time: 18:16:09.41 | latency:  10.95 s | tokens: 25 | gen_time: 0.072 s | tok/s: 346.12
Request 85 | res_time: 18:16:09.50 | latency:  10.96 s | tokens: 25 | gen_time: 0.072 s | tok/s: 346.09
Request 86 | res_time: 18:16:09.60 | latency:  11.16 s | tokens: 25 | gen_time: 0.072 s | tok/s: 346.83
Request 87 | res_time: 18:16:09.69 | latency:  11.34 s | tokens: 25 | gen_time: 0.072 s | tok/s: 345.14
Request 88 | res_time: 18:16:09.78 | latency:  10.72 s | tokens: 25 | gen_time: 0.072 s | tok/s: 345.60
Request 89 | res_time: 18:16:09.88 | latency:  11.34 s | tokens: 25 | gen_time: 0.072 s | tok/s: 347.05
Request 90 | res_time: 18:16:09.97 | latency:  10.91 s | tokens: 25 | gen_time: 0.073 s | tok/s: 344.56
Request 91 | res_time: 18:16:10.06 | latency:  10.98 s | tokens: 25 | gen_time: 0.072 s | tok/s: 347.50
Request 92 | res_time: 18:16:10.16 | latency:  11.84 s | tokens: 25 | gen_time: 0.072 s | tok/s: 345.86
Request 93 | res_time: 18:16:10.25 | latency:  11.72 s | tokens: 25 | gen_time: 0.073 s | tok/s: 343.99
Request 94 | res_time: 18:16:10.35 | latency:  11.14 s | tokens: 25 | gen_time: 0.073 s | tok/s: 343.43
Request 95 | res_time: 18:16:10.44 | latency:  12.18 s | tokens: 25 | gen_time: 0.072 s | tok/s: 346.22
Request 96 | res_time: 18:16:10.54 | latency:  11.88 s | tokens: 25 | gen_time: 0.072 s | tok/s: 346.59
Request 97 | res_time: 18:16:10.63 | latency:  12.15 s | tokens: 25 | gen_time: 0.072 s | tok/s: 346.55
Request 98 | res_time: 18:16:10.72 | latency:  12.04 s | tokens: 25 | gen_time: 0.072 s | tok/s: 346.80
Request 99 | res_time: 18:16:10.82 | latency:  11.73 s | tokens: 25 | gen_time: 0.072 s | tok/s: 345.82
Request 100 | res_time: 18:16:10.91 | latency:  12.52 s | tokens: 25 | gen_time: 0.072 s | tok/s: 346.70
Request 101 | res_time: 18:16:11.00 | latency:  11.89 s | tokens: 25 | gen_time: 0.072 s | tok/s: 345.89
Request 102 | res_time: 18:16:11.10 | latency:  11.90 s | tokens: 25 | gen_time: 0.072 s | tok/s: 346.08
Request 103 | res_time: 18:16:11.19 | latency:  12.97 s | tokens: 25 | gen_time: 0.073 s | tok/s: 344.72
Request 104 | res_time: 18:16:11.28 | latency:  12.97 s | tokens: 25 | gen_time: 0.073 s | tok/s: 344.58
Request 105 | res_time: 18:16:11.38 | latency:  12.13 s | tokens: 25 | gen_time: 0.072 s | tok/s: 345.55
Request 106 | res_time: 18:16:11.47 | latency:  12.87 s | tokens: 25 | gen_time: 0.072 s | tok/s: 346.12
Request 107 | res_time: 18:16:11.56 | latency:  13.26 s | tokens: 25 | gen_time: 0.072 s | tok/s: 346.24
Request 108 | res_time: 18:16:11.66 | latency:  13.16 s | tokens: 25 | gen_time: 0.072 s | tok/s: 348.40
Request 109 | res_time: 18:16:11.75 | latency:  12.48 s | tokens: 25 | gen_time: 0.072 s | tok/s: 347.19
Request 110 | res_time: 18:16:11.84 | latency:  12.63 s | tokens: 25 | gen_time: 0.072 s | tok/s: 347.78
Request 111 | res_time: 18:16:11.94 | latency:  12.81 s | tokens: 25 | gen_time: 0.072 s | tok/s: 346.66
Request 112 | res_time: 18:16:12.03 | latency:  13.53 s | tokens: 25 | gen_time: 0.072 s | tok/s: 345.85
Request 113 | res_time: 18:16:12.12 | latency:  13.69 s | tokens: 25 | gen_time: 0.072 s | tok/s: 347.87
Request 114 | res_time: 18:16:12.22 | latency:  12.93 s | tokens: 25 | gen_time: 0.072 s | tok/s: 345.99
Request 115 | res_time: 18:16:12.31 | latency:  13.07 s | tokens: 25 | gen_time: 0.072 s | tok/s: 346.51
Request 116 | res_time: 18:16:12.40 | latency:  13.17 s | tokens: 25 | gen_time: 0.072 s | tok/s: 346.45
Request 117 | res_time: 18:16:12.50 | latency:  13.07 s | tokens: 25 | gen_time: 0.072 s | tok/s: 346.55
Request 118 | res_time: 18:16:12.59 | latency:  13.97 s | tokens: 25 | gen_time: 0.072 s | tok/s: 347.48
Request 119 | res_time: 18:16:12.68 | latency:  13.33 s | tokens: 25 | gen_time: 0.072 s | tok/s: 346.62
Request 120 | res_time: 18:16:12.78 | latency:  14.18 s | tokens: 25 | gen_time: 0.073 s | tok/s: 344.33
Request 121 | res_time: 18:16:12.87 | latency:  13.47 s | tokens: 25 | gen_time: 0.072 s | tok/s: 344.84
Request 122 | res_time: 18:16:12.97 | latency:  13.74 s | tokens: 25 | gen_time: 0.072 s | tok/s: 346.20
Request 123 | res_time: 18:16:13.06 | latency:  14.75 s | tokens: 25 | gen_time: 0.072 s | tok/s: 344.89
Request 124 | res_time: 18:16:13.15 | latency:  13.87 s | tokens: 25 | gen_time: 0.072 s | tok/s: 346.18
Request 125 | res_time: 18:16:13.25 | latency:  13.85 s | tokens: 25 | gen_time: 0.072 s | tok/s: 346.82
Request 126 | res_time: 18:16:13.34 | latency:  14.06 s | tokens: 25 | gen_time: 0.072 s | tok/s: 347.15
Request 127 | res_time: 18:16:13.43 | latency:  14.00 s | tokens: 25 | gen_time: 0.072 s | tok/s: 346.47
Request 128 | res_time: 18:16:13.53 | latency:  14.10 s | tokens: 25 | gen_time: 0.072 s | tok/s: 346.30
Request 129 | res_time: 18:16:13.62 | latency:  14.26 s | tokens: 25 | gen_time: 0.072 s | tok/s: 347.21
Request 130 | res_time: 18:16:13.72 | latency:  14.48 s | tokens: 25 | gen_time: 0.072 s | tok/s: 345.97
Request 131 | res_time: 18:16:13.81 | latency:  15.49 s | tokens: 25 | gen_time: 0.072 s | tok/s: 347.69
Request 132 | res_time: 18:16:13.90 | latency:  14.59 s | tokens: 25 | gen_time: 0.072 s | tok/s: 346.22
Request 133 | res_time: 18:16:13.99 | latency:  14.62 s | tokens: 25 | gen_time: 0.072 s | tok/s: 346.24
Request 134 | res_time: 18:16:14.09 | latency:  15.51 s | tokens: 25 | gen_time: 0.073 s | tok/s: 344.06
Request 135 | res_time: 18:16:14.18 | latency:  15.93 s | tokens: 25 | gen_time: 0.072 s | tok/s: 346.66
Request 136 | res_time: 18:16:14.28 | latency:  14.99 s | tokens: 25 | gen_time: 0.072 s | tok/s: 345.35
Request 137 | res_time: 18:16:14.37 | latency:  14.80 s | tokens: 25 | gen_time: 0.072 s | tok/s: 346.58
Request 138 | res_time: 18:16:14.46 | latency:  14.90 s | tokens: 25 | gen_time: 0.072 s | tok/s: 346.90
Request 139 | res_time: 18:16:14.56 | latency:  15.28 s | tokens: 25 | gen_time: 0.072 s | tok/s: 345.57
Request 140 | res_time: 18:16:14.65 | latency:  15.18 s | tokens: 25 | gen_time: 0.072 s | tok/s: 347.51
Request 141 | res_time: 18:16:14.74 | latency:  15.47 s | tokens: 25 | gen_time: 0.072 s | tok/s: 346.29
Request 142 | res_time: 18:16:14.84 | latency:  15.24 s | tokens: 25 | gen_time: 0.072 s | tok/s: 345.94
Request 143 | res_time: 18:16:14.93 | latency:  15.40 s | tokens: 25 | gen_time: 0.072 s | tok/s: 347.57
Request 144 | res_time: 18:16:15.02 | latency:  16.42 s | tokens: 25 | gen_time: 0.072 s | tok/s: 346.69
Request 145 | res_time: 18:16:15.12 | latency:  15.64 s | tokens: 25 | gen_time: 0.072 s | tok/s: 347.44
Request 146 | res_time: 18:16:15.21 | latency:  15.62 s | tokens: 25 | gen_time: 0.072 s | tok/s: 347.04
Request 147 | res_time: 18:16:15.30 | latency:  15.62 s | tokens: 25 | gen_time: 0.072 s | tok/s: 346.13
Request 148 | res_time: 18:16:15.40 | latency:  15.63 s | tokens: 25 | gen_time: 0.073 s | tok/s: 343.88
Request 149 | res_time: 18:16:15.49 | latency:  16.02 s | tokens: 25 | gen_time: 0.072 s | tok/s: 346.98
Request 150 | res_time: 18:16:15.58 | latency:  16.03 s | tokens: 25 | gen_time: 0.072 s | tok/s: 346.58
Request 151 | res_time: 18:16:15.68 | latency:  17.30 s | tokens: 25 | gen_time: 0.072 s | tok/s: 348.00
Request 152 | res_time: 18:16:15.77 | latency:  16.29 s | tokens: 25 | gen_time: 0.072 s | tok/s: 345.02
Request 153 | res_time: 18:16:15.86 | latency:  16.25 s | tokens: 25 | gen_time: 0.072 s | tok/s: 347.08
Request 154 | res_time: 18:16:15.96 | latency:  16.50 s | tokens: 25 | gen_time: 0.072 s | tok/s: 347.22
Request 155 | res_time: 18:16:16.05 | latency:  16.48 s | tokens: 25 | gen_time: 0.072 s | tok/s: 347.99
Request 156 | res_time: 18:16:16.14 | latency:  16.83 s | tokens: 25 | gen_time: 0.073 s | tok/s: 344.50
Request 157 | res_time: 18:16:16.24 | latency:  17.92 s | tokens: 25 | gen_time: 0.073 s | tok/s: 344.08
Request 158 | res_time: 18:16:16.33 | latency:  17.14 s | tokens: 25 | gen_time: 0.072 s | tok/s: 346.30
Request 159 | res_time: 18:16:16.42 | latency:  16.71 s | tokens: 25 | gen_time: 0.072 s | tok/s: 346.14
Request 160 | res_time: 18:16:16.52 | latency:  18.20 s | tokens: 25 | gen_time: 0.072 s | tok/s: 345.38
Request 161 | res_time: 18:16:16.61 | latency:  16.84 s | tokens: 25 | gen_time: 0.072 s | tok/s: 345.02
Request 162 | res_time: 18:16:16.70 | latency:  16.81 s | tokens: 25 | gen_time: 0.072 s | tok/s: 345.20
Request 163 | res_time: 18:16:16.80 | latency:  16.96 s | tokens: 25 | gen_time: 0.073 s | tok/s: 344.37
Request 164 | res_time: 18:16:16.89 | latency:  17.32 s | tokens: 25 | gen_time: 0.073 s | tok/s: 344.78
Request 165 | res_time: 18:16:16.99 | latency:  17.44 s | tokens: 25 | gen_time: 0.073 s | tok/s: 343.87
Request 166 | res_time: 18:16:17.08 | latency:  17.30 s | tokens: 25 | gen_time: 0.072 s | tok/s: 345.81
Request 167 | res_time: 18:16:17.17 | latency:  17.77 s | tokens: 25 | gen_time: 0.072 s | tok/s: 346.63
Request 168 | res_time: 18:16:17.27 | latency:  17.27 s | tokens: 25 | gen_time: 0.072 s | tok/s: 346.20
Request 169 | res_time: 18:16:17.36 | latency:  17.15 s | tokens: 25 | gen_time: 0.072 s | tok/s: 347.66
Request 170 | res_time: 18:16:17.45 | latency:  17.65 s | tokens: 25 | gen_time: 0.072 s | tok/s: 346.57
Request 171 | res_time: 18:16:17.55 | latency:  16.98 s | tokens: 25 | gen_time: 0.072 s | tok/s: 345.63
Request 172 | res_time: 18:16:17.64 | latency:  17.11 s | tokens: 25 | gen_time: 0.072 s | tok/s: 346.72
Request 173 | res_time: 18:16:17.73 | latency:  17.32 s | tokens: 25 | gen_time: 0.072 s | tok/s: 344.99
Request 174 | res_time: 18:16:17.83 | latency:  18.54 s | tokens: 25 | gen_time: 0.072 s | tok/s: 346.55
Request 175 | res_time: 18:16:17.92 | latency:  18.73 s | tokens: 25 | gen_time: 0.072 s | tok/s: 346.16
Request 176 | res_time: 18:16:18.01 | latency:  17.02 s | tokens: 25 | gen_time: 0.072 s | tok/s: 346.11
Request 177 | res_time: 18:16:18.11 | latency:  18.85 s | tokens: 25 | gen_time: 0.072 s | tok/s: 346.00
Request 178 | res_time: 18:16:18.20 | latency:  17.40 s | tokens: 25 | gen_time: 0.072 s | tok/s: 346.13
Request 179 | res_time: 18:16:18.29 | latency:  17.76 s | tokens: 25 | gen_time: 0.073 s | tok/s: 344.48
Request 180 | res_time: 18:16:18.39 | latency:  19.13 s | tokens: 25 | gen_time: 0.072 s | tok/s: 347.92
Request 181 | res_time: 18:16:18.48 | latency:  17.86 s | tokens: 25 | gen_time: 0.072 s | tok/s: 348.30
Request 182 | res_time: 18:16:18.57 | latency:  17.59 s | tokens: 25 | gen_time: 0.072 s | tok/s: 348.00
Request 183 | res_time: 18:16:18.67 | latency:  20.17 s | tokens: 25 | gen_time: 0.072 s | tok/s: 346.81
Request 184 | res_time: 18:16:18.76 | latency:  19.49 s | tokens: 25 | gen_time: 0.072 s | tok/s: 347.10
Request 185 | res_time: 18:16:18.85 | latency:  17.91 s | tokens: 25 | gen_time: 0.072 s | tok/s: 346.51
Request 186 | res_time: 18:16:18.95 | latency:  19.53 s | tokens: 25 | gen_time: 0.072 s | tok/s: 347.43
Request 187 | res_time: 18:16:19.04 | latency:  19.15 s | tokens: 25 | gen_time: 0.072 s | tok/s: 345.23
Request 188 | res_time: 18:16:19.13 | latency:  19.87 s | tokens: 25 | gen_time: 0.072 s | tok/s: 347.59
Request 189 | res_time: 18:16:19.23 | latency:  19.74 s | tokens: 25 | gen_time: 0.072 s | tok/s: 346.16
Request 190 | res_time: 18:16:19.32 | latency:  19.96 s | tokens: 25 | gen_time: 0.072 s | tok/s: 347.66
Request 191 | res_time: 18:16:19.41 | latency:  20.07 s | tokens: 25 | gen_time: 0.072 s | tok/s: 345.42
Request 192 | res_time: 18:16:19.51 | latency:  18.93 s | tokens: 25 | gen_time: 0.072 s | tok/s: 346.25
Request 193 | res_time: 18:16:19.60 | latency:  18.47 s | tokens: 25 | gen_time: 0.072 s | tok/s: 347.88
Request 194 | res_time: 18:16:19.69 | latency:  20.29 s | tokens: 25 | gen_time: 0.072 s | tok/s: 346.72
Request 195 | res_time: 18:16:19.79 | latency:  18.63 s | tokens: 25 | gen_time: 0.072 s | tok/s: 347.17
Request 196 | res_time: 18:16:19.88 | latency:  19.93 s | tokens: 25 | gen_time: 0.072 s | tok/s: 345.51
Request 197 | res_time: 18:16:19.97 | latency:  19.95 s | tokens: 25 | gen_time: 0.072 s | tok/s: 345.95
Request 198 | res_time: 18:16:20.07 | latency:  20.56 s | tokens: 25 | gen_time: 0.073 s | tok/s: 343.56
Request 199 | res_time: 18:16:20.16 | latency:  18.96 s | tokens: 25 | gen_time: 0.072 s | tok/s: 345.04
Request 200 | res_time: 18:16:20.26 | latency:  20.56 s | tokens: 25 | gen_time: 0.072 s | tok/s: 345.83
Request 201 | res_time: 18:16:20.35 | latency:  19.13 s | tokens: 25 | gen_time: 0.072 s | tok/s: 346.05
Request 202 | res_time: 18:16:20.44 | latency:  19.21 s | tokens: 25 | gen_time: 0.072 s | tok/s: 346.28
Request 203 | res_time: 18:16:20.54 | latency:  21.25 s | tokens: 25 | gen_time: 0.072 s | tok/s: 346.72
Request 204 | res_time: 18:16:20.63 | latency:  21.40 s | tokens: 25 | gen_time: 0.072 s | tok/s: 347.28
Request 205 | res_time: 18:16:20.72 | latency:  20.10 s | tokens: 25 | gen_time: 0.072 s | tok/s: 345.12
Request 206 | res_time: 18:16:20.82 | latency:  19.57 s | tokens: 25 | gen_time: 0.072 s | tok/s: 345.01
Request 207 | res_time: 18:16:20.91 | latency:  21.50 s | tokens: 25 | gen_time: 0.072 s | tok/s: 346.90
Request 208 | res_time: 18:16:21.01 | latency:  22.43 s | tokens: 25 | gen_time: 0.072 s | tok/s: 345.17
Request 209 | res_time: 18:16:21.10 | latency:  21.68 s | tokens: 25 | gen_time: 0.073 s | tok/s: 344.77
Request 210 | res_time: 18:16:21.20 | latency:  19.92 s | tokens: 25 | gen_time: 0.072 s | tok/s: 346.23
Request 211 | res_time: 18:16:21.29 | latency:  20.02 s | tokens: 25 | gen_time: 0.072 s | tok/s: 344.95
Request 212 | res_time: 18:16:21.38 | latency:  22.00 s | tokens: 25 | gen_time: 0.073 s | tok/s: 343.80
Request 213 | res_time: 18:16:21.48 | latency:  22.07 s | tokens: 25 | gen_time: 0.072 s | tok/s: 346.66
Request 214 | res_time: 18:16:21.57 | latency:  22.14 s | tokens: 25 | gen_time: 0.072 s | tok/s: 347.18
Request 215 | res_time: 18:16:21.66 | latency:  22.17 s | tokens: 25 | gen_time: 0.072 s | tok/s: 347.77
Request 216 | res_time: 18:16:21.76 | latency:  21.92 s | tokens: 25 | gen_time: 0.072 s | tok/s: 346.73
Request 217 | res_time: 18:16:21.85 | latency:  21.96 s | tokens: 25 | gen_time: 0.072 s | tok/s: 347.65
Request 218 | res_time: 18:16:21.94 | latency:  22.67 s | tokens: 25 | gen_time: 0.073 s | tok/s: 344.46
Request 219 | res_time: 18:16:22.04 | latency:  20.75 s | tokens: 25 | gen_time: 0.072 s | tok/s: 347.01
Request 220 | res_time: 18:16:22.13 | latency:  22.80 s | tokens: 25 | gen_time: 0.072 s | tok/s: 347.27
Request 221 | res_time: 18:16:22.22 | latency:  22.86 s | tokens: 25 | gen_time: 0.072 s | tok/s: 347.02
Request 222 | res_time: 18:16:22.31 | latency:  22.29 s | tokens: 25 | gen_time: 0.073 s | tok/s: 344.49
Request 223 | res_time: 18:16:22.41 | latency:  22.81 s | tokens: 25 | gen_time: 0.072 s | tok/s: 345.06
Request 224 | res_time: 18:16:22.50 | latency:  23.08 s | tokens: 25 | gen_time: 0.072 s | tok/s: 347.18
Request 225 | res_time: 18:16:22.59 | latency:  23.04 s | tokens: 25 | gen_time: 0.072 s | tok/s: 346.53
Request 226 | res_time: 18:16:22.69 | latency:  22.95 s | tokens: 25 | gen_time: 0.073 s | tok/s: 344.12
Request 227 | res_time: 18:16:22.78 | latency:  22.05 s | tokens: 25 | gen_time: 0.072 s | tok/s: 348.00
Request 228 | res_time: 18:16:22.87 | latency:  23.35 s | tokens: 25 | gen_time: 0.072 s | tok/s: 346.07
Request 229 | res_time: 18:16:22.97 | latency:  22.14 s | tokens: 25 | gen_time: 0.072 s | tok/s: 346.54
Request 230 | res_time: 18:16:23.06 | latency:  23.04 s | tokens: 25 | gen_time: 0.072 s | tok/s: 346.19
Request 231 | res_time: 18:16:23.16 | latency:  23.89 s | tokens: 25 | gen_time: 0.072 s | tok/s: 344.86
Request 232 | res_time: 18:16:23.25 | latency:  23.40 s | tokens: 25 | gen_time: 0.073 s | tok/s: 344.80
Request 233 | res_time: 18:16:23.34 | latency:  23.91 s | tokens: 25 | gen_time: 0.073 s | tok/s: 344.66
Request 234 | res_time: 18:16:23.44 | latency:  24.17 s | tokens: 25 | gen_time: 0.072 s | tok/s: 346.51
Request 235 | res_time: 18:16:23.53 | latency:  24.26 s | tokens: 25 | gen_time: 0.072 s | tok/s: 346.84
Request 236 | res_time: 18:16:23.62 | latency:  24.07 s | tokens: 25 | gen_time: 0.072 s | tok/s: 346.12
Request 237 | res_time: 18:16:23.72 | latency:  24.25 s | tokens: 25 | gen_time: 0.072 s | tok/s: 346.34
Request 238 | res_time: 18:16:23.81 | latency:  24.19 s | tokens: 25 | gen_time: 0.072 s | tok/s: 347.50
Request 239 | res_time: 18:16:23.90 | latency:  22.57 s | tokens: 25 | gen_time: 0.072 s | tok/s: 348.16
Request 240 | res_time: 18:16:24.00 | latency:  24.73 s | tokens: 25 | gen_time: 0.073 s | tok/s: 344.49
Request 241 | res_time: 18:16:24.09 | latency:  24.36 s | tokens: 25 | gen_time: 0.072 s | tok/s: 346.72
Request 242 | res_time: 18:16:24.18 | latency:  24.46 s | tokens: 25 | gen_time: 0.072 s | tok/s: 346.28
Request 243 | res_time: 18:16:24.28 | latency:  23.70 s | tokens: 25 | gen_time: 0.072 s | tok/s: 346.89
Request 244 | res_time: 18:16:24.37 | latency:  22.97 s | tokens: 25 | gen_time: 0.072 s | tok/s: 346.53
Request 245 | res_time: 18:16:24.46 | latency:  25.08 s | tokens: 25 | gen_time: 0.073 s | tok/s: 344.11
Request 246 | res_time: 18:16:24.56 | latency:  25.07 s | tokens: 25 | gen_time: 0.072 s | tok/s: 344.95
Request 247 | res_time: 18:16:24.65 | latency:  23.26 s | tokens: 25 | gen_time: 0.072 s | tok/s: 345.79
Request 248 | res_time: 18:16:24.74 | latency:  26.37 s | tokens: 25 | gen_time: 0.072 s | tok/s: 346.86
Request 249 | res_time: 18:16:24.84 | latency:  25.53 s | tokens: 25 | gen_time: 0.072 s | tok/s: 347.72
Request 250 | res_time: 18:16:24.93 | latency:  24.21 s | tokens: 25 | gen_time: 0.072 s | tok/s: 347.55
Request 251 | res_time: 18:16:25.02 | latency:  25.70 s | tokens: 25 | gen_time: 0.072 s | tok/s: 346.99
Request 252 | res_time: 18:16:25.12 | latency:  24.88 s | tokens: 25 | gen_time: 0.072 s | tok/s: 346.65
Request 253 | res_time: 18:16:25.21 | latency:  25.15 s | tokens: 25 | gen_time: 0.072 s | tok/s: 346.52
Request 254 | res_time: 18:16:25.30 | latency:  25.91 s | tokens: 25 | gen_time: 0.072 s | tok/s: 346.36
Request 255 | res_time: 18:16:25.40 | latency:  24.82 s | tokens: 25 | gen_time: 0.073 s | tok/s: 344.58
Request 256 | res_time: 18:16:25.49 | latency:  24.79 s | tokens: 25 | gen_time: 0.072 s | tok/s: 346.54
Request 257 | res_time: 18:16:25.58 | latency:  24.74 s | tokens: 25 | gen_time: 0.072 s | tok/s: 346.12
Request 258 | res_time: 18:16:25.68 | latency:  26.00 s | tokens: 25 | gen_time: 0.072 s | tok/s: 344.87
Request 259 | res_time: 18:16:25.77 | latency:  25.19 s | tokens: 25 | gen_time: 0.072 s | tok/s: 348.50
Request 260 | res_time: 18:16:25.86 | latency:  24.71 s | tokens: 25 | gen_time: 0.072 s | tok/s: 345.10
Request 261 | res_time: 18:16:25.96 | latency:  26.40 s | tokens: 25 | gen_time: 0.072 s | tok/s: 345.76
Request 262 | res_time: 18:16:26.05 | latency:  27.45 s | tokens: 25 | gen_time: 0.073 s | tok/s: 344.67
Request 263 | res_time: 18:16:26.14 | latency:  26.23 s | tokens: 25 | gen_time: 0.072 s | tok/s: 347.60
Request 264 | res_time: 18:16:26.24 | latency:  26.97 s | tokens: 25 | gen_time: 0.072 s | tok/s: 345.03
Request 265 | res_time: 18:16:26.33 | latency:  27.11 s | tokens: 25 | gen_time: 0.072 s | tok/s: 346.75
Request 266 | res_time: 18:16:26.42 | latency:  25.84 s | tokens: 25 | gen_time: 0.072 s | tok/s: 346.14
Request 267 | res_time: 18:16:26.52 | latency:  25.93 s | tokens: 25 | gen_time: 0.072 s | tok/s: 347.52
Request 268 | res_time: 18:16:26.61 | latency:  26.62 s | tokens: 25 | gen_time: 0.073 s | tok/s: 344.70
Request 269 | res_time: 18:16:26.70 | latency:  27.02 s | tokens: 25 | gen_time: 0.072 s | tok/s: 345.96
Request 270 | res_time: 18:16:26.80 | latency:  27.28 s | tokens: 25 | gen_time: 0.072 s | tok/s: 347.58
Request 271 | res_time: 18:16:26.89 | latency:  27.19 s | tokens: 25 | gen_time: 0.072 s | tok/s: 347.19
Request 272 | res_time: 18:16:26.98 | latency:  28.47 s | tokens: 25 | gen_time: 0.072 s | tok/s: 346.51
Request 273 | res_time: 18:16:27.08 | latency:  27.65 s | tokens: 25 | gen_time: 0.072 s | tok/s: 347.47
Request 274 | res_time: 18:16:27.17 | latency:  27.22 s | tokens: 25 | gen_time: 0.072 s | tok/s: 345.75
Request 275 | res_time: 18:16:27.26 | latency:  26.72 s | tokens: 25 | gen_time: 0.072 s | tok/s: 346.97
Request 276 | res_time: 18:16:27.36 | latency:  26.69 s | tokens: 25 | gen_time: 0.072 s | tok/s: 347.25
Request 277 | res_time: 18:16:27.45 | latency:  27.43 s | tokens: 25 | gen_time: 0.072 s | tok/s: 347.63
Request 278 | res_time: 18:16:27.54 | latency:  27.68 s | tokens: 25 | gen_time: 0.072 s | tok/s: 347.83
Request 279 | res_time: 18:16:27.64 | latency:  26.90 s | tokens: 25 | gen_time: 0.072 s | tok/s: 346.45
Request 280 | res_time: 18:16:27.73 | latency:  28.13 s | tokens: 25 | gen_time: 0.073 s | tok/s: 344.48
Request 281 | res_time: 18:16:27.82 | latency:  27.00 s | tokens: 25 | gen_time: 0.072 s | tok/s: 348.87
Request 282 | res_time: 18:16:27.92 | latency:  27.23 s | tokens: 25 | gen_time: 0.072 s | tok/s: 346.39
Request 283 | res_time: 18:16:28.01 | latency:  28.51 s | tokens: 25 | gen_time: 0.072 s | tok/s: 345.02
Request 284 | res_time: 18:16:28.10 | latency:  27.47 s | tokens: 25 | gen_time: 0.072 s | tok/s: 345.83
Request 285 | res_time: 18:16:28.20 | latency:  27.67 s | tokens: 25 | gen_time: 0.072 s | tok/s: 346.12
Request 286 | res_time: 18:16:28.29 | latency:  28.76 s | tokens: 25 | gen_time: 0.072 s | tok/s: 345.26
Request 287 | res_time: 18:16:28.39 | latency:  28.83 s | tokens: 25 | gen_time: 0.072 s | tok/s: 346.65
Request 288 | res_time: 18:16:28.48 | latency:  29.00 s | tokens: 25 | gen_time: 0.072 s | tok/s: 346.84
Request 289 | res_time: 18:16:28.57 | latency:  29.19 s | tokens: 25 | gen_time: 0.072 s | tok/s: 348.59
Request 290 | res_time: 18:16:28.67 | latency:  30.30 s | tokens: 25 | gen_time: 0.073 s | tok/s: 344.18
Request 291 | res_time: 18:16:28.76 | latency:  28.74 s | tokens: 25 | gen_time: 0.072 s | tok/s: 346.60
Request 292 | res_time: 18:16:28.85 | latency:  27.19 s | tokens: 25 | gen_time: 0.072 s | tok/s: 346.93
Request 293 | res_time: 18:16:28.95 | latency:  29.37 s | tokens: 25 | gen_time: 0.072 s | tok/s: 346.26
Request 294 | res_time: 18:16:29.04 | latency:  29.71 s | tokens: 25 | gen_time: 0.072 s | tok/s: 348.57
Request 295 | res_time: 18:16:29.13 | latency:  29.82 s | tokens: 25 | gen_time: 0.072 s | tok/s: 346.70
Request 296 | res_time: 18:16:29.23 | latency:  28.89 s | tokens: 25 | gen_time: 0.072 s | tok/s: 347.08
Request 297 | res_time: 18:16:29.32 | latency:  27.63 s | tokens: 25 | gen_time: 0.072 s | tok/s: 347.13
Request 298 | res_time: 18:16:29.41 | latency:  30.17 s | tokens: 25 | gen_time: 0.072 s | tok/s: 346.78
Request 299 | res_time: 18:16:29.51 | latency:  28.86 s | tokens: 25 | gen_time: 0.072 s | tok/s: 345.68
Request 300 | res_time: 18:16:29.60 | latency:  30.32 s | tokens: 25 | gen_time: 0.072 s | tok/s: 346.30
Request 301 | res_time: 18:16:29.69 | latency:  29.29 s | tokens: 25 | gen_time: 0.072 s | tok/s: 349.18
Request 302 | res_time: 18:16:29.78 | latency:  30.07 s | tokens: 25 | gen_time: 0.072 s | tok/s: 346.56
Request 303 | res_time: 18:16:29.88 | latency:  30.11 s | tokens: 25 | gen_time: 0.072 s | tok/s: 347.16
Request 304 | res_time: 18:16:29.97 | latency:  30.31 s | tokens: 25 | gen_time: 0.072 s | tok/s: 347.66
Request 305 | res_time: 18:16:30.06 | latency:  30.01 s | tokens: 25 | gen_time: 0.072 s | tok/s: 348.47
Request 306 | res_time: 18:16:30.16 | latency:  30.24 s | tokens: 25 | gen_time: 0.072 s | tok/s: 346.62
Request 307 | res_time: 18:16:30.25 | latency:  29.71 s | tokens: 25 | gen_time: 0.072 s | tok/s: 346.80
Request 308 | res_time: 18:16:30.34 | latency:  29.89 s | tokens: 25 | gen_time: 0.072 s | tok/s: 347.97
Request 309 | res_time: 18:16:30.44 | latency:  29.94 s | tokens: 25 | gen_time: 0.072 s | tok/s: 347.06
Request 310 | res_time: 18:16:30.53 | latency:  29.63 s | tokens: 25 | gen_time: 0.072 s | tok/s: 348.26
Request 311 | res_time: 18:16:30.62 | latency:  31.10 s | tokens: 25 | gen_time: 0.072 s | tok/s: 349.01
Request 312 | res_time: 18:16:30.72 | latency:  30.16 s | tokens: 25 | gen_time: 0.072 s | tok/s: 345.74
Request 313 | res_time: 18:16:30.81 | latency:  29.97 s | tokens: 25 | gen_time: 0.072 s | tok/s: 347.28
Request 314 | res_time: 18:16:30.90 | latency:  30.22 s | tokens: 25 | gen_time: 0.072 s | tok/s: 346.68
Request 315 | res_time: 18:16:30.99 | latency:  30.44 s | tokens: 25 | gen_time: 0.072 s | tok/s: 346.19
Request 316 | res_time: 18:16:31.09 | latency:  30.07 s | tokens: 25 | gen_time: 0.072 s | tok/s: 346.72
Request 317 | res_time: 18:16:31.18 | latency:  31.63 s | tokens: 25 | gen_time: 0.072 s | tok/s: 344.85
Request 318 | res_time: 18:16:31.28 | latency:  30.75 s | tokens: 25 | gen_time: 0.072 s | tok/s: 346.09
Request 319 | res_time: 18:16:31.37 | latency:  32.06 s | tokens: 25 | gen_time: 0.073 s | tok/s: 343.63
Request 320 | res_time: 18:16:31.46 | latency:  31.87 s | tokens: 25 | gen_time: 0.072 s | tok/s: 346.60
Request 321 | res_time: 18:16:31.56 | latency:  30.54 s | tokens: 25 | gen_time: 0.073 s | tok/s: 343.91
Request 322 | res_time: 18:16:31.65 | latency:  32.20 s | tokens: 25 | gen_time: 0.072 s | tok/s: 346.83
Request 323 | res_time: 18:16:31.74 | latency:  32.46 s | tokens: 25 | gen_time: 0.072 s | tok/s: 349.27
Request 324 | res_time: 18:16:31.84 | latency:  31.32 s | tokens: 25 | gen_time: 0.072 s | tok/s: 346.13
Request 325 | res_time: 18:16:31.93 | latency:  33.33 s | tokens: 25 | gen_time: 0.072 s | tok/s: 346.10
Request 326 | res_time: 18:16:32.02 | latency:  32.74 s | tokens: 25 | gen_time: 0.072 s | tok/s: 348.21
Request 327 | res_time: 18:16:32.12 | latency:  31.55 s | tokens: 25 | gen_time: 0.072 s | tok/s: 346.82
Request 328 | res_time: 18:16:32.21 | latency:  32.54 s | tokens: 25 | gen_time: 0.072 s | tok/s: 346.82
Request 329 | res_time: 18:16:32.30 | latency:  31.52 s | tokens: 25 | gen_time: 0.072 s | tok/s: 347.43
Request 330 | res_time: 18:16:32.40 | latency:  31.75 s | tokens: 25 | gen_time: 0.072 s | tok/s: 346.16
Request 331 | res_time: 18:16:32.49 | latency:  33.14 s | tokens: 25 | gen_time: 0.072 s | tok/s: 346.86
Request 332 | res_time: 18:16:32.58 | latency:  31.80 s | tokens: 25 | gen_time: 0.072 s | tok/s: 347.28
Request 333 | res_time: 18:16:32.68 | latency:  32.62 s | tokens: 25 | gen_time: 0.072 s | tok/s: 345.66
Request 334 | res_time: 18:16:32.77 | latency:  33.54 s | tokens: 25 | gen_time: 0.072 s | tok/s: 346.69
Request 335 | res_time: 18:16:32.87 | latency:  31.93 s | tokens: 25 | gen_time: 0.072 s | tok/s: 344.91
Request 336 | res_time: 18:16:32.96 | latency:  34.36 s | tokens: 25 | gen_time: 0.072 s | tok/s: 345.53
Request 337 | res_time: 18:16:33.05 | latency:  33.74 s | tokens: 25 | gen_time: 0.072 s | tok/s: 347.19
Request 338 | res_time: 18:16:33.15 | latency:  33.72 s | tokens: 25 | gen_time: 0.072 s | tok/s: 346.86
Request 339 | res_time: 18:16:33.24 | latency:  33.81 s | tokens: 25 | gen_time: 0.072 s | tok/s: 346.88
Request 340 | res_time: 18:16:33.33 | latency:  32.65 s | tokens: 25 | gen_time: 0.072 s | tok/s: 347.47
Request 341 | res_time: 18:16:33.43 | latency:  32.58 s | tokens: 25 | gen_time: 0.072 s | tok/s: 346.14
Request 342 | res_time: 18:16:33.52 | latency:  33.75 s | tokens: 25 | gen_time: 0.072 s | tok/s: 346.48
Request 343 | res_time: 18:16:33.61 | latency:  34.30 s | tokens: 25 | gen_time: 0.072 s | tok/s: 345.68
Request 344 | res_time: 18:16:33.71 | latency:  33.88 s | tokens: 25 | gen_time: 0.072 s | tok/s: 347.28
Request 345 | res_time: 18:16:33.80 | latency:  34.24 s | tokens: 25 | gen_time: 0.072 s | tok/s: 345.99
Request 346 | res_time: 18:16:33.89 | latency:  34.22 s | tokens: 25 | gen_time: 0.072 s | tok/s: 348.97
Request 347 | res_time: 18:16:33.98 | latency:  33.47 s | tokens: 25 | gen_time: 0.072 s | tok/s: 347.62
Request 348 | res_time: 18:16:34.08 | latency:  34.28 s | tokens: 25 | gen_time: 0.072 s | tok/s: 345.13
Request 349 | res_time: 18:16:34.17 | latency:  34.24 s | tokens: 25 | gen_time: 0.072 s | tok/s: 345.41
Request 350 | res_time: 18:16:34.27 | latency:  33.65 s | tokens: 25 | gen_time: 0.072 s | tok/s: 345.33
Request 351 | res_time: 18:16:34.36 | latency:  33.74 s | tokens: 25 | gen_time: 0.072 s | tok/s: 346.83
Request 352 | res_time: 18:16:34.45 | latency:  34.52 s | tokens: 25 | gen_time: 0.072 s | tok/s: 347.73
Request 353 | res_time: 18:16:34.55 | latency:  35.26 s | tokens: 25 | gen_time: 0.072 s | tok/s: 346.66
Request 354 | res_time: 18:16:34.64 | latency:  35.37 s | tokens: 25 | gen_time: 0.072 s | tok/s: 347.54
Request 355 | res_time: 18:16:34.73 | latency:  34.69 s | tokens: 25 | gen_time: 0.072 s | tok/s: 345.59
Request 356 | res_time: 18:16:34.83 | latency:  34.08 s | tokens: 25 | gen_time: 0.072 s | tok/s: 346.57
Request 357 | res_time: 18:16:34.92 | latency:  34.32 s | tokens: 25 | gen_time: 0.072 s | tok/s: 347.69
Request 358 | res_time: 18:16:35.01 | latency:  35.28 s | tokens: 25 | gen_time: 0.072 s | tok/s: 346.83
Request 359 | res_time: 18:16:35.11 | latency:  35.87 s | tokens: 25 | gen_time: 0.072 s | tok/s: 344.92
Request 360 | res_time: 18:16:35.20 | latency:  34.46 s | tokens: 25 | gen_time: 0.072 s | tok/s: 344.94
Request 361 | res_time: 18:16:35.29 | latency:  36.05 s | tokens: 25 | gen_time: 0.072 s | tok/s: 345.92
Request 362 | res_time: 18:16:35.39 | latency:  35.83 s | tokens: 25 | gen_time: 0.072 s | tok/s: 347.41
Request 363 | res_time: 18:16:35.48 | latency:  36.12 s | tokens: 25 | gen_time: 0.072 s | tok/s: 344.99
Request 364 | res_time: 18:16:35.57 | latency:  34.99 s | tokens: 25 | gen_time: 0.072 s | tok/s: 345.30
Request 365 | res_time: 18:16:35.67 | latency:  36.32 s | tokens: 25 | gen_time: 0.072 s | tok/s: 346.24
Request 366 | res_time: 18:16:35.76 | latency:  36.49 s | tokens: 25 | gen_time: 0.072 s | tok/s: 348.39
Request 367 | res_time: 18:16:35.85 | latency:  36.01 s | tokens: 25 | gen_time: 0.072 s | tok/s: 346.43
Request 368 | res_time: 18:16:35.95 | latency:  36.13 s | tokens: 25 | gen_time: 0.072 s | tok/s: 349.36
Request 369 | res_time: 18:16:36.04 | latency:  36.50 s | tokens: 25 | gen_time: 0.072 s | tok/s: 347.14
Request 370 | res_time: 18:16:36.13 | latency:  36.87 s | tokens: 25 | gen_time: 0.072 s | tok/s: 347.53
Request 371 | res_time: 18:16:36.23 | latency:  35.32 s | tokens: 25 | gen_time: 0.072 s | tok/s: 345.41
Request 372 | res_time: 18:16:36.32 | latency:  35.75 s | tokens: 25 | gen_time: 0.072 s | tok/s: 348.75
Request 373 | res_time: 18:16:36.41 | latency:  35.85 s | tokens: 25 | gen_time: 0.072 s | tok/s: 347.26
Request 374 | res_time: 18:16:36.50 | latency:  36.02 s | tokens: 25 | gen_time: 0.072 s | tok/s: 346.24
Request 375 | res_time: 18:16:36.60 | latency:  35.94 s | tokens: 25 | gen_time: 0.073 s | tok/s: 344.38
Request 376 | res_time: 18:16:36.69 | latency:  37.43 s | tokens: 25 | gen_time: 0.072 s | tok/s: 346.48
Request 377 | res_time: 18:16:36.79 | latency:  35.91 s | tokens: 25 | gen_time: 0.072 s | tok/s: 346.76
Request 378 | res_time: 18:16:36.88 | latency:  36.02 s | tokens: 25 | gen_time: 0.072 s | tok/s: 347.09
Request 379 | res_time: 18:16:36.97 | latency:  36.09 s | tokens: 25 | gen_time: 0.072 s | tok/s: 345.33
Request 380 | res_time: 18:16:37.07 | latency:  37.72 s | tokens: 25 | gen_time: 0.072 s | tok/s: 346.21
Request 381 | res_time: 18:16:37.16 | latency:  37.66 s | tokens: 25 | gen_time: 0.072 s | tok/s: 347.38
Request 382 | res_time: 18:16:37.25 | latency:  38.88 s | tokens: 25 | gen_time: 0.072 s | tok/s: 345.91
Request 383 | res_time: 18:16:37.35 | latency:  36.78 s | tokens: 25 | gen_time: 0.072 s | tok/s: 345.22
Request 384 | res_time: 18:16:37.44 | latency:  36.87 s | tokens: 25 | gen_time: 0.072 s | tok/s: 347.22
Request 385 | res_time: 18:16:37.53 | latency:  36.97 s | tokens: 25 | gen_time: 0.072 s | tok/s: 347.88
Request 386 | res_time: 18:16:37.62 | latency:  37.94 s | tokens: 25 | gen_time: 0.072 s | tok/s: 345.83
Request 387 | res_time: 18:16:37.72 | latency:  37.97 s | tokens: 25 | gen_time: 0.072 s | tok/s: 345.97
Request 388 | res_time: 18:16:37.81 | latency:  36.85 s | tokens: 25 | gen_time: 0.072 s | tok/s: 345.55
Request 389 | res_time: 18:16:37.91 | latency:  38.02 s | tokens: 25 | gen_time: 0.072 s | tok/s: 344.98
Request 390 | res_time: 18:16:38.00 | latency:  37.45 s | tokens: 25 | gen_time: 0.072 s | tok/s: 346.73
Request 391 | res_time: 18:16:38.09 | latency:  38.64 s | tokens: 25 | gen_time: 0.073 s | tok/s: 344.39
Request 392 | res_time: 18:16:38.19 | latency:  38.92 s | tokens: 25 | gen_time: 0.072 s | tok/s: 346.59
Request 393 | res_time: 18:16:38.28 | latency:  38.74 s | tokens: 25 | gen_time: 0.072 s | tok/s: 345.10
Request 394 | res_time: 18:16:38.37 | latency:  37.19 s | tokens: 25 | gen_time: 0.072 s | tok/s: 347.47
Request 395 | res_time: 18:16:38.47 | latency:  38.94 s | tokens: 25 | gen_time: 0.072 s | tok/s: 345.37
Request 396 | res_time: 18:16:38.56 | latency:  37.96 s | tokens: 25 | gen_time: 0.072 s | tok/s: 347.37
Request 397 | res_time: 18:16:38.65 | latency:  38.10 s | tokens: 25 | gen_time: 0.072 s | tok/s: 346.37
Request 398 | res_time: 18:16:38.75 | latency:  39.20 s | tokens: 25 | gen_time: 0.072 s | tok/s: 346.14
Request 399 | res_time: 18:16:38.84 | latency:  39.13 s | tokens: 25 | gen_time: 0.072 s | tok/s: 346.36
Request 400 | res_time: 18:16:38.93 | latency:  39.04 s | tokens: 25 | gen_time: 0.072 s | tok/s: 346.40
Request 401 | res_time: 18:16:39.03 | latency:  38.48 s | tokens: 25 | gen_time: 0.072 s | tok/s: 346.69
Request 402 | res_time: 18:16:39.12 | latency:  39.10 s | tokens: 25 | gen_time: 0.072 s | tok/s: 346.54
Request 403 | res_time: 18:16:39.21 | latency:  38.62 s | tokens: 25 | gen_time: 0.072 s | tok/s: 349.12
Request 404 | res_time: 18:16:39.31 | latency:  38.86 s | tokens: 25 | gen_time: 0.072 s | tok/s: 345.20
Request 405 | res_time: 18:16:39.40 | latency:  39.96 s | tokens: 25 | gen_time: 0.072 s | tok/s: 345.94
Request 406 | res_time: 18:16:39.49 | latency:  39.65 s | tokens: 25 | gen_time: 0.072 s | tok/s: 345.24
Request 407 | res_time: 18:16:39.59 | latency:  40.24 s | tokens: 25 | gen_time: 0.072 s | tok/s: 345.24
Request 408 | res_time: 18:16:39.68 | latency:  40.41 s | tokens: 25 | gen_time: 0.072 s | tok/s: 345.30
Request 409 | res_time: 18:16:39.77 | latency:  39.23 s | tokens: 25 | gen_time: 0.072 s | tok/s: 345.68
Request 410 | res_time: 18:16:39.87 | latency:  39.98 s | tokens: 25 | gen_time: 0.072 s | tok/s: 345.56
Request 411 | res_time: 18:16:39.96 | latency:  41.51 s | tokens: 25 | gen_time: 0.073 s | tok/s: 341.56
Request 412 | res_time: 18:16:40.06 | latency:  40.38 s | tokens: 25 | gen_time: 0.072 s | tok/s: 347.82
Request 413 | res_time: 18:16:40.15 | latency:  40.88 s | tokens: 25 | gen_time: 0.072 s | tok/s: 345.63
Request 414 | res_time: 18:16:40.25 | latency:  39.71 s | tokens: 25 | gen_time: 0.075 s | tok/s: 334.22
Request 415 | res_time: 18:16:40.35 | latency:  41.18 s | tokens: 25 | gen_time: 0.075 s | tok/s: 335.41
Request 416 | res_time: 18:16:40.45 | latency:  40.82 s | tokens: 25 | gen_time: 0.073 s | tok/s: 343.98
Request 417 | res_time: 18:16:40.54 | latency:  41.04 s | tokens: 25 | gen_time: 0.072 s | tok/s: 345.84
Request 418 | res_time: 18:16:40.63 | latency:  40.03 s | tokens: 25 | gen_time: 0.072 s | tok/s: 348.33
Request 419 | res_time: 18:16:40.73 | latency:  41.38 s | tokens: 25 | gen_time: 0.072 s | tok/s: 347.01
Request 420 | res_time: 18:16:40.82 | latency:  41.31 s | tokens: 25 | gen_time: 0.072 s | tok/s: 346.83
Request 421 | res_time: 18:16:40.91 | latency:  40.36 s | tokens: 25 | gen_time: 0.072 s | tok/s: 348.42
Request 422 | res_time: 18:16:41.01 | latency:  41.68 s | tokens: 25 | gen_time: 0.072 s | tok/s: 347.10
Request 423 | res_time: 18:16:41.10 | latency:  40.20 s | tokens: 25 | gen_time: 0.072 s | tok/s: 347.16
Request 424 | res_time: 18:16:41.19 | latency:  40.59 s | tokens: 25 | gen_time: 0.072 s | tok/s: 345.18
Request 425 | res_time: 18:16:41.29 | latency:  40.73 s | tokens: 25 | gen_time: 0.072 s | tok/s: 345.23
Request 426 | res_time: 18:16:41.38 | latency:  40.81 s | tokens: 25 | gen_time: 0.072 s | tok/s: 346.06
Request 427 | res_time: 18:16:41.47 | latency:  40.66 s | tokens: 25 | gen_time: 0.072 s | tok/s: 347.25
Request 428 | res_time: 18:16:41.57 | latency:  41.53 s | tokens: 25 | gen_time: 0.072 s | tok/s: 348.24
Request 429 | res_time: 18:16:41.66 | latency:  40.99 s | tokens: 25 | gen_time: 0.072 s | tok/s: 349.05
Request 430 | res_time: 18:16:41.75 | latency:  41.23 s | tokens: 25 | gen_time: 0.073 s | tok/s: 344.71
Request 431 | res_time: 18:16:41.84 | latency:  42.13 s | tokens: 25 | gen_time: 0.072 s | tok/s: 348.60
Request 432 | res_time: 18:16:41.94 | latency:  42.38 s | tokens: 25 | gen_time: 0.072 s | tok/s: 346.57
Request 433 | res_time: 18:16:42.03 | latency:  42.69 s | tokens: 25 | gen_time: 0.072 s | tok/s: 348.47
Request 434 | res_time: 18:16:42.12 | latency:  42.27 s | tokens: 25 | gen_time: 0.073 s | tok/s: 344.65
Request 435 | res_time: 18:16:42.22 | latency:  43.62 s | tokens: 25 | gen_time: 0.072 s | tok/s: 347.46
Request 436 | res_time: 18:16:42.31 | latency:  41.36 s | tokens: 25 | gen_time: 0.072 s | tok/s: 345.72
Request 437 | res_time: 18:16:42.40 | latency:  43.13 s | tokens: 25 | gen_time: 0.072 s | tok/s: 348.24
Request 438 | res_time: 18:16:42.50 | latency:  41.64 s | tokens: 25 | gen_time: 0.072 s | tok/s: 347.07
Request 439 | res_time: 18:16:42.59 | latency:  43.28 s | tokens: 25 | gen_time: 0.072 s | tok/s: 347.26
Request 440 | res_time: 18:16:42.68 | latency:  43.26 s | tokens: 25 | gen_time: 0.072 s | tok/s: 345.76
Request 441 | res_time: 18:16:42.78 | latency:  42.26 s | tokens: 25 | gen_time: 0.072 s | tok/s: 344.86
Request 442 | res_time: 18:16:42.87 | latency:  43.14 s | tokens: 25 | gen_time: 0.072 s | tok/s: 348.14
Request 443 | res_time: 18:16:42.97 | latency:  44.69 s | tokens: 25 | gen_time: 0.072 s | tok/s: 346.48
Request 444 | res_time: 18:16:43.06 | latency:  43.64 s | tokens: 25 | gen_time: 0.072 s | tok/s: 346.39
Request 445 | res_time: 18:16:43.15 | latency:  43.64 s | tokens: 25 | gen_time: 0.072 s | tok/s: 347.07
Request 446 | res_time: 18:16:43.25 | latency:  42.36 s | tokens: 25 | gen_time: 0.072 s | tok/s: 347.18
Request 447 | res_time: 18:16:43.34 | latency:  44.66 s | tokens: 25 | gen_time: 0.073 s | tok/s: 344.42
Request 448 | res_time: 18:16:43.43 | latency:  42.67 s | tokens: 25 | gen_time: 0.072 s | tok/s: 346.99
Request 449 | res_time: 18:16:43.53 | latency:  44.18 s | tokens: 25 | gen_time: 0.072 s | tok/s: 345.08
Request 450 | res_time: 18:16:43.62 | latency:  42.82 s | tokens: 25 | gen_time: 0.071 s | tok/s: 349.69
Request 451 | res_time: 18:16:43.71 | latency:  42.71 s | tokens: 25 | gen_time: 0.072 s | tok/s: 344.99
Request 452 | res_time: 18:16:43.81 | latency:  44.25 s | tokens: 25 | gen_time: 0.072 s | tok/s: 345.62
Request 453 | res_time: 18:16:43.90 | latency:  43.85 s | tokens: 25 | gen_time: 0.072 s | tok/s: 347.00
Request 454 | res_time: 18:16:43.99 | latency:  43.96 s | tokens: 25 | gen_time: 0.072 s | tok/s: 345.39
Request 455 | res_time: 18:16:44.09 | latency:  44.11 s | tokens: 25 | gen_time: 0.072 s | tok/s: 346.87
Request 456 | res_time: 18:16:44.18 | latency:  43.32 s | tokens: 25 | gen_time: 0.072 s | tok/s: 347.39
Request 457 | res_time: 18:16:44.27 | latency:  43.37 s | tokens: 25 | gen_time: 0.072 s | tok/s: 346.55
Request 458 | res_time: 18:16:44.36 | latency:  44.49 s | tokens: 25 | gen_time: 0.072 s | tok/s: 346.57
Request 459 | res_time: 18:16:44.46 | latency:  44.86 s | tokens: 25 | gen_time: 0.072 s | tok/s: 348.16
Request 460 | res_time: 18:16:44.55 | latency:  44.82 s | tokens: 25 | gen_time: 0.072 s | tok/s: 346.14
Request 461 | res_time: 18:16:44.64 | latency:  45.41 s | tokens: 25 | gen_time: 0.072 s | tok/s: 348.61
Request 462 | res_time: 18:16:44.74 | latency:  43.89 s | tokens: 25 | gen_time: 0.072 s | tok/s: 346.11
Request 463 | res_time: 18:16:44.83 | latency:  44.27 s | tokens: 25 | gen_time: 0.072 s | tok/s: 347.19
Request 464 | res_time: 18:16:44.92 | latency:  45.52 s | tokens: 25 | gen_time: 0.072 s | tok/s: 345.57
Request 465 | res_time: 18:16:45.02 | latency:  44.39 s | tokens: 25 | gen_time: 0.072 s | tok/s: 346.26
Request 466 | res_time: 18:16:45.11 | latency:  45.09 s | tokens: 25 | gen_time: 0.072 s | tok/s: 346.38
Request 467 | res_time: 18:16:45.20 | latency:  45.65 s | tokens: 25 | gen_time: 0.072 s | tok/s: 346.18
Request 468 | res_time: 18:16:45.30 | latency:  44.86 s | tokens: 25 | gen_time: 0.072 s | tok/s: 346.47
Request 469 | res_time: 18:16:45.39 | latency:  45.97 s | tokens: 25 | gen_time: 0.072 s | tok/s: 347.10
Request 470 | res_time: 18:16:45.48 | latency:  45.06 s | tokens: 25 | gen_time: 0.072 s | tok/s: 347.07
Request 471 | res_time: 18:16:45.58 | latency:  47.07 s | tokens: 25 | gen_time: 0.072 s | tok/s: 347.36
Request 472 | res_time: 18:16:45.67 | latency:  46.01 s | tokens: 25 | gen_time: 0.072 s | tok/s: 346.54
Request 473 | res_time: 18:16:45.76 | latency:  46.27 s | tokens: 25 | gen_time: 0.072 s | tok/s: 346.91
Request 474 | res_time: 18:16:45.85 | latency:  46.22 s | tokens: 25 | gen_time: 0.072 s | tok/s: 347.30
Request 475 | res_time: 18:16:45.95 | latency:  46.60 s | tokens: 25 | gen_time: 0.072 s | tok/s: 347.09
Request 476 | res_time: 18:16:46.04 | latency:  45.10 s | tokens: 25 | gen_time: 0.072 s | tok/s: 347.07
Request 477 | res_time: 18:16:46.13 | latency:  46.87 s | tokens: 25 | gen_time: 0.072 s | tok/s: 347.78
Request 478 | res_time: 18:16:46.23 | latency:  46.55 s | tokens: 25 | gen_time: 0.072 s | tok/s: 346.80
Request 479 | res_time: 18:16:46.32 | latency:  45.76 s | tokens: 25 | gen_time: 0.072 s | tok/s: 347.11
Request 480 | res_time: 18:16:46.41 | latency:  45.70 s | tokens: 25 | gen_time: 0.072 s | tok/s: 347.24
Request 481 | res_time: 18:16:46.51 | latency:  45.46 s | tokens: 25 | gen_time: 0.072 s | tok/s: 346.66
Request 482 | res_time: 18:16:46.60 | latency:  45.60 s | tokens: 25 | gen_time: 0.072 s | tok/s: 346.78
Request 483 | res_time: 18:16:46.69 | latency:  46.72 s | tokens: 25 | gen_time: 0.072 s | tok/s: 347.46
Request 484 | res_time: 18:16:46.79 | latency:  47.30 s | tokens: 25 | gen_time: 0.072 s | tok/s: 345.01
Request 485 | res_time: 18:16:46.88 | latency:  45.97 s | tokens: 25 | gen_time: 0.072 s | tok/s: 346.41
Request 486 | res_time: 18:16:46.97 | latency:  46.72 s | tokens: 25 | gen_time: 0.072 s | tok/s: 345.09
Request 487 | res_time: 18:16:47.07 | latency:  46.49 s | tokens: 25 | gen_time: 0.072 s | tok/s: 346.16
Request 488 | res_time: 18:16:47.16 | latency:  47.82 s | tokens: 25 | gen_time: 0.072 s | tok/s: 346.76
Request 489 | res_time: 18:16:47.26 | latency:  47.60 s | tokens: 25 | gen_time: 0.072 s | tok/s: 345.74
Request 490 | res_time: 18:16:47.35 | latency:  48.75 s | tokens: 25 | gen_time: 0.072 s | tok/s: 347.06
Request 491 | res_time: 18:16:47.44 | latency:  48.17 s | tokens: 25 | gen_time: 0.072 s | tok/s: 344.97
Request 492 | res_time: 18:16:47.54 | latency:  48.26 s | tokens: 25 | gen_time: 0.072 s | tok/s: 345.20
Request 493 | res_time: 18:16:47.63 | latency:  47.08 s | tokens: 25 | gen_time: 0.072 s | tok/s: 347.77
Request 494 | res_time: 18:16:47.72 | latency:  47.16 s | tokens: 25 | gen_time: 0.072 s | tok/s: 347.00
Request 495 | res_time: 18:16:47.81 | latency:  46.89 s | tokens: 25 | gen_time: 0.072 s | tok/s: 348.13
Request 496 | res_time: 18:16:47.91 | latency:  47.35 s | tokens: 25 | gen_time: 0.072 s | tok/s: 346.01
Request 497 | res_time: 18:16:48.00 | latency:  48.58 s | tokens: 25 | gen_time: 0.072 s | tok/s: 347.47
Request 498 | res_time: 18:16:48.09 | latency:  47.25 s | tokens: 25 | gen_time: 0.072 s | tok/s: 344.92
Request 499 | res_time: 18:16:48.19 | latency:  47.49 s | tokens: 25 | gen_time: 0.072 s | tok/s: 344.93
Request 500 | res_time: 18:16:48.28 | latency:  48.86 s | tokens: 25 | gen_time: 0.072 s | tok/s: 346.06

--- TEST CONFIGURATION ---
MIG Config: all-balanced
Ollama Replicas: 1
Total requests: 500
Concurrency: 500
Requested output tokens (effort): 25

Total tokens: 12500
Wall time (s): 50.10
GPU time (s): 36.26

--- METRICS ---
Throughput REAL (tok/s): 249.48
Throughput GPU (tok/s): 344.75
Avg tokens/sec per request: 345.10
Latency avg (ms): 25383.98
Latency p95 (ms): 45969.39

Run appended to CSV table: results/results_table.csv
Per-request stats appended to CSV table: results/result-20260902-181558-172-all-balanced-replicas1-25.csv
