[17:29:13] Starting load test
[17:29:13] MIG Config: all-3g.20gb
[17:29:13] Ollama Replicas: 1
[17:29:13] Total requests: 300
[17:29:13] Concurrency: 300
[17:29:13] Output tokens (effort): 25
[17:29:13] Prometheus URL: http://10.146.0.55:30090
[17:29:13] DCGM/Prometheus nominal sample interval: 5s
[17:29:13] Delayed activity wait timeout: 25s
[17:29:13] Checking required DCGM metrics
Prometheus preflight OK (DCGM_FI_PROF_GR_ENGINE_ACTIVE=2, DCGM_FI_PROF_DRAM_ACTIVE=2, DCGM_FI_DEV_FB_USED=2, DCGM_FI_DEV_FB_FREE=2, DCGM_FI_DEV_POWER_USAGE=2)
[17:29:13] REQUEST: 1 - STARTED in background (active_jobs=1)
[17:29:13] REQUEST: 2 - STARTED in background (active_jobs=2)
[17:29:13] REQUEST: 3 - STARTED in background (active_jobs=3)
[17:29:13] REQUEST: 4 - STARTED in background (active_jobs=4)
[17:29:13] REQUEST: 5 - STARTED in background (active_jobs=5)
[17:29:13] REQUEST: 6 - STARTED in background (active_jobs=6)
[17:29:13] REQUEST: 7 - STARTED in background (active_jobs=7)
[17:29:13] REQUEST: 8 - STARTED in background (active_jobs=8)
[17:29:13] REQUEST: 9 - STARTED in background (active_jobs=9)
[17:29:13] REQUEST: 10 - STARTED in background (active_jobs=10)
[17:29:13] REQUEST: 11 - STARTED in background (active_jobs=11)
[17:29:13] REQUEST: 12 - STARTED in background (active_jobs=12)
[17:29:13] REQUEST: 13 - STARTED in background (active_jobs=13)
[17:29:13] REQUEST: 14 - STARTED in background (active_jobs=14)
[17:29:13] REQUEST: 15 - STARTED in background (active_jobs=15)
[17:29:13] REQUEST: 16 - STARTED in background (active_jobs=16)
[17:29:13] REQUEST: 17 - STARTED in background (active_jobs=17)
[17:29:13] REQUEST: 18 - STARTED in background (active_jobs=18)
[17:29:13] REQUEST: 19 - STARTED in background (active_jobs=19)
[17:29:13] REQUEST: 20 - STARTED in background (active_jobs=20)
[17:29:13] REQUEST: 21 - STARTED in background (active_jobs=21)
[17:29:13] REQUEST: 22 - STARTED in background (active_jobs=22)
[17:29:13] REQUEST: 23 - STARTED in background (active_jobs=23)
[17:29:13] REQUEST: 24 - STARTED in background (active_jobs=24)
[17:29:13] REQUEST: 25 - STARTED in background (active_jobs=25)
[17:29:13] REQUEST: 26 - STARTED in background (active_jobs=26)
[17:29:13] REQUEST: 27 - STARTED in background (active_jobs=27)
[17:29:13] REQUEST: 28 - STARTED in background (active_jobs=28)
[17:29:13] REQUEST: 29 - STARTED in background (active_jobs=29)
[17:29:13] REQUEST: 30 - STARTED in background (active_jobs=30)
[17:29:13] REQUEST: 31 - STARTED in background (active_jobs=31)
[17:29:13] REQUEST: 32 - STARTED in background (active_jobs=32)
[17:29:13] REQUEST: 33 - STARTED in background (active_jobs=33)
[17:29:13] REQUEST: 34 - STARTED in background (active_jobs=34)
[17:29:13] REQUEST: 35 - STARTED in background (active_jobs=35)
[17:29:13] REQUEST: 36 - STARTED in background (active_jobs=36)
[17:29:13] REQUEST: 37 - STARTED in background (active_jobs=37)
[17:29:13] REQUEST: 38 - STARTED in background (active_jobs=38)
[17:29:13] REQUEST: 39 - STARTED in background (active_jobs=39)
[17:29:13] REQUEST: 40 - STARTED in background (active_jobs=40)
[17:29:13] REQUEST: 41 - STARTED in background (active_jobs=41)
[17:29:13] REQUEST: 42 - STARTED in background (active_jobs=42)
[17:29:13] REQUEST: 43 - STARTED in background (active_jobs=43)
[17:29:13] REQUEST: 44 - STARTED in background (active_jobs=44)
[17:29:13] REQUEST: 45 - STARTED in background (active_jobs=45)
[17:29:13] REQUEST: 46 - STARTED in background (active_jobs=46)
[17:29:13] REQUEST: 47 - STARTED in background (active_jobs=47)
[17:29:13] REQUEST: 48 - STARTED in background (active_jobs=48)
[17:29:13] REQUEST: 49 - STARTED in background (active_jobs=49)
[17:29:13] REQUEST: 50 - STARTED in background (active_jobs=50)
[17:29:13] REQUEST: 51 - STARTED in background (active_jobs=51)
[17:29:13] REQUEST: 52 - STARTED in background (active_jobs=52)
[17:29:13] REQUEST: 53 - STARTED in background (active_jobs=53)
[17:29:13] REQUEST: 54 - STARTED in background (active_jobs=54)
[17:29:13] REQUEST: 55 - STARTED in background (active_jobs=55)
[17:29:13] REQUEST: 56 - STARTED in background (active_jobs=56)
[17:29:13] REQUEST: 57 - STARTED in background (active_jobs=57)
[17:29:13] REQUEST: 58 - STARTED in background (active_jobs=58)
[17:29:13] REQUEST: 59 - STARTED in background (active_jobs=59)
[17:29:13] REQUEST: 60 - STARTED in background (active_jobs=60)
[17:29:13] REQUEST: 61 - STARTED in background (active_jobs=61)
[17:29:13] REQUEST: 62 - STARTED in background (active_jobs=62)
[17:29:13] REQUEST: 63 - STARTED in background (active_jobs=63)
[17:29:13] REQUEST: 64 - STARTED in background (active_jobs=64)
[17:29:13] REQUEST: 65 - STARTED in background (active_jobs=65)
[17:29:13] REQUEST: 66 - STARTED in background (active_jobs=66)
[17:29:13] REQUEST: 67 - STARTED in background (active_jobs=67)
[17:29:13] REQUEST: 68 - STARTED in background (active_jobs=68)
[17:29:13] REQUEST: 69 - STARTED in background (active_jobs=69)
[17:29:13] REQUEST: 70 - STARTED in background (active_jobs=70)
[17:29:13] REQUEST: 71 - STARTED in background (active_jobs=71)
[17:29:13] REQUEST: 72 - STARTED in background (active_jobs=72)
[17:29:13] REQUEST: 73 - STARTED in background (active_jobs=73)
[17:29:13] REQUEST: 74 - STARTED in background (active_jobs=74)
[17:29:13] REQUEST: 75 - STARTED in background (active_jobs=75)
[17:29:13] REQUEST: 76 - STARTED in background (active_jobs=76)
[17:29:13] REQUEST: 77 - STARTED in background (active_jobs=77)
[17:29:13] REQUEST: 78 - STARTED in background (active_jobs=78)
[17:29:13] REQUEST: 79 - STARTED in background (active_jobs=79)
[17:29:13] REQUEST: 80 - STARTED in background (active_jobs=80)
[17:29:13] REQUEST: 81 - STARTED in background (active_jobs=81)
[17:29:13] REQUEST: 82 - STARTED in background (active_jobs=82)
[17:29:13] REQUEST: 83 - STARTED in background (active_jobs=83)
[17:29:13] REQUEST: 84 - STARTED in background (active_jobs=84)
[17:29:13] REQUEST: 85 - STARTED in background (active_jobs=85)
[17:29:13] REQUEST: 86 - STARTED in background (active_jobs=86)
[17:29:13] REQUEST: 87 - STARTED in background (active_jobs=87)
[17:29:13] REQUEST: 88 - STARTED in background (active_jobs=88)
[17:29:13] REQUEST: 89 - STARTED in background (active_jobs=89)
[17:29:13] REQUEST: 90 - STARTED in background (active_jobs=90)
[17:29:13] REQUEST: 91 - STARTED in background (active_jobs=91)
[17:29:13] REQUEST: 92 - STARTED in background (active_jobs=92)
[17:29:13] REQUEST: 93 - STARTED in background (active_jobs=93)
[17:29:13] REQUEST: 94 - STARTED in background (active_jobs=94)
[17:29:13] REQUEST: 95 - STARTED in background (active_jobs=95)
[17:29:13] REQUEST: 96 - STARTED in background (active_jobs=96)
[17:29:13] REQUEST: 97 - STARTED in background (active_jobs=97)
[17:29:13] REQUEST: 98 - STARTED in background (active_jobs=98)
[17:29:13] REQUEST: 99 - STARTED in background (active_jobs=99)
[17:29:13] REQUEST: 100 - STARTED in background (active_jobs=100)
[17:29:13] REQUEST: 101 - STARTED in background (active_jobs=101)
[17:29:13] REQUEST: 102 - STARTED in background (active_jobs=102)
[17:29:13] REQUEST: 103 - STARTED in background (active_jobs=103)
[17:29:13] REQUEST: 104 - STARTED in background (active_jobs=104)
[17:29:13] REQUEST: 105 - STARTED in background (active_jobs=105)
[17:29:13] REQUEST: 106 - STARTED in background (active_jobs=106)
[17:29:13] REQUEST: 107 - STARTED in background (active_jobs=107)
[17:29:13] REQUEST: 108 - STARTED in background (active_jobs=108)
[17:29:13] REQUEST: 109 - STARTED in background (active_jobs=109)
[17:29:13] REQUEST: 110 - STARTED in background (active_jobs=110)
[17:29:13] REQUEST: 111 - STARTED in background (active_jobs=111)
[17:29:13] REQUEST: 112 - STARTED in background (active_jobs=112)
[17:29:13] REQUEST: 113 - STARTED in background (active_jobs=113)
[17:29:13] REQUEST: 114 - STARTED in background (active_jobs=114)
[17:29:13] REQUEST: 115 - STARTED in background (active_jobs=115)
[17:29:13] REQUEST: 116 - STARTED in background (active_jobs=116)
[17:29:14] REQUEST: 117 - STARTED in background (active_jobs=117)
[17:29:14] REQUEST: 118 - STARTED in background (active_jobs=118)
[17:29:14] REQUEST: 119 - STARTED in background (active_jobs=119)
[17:29:14] REQUEST: 120 - STARTED in background (active_jobs=120)
[17:29:14] REQUEST: 121 - STARTED in background (active_jobs=121)
[17:29:14] REQUEST: 122 - STARTED in background (active_jobs=122)
[17:29:14] REQUEST: 123 - STARTED in background (active_jobs=123)
[17:29:14] REQUEST: 124 - STARTED in background (active_jobs=124)
[17:29:14] REQUEST: 125 - STARTED in background (active_jobs=125)
[17:29:14] REQUEST: 126 - STARTED in background (active_jobs=126)
[17:29:14] REQUEST: 127 - STARTED in background (active_jobs=127)
[17:29:14] REQUEST: 128 - STARTED in background (active_jobs=128)
[17:29:14] REQUEST: 129 - STARTED in background (active_jobs=129)
[17:29:14] REQUEST: 130 - STARTED in background (active_jobs=130)
[17:29:14] REQUEST: 131 - STARTED in background (active_jobs=131)
[17:29:14] REQUEST: 132 - STARTED in background (active_jobs=132)
[17:29:14] REQUEST: 133 - STARTED in background (active_jobs=133)
[17:29:14] REQUEST: 134 - STARTED in background (active_jobs=134)
[17:29:14] REQUEST: 135 - STARTED in background (active_jobs=135)
[17:29:14] REQUEST: 136 - STARTED in background (active_jobs=136)
[17:29:14] REQUEST: 137 - STARTED in background (active_jobs=137)
[17:29:14] REQUEST: 138 - STARTED in background (active_jobs=138)
[17:29:14] REQUEST: 139 - STARTED in background (active_jobs=139)
[17:29:14] REQUEST: 140 - STARTED in background (active_jobs=140)
[17:29:14] REQUEST: 141 - STARTED in background (active_jobs=141)
[17:29:14] REQUEST: 142 - STARTED in background (active_jobs=142)
[17:29:14] REQUEST: 143 - STARTED in background (active_jobs=143)
[17:29:14] REQUEST: 144 - STARTED in background (active_jobs=144)
[17:29:14] REQUEST: 145 - STARTED in background (active_jobs=145)
[17:29:14] REQUEST: 146 - STARTED in background (active_jobs=146)
[17:29:14] REQUEST: 147 - STARTED in background (active_jobs=147)
[17:29:14] REQUEST: 148 - STARTED in background (active_jobs=148)
[17:29:14] REQUEST: 149 - STARTED in background (active_jobs=149)
[17:29:14] REQUEST: 150 - STARTED in background (active_jobs=150)
[17:29:14] REQUEST: 151 - STARTED in background (active_jobs=151)
[17:29:14] REQUEST: 152 - STARTED in background (active_jobs=152)
[17:29:14] REQUEST: 153 - STARTED in background (active_jobs=153)
[17:29:14] REQUEST: 154 - STARTED in background (active_jobs=154)
[17:29:14] REQUEST: 155 - STARTED in background (active_jobs=155)
[17:29:14] REQUEST: 156 - STARTED in background (active_jobs=156)
[17:29:14] REQUEST: 157 - STARTED in background (active_jobs=157)
[17:29:14] REQUEST: 158 - STARTED in background (active_jobs=158)
[17:29:14] REQUEST: 159 - STARTED in background (active_jobs=159)
[17:29:14] REQUEST: 160 - STARTED in background (active_jobs=160)
[17:29:14] REQUEST: 161 - STARTED in background (active_jobs=161)
[17:29:14] REQUEST: 162 - STARTED in background (active_jobs=162)
[17:29:14] REQUEST: 163 - STARTED in background (active_jobs=163)
[17:29:14] REQUEST: 164 - STARTED in background (active_jobs=164)
[17:29:14] REQUEST: 165 - STARTED in background (active_jobs=165)
[17:29:14] REQUEST: 166 - STARTED in background (active_jobs=166)
[17:29:14] REQUEST: 167 - STARTED in background (active_jobs=167)
[17:29:14] REQUEST: 168 - STARTED in background (active_jobs=168)
[17:29:14] REQUEST: 169 - STARTED in background (active_jobs=169)
[17:29:14] REQUEST: 170 - STARTED in background (active_jobs=170)
[17:29:14] REQUEST: 171 - STARTED in background (active_jobs=171)
[17:29:14] REQUEST: 172 - STARTED in background (active_jobs=172)
[17:29:14] REQUEST: 173 - STARTED in background (active_jobs=173)
[17:29:14] REQUEST: 174 - STARTED in background (active_jobs=174)
[17:29:14] REQUEST: 175 - STARTED in background (active_jobs=175)
[17:29:14] REQUEST: 176 - STARTED in background (active_jobs=176)
[17:29:14] REQUEST: 177 - STARTED in background (active_jobs=177)
[17:29:14] REQUEST: 178 - STARTED in background (active_jobs=178)
[17:29:14] REQUEST: 179 - STARTED in background (active_jobs=179)
[17:29:14] REQUEST: 180 - STARTED in background (active_jobs=180)
[17:29:14] REQUEST: 181 - STARTED in background (active_jobs=181)
[17:29:14] REQUEST: 182 - STARTED in background (active_jobs=182)
[17:29:14] REQUEST: 183 - STARTED in background (active_jobs=183)
[17:29:14] REQUEST: 184 - STARTED in background (active_jobs=184)
[17:29:14] REQUEST: 185 - STARTED in background (active_jobs=185)
[17:29:14] REQUEST: 186 - STARTED in background (active_jobs=186)
[17:29:14] REQUEST: 187 - STARTED in background (active_jobs=187)
[17:29:14] REQUEST: 188 - STARTED in background (active_jobs=188)
[17:29:14] REQUEST: 189 - STARTED in background (active_jobs=189)
[17:29:14] REQUEST: 190 - STARTED in background (active_jobs=190)
[17:29:14] REQUEST: 191 - STARTED in background (active_jobs=191)
[17:29:14] REQUEST: 192 - STARTED in background (active_jobs=192)
[17:29:14] REQUEST: 193 - STARTED in background (active_jobs=193)
[17:29:14] REQUEST: 194 - STARTED in background (active_jobs=194)
[17:29:14] REQUEST: 195 - STARTED in background (active_jobs=195)
[17:29:14] REQUEST: 196 - STARTED in background (active_jobs=196)
[17:29:14] REQUEST: 197 - STARTED in background (active_jobs=197)
[17:29:14] REQUEST: 198 - STARTED in background (active_jobs=198)
[17:29:14] REQUEST: 199 - STARTED in background (active_jobs=199)
[17:29:14] REQUEST: 200 - STARTED in background (active_jobs=200)
[17:29:14] REQUEST: 201 - STARTED in background (active_jobs=201)
[17:29:14] REQUEST: 202 - STARTED in background (active_jobs=202)
[17:29:14] REQUEST: 203 - STARTED in background (active_jobs=203)
[17:29:14] REQUEST: 204 - STARTED in background (active_jobs=204)
[17:29:14] REQUEST: 205 - STARTED in background (active_jobs=205)
[17:29:14] REQUEST: 206 - STARTED in background (active_jobs=206)
[17:29:14] REQUEST: 207 - STARTED in background (active_jobs=207)
[17:29:14] REQUEST: 208 - STARTED in background (active_jobs=208)
[17:29:14] REQUEST: 209 - STARTED in background (active_jobs=209)
[17:29:14] REQUEST: 210 - STARTED in background (active_jobs=210)
[17:29:14] REQUEST: 211 - STARTED in background (active_jobs=211)
[17:29:14] REQUEST: 212 - STARTED in background (active_jobs=212)
[17:29:14] REQUEST: 213 - STARTED in background (active_jobs=213)
[17:29:14] REQUEST: 214 - STARTED in background (active_jobs=214)
[17:29:14] REQUEST: 215 - STARTED in background (active_jobs=215)
[17:29:14] REQUEST: 216 - STARTED in background (active_jobs=216)
[17:29:14] REQUEST: 217 - STARTED in background (active_jobs=217)
[17:29:14] REQUEST: 218 - STARTED in background (active_jobs=218)
[17:29:14] REQUEST: 219 - STARTED in background (active_jobs=219)
[17:29:14] REQUEST: 220 - STARTED in background (active_jobs=220)
[17:29:14] REQUEST: 221 - STARTED in background (active_jobs=221)
[17:29:14] REQUEST: 222 - STARTED in background (active_jobs=222)
[17:29:14] REQUEST: 223 - STARTED in background (active_jobs=223)
[17:29:14] REQUEST: 224 - STARTED in background (active_jobs=224)
[17:29:14] REQUEST: 225 - STARTED in background (active_jobs=225)
[17:29:14] REQUEST: 226 - STARTED in background (active_jobs=226)
[17:29:14] REQUEST: 227 - STARTED in background (active_jobs=227)
[17:29:14] REQUEST: 228 - STARTED in background (active_jobs=228)
[17:29:14] REQUEST: 229 - STARTED in background (active_jobs=229)
[17:29:14] REQUEST: 230 - STARTED in background (active_jobs=230)
[17:29:14] REQUEST: 231 - STARTED in background (active_jobs=231)
[17:29:14] REQUEST: 232 - STARTED in background (active_jobs=232)
[17:29:14] REQUEST: 233 - STARTED in background (active_jobs=233)
[17:29:14] REQUEST: 234 - STARTED in background (active_jobs=234)
[17:29:14] REQUEST: 235 - STARTED in background (active_jobs=235)
[17:29:14] REQUEST: 236 - STARTED in background (active_jobs=236)
[17:29:14] REQUEST: 237 - STARTED in background (active_jobs=237)
[17:29:14] REQUEST: 238 - STARTED in background (active_jobs=238)
[17:29:14] REQUEST: 239 - STARTED in background (active_jobs=239)
[17:29:14] REQUEST: 240 - STARTED in background (active_jobs=240)
[17:29:14] REQUEST: 241 - STARTED in background (active_jobs=241)
[17:29:14] REQUEST: 242 - STARTED in background (active_jobs=242)
[17:29:14] REQUEST: 243 - STARTED in background (active_jobs=243)
[17:29:14] REQUEST: 244 - STARTED in background (active_jobs=244)
[17:29:14] REQUEST: 245 - STARTED in background (active_jobs=245)
[17:29:14] REQUEST: 246 - STARTED in background (active_jobs=246)
[17:29:14] REQUEST: 247 - STARTED in background (active_jobs=247)
[17:29:14] REQUEST: 248 - STARTED in background (active_jobs=248)
[17:29:14] REQUEST: 249 - STARTED in background (active_jobs=249)
[17:29:14] REQUEST: 250 - STARTED in background (active_jobs=250)
[17:29:14] REQUEST: 251 - STARTED in background (active_jobs=251)
[17:29:14] REQUEST: 252 - STARTED in background (active_jobs=252)
[17:29:14] REQUEST: 253 - STARTED in background (active_jobs=253)
[17:29:14] REQUEST: 254 - STARTED in background (active_jobs=254)
[17:29:14] REQUEST: 255 - STARTED in background (active_jobs=255)
[17:29:14] REQUEST: 256 - STARTED in background (active_jobs=256)
[17:29:14] REQUEST: 257 - STARTED in background (active_jobs=257)
[17:29:14] REQUEST: 258 - STARTED in background (active_jobs=258)
[17:29:14] REQUEST: 259 - STARTED in background (active_jobs=259)
[17:29:14] REQUEST: 260 - STARTED in background (active_jobs=260)
[17:29:14] REQUEST: 261 - STARTED in background (active_jobs=261)
[17:29:14] REQUEST: 262 - STARTED in background (active_jobs=262)
[17:29:14] REQUEST: 263 - STARTED in background (active_jobs=263)
[17:29:14] REQUEST: 264 - STARTED in background (active_jobs=264)
[17:29:14] REQUEST: 265 - STARTED in background (active_jobs=265)
[17:29:14] REQUEST: 266 - STARTED in background (active_jobs=266)
[17:29:14] REQUEST: 267 - STARTED in background (active_jobs=267)
[17:29:14] REQUEST: 268 - STARTED in background (active_jobs=268)
[17:29:14] REQUEST: 269 - STARTED in background (active_jobs=269)
[17:29:14] REQUEST: 270 - STARTED in background (active_jobs=270)
[17:29:14] REQUEST: 271 - STARTED in background (active_jobs=271)
[17:29:14] REQUEST: 272 - STARTED in background (active_jobs=272)
[17:29:14] REQUEST: 273 - STARTED in background (active_jobs=273)
[17:29:14] REQUEST: 274 - STARTED in background (active_jobs=274)
[17:29:14] REQUEST: 275 - STARTED in background (active_jobs=275)
[17:29:14] REQUEST: 276 - STARTED in background (active_jobs=276)
[17:29:14] REQUEST: 277 - STARTED in background (active_jobs=277)
[17:29:14] REQUEST: 278 - STARTED in background (active_jobs=278)
[17:29:14] REQUEST: 279 - STARTED in background (active_jobs=279)
[17:29:14] REQUEST: 280 - STARTED in background (active_jobs=280)
[17:29:14] REQUEST: 281 - STARTED in background (active_jobs=281)
[17:29:14] REQUEST: 282 - STARTED in background (active_jobs=282)
[17:29:14] REQUEST: 283 - STARTED in background (active_jobs=283)
[17:29:14] REQUEST: 284 - STARTED in background (active_jobs=284)
[17:29:14] REQUEST: 285 - STARTED in background (active_jobs=285)
[17:29:14] REQUEST: 286 - STARTED in background (active_jobs=286)
[17:29:14] REQUEST: 287 - STARTED in background (active_jobs=287)
[17:29:14] REQUEST: 288 - STARTED in background (active_jobs=288)
[17:29:14] REQUEST: 289 - STARTED in background (active_jobs=289)
[17:29:14] REQUEST: 290 - STARTED in background (active_jobs=290)
[17:29:14] REQUEST: 291 - STARTED in background (active_jobs=291)
[17:29:14] REQUEST: 292 - STARTED in background (active_jobs=292)
[17:29:14] REQUEST: 293 - STARTED in background (active_jobs=293)
[17:29:14] REQUEST: 294 - STARTED in background (active_jobs=294)
[17:29:14] REQUEST: 295 - STARTED in background (active_jobs=295)
[17:29:14] REQUEST: 296 - STARTED in background (active_jobs=296)
[17:29:14] REQUEST: 297 - STARTED in background (active_jobs=297)
[17:29:14] REQUEST: 298 - STARTED in background (active_jobs=298)
[17:29:14] REQUEST: 299 - STARTED in background (active_jobs=299)
[17:29:14] REQUEST: 300 - STARTED in background (active_jobs=300)
[17:29:14] WAITING -> active_jobs=300
[17:29:15] REQUEST: 5 - COMPLETED
[17:29:15] RESUMING -> a request finished (active_jobs=299)
[17:29:15] ALL REQUESTS LAUNCHED
[17:29:15] WAITING for remaining requests to finish (active_jobs=299)
[17:29:15] REQUEST: 1 - COMPLETED
[17:29:15] REQUEST COMPLETED -> remaining active_jobs=298
[17:29:15] WAITING for remaining requests to finish (active_jobs=298)
[17:29:16] REQUEST: 9 - COMPLETED
[17:29:16] REQUEST COMPLETED -> remaining active_jobs=297
[17:29:16] WAITING for remaining requests to finish (active_jobs=297)
[17:29:16] REQUEST: 36 - COMPLETED
[17:29:16] REQUEST COMPLETED -> remaining active_jobs=296
[17:29:16] WAITING for remaining requests to finish (active_jobs=296)
[17:29:16] REQUEST: 16 - COMPLETED
[17:29:16] REQUEST COMPLETED -> remaining active_jobs=295
[17:29:16] WAITING for remaining requests to finish (active_jobs=295)
[17:29:16] REQUEST: 15 - COMPLETED
[17:29:16] REQUEST COMPLETED -> remaining active_jobs=294
[17:29:16] WAITING for remaining requests to finish (active_jobs=294)
[17:29:16] REQUEST: 93 - COMPLETED
[17:29:16] REQUEST COMPLETED -> remaining active_jobs=293
[17:29:16] WAITING for remaining requests to finish (active_jobs=293)
[17:29:16] REQUEST: 25 - COMPLETED
[17:29:16] REQUEST COMPLETED -> remaining active_jobs=292
[17:29:16] WAITING for remaining requests to finish (active_jobs=292)
[17:29:17] REQUEST: 18 - COMPLETED
[17:29:17] REQUEST COMPLETED -> remaining active_jobs=291
[17:29:17] WAITING for remaining requests to finish (active_jobs=291)
[17:29:17] REQUEST: 19 - COMPLETED
[17:29:17] REQUEST COMPLETED -> remaining active_jobs=290
[17:29:17] WAITING for remaining requests to finish (active_jobs=290)
[17:29:17] REQUEST: 35 - COMPLETED
[17:29:17] REQUEST COMPLETED -> remaining active_jobs=289
[17:29:17] WAITING for remaining requests to finish (active_jobs=289)
[17:29:17] REQUEST: 38 - COMPLETED
[17:29:17] REQUEST COMPLETED -> remaining active_jobs=288
[17:29:17] WAITING for remaining requests to finish (active_jobs=288)
[17:29:17] REQUEST: 37 - COMPLETED
[17:29:17] REQUEST COMPLETED -> remaining active_jobs=287
[17:29:17] WAITING for remaining requests to finish (active_jobs=287)
[17:29:17] REQUEST: 6 - COMPLETED
[17:29:17] REQUEST COMPLETED -> remaining active_jobs=286
[17:29:17] WAITING for remaining requests to finish (active_jobs=286)
[17:29:17] REQUEST: 55 - COMPLETED
[17:29:17] REQUEST COMPLETED -> remaining active_jobs=285
[17:29:17] WAITING for remaining requests to finish (active_jobs=285)
[17:29:17] REQUEST: 73 - COMPLETED
[17:29:17] REQUEST COMPLETED -> remaining active_jobs=284
[17:29:17] WAITING for remaining requests to finish (active_jobs=284)
[17:29:17] REQUEST: 268 - COMPLETED
[17:29:17] REQUEST COMPLETED -> remaining active_jobs=283
[17:29:17] WAITING for remaining requests to finish (active_jobs=283)
[17:29:17] REQUEST: 45 - COMPLETED
[17:29:17] REQUEST COMPLETED -> remaining active_jobs=282
[17:29:17] WAITING for remaining requests to finish (active_jobs=282)
[17:29:17] REQUEST: 29 - COMPLETED
[17:29:17] REQUEST COMPLETED -> remaining active_jobs=281
[17:29:17] WAITING for remaining requests to finish (active_jobs=281)
[17:29:18] REQUEST: 32 - COMPLETED
[17:29:18] REQUEST COMPLETED -> remaining active_jobs=280
[17:29:18] WAITING for remaining requests to finish (active_jobs=280)
[17:29:18] REQUEST: 75 - COMPLETED
[17:29:18] REQUEST COMPLETED -> remaining active_jobs=279
[17:29:18] WAITING for remaining requests to finish (active_jobs=279)
[17:29:18] REQUEST: 86 - COMPLETED
[17:29:18] REQUEST COMPLETED -> remaining active_jobs=278
[17:29:18] WAITING for remaining requests to finish (active_jobs=278)
[17:29:18] REQUEST: 47 - COMPLETED
[17:29:18] REQUEST COMPLETED -> remaining active_jobs=277
[17:29:18] WAITING for remaining requests to finish (active_jobs=277)
[17:29:18] REQUEST: 169 - COMPLETED
[17:29:18] REQUEST COMPLETED -> remaining active_jobs=276
[17:29:18] WAITING for remaining requests to finish (active_jobs=276)
[17:29:18] REQUEST: 79 - COMPLETED
[17:29:18] REQUEST COMPLETED -> remaining active_jobs=275
[17:29:18] WAITING for remaining requests to finish (active_jobs=275)
[17:29:18] REQUEST: 4 - COMPLETED
[17:29:18] REQUEST COMPLETED -> remaining active_jobs=274
[17:29:18] WAITING for remaining requests to finish (active_jobs=274)
[17:29:18] REQUEST: 82 - COMPLETED
[17:29:18] REQUEST COMPLETED -> remaining active_jobs=273
[17:29:18] WAITING for remaining requests to finish (active_jobs=273)
[17:29:18] REQUEST: 24 - COMPLETED
[17:29:18] REQUEST COMPLETED -> remaining active_jobs=272
[17:29:18] WAITING for remaining requests to finish (active_jobs=272)
[17:29:18] REQUEST: 91 - COMPLETED
[17:29:18] REQUEST COMPLETED -> remaining active_jobs=271
[17:29:18] WAITING for remaining requests to finish (active_jobs=271)
[17:29:18] REQUEST: 8 - COMPLETED
[17:29:18] REQUEST COMPLETED -> remaining active_jobs=270
[17:29:18] WAITING for remaining requests to finish (active_jobs=270)
[17:29:19] REQUEST: 30 - COMPLETED
[17:29:19] REQUEST COMPLETED -> remaining active_jobs=269
[17:29:19] WAITING for remaining requests to finish (active_jobs=269)
[17:29:19] REQUEST: 2 - COMPLETED
[17:29:19] REQUEST COMPLETED -> remaining active_jobs=268
[17:29:19] WAITING for remaining requests to finish (active_jobs=268)
[17:29:19] REQUEST: 43 - COMPLETED
[17:29:19] REQUEST COMPLETED -> remaining active_jobs=267
[17:29:19] WAITING for remaining requests to finish (active_jobs=267)
[17:29:19] REQUEST: 13 - COMPLETED
[17:29:19] REQUEST COMPLETED -> remaining active_jobs=266
[17:29:19] WAITING for remaining requests to finish (active_jobs=266)
[17:29:19] REQUEST: 88 - COMPLETED
[17:29:19] REQUEST COMPLETED -> remaining active_jobs=265
[17:29:19] WAITING for remaining requests to finish (active_jobs=265)
[17:29:19] REQUEST: 27 - COMPLETED
[17:29:19] REQUEST COMPLETED -> remaining active_jobs=264
[17:29:19] WAITING for remaining requests to finish (active_jobs=264)
[17:29:19] REQUEST: 89 - COMPLETED
[17:29:19] REQUEST COMPLETED -> remaining active_jobs=263
[17:29:19] WAITING for remaining requests to finish (active_jobs=263)
[17:29:19] REQUEST: 98 - COMPLETED
[17:29:19] REQUEST COMPLETED -> remaining active_jobs=262
[17:29:19] WAITING for remaining requests to finish (active_jobs=262)
[17:29:19] REQUEST: 22 - COMPLETED
[17:29:19] REQUEST COMPLETED -> remaining active_jobs=261
[17:29:19] WAITING for remaining requests to finish (active_jobs=261)
[17:29:19] REQUEST: 17 - COMPLETED
[17:29:19] REQUEST COMPLETED -> remaining active_jobs=260
[17:29:19] WAITING for remaining requests to finish (active_jobs=260)
[17:29:19] REQUEST: 168 - COMPLETED
[17:29:19] REQUEST COMPLETED -> remaining active_jobs=259
[17:29:19] WAITING for remaining requests to finish (active_jobs=259)
[17:29:20] REQUEST: 228 - COMPLETED
[17:29:20] REQUEST COMPLETED -> remaining active_jobs=258
[17:29:20] WAITING for remaining requests to finish (active_jobs=258)
[17:29:20] REQUEST: 41 - COMPLETED
[17:29:20] REQUEST COMPLETED -> remaining active_jobs=257
[17:29:20] WAITING for remaining requests to finish (active_jobs=257)
[17:29:20] REQUEST: 240 - COMPLETED
[17:29:20] REQUEST COMPLETED -> remaining active_jobs=256
[17:29:20] WAITING for remaining requests to finish (active_jobs=256)
[17:29:20] REQUEST: 11 - COMPLETED
[17:29:20] REQUEST COMPLETED -> remaining active_jobs=255
[17:29:20] WAITING for remaining requests to finish (active_jobs=255)
[17:29:20] REQUEST: 68 - COMPLETED
[17:29:20] REQUEST COMPLETED -> remaining active_jobs=254
[17:29:20] WAITING for remaining requests to finish (active_jobs=254)
[17:29:20] REQUEST: 78 - COMPLETED
[17:29:20] REQUEST COMPLETED -> remaining active_jobs=253
[17:29:20] WAITING for remaining requests to finish (active_jobs=253)
[17:29:20] REQUEST: 184 - COMPLETED
[17:29:20] REQUEST COMPLETED -> remaining active_jobs=252
[17:29:20] WAITING for remaining requests to finish (active_jobs=252)
[17:29:20] REQUEST: 236 - COMPLETED
[17:29:20] REQUEST COMPLETED -> remaining active_jobs=251
[17:29:20] WAITING for remaining requests to finish (active_jobs=251)
[17:29:20] REQUEST: 199 - COMPLETED
[17:29:20] REQUEST COMPLETED -> remaining active_jobs=250
[17:29:20] WAITING for remaining requests to finish (active_jobs=250)
[17:29:20] REQUEST: 176 - COMPLETED
[17:29:20] REQUEST COMPLETED -> remaining active_jobs=249
[17:29:20] WAITING for remaining requests to finish (active_jobs=249)
[17:29:20] REQUEST: 106 - COMPLETED
[17:29:20] REQUEST COMPLETED -> remaining active_jobs=248
[17:29:20] WAITING for remaining requests to finish (active_jobs=248)
[17:29:21] REQUEST: 182 - COMPLETED
[17:29:21] REQUEST COMPLETED -> remaining active_jobs=247
[17:29:21] WAITING for remaining requests to finish (active_jobs=247)
[17:29:21] REQUEST: 31 - COMPLETED
[17:29:21] REQUEST COMPLETED -> remaining active_jobs=246
[17:29:21] WAITING for remaining requests to finish (active_jobs=246)
[17:29:21] REQUEST: 265 - COMPLETED
[17:29:21] REQUEST COMPLETED -> remaining active_jobs=245
[17:29:21] WAITING for remaining requests to finish (active_jobs=245)
[17:29:21] REQUEST: 128 - COMPLETED
[17:29:21] REQUEST COMPLETED -> remaining active_jobs=244
[17:29:21] WAITING for remaining requests to finish (active_jobs=244)
[17:29:21] REQUEST: 183 - COMPLETED
[17:29:21] REQUEST COMPLETED -> remaining active_jobs=243
[17:29:21] WAITING for remaining requests to finish (active_jobs=243)
[17:29:21] REQUEST: 99 - COMPLETED
[17:29:21] REQUEST COMPLETED -> remaining active_jobs=242
[17:29:21] WAITING for remaining requests to finish (active_jobs=242)
[17:29:21] REQUEST: 74 - COMPLETED
[17:29:21] REQUEST COMPLETED -> remaining active_jobs=241
[17:29:21] WAITING for remaining requests to finish (active_jobs=241)
[17:29:21] REQUEST: 225 - COMPLETED
[17:29:21] REQUEST COMPLETED -> remaining active_jobs=240
[17:29:21] WAITING for remaining requests to finish (active_jobs=240)
[17:29:21] REQUEST: 143 - COMPLETED
[17:29:21] REQUEST COMPLETED -> remaining active_jobs=239
[17:29:21] WAITING for remaining requests to finish (active_jobs=239)
[17:29:21] REQUEST: 235 - COMPLETED
[17:29:21] REQUEST COMPLETED -> remaining active_jobs=238
[17:29:21] WAITING for remaining requests to finish (active_jobs=238)
[17:29:21] REQUEST: 267 - COMPLETED
[17:29:21] REQUEST COMPLETED -> remaining active_jobs=237
[17:29:21] WAITING for remaining requests to finish (active_jobs=237)
[17:29:22] REQUEST: 250 - COMPLETED
[17:29:22] REQUEST COMPLETED -> remaining active_jobs=236
[17:29:22] WAITING for remaining requests to finish (active_jobs=236)
[17:29:22] REQUEST: 153 - COMPLETED
[17:29:22] REQUEST COMPLETED -> remaining active_jobs=235
[17:29:22] WAITING for remaining requests to finish (active_jobs=235)
[17:29:22] REQUEST: 215 - COMPLETED
[17:29:22] REQUEST COMPLETED -> remaining active_jobs=234
[17:29:22] WAITING for remaining requests to finish (active_jobs=234)
[17:29:22] REQUEST: 114 - COMPLETED
[17:29:22] REQUEST COMPLETED -> remaining active_jobs=233
[17:29:22] WAITING for remaining requests to finish (active_jobs=233)
[17:29:22] REQUEST: 179 - COMPLETED
[17:29:22] REQUEST COMPLETED -> remaining active_jobs=232
[17:29:22] WAITING for remaining requests to finish (active_jobs=232)
[17:29:22] REQUEST: 263 - COMPLETED
[17:29:22] REQUEST COMPLETED -> remaining active_jobs=231
[17:29:22] WAITING for remaining requests to finish (active_jobs=231)
[17:29:22] REQUEST: 223 - COMPLETED
[17:29:22] REQUEST COMPLETED -> remaining active_jobs=230
[17:29:22] WAITING for remaining requests to finish (active_jobs=230)
[17:29:22] REQUEST: 72 - COMPLETED
[17:29:22] REQUEST COMPLETED -> remaining active_jobs=229
[17:29:22] WAITING for remaining requests to finish (active_jobs=229)
[17:29:22] REQUEST: 145 - COMPLETED
[17:29:22] REQUEST COMPLETED -> remaining active_jobs=228
[17:29:22] WAITING for remaining requests to finish (active_jobs=228)
[17:29:22] REQUEST: 216 - COMPLETED
[17:29:22] REQUEST COMPLETED -> remaining active_jobs=227
[17:29:22] WAITING for remaining requests to finish (active_jobs=227)
[17:29:22] REQUEST: 248 - COMPLETED
[17:29:22] REQUEST COMPLETED -> remaining active_jobs=226
[17:29:22] WAITING for remaining requests to finish (active_jobs=226)
[17:29:23] REQUEST: 50 - COMPLETED
[17:29:23] REQUEST COMPLETED -> remaining active_jobs=225
[17:29:23] WAITING for remaining requests to finish (active_jobs=225)
[17:29:23] REQUEST: 67 - COMPLETED
[17:29:23] REQUEST COMPLETED -> remaining active_jobs=224
[17:29:23] WAITING for remaining requests to finish (active_jobs=224)
[17:29:23] REQUEST: 110 - COMPLETED
[17:29:23] REQUEST COMPLETED -> remaining active_jobs=223
[17:29:23] WAITING for remaining requests to finish (active_jobs=223)
[17:29:23] REQUEST: 241 - COMPLETED
[17:29:23] REQUEST COMPLETED -> remaining active_jobs=222
[17:29:23] WAITING for remaining requests to finish (active_jobs=222)
[17:29:23] REQUEST: 127 - COMPLETED
[17:29:23] REQUEST COMPLETED -> remaining active_jobs=221
[17:29:23] WAITING for remaining requests to finish (active_jobs=221)
[17:29:23] REQUEST: 121 - COMPLETED
[17:29:23] REQUEST COMPLETED -> remaining active_jobs=220
[17:29:23] WAITING for remaining requests to finish (active_jobs=220)
[17:29:23] REQUEST: 208 - COMPLETED
[17:29:23] REQUEST COMPLETED -> remaining active_jobs=219
[17:29:23] WAITING for remaining requests to finish (active_jobs=219)
[17:29:23] REQUEST: 116 - COMPLETED
[17:29:23] REQUEST COMPLETED -> remaining active_jobs=218
[17:29:23] WAITING for remaining requests to finish (active_jobs=218)
[17:29:23] REQUEST: 191 - COMPLETED
[17:29:23] REQUEST COMPLETED -> remaining active_jobs=217
[17:29:23] WAITING for remaining requests to finish (active_jobs=217)
[17:29:23] REQUEST: 224 - COMPLETED
[17:29:23] REQUEST COMPLETED -> remaining active_jobs=216
[17:29:23] WAITING for remaining requests to finish (active_jobs=216)
[17:29:23] REQUEST: 111 - COMPLETED
[17:29:23] REQUEST COMPLETED -> remaining active_jobs=215
[17:29:23] WAITING for remaining requests to finish (active_jobs=215)
[17:29:24] REQUEST: 130 - COMPLETED
[17:29:24] REQUEST COMPLETED -> remaining active_jobs=214
[17:29:24] WAITING for remaining requests to finish (active_jobs=214)
[17:29:24] REQUEST: 266 - COMPLETED
[17:29:24] REQUEST COMPLETED -> remaining active_jobs=213
[17:29:24] WAITING for remaining requests to finish (active_jobs=213)
[17:29:24] REQUEST: 122 - COMPLETED
[17:29:24] REQUEST COMPLETED -> remaining active_jobs=212
[17:29:24] WAITING for remaining requests to finish (active_jobs=212)
[17:29:24] REQUEST: 261 - COMPLETED
[17:29:24] REQUEST COMPLETED -> remaining active_jobs=211
[17:29:24] WAITING for remaining requests to finish (active_jobs=211)
[17:29:24] REQUEST: 188 - COMPLETED
[17:29:24] REQUEST COMPLETED -> remaining active_jobs=210
[17:29:24] WAITING for remaining requests to finish (active_jobs=210)
[17:29:24] REQUEST: 172 - COMPLETED
[17:29:24] REQUEST COMPLETED -> remaining active_jobs=209
[17:29:24] WAITING for remaining requests to finish (active_jobs=209)
[17:29:24] REQUEST: 132 - COMPLETED
[17:29:24] REQUEST COMPLETED -> remaining active_jobs=208
[17:29:24] WAITING for remaining requests to finish (active_jobs=208)
[17:29:24] REQUEST: 264 - COMPLETED
[17:29:24] REQUEST COMPLETED -> remaining active_jobs=207
[17:29:24] WAITING for remaining requests to finish (active_jobs=207)
[17:29:24] REQUEST: 222 - COMPLETED
[17:29:24] REQUEST COMPLETED -> remaining active_jobs=206
[17:29:24] WAITING for remaining requests to finish (active_jobs=206)
[17:29:24] REQUEST: 255 - COMPLETED
[17:29:24] REQUEST COMPLETED -> remaining active_jobs=205
[17:29:24] WAITING for remaining requests to finish (active_jobs=205)
[17:29:24] REQUEST: 259 - COMPLETED
[17:29:24] REQUEST COMPLETED -> remaining active_jobs=204
[17:29:24] WAITING for remaining requests to finish (active_jobs=204)
[17:29:25] REQUEST: 249 - COMPLETED
[17:29:25] REQUEST COMPLETED -> remaining active_jobs=203
[17:29:25] WAITING for remaining requests to finish (active_jobs=203)
[17:29:25] REQUEST: 201 - COMPLETED
[17:29:25] REQUEST COMPLETED -> remaining active_jobs=202
[17:29:25] WAITING for remaining requests to finish (active_jobs=202)
[17:29:25] REQUEST: 152 - COMPLETED
[17:29:25] REQUEST COMPLETED -> remaining active_jobs=201
[17:29:25] WAITING for remaining requests to finish (active_jobs=201)
[17:29:25] REQUEST: 295 - COMPLETED
[17:29:25] REQUEST COMPLETED -> remaining active_jobs=200
[17:29:25] WAITING for remaining requests to finish (active_jobs=200)
[17:29:25] REQUEST: 161 - COMPLETED
[17:29:25] REQUEST COMPLETED -> remaining active_jobs=199
[17:29:25] WAITING for remaining requests to finish (active_jobs=199)
[17:29:25] REQUEST: 284 - COMPLETED
[17:29:25] REQUEST COMPLETED -> remaining active_jobs=198
[17:29:25] WAITING for remaining requests to finish (active_jobs=198)
[17:29:25] REQUEST: 49 - COMPLETED
[17:29:25] REQUEST COMPLETED -> remaining active_jobs=197
[17:29:25] WAITING for remaining requests to finish (active_jobs=197)
[17:29:25] REQUEST: 131 - COMPLETED
[17:29:25] REQUEST COMPLETED -> remaining active_jobs=196
[17:29:25] WAITING for remaining requests to finish (active_jobs=196)
[17:29:25] REQUEST: 227 - COMPLETED
[17:29:25] REQUEST COMPLETED -> remaining active_jobs=195
[17:29:25] WAITING for remaining requests to finish (active_jobs=195)
[17:29:25] REQUEST: 180 - COMPLETED
[17:29:25] REQUEST COMPLETED -> remaining active_jobs=194
[17:29:25] WAITING for remaining requests to finish (active_jobs=194)
[17:29:25] REQUEST: 200 - COMPLETED
[17:29:25] REQUEST COMPLETED -> remaining active_jobs=193
[17:29:25] WAITING for remaining requests to finish (active_jobs=193)
[17:29:26] REQUEST: 146 - COMPLETED
[17:29:26] REQUEST COMPLETED -> remaining active_jobs=192
[17:29:26] WAITING for remaining requests to finish (active_jobs=192)
[17:29:26] REQUEST: 281 - COMPLETED
[17:29:26] REQUEST COMPLETED -> remaining active_jobs=191
[17:29:26] WAITING for remaining requests to finish (active_jobs=191)
[17:29:26] REQUEST: 194 - COMPLETED
[17:29:26] REQUEST COMPLETED -> remaining active_jobs=190
[17:29:26] WAITING for remaining requests to finish (active_jobs=190)
[17:29:26] REQUEST: 269 - COMPLETED
[17:29:26] REQUEST COMPLETED -> remaining active_jobs=189
[17:29:26] WAITING for remaining requests to finish (active_jobs=189)
[17:29:26] REQUEST: 203 - COMPLETED
[17:29:26] REQUEST COMPLETED -> remaining active_jobs=188
[17:29:26] WAITING for remaining requests to finish (active_jobs=188)
[17:29:26] REQUEST: 181 - COMPLETED
[17:29:26] REQUEST COMPLETED -> remaining active_jobs=187
[17:29:26] WAITING for remaining requests to finish (active_jobs=187)
[17:29:26] REQUEST: 174 - COMPLETED
[17:29:26] REQUEST COMPLETED -> remaining active_jobs=186
[17:29:26] WAITING for remaining requests to finish (active_jobs=186)
[17:29:26] REQUEST: 53 - COMPLETED
[17:29:26] REQUEST COMPLETED -> remaining active_jobs=185
[17:29:26] WAITING for remaining requests to finish (active_jobs=185)
[17:29:26] REQUEST: 12 - COMPLETED
[17:29:26] REQUEST COMPLETED -> remaining active_jobs=184
[17:29:26] WAITING for remaining requests to finish (active_jobs=184)
[17:29:26] REQUEST: 197 - COMPLETED
[17:29:26] REQUEST COMPLETED -> remaining active_jobs=183
[17:29:26] WAITING for remaining requests to finish (active_jobs=183)
[17:29:26] REQUEST: 273 - COMPLETED
[17:29:26] REQUEST COMPLETED -> remaining active_jobs=182
[17:29:26] WAITING for remaining requests to finish (active_jobs=182)
[17:29:27] REQUEST: 272 - COMPLETED
[17:29:27] REQUEST COMPLETED -> remaining active_jobs=181
[17:29:27] WAITING for remaining requests to finish (active_jobs=181)
[17:29:27] REQUEST: 96 - COMPLETED
[17:29:27] REQUEST COMPLETED -> remaining active_jobs=180
[17:29:27] WAITING for remaining requests to finish (active_jobs=180)
[17:29:27] REQUEST: 280 - COMPLETED
[17:29:27] REQUEST COMPLETED -> remaining active_jobs=179
[17:29:27] WAITING for remaining requests to finish (active_jobs=179)
[17:29:27] REQUEST: 282 - COMPLETED
[17:29:27] REQUEST COMPLETED -> remaining active_jobs=178
[17:29:27] WAITING for remaining requests to finish (active_jobs=178)
[17:29:27] REQUEST: 107 - COMPLETED
[17:29:27] REQUEST COMPLETED -> remaining active_jobs=177
[17:29:27] WAITING for remaining requests to finish (active_jobs=177)
[17:29:27] REQUEST: 83 - COMPLETED
[17:29:27] REQUEST COMPLETED -> remaining active_jobs=176
[17:29:27] WAITING for remaining requests to finish (active_jobs=176)
[17:29:27] REQUEST: 297 - COMPLETED
[17:29:27] REQUEST COMPLETED -> remaining active_jobs=175
[17:29:27] WAITING for remaining requests to finish (active_jobs=175)
[17:29:27] REQUEST: 253 - COMPLETED
[17:29:27] REQUEST COMPLETED -> remaining active_jobs=174
[17:29:27] WAITING for remaining requests to finish (active_jobs=174)
[17:29:27] REQUEST: 185 - COMPLETED
[17:29:27] REQUEST COMPLETED -> remaining active_jobs=173
[17:29:27] WAITING for remaining requests to finish (active_jobs=173)
[17:29:27] REQUEST: 141 - COMPLETED
[17:29:27] REQUEST COMPLETED -> remaining active_jobs=172
[17:29:27] WAITING for remaining requests to finish (active_jobs=172)
[17:29:27] REQUEST: 142 - COMPLETED
[17:29:27] REQUEST COMPLETED -> remaining active_jobs=171
[17:29:27] WAITING for remaining requests to finish (active_jobs=171)
[17:29:28] REQUEST: 214 - COMPLETED
[17:29:28] REQUEST COMPLETED -> remaining active_jobs=170
[17:29:28] WAITING for remaining requests to finish (active_jobs=170)
[17:29:28] REQUEST: 170 - COMPLETED
[17:29:28] REQUEST COMPLETED -> remaining active_jobs=169
[17:29:28] WAITING for remaining requests to finish (active_jobs=169)
[17:29:28] REQUEST: 294 - COMPLETED
[17:29:28] REQUEST COMPLETED -> remaining active_jobs=168
[17:29:28] WAITING for remaining requests to finish (active_jobs=168)
[17:29:28] REQUEST: 51 - COMPLETED
[17:29:28] REQUEST COMPLETED -> remaining active_jobs=167
[17:29:28] WAITING for remaining requests to finish (active_jobs=167)
[17:29:28] REQUEST: 296 - COMPLETED
[17:29:28] REQUEST COMPLETED -> remaining active_jobs=166
[17:29:28] WAITING for remaining requests to finish (active_jobs=166)
[17:29:28] REQUEST: 10 - COMPLETED
[17:29:28] REQUEST COMPLETED -> remaining active_jobs=165
[17:29:28] WAITING for remaining requests to finish (active_jobs=165)
[17:29:28] REQUEST: 62 - COMPLETED
[17:29:28] REQUEST COMPLETED -> remaining active_jobs=164
[17:29:28] WAITING for remaining requests to finish (active_jobs=164)
[17:29:28] REQUEST: 135 - COMPLETED
[17:29:28] REQUEST COMPLETED -> remaining active_jobs=163
[17:29:28] WAITING for remaining requests to finish (active_jobs=163)
[17:29:28] REQUEST: 204 - COMPLETED
[17:29:28] REQUEST COMPLETED -> remaining active_jobs=162
[17:29:28] WAITING for remaining requests to finish (active_jobs=162)
[17:29:28] REQUEST: 299 - COMPLETED
[17:29:28] REQUEST COMPLETED -> remaining active_jobs=161
[17:29:28] WAITING for remaining requests to finish (active_jobs=161)
[17:29:28] REQUEST: 102 - COMPLETED
[17:29:28] REQUEST COMPLETED -> remaining active_jobs=160
[17:29:28] WAITING for remaining requests to finish (active_jobs=160)
[17:29:29] REQUEST: 298 - COMPLETED
[17:29:29] REQUEST COMPLETED -> remaining active_jobs=159
[17:29:29] WAITING for remaining requests to finish (active_jobs=159)
[17:29:29] REQUEST: 177 - COMPLETED
[17:29:29] REQUEST COMPLETED -> remaining active_jobs=158
[17:29:29] WAITING for remaining requests to finish (active_jobs=158)
[17:29:29] REQUEST: 7 - COMPLETED
[17:29:29] REQUEST COMPLETED -> remaining active_jobs=157
[17:29:29] WAITING for remaining requests to finish (active_jobs=157)
[17:29:29] REQUEST: 105 - COMPLETED
[17:29:29] REQUEST COMPLETED -> remaining active_jobs=156
[17:29:29] WAITING for remaining requests to finish (active_jobs=156)
[17:29:29] REQUEST: 173 - COMPLETED
[17:29:29] REQUEST COMPLETED -> remaining active_jobs=155
[17:29:29] WAITING for remaining requests to finish (active_jobs=155)
[17:29:29] REQUEST: 21 - COMPLETED
[17:29:29] REQUEST COMPLETED -> remaining active_jobs=154
[17:29:29] WAITING for remaining requests to finish (active_jobs=154)
[17:29:29] REQUEST: 34 - COMPLETED
[17:29:29] REQUEST COMPLETED -> remaining active_jobs=153
[17:29:29] WAITING for remaining requests to finish (active_jobs=153)
[17:29:29] REQUEST: 100 - COMPLETED
[17:29:29] REQUEST COMPLETED -> remaining active_jobs=152
[17:29:29] WAITING for remaining requests to finish (active_jobs=152)
[17:29:29] REQUEST: 258 - COMPLETED
[17:29:29] REQUEST COMPLETED -> remaining active_jobs=151
[17:29:29] WAITING for remaining requests to finish (active_jobs=151)
[17:29:29] REQUEST: 213 - COMPLETED
[17:29:29] REQUEST COMPLETED -> remaining active_jobs=150
[17:29:29] WAITING for remaining requests to finish (active_jobs=150)
[17:29:29] REQUEST: 81 - COMPLETED
[17:29:30] REQUEST COMPLETED -> remaining active_jobs=149
[17:29:30] WAITING for remaining requests to finish (active_jobs=149)
[17:29:30] REQUEST: 3 - COMPLETED
[17:29:30] REQUEST COMPLETED -> remaining active_jobs=148
[17:29:30] WAITING for remaining requests to finish (active_jobs=148)
[17:29:30] REQUEST: 165 - COMPLETED
[17:29:30] REQUEST COMPLETED -> remaining active_jobs=147
[17:29:30] WAITING for remaining requests to finish (active_jobs=147)
[17:29:30] REQUEST: 104 - COMPLETED
[17:29:30] REQUEST COMPLETED -> remaining active_jobs=146
[17:29:30] WAITING for remaining requests to finish (active_jobs=146)
[17:29:30] REQUEST: 260 - COMPLETED
[17:29:30] REQUEST COMPLETED -> remaining active_jobs=145
[17:29:30] WAITING for remaining requests to finish (active_jobs=145)
[17:29:30] REQUEST: 80 - COMPLETED
[17:29:30] REQUEST COMPLETED -> remaining active_jobs=144
[17:29:30] WAITING for remaining requests to finish (active_jobs=144)
[17:29:30] REQUEST: 44 - COMPLETED
[17:29:30] REQUEST COMPLETED -> remaining active_jobs=143
[17:29:30] WAITING for remaining requests to finish (active_jobs=143)
[17:29:30] REQUEST: 160 - COMPLETED
[17:29:30] REQUEST COMPLETED -> remaining active_jobs=142
[17:29:30] WAITING for remaining requests to finish (active_jobs=142)
[17:29:30] REQUEST: 151 - COMPLETED
[17:29:30] REQUEST COMPLETED -> remaining active_jobs=141
[17:29:30] WAITING for remaining requests to finish (active_jobs=141)
[17:29:30] REQUEST: 237 - COMPLETED
[17:29:30] REQUEST COMPLETED -> remaining active_jobs=140
[17:29:30] WAITING for remaining requests to finish (active_jobs=140)
[17:29:30] REQUEST: 271 - COMPLETED
[17:29:30] REQUEST COMPLETED -> remaining active_jobs=139
[17:29:30] WAITING for remaining requests to finish (active_jobs=139)
[17:29:31] REQUEST: 71 - COMPLETED
[17:29:31] REQUEST COMPLETED -> remaining active_jobs=138
[17:29:31] WAITING for remaining requests to finish (active_jobs=138)
[17:29:31] REQUEST: 87 - COMPLETED
[17:29:31] REQUEST COMPLETED -> remaining active_jobs=137
[17:29:31] WAITING for remaining requests to finish (active_jobs=137)
[17:29:31] REQUEST: 221 - COMPLETED
[17:29:31] REQUEST COMPLETED -> remaining active_jobs=136
[17:29:31] WAITING for remaining requests to finish (active_jobs=136)
[17:29:31] REQUEST: 285 - COMPLETED
[17:29:31] REQUEST COMPLETED -> remaining active_jobs=135
[17:29:31] WAITING for remaining requests to finish (active_jobs=135)
[17:29:31] REQUEST: 94 - COMPLETED
[17:29:31] REQUEST COMPLETED -> remaining active_jobs=134
[17:29:31] WAITING for remaining requests to finish (active_jobs=134)
[17:29:31] REQUEST: 123 - COMPLETED
[17:29:31] REQUEST COMPLETED -> remaining active_jobs=133
[17:29:31] WAITING for remaining requests to finish (active_jobs=133)
[17:29:31] REQUEST: 20 - COMPLETED
[17:29:31] REQUEST COMPLETED -> remaining active_jobs=132
[17:29:31] WAITING for remaining requests to finish (active_jobs=132)
[17:29:31] REQUEST: 129 - COMPLETED
[17:29:31] REQUEST COMPLETED -> remaining active_jobs=131
[17:29:31] WAITING for remaining requests to finish (active_jobs=131)
[17:29:31] REQUEST: 92 - COMPLETED
[17:29:31] REQUEST COMPLETED -> remaining active_jobs=130
[17:29:31] WAITING for remaining requests to finish (active_jobs=130)
[17:29:31] REQUEST: 196 - COMPLETED
[17:29:31] REQUEST COMPLETED -> remaining active_jobs=129
[17:29:31] WAITING for remaining requests to finish (active_jobs=129)
[17:29:31] REQUEST: 134 - COMPLETED
[17:29:31] REQUEST COMPLETED -> remaining active_jobs=128
[17:29:31] WAITING for remaining requests to finish (active_jobs=128)
[17:29:32] REQUEST: 26 - COMPLETED
[17:29:32] REQUEST COMPLETED -> remaining active_jobs=127
[17:29:32] WAITING for remaining requests to finish (active_jobs=127)
[17:29:32] REQUEST: 117 - COMPLETED
[17:29:32] REQUEST COMPLETED -> remaining active_jobs=126
[17:29:32] WAITING for remaining requests to finish (active_jobs=126)
[17:29:32] REQUEST: 77 - COMPLETED
[17:29:32] REQUEST COMPLETED -> remaining active_jobs=125
[17:29:32] WAITING for remaining requests to finish (active_jobs=125)
[17:29:32] REQUEST: 163 - COMPLETED
[17:29:32] REQUEST COMPLETED -> remaining active_jobs=124
[17:29:32] WAITING for remaining requests to finish (active_jobs=124)
[17:29:32] REQUEST: 69 - COMPLETED
[17:29:32] REQUEST COMPLETED -> remaining active_jobs=123
[17:29:32] WAITING for remaining requests to finish (active_jobs=123)
[17:29:32] REQUEST: 270 - COMPLETED
[17:29:32] REQUEST COMPLETED -> remaining active_jobs=122
[17:29:32] WAITING for remaining requests to finish (active_jobs=122)
[17:29:32] REQUEST: 300 - COMPLETED
[17:29:32] REQUEST COMPLETED -> remaining active_jobs=121
[17:29:32] WAITING for remaining requests to finish (active_jobs=121)
[17:29:32] REQUEST: 276 - COMPLETED
[17:29:32] REQUEST COMPLETED -> remaining active_jobs=120
[17:29:32] WAITING for remaining requests to finish (active_jobs=120)
[17:29:32] REQUEST: 126 - COMPLETED
[17:29:32] REQUEST COMPLETED -> remaining active_jobs=119
[17:29:32] WAITING for remaining requests to finish (active_jobs=119)
[17:29:32] REQUEST: 211 - COMPLETED
[17:29:32] REQUEST COMPLETED -> remaining active_jobs=118
[17:29:32] WAITING for remaining requests to finish (active_jobs=118)
[17:29:32] REQUEST: 207 - COMPLETED
[17:29:32] REQUEST COMPLETED -> remaining active_jobs=117
[17:29:32] WAITING for remaining requests to finish (active_jobs=117)
[17:29:33] REQUEST: 46 - COMPLETED
[17:29:33] REQUEST COMPLETED -> remaining active_jobs=116
[17:29:33] WAITING for remaining requests to finish (active_jobs=116)
[17:29:33] REQUEST: 52 - COMPLETED
[17:29:33] REQUEST COMPLETED -> remaining active_jobs=115
[17:29:33] WAITING for remaining requests to finish (active_jobs=115)
[17:29:33] REQUEST: 275 - COMPLETED
[17:29:33] REQUEST COMPLETED -> remaining active_jobs=114
[17:29:33] WAITING for remaining requests to finish (active_jobs=114)
[17:29:33] REQUEST: 60 - COMPLETED
[17:29:33] REQUEST COMPLETED -> remaining active_jobs=113
[17:29:33] WAITING for remaining requests to finish (active_jobs=113)
[17:29:33] REQUEST: 195 - COMPLETED
[17:29:33] REQUEST COMPLETED -> remaining active_jobs=112
[17:29:33] WAITING for remaining requests to finish (active_jobs=112)
[17:29:33] REQUEST: 292 - COMPLETED
[17:29:33] REQUEST COMPLETED -> remaining active_jobs=111
[17:29:33] WAITING for remaining requests to finish (active_jobs=111)
[17:29:33] REQUEST: 279 - COMPLETED
[17:29:33] REQUEST COMPLETED -> remaining active_jobs=110
[17:29:33] WAITING for remaining requests to finish (active_jobs=110)
[17:29:33] REQUEST: 242 - COMPLETED
[17:29:33] REQUEST COMPLETED -> remaining active_jobs=109
[17:29:33] WAITING for remaining requests to finish (active_jobs=109)
[17:29:33] REQUEST: 58 - COMPLETED
[17:29:33] REQUEST COMPLETED -> remaining active_jobs=108
[17:29:33] WAITING for remaining requests to finish (active_jobs=108)
[17:29:33] REQUEST: 206 - COMPLETED
[17:29:33] REQUEST COMPLETED -> remaining active_jobs=107
[17:29:33] WAITING for remaining requests to finish (active_jobs=107)
[17:29:33] REQUEST: 192 - COMPLETED
[17:29:33] REQUEST COMPLETED -> remaining active_jobs=106
[17:29:33] WAITING for remaining requests to finish (active_jobs=106)
[17:29:34] REQUEST: 210 - COMPLETED
[17:29:34] REQUEST COMPLETED -> remaining active_jobs=105
[17:29:34] WAITING for remaining requests to finish (active_jobs=105)
[17:29:34] REQUEST: 57 - COMPLETED
[17:29:34] REQUEST COMPLETED -> remaining active_jobs=104
[17:29:34] WAITING for remaining requests to finish (active_jobs=104)
[17:29:34] REQUEST: 226 - COMPLETED
[17:29:34] REQUEST COMPLETED -> remaining active_jobs=103
[17:29:34] WAITING for remaining requests to finish (active_jobs=103)
[17:29:34] REQUEST: 244 - COMPLETED
[17:29:34] REQUEST COMPLETED -> remaining active_jobs=102
[17:29:34] WAITING for remaining requests to finish (active_jobs=102)
[17:29:34] REQUEST: 247 - COMPLETED
[17:29:34] REQUEST COMPLETED -> remaining active_jobs=101
[17:29:34] WAITING for remaining requests to finish (active_jobs=101)
[17:29:34] REQUEST: 231 - COMPLETED
[17:29:34] REQUEST COMPLETED -> remaining active_jobs=100
[17:29:34] WAITING for remaining requests to finish (active_jobs=100)
[17:29:34] REQUEST: 219 - COMPLETED
[17:29:34] REQUEST COMPLETED -> remaining active_jobs=99
[17:29:34] WAITING for remaining requests to finish (active_jobs=99)
[17:29:34] REQUEST: 198 - COMPLETED
[17:29:34] REQUEST COMPLETED -> remaining active_jobs=98
[17:29:34] WAITING for remaining requests to finish (active_jobs=98)
[17:29:34] REQUEST: 33 - COMPLETED
[17:29:34] REQUEST COMPLETED -> remaining active_jobs=97
[17:29:34] WAITING for remaining requests to finish (active_jobs=97)
[17:29:34] REQUEST: 229 - COMPLETED
[17:29:34] REQUEST COMPLETED -> remaining active_jobs=96
[17:29:34] WAITING for remaining requests to finish (active_jobs=96)
[17:29:34] REQUEST: 120 - COMPLETED
[17:29:34] REQUEST COMPLETED -> remaining active_jobs=95
[17:29:34] WAITING for remaining requests to finish (active_jobs=95)
[17:29:35] REQUEST: 23 - COMPLETED
[17:29:35] REQUEST COMPLETED -> remaining active_jobs=94
[17:29:35] WAITING for remaining requests to finish (active_jobs=94)
[17:29:35] REQUEST: 289 - COMPLETED
[17:29:35] REQUEST COMPLETED -> remaining active_jobs=93
[17:29:35] WAITING for remaining requests to finish (active_jobs=93)
[17:29:35] REQUEST: 245 - COMPLETED
[17:29:35] REQUEST COMPLETED -> remaining active_jobs=92
[17:29:35] WAITING for remaining requests to finish (active_jobs=92)
[17:29:35] REQUEST: 283 - COMPLETED
[17:29:35] REQUEST COMPLETED -> remaining active_jobs=91
[17:29:35] WAITING for remaining requests to finish (active_jobs=91)
[17:29:35] REQUEST: 233 - COMPLETED
[17:29:35] REQUEST COMPLETED -> remaining active_jobs=90
[17:29:35] WAITING for remaining requests to finish (active_jobs=90)
[17:29:35] REQUEST: 108 - COMPLETED
[17:29:35] REQUEST COMPLETED -> remaining active_jobs=89
[17:29:35] WAITING for remaining requests to finish (active_jobs=89)
[17:29:35] REQUEST: 287 - COMPLETED
[17:29:35] REQUEST COMPLETED -> remaining active_jobs=88
[17:29:35] WAITING for remaining requests to finish (active_jobs=88)
[17:29:35] REQUEST: 112 - COMPLETED
[17:29:35] REQUEST COMPLETED -> remaining active_jobs=87
[17:29:35] WAITING for remaining requests to finish (active_jobs=87)
[17:29:35] REQUEST: 28 - COMPLETED
[17:29:35] REQUEST COMPLETED -> remaining active_jobs=86
[17:29:35] WAITING for remaining requests to finish (active_jobs=86)
[17:29:35] REQUEST: 205 - COMPLETED
[17:29:35] REQUEST COMPLETED -> remaining active_jobs=85
[17:29:35] WAITING for remaining requests to finish (active_jobs=85)
[17:29:35] REQUEST: 252 - COMPLETED
[17:29:35] REQUEST COMPLETED -> remaining active_jobs=84
[17:29:35] WAITING for remaining requests to finish (active_jobs=84)
[17:29:36] REQUEST: 109 - COMPLETED
[17:29:36] REQUEST COMPLETED -> remaining active_jobs=83
[17:29:36] WAITING for remaining requests to finish (active_jobs=83)
[17:29:36] REQUEST: 230 - COMPLETED
[17:29:36] REQUEST COMPLETED -> remaining active_jobs=82
[17:29:36] WAITING for remaining requests to finish (active_jobs=82)
[17:29:36] REQUEST: 277 - COMPLETED
[17:29:36] REQUEST COMPLETED -> remaining active_jobs=81
[17:29:36] WAITING for remaining requests to finish (active_jobs=81)
[17:29:36] REQUEST: 139 - COMPLETED
[17:29:36] REQUEST COMPLETED -> remaining active_jobs=80
[17:29:36] WAITING for remaining requests to finish (active_jobs=80)
[17:29:36] REQUEST: 90 - COMPLETED
[17:29:36] REQUEST COMPLETED -> remaining active_jobs=79
[17:29:36] WAITING for remaining requests to finish (active_jobs=79)
[17:29:36] REQUEST: 234 - COMPLETED
[17:29:36] REQUEST COMPLETED -> remaining active_jobs=78
[17:29:36] WAITING for remaining requests to finish (active_jobs=78)
[17:29:36] REQUEST: 140 - COMPLETED
[17:29:36] REQUEST COMPLETED -> remaining active_jobs=77
[17:29:36] WAITING for remaining requests to finish (active_jobs=77)
[17:29:36] REQUEST: 175 - COMPLETED
[17:29:36] REQUEST COMPLETED -> remaining active_jobs=76
[17:29:36] WAITING for remaining requests to finish (active_jobs=76)
[17:29:36] REQUEST: 118 - COMPLETED
[17:29:36] REQUEST COMPLETED -> remaining active_jobs=75
[17:29:36] WAITING for remaining requests to finish (active_jobs=75)
[17:29:36] REQUEST: 101 - COMPLETED
[17:29:36] REQUEST COMPLETED -> remaining active_jobs=74
[17:29:36] WAITING for remaining requests to finish (active_jobs=74)
[17:29:36] REQUEST: 171 - COMPLETED
[17:29:36] REQUEST COMPLETED -> remaining active_jobs=73
[17:29:36] WAITING for remaining requests to finish (active_jobs=73)
[17:29:37] REQUEST: 137 - COMPLETED
[17:29:37] REQUEST COMPLETED -> remaining active_jobs=72
[17:29:37] WAITING for remaining requests to finish (active_jobs=72)
[17:29:37] REQUEST: 124 - COMPLETED
[17:29:37] REQUEST COMPLETED -> remaining active_jobs=71
[17:29:37] WAITING for remaining requests to finish (active_jobs=71)
[17:29:37] REQUEST: 61 - COMPLETED
[17:29:37] REQUEST COMPLETED -> remaining active_jobs=70
[17:29:37] WAITING for remaining requests to finish (active_jobs=70)
[17:29:37] REQUEST: 190 - COMPLETED
[17:29:37] REQUEST COMPLETED -> remaining active_jobs=69
[17:29:37] WAITING for remaining requests to finish (active_jobs=69)
[17:29:37] REQUEST: 286 - COMPLETED
[17:29:37] REQUEST COMPLETED -> remaining active_jobs=68
[17:29:37] WAITING for remaining requests to finish (active_jobs=68)
[17:29:37] REQUEST: 220 - COMPLETED
[17:29:37] REQUEST COMPLETED -> remaining active_jobs=67
[17:29:37] WAITING for remaining requests to finish (active_jobs=67)
[17:29:37] REQUEST: 239 - COMPLETED
[17:29:37] REQUEST COMPLETED -> remaining active_jobs=66
[17:29:37] WAITING for remaining requests to finish (active_jobs=66)
[17:29:37] REQUEST: 95 - COMPLETED
[17:29:37] REQUEST COMPLETED -> remaining active_jobs=65
[17:29:37] WAITING for remaining requests to finish (active_jobs=65)
[17:29:37] REQUEST: 290 - COMPLETED
[17:29:37] REQUEST COMPLETED -> remaining active_jobs=64
[17:29:37] WAITING for remaining requests to finish (active_jobs=64)
[17:29:37] REQUEST: 63 - COMPLETED
[17:29:37] REQUEST COMPLETED -> remaining active_jobs=63
[17:29:37] WAITING for remaining requests to finish (active_jobs=63)
[17:29:37] REQUEST: 155 - COMPLETED
[17:29:37] REQUEST COMPLETED -> remaining active_jobs=62
[17:29:37] WAITING for remaining requests to finish (active_jobs=62)
[17:29:38] REQUEST: 288 - COMPLETED
[17:29:38] REQUEST COMPLETED -> remaining active_jobs=61
[17:29:38] WAITING for remaining requests to finish (active_jobs=61)
[17:29:38] REQUEST: 189 - COMPLETED
[17:29:38] REQUEST COMPLETED -> remaining active_jobs=60
[17:29:38] WAITING for remaining requests to finish (active_jobs=60)
[17:29:38] REQUEST: 103 - COMPLETED
[17:29:38] REQUEST COMPLETED -> remaining active_jobs=59
[17:29:38] WAITING for remaining requests to finish (active_jobs=59)
[17:29:38] REQUEST: 291 - COMPLETED
[17:29:38] REQUEST COMPLETED -> remaining active_jobs=58
[17:29:38] WAITING for remaining requests to finish (active_jobs=58)
[17:29:38] REQUEST: 212 - COMPLETED
[17:29:38] REQUEST COMPLETED -> remaining active_jobs=57
[17:29:38] WAITING for remaining requests to finish (active_jobs=57)
[17:29:38] REQUEST: 217 - COMPLETED
[17:29:38] REQUEST COMPLETED -> remaining active_jobs=56
[17:29:38] WAITING for remaining requests to finish (active_jobs=56)
[17:29:38] REQUEST: 56 - COMPLETED
[17:29:38] REQUEST COMPLETED -> remaining active_jobs=55
[17:29:38] WAITING for remaining requests to finish (active_jobs=55)
[17:29:38] REQUEST: 159 - COMPLETED
[17:29:38] REQUEST COMPLETED -> remaining active_jobs=54
[17:29:38] WAITING for remaining requests to finish (active_jobs=54)
[17:29:38] REQUEST: 125 - COMPLETED
[17:29:38] REQUEST COMPLETED -> remaining active_jobs=53
[17:29:38] WAITING for remaining requests to finish (active_jobs=53)
[17:29:38] REQUEST: 39 - COMPLETED
[17:29:38] REQUEST COMPLETED -> remaining active_jobs=52
[17:29:38] WAITING for remaining requests to finish (active_jobs=52)
[17:29:38] REQUEST: 48 - COMPLETED
[17:29:38] REQUEST COMPLETED -> remaining active_jobs=51
[17:29:38] WAITING for remaining requests to finish (active_jobs=51)
[17:29:39] REQUEST: 186 - COMPLETED
[17:29:39] REQUEST COMPLETED -> remaining active_jobs=50
[17:29:39] WAITING for remaining requests to finish (active_jobs=50)
[17:29:39] REQUEST: 156 - COMPLETED
[17:29:39] REQUEST COMPLETED -> remaining active_jobs=49
[17:29:39] WAITING for remaining requests to finish (active_jobs=49)
[17:29:39] REQUEST: 187 - COMPLETED
[17:29:39] REQUEST COMPLETED -> remaining active_jobs=48
[17:29:39] WAITING for remaining requests to finish (active_jobs=48)
[17:29:39] REQUEST: 251 - COMPLETED
[17:29:39] REQUEST COMPLETED -> remaining active_jobs=47
[17:29:39] WAITING for remaining requests to finish (active_jobs=47)
[17:29:39] REQUEST: 262 - COMPLETED
[17:29:39] REQUEST COMPLETED -> remaining active_jobs=46
[17:29:39] WAITING for remaining requests to finish (active_jobs=46)
[17:29:39] REQUEST: 119 - COMPLETED
[17:29:39] REQUEST COMPLETED -> remaining active_jobs=45
[17:29:39] WAITING for remaining requests to finish (active_jobs=45)
[17:29:39] REQUEST: 167 - COMPLETED
[17:29:39] REQUEST COMPLETED -> remaining active_jobs=44
[17:29:39] WAITING for remaining requests to finish (active_jobs=44)
[17:29:39] REQUEST: 136 - COMPLETED
[17:29:39] REQUEST COMPLETED -> remaining active_jobs=43
[17:29:39] WAITING for remaining requests to finish (active_jobs=43)
[17:29:39] REQUEST: 278 - COMPLETED
[17:29:39] REQUEST COMPLETED -> remaining active_jobs=42
[17:29:39] WAITING for remaining requests to finish (active_jobs=42)
[17:29:39] REQUEST: 238 - COMPLETED
[17:29:39] REQUEST COMPLETED -> remaining active_jobs=41
[17:29:39] WAITING for remaining requests to finish (active_jobs=41)
[17:29:39] REQUEST: 209 - COMPLETED
[17:29:39] REQUEST COMPLETED -> remaining active_jobs=40
[17:29:39] WAITING for remaining requests to finish (active_jobs=40)
[17:29:40] REQUEST: 150 - COMPLETED
[17:29:40] REQUEST COMPLETED -> remaining active_jobs=39
[17:29:40] WAITING for remaining requests to finish (active_jobs=39)
[17:29:40] REQUEST: 42 - COMPLETED
[17:29:40] REQUEST COMPLETED -> remaining active_jobs=38
[17:29:40] WAITING for remaining requests to finish (active_jobs=38)
[17:29:40] REQUEST: 157 - COMPLETED
[17:29:40] REQUEST COMPLETED -> remaining active_jobs=37
[17:29:40] WAITING for remaining requests to finish (active_jobs=37)
[17:29:40] REQUEST: 70 - COMPLETED
[17:29:40] REQUEST COMPLETED -> remaining active_jobs=36
[17:29:40] WAITING for remaining requests to finish (active_jobs=36)
[17:29:40] REQUEST: 257 - COMPLETED
[17:29:40] REQUEST COMPLETED -> remaining active_jobs=35
[17:29:40] WAITING for remaining requests to finish (active_jobs=35)
[17:29:40] REQUEST: 133 - COMPLETED
[17:29:40] REQUEST COMPLETED -> remaining active_jobs=34
[17:29:40] WAITING for remaining requests to finish (active_jobs=34)
[17:29:40] REQUEST: 178 - COMPLETED
[17:29:40] REQUEST COMPLETED -> remaining active_jobs=33
[17:29:40] WAITING for remaining requests to finish (active_jobs=33)
[17:29:40] REQUEST: 243 - COMPLETED
[17:29:40] REQUEST COMPLETED -> remaining active_jobs=32
[17:29:40] WAITING for remaining requests to finish (active_jobs=32)
[17:29:40] REQUEST: 115 - COMPLETED
[17:29:40] REQUEST COMPLETED -> remaining active_jobs=31
[17:29:40] WAITING for remaining requests to finish (active_jobs=31)
[17:29:40] REQUEST: 232 - COMPLETED
[17:29:40] REQUEST COMPLETED -> remaining active_jobs=30
[17:29:40] WAITING for remaining requests to finish (active_jobs=30)
[17:29:40] REQUEST: 218 - COMPLETED
[17:29:40] REQUEST COMPLETED -> remaining active_jobs=29
[17:29:40] WAITING for remaining requests to finish (active_jobs=29)
[17:29:41] REQUEST: 14 - COMPLETED
[17:29:41] REQUEST COMPLETED -> remaining active_jobs=28
[17:29:41] WAITING for remaining requests to finish (active_jobs=28)
[17:29:41] REQUEST: 97 - COMPLETED
[17:29:41] REQUEST COMPLETED -> remaining active_jobs=27
[17:29:41] WAITING for remaining requests to finish (active_jobs=27)
[17:29:41] REQUEST: 164 - COMPLETED
[17:29:41] REQUEST COMPLETED -> remaining active_jobs=26
[17:29:41] WAITING for remaining requests to finish (active_jobs=26)
[17:29:41] REQUEST: 85 - COMPLETED
[17:29:41] REQUEST COMPLETED -> remaining active_jobs=25
[17:29:41] WAITING for remaining requests to finish (active_jobs=25)
[17:29:41] REQUEST: 274 - COMPLETED
[17:29:41] REQUEST COMPLETED -> remaining active_jobs=24
[17:29:41] WAITING for remaining requests to finish (active_jobs=24)
[17:29:41] REQUEST: 66 - COMPLETED
[17:29:41] REQUEST COMPLETED -> remaining active_jobs=23
[17:29:41] WAITING for remaining requests to finish (active_jobs=23)
[17:29:41] REQUEST: 162 - COMPLETED
[17:29:41] REQUEST COMPLETED -> remaining active_jobs=22
[17:29:41] WAITING for remaining requests to finish (active_jobs=22)
[17:29:41] REQUEST: 202 - COMPLETED
[17:29:41] REQUEST COMPLETED -> remaining active_jobs=21
[17:29:41] WAITING for remaining requests to finish (active_jobs=21)
[17:29:41] REQUEST: 113 - COMPLETED
[17:29:41] REQUEST COMPLETED -> remaining active_jobs=20
[17:29:41] WAITING for remaining requests to finish (active_jobs=20)
[17:29:41] REQUEST: 293 - COMPLETED
[17:29:41] REQUEST COMPLETED -> remaining active_jobs=19
[17:29:41] WAITING for remaining requests to finish (active_jobs=19)
[17:29:41] REQUEST: 76 - COMPLETED
[17:29:41] REQUEST COMPLETED -> remaining active_jobs=18
[17:29:41] WAITING for remaining requests to finish (active_jobs=18)
[17:29:42] REQUEST: 84 - COMPLETED
[17:29:42] REQUEST COMPLETED -> remaining active_jobs=17
[17:29:42] WAITING for remaining requests to finish (active_jobs=17)
[17:29:42] REQUEST: 148 - COMPLETED
[17:29:42] REQUEST COMPLETED -> remaining active_jobs=16
[17:29:42] WAITING for remaining requests to finish (active_jobs=16)
[17:29:42] REQUEST: 65 - COMPLETED
[17:29:42] REQUEST COMPLETED -> remaining active_jobs=15
[17:29:42] WAITING for remaining requests to finish (active_jobs=15)
[17:29:42] REQUEST: 40 - COMPLETED
[17:29:42] REQUEST COMPLETED -> remaining active_jobs=14
[17:29:42] WAITING for remaining requests to finish (active_jobs=14)
[17:29:42] REQUEST: 149 - COMPLETED
[17:29:42] REQUEST COMPLETED -> remaining active_jobs=13
[17:29:42] WAITING for remaining requests to finish (active_jobs=13)
[17:29:42] REQUEST: 64 - COMPLETED
[17:29:42] REQUEST COMPLETED -> remaining active_jobs=12
[17:29:42] WAITING for remaining requests to finish (active_jobs=12)
[17:29:42] REQUEST: 256 - COMPLETED
[17:29:42] REQUEST COMPLETED -> remaining active_jobs=11
[17:29:42] WAITING for remaining requests to finish (active_jobs=11)
[17:29:42] REQUEST: 193 - COMPLETED
[17:29:42] REQUEST COMPLETED -> remaining active_jobs=10
[17:29:42] WAITING for remaining requests to finish (active_jobs=10)
[17:29:42] REQUEST: 154 - COMPLETED
[17:29:42] REQUEST COMPLETED -> remaining active_jobs=9
[17:29:42] WAITING for remaining requests to finish (active_jobs=9)
[17:29:42] REQUEST: 158 - COMPLETED
[17:29:42] REQUEST COMPLETED -> remaining active_jobs=8
[17:29:42] WAITING for remaining requests to finish (active_jobs=8)
[17:29:42] REQUEST: 166 - COMPLETED
[17:29:42] REQUEST COMPLETED -> remaining active_jobs=7
[17:29:42] WAITING for remaining requests to finish (active_jobs=7)
[17:29:43] REQUEST: 54 - COMPLETED
[17:29:43] REQUEST COMPLETED -> remaining active_jobs=6
[17:29:43] WAITING for remaining requests to finish (active_jobs=6)
[17:29:43] REQUEST: 246 - COMPLETED
[17:29:43] REQUEST COMPLETED -> remaining active_jobs=5
[17:29:43] WAITING for remaining requests to finish (active_jobs=5)
[17:29:43] REQUEST: 59 - COMPLETED
[17:29:43] REQUEST COMPLETED -> remaining active_jobs=4
[17:29:43] WAITING for remaining requests to finish (active_jobs=4)
[17:29:43] REQUEST: 254 - COMPLETED
[17:29:43] REQUEST COMPLETED -> remaining active_jobs=3
[17:29:43] WAITING for remaining requests to finish (active_jobs=3)
[17:29:43] REQUEST: 144 - COMPLETED
[17:29:43] REQUEST COMPLETED -> remaining active_jobs=2
[17:29:43] WAITING for remaining requests to finish (active_jobs=2)
[17:29:43] REQUEST: 138 - COMPLETED
[17:29:43] REQUEST COMPLETED -> remaining active_jobs=1
[17:29:43] WAITING for remaining requests to finish (active_jobs=1)
[17:29:43] REQUEST: 147 - COMPLETED
[17:29:43] REQUEST COMPLETED -> remaining active_jobs=0
[17:29:43] Load test completed
[17:29:43] Waiting for and collecting the delayed GPU activity episode
GPU telemetry: waiting for return to idle ...
GPU telemetry: waiting for return to idle ...
GPU telemetry: waiting for return to idle ...
GPU telemetry: waiting for return to idle ...
GPU telemetry: waiting for return to idle ...
GPU telemetry: waiting for return to idle ...
Saved 5 metrics / 10 series to results/gpu-metrics.json (activity capture: settled, wait 12.0s)
[17:29:55] Running results evaluation


--- PER-REQUEST STATS ---
Request 01 | res_time: 17:29:15.56 | latency:   1.81 s | tokens: 25 | gen_time: 0.072 s | tok/s: 345.10
Request 02 | res_time: 17:29:15.88 | latency:   2.13 s | tokens: 25 | gen_time: 0.075 s | tok/s: 334.09
Request 03 | res_time: 17:29:16.47 | latency:   2.71 s | tokens: 25 | gen_time: 0.073 s | tok/s: 344.71
Request 04 | res_time: 17:29:16.56 | latency:   2.74 s | tokens: 25 | gen_time: 0.070 s | tok/s: 357.19
Request 05 | res_time: 17:29:16.66 | latency:   2.81 s | tokens: 25 | gen_time: 0.070 s | tok/s: 357.80
Request 06 | res_time: 17:29:16.75 | latency:   2.90 s | tokens: 25 | gen_time: 0.070 s | tok/s: 358.34
Request 07 | res_time: 17:29:16.84 | latency:   2.89 s | tokens: 25 | gen_time: 0.070 s | tok/s: 358.68
Request 08 | res_time: 17:29:16.93 | latency:   3.13 s | tokens: 25 | gen_time: 0.070 s | tok/s: 359.10
Request 09 | res_time: 17:29:17.02 | latency:   3.22 s | tokens: 25 | gen_time: 0.070 s | tok/s: 356.92
Request 10 | res_time: 17:29:17.11 | latency:   3.31 s | tokens: 25 | gen_time: 0.070 s | tok/s: 357.27
Request 11 | res_time: 17:29:17.20 | latency:   3.30 s | tokens: 25 | gen_time: 0.070 s | tok/s: 357.28
Request 12 | res_time: 17:29:17.29 | latency:   3.37 s | tokens: 25 | gen_time: 0.070 s | tok/s: 356.50
Request 13 | res_time: 17:29:17.39 | latency:   3.48 s | tokens: 25 | gen_time: 0.070 s | tok/s: 355.93
Request 14 | res_time: 17:29:17.48 | latency:   3.72 s | tokens: 25 | gen_time: 0.070 s | tok/s: 357.35
Request 15 | res_time: 17:29:17.57 | latency:   3.25 s | tokens: 25 | gen_time: 0.070 s | tok/s: 357.26
Request 16 | res_time: 17:29:17.66 | latency:   3.34 s | tokens: 25 | gen_time: 0.070 s | tok/s: 357.15
Request 17 | res_time: 17:29:17.75 | latency:   3.25 s | tokens: 25 | gen_time: 0.070 s | tok/s: 358.15
Request 18 | res_time: 17:29:17.84 | latency:   3.83 s | tokens: 25 | gen_time: 0.070 s | tok/s: 358.73
Request 19 | res_time: 17:29:17.93 | latency:   4.10 s | tokens: 25 | gen_time: 0.070 s | tok/s: 356.31
Request 20 | res_time: 17:29:18.03 | latency:   4.20 s | tokens: 25 | gen_time: 0.070 s | tok/s: 355.37
Request 21 | res_time: 17:29:18.12 | latency:   4.21 s | tokens: 25 | gen_time: 0.070 s | tok/s: 355.95
Request 22 | res_time: 17:29:18.21 | latency:   4.26 s | tokens: 25 | gen_time: 0.070 s | tok/s: 357.96
Request 23 | res_time: 17:29:18.30 | latency:   4.25 s | tokens: 25 | gen_time: 0.070 s | tok/s: 359.33
Request 24 | res_time: 17:29:18.39 | latency:   4.12 s | tokens: 25 | gen_time: 0.070 s | tok/s: 358.52
Request 25 | res_time: 17:29:18.48 | latency:   4.51 s | tokens: 25 | gen_time: 0.070 s | tok/s: 359.05
Request 26 | res_time: 17:29:18.57 | latency:   4.82 s | tokens: 25 | gen_time: 0.070 s | tok/s: 359.58
Request 27 | res_time: 17:29:18.66 | latency:   4.74 s | tokens: 25 | gen_time: 0.070 s | tok/s: 358.32
Request 28 | res_time: 17:29:18.75 | latency:   4.78 s | tokens: 25 | gen_time: 0.070 s | tok/s: 356.85
Request 29 | res_time: 17:29:18.84 | latency:   4.87 s | tokens: 25 | gen_time: 0.070 s | tok/s: 357.56
Request 30 | res_time: 17:29:18.94 | latency:   5.18 s | tokens: 25 | gen_time: 0.070 s | tok/s: 359.54
Request 31 | res_time: 17:29:19.03 | latency:   5.08 s | tokens: 25 | gen_time: 0.070 s | tok/s: 357.94
Request 32 | res_time: 17:29:19.12 | latency:   5.37 s | tokens: 25 | gen_time: 0.070 s | tok/s: 357.35
Request 33 | res_time: 17:29:19.21 | latency:   5.19 s | tokens: 25 | gen_time: 0.070 s | tok/s: 359.25
Request 34 | res_time: 17:29:19.30 | latency:   5.53 s | tokens: 25 | gen_time: 0.070 s | tok/s: 356.96
Request 35 | res_time: 17:29:19.39 | latency:   5.44 s | tokens: 25 | gen_time: 0.070 s | tok/s: 358.71
Request 36 | res_time: 17:29:19.48 | latency:   5.66 s | tokens: 25 | gen_time: 0.070 s | tok/s: 357.57
Request 37 | res_time: 17:29:19.57 | latency:   5.60 s | tokens: 25 | gen_time: 0.070 s | tok/s: 356.27
Request 38 | res_time: 17:29:19.66 | latency:   5.67 s | tokens: 25 | gen_time: 0.070 s | tok/s: 358.12
Request 39 | res_time: 17:29:19.75 | latency:   5.85 s | tokens: 25 | gen_time: 0.070 s | tok/s: 357.29
Request 40 | res_time: 17:29:19.85 | latency:   6.00 s | tokens: 25 | gen_time: 0.070 s | tok/s: 358.53
Request 41 | res_time: 17:29:19.94 | latency:   5.69 s | tokens: 25 | gen_time: 0.070 s | tok/s: 355.67
Request 42 | res_time: 17:29:20.03 | latency:   5.65 s | tokens: 25 | gen_time: 0.070 s | tok/s: 357.60
Request 43 | res_time: 17:29:20.12 | latency:   6.16 s | tokens: 25 | gen_time: 0.070 s | tok/s: 354.92
Request 44 | res_time: 17:29:20.21 | latency:   5.87 s | tokens: 25 | gen_time: 0.069 s | tok/s: 359.88
Request 45 | res_time: 17:29:20.31 | latency:   6.54 s | tokens: 25 | gen_time: 0.070 s | tok/s: 355.44
Request 46 | res_time: 17:29:20.40 | latency:   6.02 s | tokens: 25 | gen_time: 0.070 s | tok/s: 357.01
Request 47 | res_time: 17:29:20.49 | latency:   6.54 s | tokens: 25 | gen_time: 0.070 s | tok/s: 355.26
Request 48 | res_time: 17:29:20.58 | latency:   6.25 s | tokens: 25 | gen_time: 0.070 s | tok/s: 354.83
Request 49 | res_time: 17:29:20.67 | latency:   6.39 s | tokens: 25 | gen_time: 0.070 s | tok/s: 359.15
Request 50 | res_time: 17:29:20.77 | latency:   6.43 s | tokens: 25 | gen_time: 0.071 s | tok/s: 353.52
Request 51 | res_time: 17:29:20.86 | latency:   6.36 s | tokens: 25 | gen_time: 0.070 s | tok/s: 358.11
Request 52 | res_time: 17:29:20.95 | latency:   6.70 s | tokens: 25 | gen_time: 0.070 s | tok/s: 354.85
Request 53 | res_time: 17:29:21.04 | latency:   6.71 s | tokens: 25 | gen_time: 0.070 s | tok/s: 356.05
Request 54 | res_time: 17:29:21.13 | latency:   7.18 s | tokens: 25 | gen_time: 0.070 s | tok/s: 355.83
Request 55 | res_time: 17:29:21.23 | latency:   6.73 s | tokens: 25 | gen_time: 0.070 s | tok/s: 359.60
Request 56 | res_time: 17:29:21.32 | latency:   6.82 s | tokens: 25 | gen_time: 0.070 s | tok/s: 357.81
Request 57 | res_time: 17:29:21.41 | latency:   7.08 s | tokens: 25 | gen_time: 0.070 s | tok/s: 358.55
Request 58 | res_time: 17:29:21.50 | latency:   7.52 s | tokens: 25 | gen_time: 0.070 s | tok/s: 356.87
Request 59 | res_time: 17:29:21.59 | latency:   7.26 s | tokens: 25 | gen_time: 0.070 s | tok/s: 358.43
Request 60 | res_time: 17:29:21.68 | latency:   7.33 s | tokens: 25 | gen_time: 0.070 s | tok/s: 356.44
Request 61 | res_time: 17:29:21.77 | latency:   7.37 s | tokens: 25 | gen_time: 0.069 s | tok/s: 360.13
Request 62 | res_time: 17:29:21.86 | latency:   7.36 s | tokens: 25 | gen_time: 0.070 s | tok/s: 356.83
Request 63 | res_time: 17:29:21.95 | latency:   7.45 s | tokens: 25 | gen_time: 0.070 s | tok/s: 355.89
Request 64 | res_time: 17:29:22.05 | latency:   7.55 s | tokens: 25 | gen_time: 0.070 s | tok/s: 357.87
Request 65 | res_time: 17:29:22.14 | latency:   7.64 s | tokens: 25 | gen_time: 0.070 s | tok/s: 357.97
Request 66 | res_time: 17:29:22.23 | latency:   7.91 s | tokens: 25 | gen_time: 0.070 s | tok/s: 359.00
Request 67 | res_time: 17:29:22.32 | latency:   7.99 s | tokens: 25 | gen_time: 0.070 s | tok/s: 358.47
Request 68 | res_time: 17:29:22.41 | latency:   8.08 s | tokens: 25 | gen_time: 0.069 s | tok/s: 360.16
Request 69 | res_time: 17:29:22.50 | latency:   8.00 s | tokens: 25 | gen_time: 0.070 s | tok/s: 356.49
Request 70 | res_time: 17:29:22.59 | latency:   8.26 s | tokens: 25 | gen_time: 0.070 s | tok/s: 357.29
Request 71 | res_time: 17:29:22.68 | latency:   8.35 s | tokens: 25 | gen_time: 0.070 s | tok/s: 357.95
Request 72 | res_time: 17:29:22.77 | latency:   8.33 s | tokens: 25 | gen_time: 0.070 s | tok/s: 359.19
Request 73 | res_time: 17:29:22.86 | latency:   8.53 s | tokens: 25 | gen_time: 0.070 s | tok/s: 357.70
Request 74 | res_time: 17:29:22.96 | latency:   8.64 s | tokens: 25 | gen_time: 0.070 s | tok/s: 356.04
Request 75 | res_time: 17:29:23.05 | latency:   9.03 s | tokens: 25 | gen_time: 0.070 s | tok/s: 358.53
Request 76 | res_time: 17:29:23.14 | latency:   8.81 s | tokens: 25 | gen_time: 0.070 s | tok/s: 357.59
Request 77 | res_time: 17:29:23.23 | latency:   8.91 s | tokens: 25 | gen_time: 0.070 s | tok/s: 358.46
Request 78 | res_time: 17:29:23.32 | latency:   8.95 s | tokens: 25 | gen_time: 0.070 s | tok/s: 358.76
Request 79 | res_time: 17:29:23.41 | latency:   9.01 s | tokens: 25 | gen_time: 0.070 s | tok/s: 357.60
Request 80 | res_time: 17:29:23.50 | latency:   9.17 s | tokens: 25 | gen_time: 0.070 s | tok/s: 358.26
Request 81 | res_time: 17:29:23.59 | latency:   9.26 s | tokens: 25 | gen_time: 0.070 s | tok/s: 356.90
Request 82 | res_time: 17:29:23.68 | latency:   9.35 s | tokens: 25 | gen_time: 0.070 s | tok/s: 356.21
Request 83 | res_time: 17:29:23.77 | latency:   9.44 s | tokens: 25 | gen_time: 0.070 s | tok/s: 357.53
Request 84 | res_time: 17:29:23.86 | latency:   9.53 s | tokens: 25 | gen_time: 0.070 s | tok/s: 358.99
Request 85 | res_time: 17:29:23.96 | latency:   9.63 s | tokens: 25 | gen_time: 0.070 s | tok/s: 357.14
Request 86 | res_time: 17:29:24.05 | latency:   9.55 s | tokens: 25 | gen_time: 0.070 s | tok/s: 355.93
Request 87 | res_time: 17:29:24.14 | latency:   9.64 s | tokens: 25 | gen_time: 0.070 s | tok/s: 357.00
Request 88 | res_time: 17:29:24.23 | latency:   9.90 s | tokens: 25 | gen_time: 0.070 s | tok/s: 355.89
Request 89 | res_time: 17:29:24.32 | latency:   9.83 s | tokens: 25 | gen_time: 0.070 s | tok/s: 357.73
Request 90 | res_time: 17:29:24.42 | latency:  10.08 s | tokens: 25 | gen_time: 0.070 s | tok/s: 355.65
Request 91 | res_time: 17:29:24.51 | latency:  10.01 s | tokens: 25 | gen_time: 0.070 s | tok/s: 358.33
Request 92 | res_time: 17:29:24.60 | latency:  10.10 s | tokens: 25 | gen_time: 0.070 s | tok/s: 357.06
Request 93 | res_time: 17:29:24.69 | latency:  10.19 s | tokens: 25 | gen_time: 0.070 s | tok/s: 356.01
Request 94 | res_time: 17:29:24.78 | latency:  10.44 s | tokens: 25 | gen_time: 0.070 s | tok/s: 358.13
Request 95 | res_time: 17:29:24.87 | latency:  10.53 s | tokens: 25 | gen_time: 0.070 s | tok/s: 355.77
Request 96 | res_time: 17:29:24.96 | latency:  10.46 s | tokens: 25 | gen_time: 0.070 s | tok/s: 356.98
Request 97 | res_time: 17:29:25.05 | latency:  10.55 s | tokens: 25 | gen_time: 0.070 s | tok/s: 358.25
Request 98 | res_time: 17:29:25.14 | latency:  10.81 s | tokens: 25 | gen_time: 0.070 s | tok/s: 358.13
Request 99 | res_time: 17:29:25.24 | latency:  10.74 s | tokens: 25 | gen_time: 0.070 s | tok/s: 357.04
Request 100 | res_time: 17:29:25.33 | latency:  10.54 s | tokens: 25 | gen_time: 0.070 s | tok/s: 358.99
Request 101 | res_time: 17:29:25.42 | latency:  10.92 s | tokens: 25 | gen_time: 0.071 s | tok/s: 354.39
Request 102 | res_time: 17:29:25.51 | latency:  10.73 s | tokens: 25 | gen_time: 0.070 s | tok/s: 355.93
Request 103 | res_time: 17:29:25.60 | latency:  11.55 s | tokens: 25 | gen_time: 0.070 s | tok/s: 357.14
Request 104 | res_time: 17:29:25.69 | latency:  11.19 s | tokens: 25 | gen_time: 0.070 s | tok/s: 359.22
Request 105 | res_time: 17:29:25.78 | latency:  11.42 s | tokens: 25 | gen_time: 0.070 s | tok/s: 358.86
Request 106 | res_time: 17:29:25.88 | latency:  11.47 s | tokens: 25 | gen_time: 0.070 s | tok/s: 356.78
Request 107 | res_time: 17:29:25.97 | latency:  11.63 s | tokens: 25 | gen_time: 0.070 s | tok/s: 358.59
Request 108 | res_time: 17:29:26.06 | latency:  11.59 s | tokens: 25 | gen_time: 0.070 s | tok/s: 355.84
Request 109 | res_time: 17:29:26.15 | latency:  11.38 s | tokens: 25 | gen_time: 0.070 s | tok/s: 356.81
Request 110 | res_time: 17:29:26.24 | latency:  11.91 s | tokens: 25 | gen_time: 0.070 s | tok/s: 355.90
Request 111 | res_time: 17:29:26.33 | latency:  11.83 s | tokens: 25 | gen_time: 0.070 s | tok/s: 358.04
Request 112 | res_time: 17:29:26.42 | latency:  12.02 s | tokens: 25 | gen_time: 0.070 s | tok/s: 356.87
Request 113 | res_time: 17:29:26.51 | latency:  12.18 s | tokens: 25 | gen_time: 0.070 s | tok/s: 358.25
Request 114 | res_time: 17:29:26.61 | latency:  12.12 s | tokens: 25 | gen_time: 0.070 s | tok/s: 357.10
Request 115 | res_time: 17:29:26.70 | latency:  12.45 s | tokens: 25 | gen_time: 0.070 s | tok/s: 357.65
Request 116 | res_time: 17:29:26.79 | latency:  13.02 s | tokens: 25 | gen_time: 0.070 s | tok/s: 355.74
Request 117 | res_time: 17:29:26.88 | latency:  12.55 s | tokens: 25 | gen_time: 0.070 s | tok/s: 359.53
Request 118 | res_time: 17:29:26.97 | latency:  12.10 s | tokens: 25 | gen_time: 0.070 s | tok/s: 357.77
Request 119 | res_time: 17:29:27.06 | latency:  12.20 s | tokens: 25 | gen_time: 0.071 s | tok/s: 354.42
Request 120 | res_time: 17:29:27.15 | latency:  13.18 s | tokens: 25 | gen_time: 0.070 s | tok/s: 358.48
Request 121 | res_time: 17:29:27.25 | latency:  12.30 s | tokens: 25 | gen_time: 0.070 s | tok/s: 355.68
Request 122 | res_time: 17:29:27.34 | latency:  12.36 s | tokens: 25 | gen_time: 0.070 s | tok/s: 358.53
Request 123 | res_time: 17:29:27.43 | latency:  13.16 s | tokens: 25 | gen_time: 0.070 s | tok/s: 359.23
Request 124 | res_time: 17:29:27.52 | latency:  13.57 s | tokens: 25 | gen_time: 0.070 s | tok/s: 356.96
Request 125 | res_time: 17:29:27.61 | latency:  12.11 s | tokens: 25 | gen_time: 0.069 s | tok/s: 359.73
Request 126 | res_time: 17:29:27.70 | latency:  12.27 s | tokens: 25 | gen_time: 0.070 s | tok/s: 358.70
Request 127 | res_time: 17:29:27.79 | latency:  13.46 s | tokens: 25 | gen_time: 0.070 s | tok/s: 358.22
Request 128 | res_time: 17:29:27.88 | latency:  12.41 s | tokens: 25 | gen_time: 0.070 s | tok/s: 356.32
Request 129 | res_time: 17:29:27.98 | latency:  12.50 s | tokens: 25 | gen_time: 0.070 s | tok/s: 359.44
Request 130 | res_time: 17:29:28.07 | latency:  13.77 s | tokens: 25 | gen_time: 0.070 s | tok/s: 355.84
Request 131 | res_time: 17:29:28.16 | latency:  13.88 s | tokens: 25 | gen_time: 0.070 s | tok/s: 356.91
Request 132 | res_time: 17:29:28.25 | latency:  12.76 s | tokens: 25 | gen_time: 0.070 s | tok/s: 358.42
Request 133 | res_time: 17:29:28.34 | latency:  14.31 s | tokens: 25 | gen_time: 0.070 s | tok/s: 355.41
Request 134 | res_time: 17:29:28.43 | latency:  12.93 s | tokens: 25 | gen_time: 0.070 s | tok/s: 358.80
Request 135 | res_time: 17:29:28.52 | latency:  14.76 s | tokens: 25 | gen_time: 0.070 s | tok/s: 356.52
Request 136 | res_time: 17:29:28.61 | latency:  14.29 s | tokens: 25 | gen_time: 0.070 s | tok/s: 358.37
Request 137 | res_time: 17:29:28.71 | latency:  13.62 s | tokens: 25 | gen_time: 0.070 s | tok/s: 358.18
Request 138 | res_time: 17:29:28.80 | latency:  14.47 s | tokens: 25 | gen_time: 0.070 s | tok/s: 358.21
Request 139 | res_time: 17:29:28.89 | latency:  13.37 s | tokens: 25 | gen_time: 0.070 s | tok/s: 355.83
Request 140 | res_time: 17:29:28.98 | latency:  14.79 s | tokens: 25 | gen_time: 0.070 s | tok/s: 357.17
Request 141 | res_time: 17:29:29.07 | latency:  13.56 s | tokens: 25 | gen_time: 0.070 s | tok/s: 359.71
Request 142 | res_time: 17:29:29.16 | latency:  14.67 s | tokens: 25 | gen_time: 0.070 s | tok/s: 356.75
Request 143 | res_time: 17:29:29.25 | latency:  15.50 s | tokens: 25 | gen_time: 0.069 s | tok/s: 360.17
Request 144 | res_time: 17:29:29.35 | latency:  15.12 s | tokens: 25 | gen_time: 0.070 s | tok/s: 356.76
Request 145 | res_time: 17:29:29.44 | latency:  15.03 s | tokens: 25 | gen_time: 0.070 s | tok/s: 357.62
Request 146 | res_time: 17:29:29.53 | latency:  15.71 s | tokens: 25 | gen_time: 0.070 s | tok/s: 359.19
Request 147 | res_time: 17:29:29.62 | latency:  15.78 s | tokens: 25 | gen_time: 0.070 s | tok/s: 355.16
Request 148 | res_time: 17:29:29.71 | latency:  15.72 s | tokens: 25 | gen_time: 0.070 s | tok/s: 355.86
Request 149 | res_time: 17:29:29.80 | latency:  15.31 s | tokens: 25 | gen_time: 0.070 s | tok/s: 354.86
Request 150 | res_time: 17:29:29.89 | latency:  15.67 s | tokens: 25 | gen_time: 0.070 s | tok/s: 357.66
Request 151 | res_time: 17:29:29.99 | latency:  16.01 s | tokens: 25 | gen_time: 0.070 s | tok/s: 356.29
Request 152 | res_time: 17:29:30.08 | latency:  16.33 s | tokens: 25 | gen_time: 0.070 s | tok/s: 358.01
Request 153 | res_time: 17:29:30.17 | latency:  15.37 s | tokens: 25 | gen_time: 0.070 s | tok/s: 357.21
Request 154 | res_time: 17:29:30.26 | latency:  16.05 s | tokens: 25 | gen_time: 0.070 s | tok/s: 357.45
Request 155 | res_time: 17:29:30.35 | latency:  15.85 s | tokens: 25 | gen_time: 0.070 s | tok/s: 356.03
Request 156 | res_time: 17:29:30.44 | latency:  16.47 s | tokens: 25 | gen_time: 0.070 s | tok/s: 355.78
Request 157 | res_time: 17:29:30.54 | latency:  16.56 s | tokens: 25 | gen_time: 0.070 s | tok/s: 355.69
Request 158 | res_time: 17:29:30.63 | latency:  16.13 s | tokens: 25 | gen_time: 0.070 s | tok/s: 356.19
Request 159 | res_time: 17:29:30.72 | latency:  16.22 s | tokens: 25 | gen_time: 0.070 s | tok/s: 356.21
Request 160 | res_time: 17:29:30.81 | latency:  16.48 s | tokens: 25 | gen_time: 0.070 s | tok/s: 356.58
Request 161 | res_time: 17:29:30.90 | latency:  16.06 s | tokens: 25 | gen_time: 0.070 s | tok/s: 356.53
Request 162 | res_time: 17:29:30.99 | latency:  16.66 s | tokens: 25 | gen_time: 0.070 s | tok/s: 357.77
Request 163 | res_time: 17:29:31.08 | latency:  17.12 s | tokens: 25 | gen_time: 0.070 s | tok/s: 358.57
Request 164 | res_time: 17:29:31.17 | latency:  16.84 s | tokens: 25 | gen_time: 0.070 s | tok/s: 358.79
Request 165 | res_time: 17:29:31.27 | latency:  16.29 s | tokens: 25 | gen_time: 0.070 s | tok/s: 358.62
Request 166 | res_time: 17:29:31.36 | latency:  17.39 s | tokens: 25 | gen_time: 0.070 s | tok/s: 357.26
Request 167 | res_time: 17:29:31.45 | latency:  17.11 s | tokens: 25 | gen_time: 0.070 s | tok/s: 358.32
Request 168 | res_time: 17:29:31.54 | latency:  17.74 s | tokens: 25 | gen_time: 0.070 s | tok/s: 356.41
Request 169 | res_time: 17:29:31.63 | latency:  17.13 s | tokens: 25 | gen_time: 0.070 s | tok/s: 357.10
Request 170 | res_time: 17:29:31.72 | latency:  17.78 s | tokens: 25 | gen_time: 0.070 s | tok/s: 358.54
Request 171 | res_time: 17:29:31.81 | latency:  17.48 s | tokens: 25 | gen_time: 0.070 s | tok/s: 356.88
Request 172 | res_time: 17:29:31.91 | latency:  16.84 s | tokens: 25 | gen_time: 0.070 s | tok/s: 359.25
Request 173 | res_time: 17:29:32.00 | latency:  18.20 s | tokens: 25 | gen_time: 0.070 s | tok/s: 358.12
Request 174 | res_time: 17:29:32.09 | latency:  17.75 s | tokens: 25 | gen_time: 0.070 s | tok/s: 359.36
Request 175 | res_time: 17:29:32.18 | latency:  18.27 s | tokens: 25 | gen_time: 0.070 s | tok/s: 357.73
Request 176 | res_time: 17:29:32.27 | latency:  17.60 s | tokens: 25 | gen_time: 0.070 s | tok/s: 356.27
Request 177 | res_time: 17:29:32.36 | latency:  18.03 s | tokens: 25 | gen_time: 0.070 s | tok/s: 357.21
Request 178 | res_time: 17:29:32.45 | latency:  17.71 s | tokens: 25 | gen_time: 0.070 s | tok/s: 358.09
Request 179 | res_time: 17:29:32.54 | latency:  18.08 s | tokens: 25 | gen_time: 0.070 s | tok/s: 359.65
Request 180 | res_time: 17:29:32.64 | latency:  17.74 s | tokens: 25 | gen_time: 0.070 s | tok/s: 355.81
Request 181 | res_time: 17:29:32.73 | latency:  18.35 s | tokens: 25 | gen_time: 0.070 s | tok/s: 357.77
Request 182 | res_time: 17:29:32.82 | latency:  18.48 s | tokens: 25 | gen_time: 0.070 s | tok/s: 356.04
Request 183 | res_time: 17:29:32.91 | latency:  18.58 s | tokens: 25 | gen_time: 0.070 s | tok/s: 355.02
Request 184 | res_time: 17:29:33.00 | latency:  19.01 s | tokens: 25 | gen_time: 0.070 s | tok/s: 357.88
Request 185 | res_time: 17:29:33.09 | latency:  19.04 s | tokens: 25 | gen_time: 0.070 s | tok/s: 356.77
Request 186 | res_time: 17:29:33.18 | latency:  18.30 s | tokens: 25 | gen_time: 0.070 s | tok/s: 356.87
Request 187 | res_time: 17:29:33.28 | latency:  18.94 s | tokens: 25 | gen_time: 0.070 s | tok/s: 357.67
Request 188 | res_time: 17:29:33.37 | latency:  19.03 s | tokens: 25 | gen_time: 0.070 s | tok/s: 359.07
Request 189 | res_time: 17:29:33.46 | latency:  18.24 s | tokens: 25 | gen_time: 0.070 s | tok/s: 356.01
Request 190 | res_time: 17:29:33.55 | latency:  18.64 s | tokens: 25 | gen_time: 0.070 s | tok/s: 357.56
Request 191 | res_time: 17:29:33.64 | latency:  19.26 s | tokens: 25 | gen_time: 0.070 s | tok/s: 358.89
Request 192 | res_time: 17:29:33.73 | latency:  19.40 s | tokens: 25 | gen_time: 0.070 s | tok/s: 358.20
Request 193 | res_time: 17:29:33.82 | latency:  19.49 s | tokens: 25 | gen_time: 0.070 s | tok/s: 358.57
Request 194 | res_time: 17:29:33.91 | latency:  19.57 s | tokens: 25 | gen_time: 0.071 s | tok/s: 354.30
Request 195 | res_time: 17:29:34.00 | latency:  19.67 s | tokens: 25 | gen_time: 0.070 s | tok/s: 358.21
Request 196 | res_time: 17:29:34.10 | latency:  19.69 s | tokens: 25 | gen_time: 0.070 s | tok/s: 354.94
Request 197 | res_time: 17:29:34.19 | latency:  19.85 s | tokens: 25 | gen_time: 0.070 s | tok/s: 357.38
Request 198 | res_time: 17:29:34.28 | latency:  19.88 s | tokens: 25 | gen_time: 0.070 s | tok/s: 355.89
Request 199 | res_time: 17:29:34.37 | latency:  18.98 s | tokens: 25 | gen_time: 0.070 s | tok/s: 356.81
Request 200 | res_time: 17:29:34.46 | latency:  20.02 s | tokens: 25 | gen_time: 0.070 s | tok/s: 357.50
Request 201 | res_time: 17:29:34.55 | latency:  20.22 s | tokens: 25 | gen_time: 0.070 s | tok/s: 355.91
Request 202 | res_time: 17:29:34.64 | latency:  20.31 s | tokens: 25 | gen_time: 0.070 s | tok/s: 357.19
Request 203 | res_time: 17:29:34.74 | latency:  20.84 s | tokens: 25 | gen_time: 0.070 s | tok/s: 355.30
Request 204 | res_time: 17:29:34.83 | latency:  20.42 s | tokens: 25 | gen_time: 0.070 s | tok/s: 356.24
Request 205 | res_time: 17:29:34.92 | latency:  20.58 s | tokens: 25 | gen_time: 0.070 s | tok/s: 358.76
Request 206 | res_time: 17:29:35.01 | latency:  20.99 s | tokens: 25 | gen_time: 0.070 s | tok/s: 357.44
Request 207 | res_time: 17:29:35.10 | latency:  19.95 s | tokens: 25 | gen_time: 0.070 s | tok/s: 358.25
Request 208 | res_time: 17:29:35.19 | latency:  19.83 s | tokens: 25 | gen_time: 0.070 s | tok/s: 354.73
Request 209 | res_time: 17:29:35.28 | latency:  20.31 s | tokens: 25 | gen_time: 0.070 s | tok/s: 358.72
Request 210 | res_time: 17:29:35.38 | latency:  20.90 s | tokens: 25 | gen_time: 0.070 s | tok/s: 355.82
Request 211 | res_time: 17:29:35.47 | latency:  21.19 s | tokens: 25 | gen_time: 0.070 s | tok/s: 357.65
Request 212 | res_time: 17:29:35.56 | latency:  20.54 s | tokens: 25 | gen_time: 0.070 s | tok/s: 358.17
Request 213 | res_time: 17:29:35.65 | latency:  21.32 s | tokens: 25 | gen_time: 0.070 s | tok/s: 357.99
Request 214 | res_time: 17:29:35.74 | latency:  21.94 s | tokens: 25 | gen_time: 0.070 s | tok/s: 355.61
Request 215 | res_time: 17:29:35.83 | latency:  21.50 s | tokens: 25 | gen_time: 0.070 s | tok/s: 358.67
Request 216 | res_time: 17:29:35.92 | latency:  20.67 s | tokens: 25 | gen_time: 0.070 s | tok/s: 357.48
Request 217 | res_time: 17:29:36.01 | latency:  21.70 s | tokens: 25 | gen_time: 0.070 s | tok/s: 355.03
Request 218 | res_time: 17:29:36.11 | latency:  21.68 s | tokens: 25 | gen_time: 0.070 s | tok/s: 358.52
Request 219 | res_time: 17:29:36.20 | latency:  21.27 s | tokens: 25 | gen_time: 0.070 s | tok/s: 357.58
Request 220 | res_time: 17:29:36.29 | latency:  20.89 s | tokens: 25 | gen_time: 0.070 s | tok/s: 357.77
Request 221 | res_time: 17:29:36.38 | latency:  22.41 s | tokens: 25 | gen_time: 0.070 s | tok/s: 357.91
Request 222 | res_time: 17:29:36.47 | latency:  21.99 s | tokens: 25 | gen_time: 0.070 s | tok/s: 359.27
Request 223 | res_time: 17:29:36.56 | latency:  20.79 s | tokens: 25 | gen_time: 0.070 s | tok/s: 357.70
Request 224 | res_time: 17:29:36.65 | latency:  22.16 s | tokens: 25 | gen_time: 0.070 s | tok/s: 356.87
Request 225 | res_time: 17:29:36.74 | latency:  22.41 s | tokens: 25 | gen_time: 0.070 s | tok/s: 356.39
Request 226 | res_time: 17:29:36.83 | latency:  22.87 s | tokens: 25 | gen_time: 0.070 s | tok/s: 358.41
Request 227 | res_time: 17:29:36.93 | latency:  22.61 s | tokens: 25 | gen_time: 0.069 s | tok/s: 359.91
Request 228 | res_time: 17:29:37.02 | latency:  21.75 s | tokens: 25 | gen_time: 0.070 s | tok/s: 356.39
Request 229 | res_time: 17:29:37.11 | latency:  22.76 s | tokens: 25 | gen_time: 0.070 s | tok/s: 354.75
Request 230 | res_time: 17:29:37.20 | latency:  22.87 s | tokens: 25 | gen_time: 0.070 s | tok/s: 358.61
Request 231 | res_time: 17:29:37.29 | latency:  22.95 s | tokens: 25 | gen_time: 0.070 s | tok/s: 358.66
Request 232 | res_time: 17:29:37.38 | latency:  22.38 s | tokens: 25 | gen_time: 0.070 s | tok/s: 356.01
Request 233 | res_time: 17:29:37.47 | latency:  23.14 s | tokens: 25 | gen_time: 0.070 s | tok/s: 358.67
Request 234 | res_time: 17:29:37.56 | latency:  23.23 s | tokens: 25 | gen_time: 0.070 s | tok/s: 358.82
Request 235 | res_time: 17:29:37.66 | latency:  23.60 s | tokens: 25 | gen_time: 0.070 s | tok/s: 356.61
Request 236 | res_time: 17:29:37.75 | latency:  22.96 s | tokens: 25 | gen_time: 0.070 s | tok/s: 357.26
Request 237 | res_time: 17:29:37.84 | latency:  23.43 s | tokens: 25 | gen_time: 0.070 s | tok/s: 358.63
Request 238 | res_time: 17:29:37.93 | latency:  23.43 s | tokens: 25 | gen_time: 0.070 s | tok/s: 355.84
Request 239 | res_time: 17:29:38.02 | latency:  22.98 s | tokens: 25 | gen_time: 0.070 s | tok/s: 357.67
Request 240 | res_time: 17:29:38.11 | latency:  23.78 s | tokens: 25 | gen_time: 0.070 s | tok/s: 355.14
Request 241 | res_time: 17:29:38.20 | latency:  24.01 s | tokens: 25 | gen_time: 0.070 s | tok/s: 356.30
Request 242 | res_time: 17:29:38.30 | latency:  23.19 s | tokens: 25 | gen_time: 0.070 s | tok/s: 359.41
Request 243 | res_time: 17:29:38.39 | latency:  24.05 s | tokens: 25 | gen_time: 0.070 s | tok/s: 358.16
Request 244 | res_time: 17:29:38.48 | latency:  24.11 s | tokens: 25 | gen_time: 0.070 s | tok/s: 356.51
Request 245 | res_time: 17:29:38.57 | latency:  24.24 s | tokens: 25 | gen_time: 0.070 s | tok/s: 358.81
Request 246 | res_time: 17:29:38.66 | latency:  24.16 s | tokens: 25 | gen_time: 0.070 s | tok/s: 354.79
Request 247 | res_time: 17:29:38.75 | latency:  24.39 s | tokens: 25 | gen_time: 0.070 s | tok/s: 354.96
Request 248 | res_time: 17:29:38.84 | latency:  24.90 s | tokens: 25 | gen_time: 0.070 s | tok/s: 359.48
Request 249 | res_time: 17:29:38.93 | latency:  24.88 s | tokens: 25 | gen_time: 0.070 s | tok/s: 356.84
Request 250 | res_time: 17:29:39.03 | latency:  24.69 s | tokens: 25 | gen_time: 0.070 s | tok/s: 356.04
Request 251 | res_time: 17:29:39.12 | latency:  24.62 s | tokens: 25 | gen_time: 0.070 s | tok/s: 359.05
Request 252 | res_time: 17:29:39.21 | latency:  24.87 s | tokens: 25 | gen_time: 0.070 s | tok/s: 357.29
Request 253 | res_time: 17:29:39.30 | latency:  24.19 s | tokens: 25 | gen_time: 0.070 s | tok/s: 357.90
Request 254 | res_time: 17:29:39.39 | latency:  24.89 s | tokens: 25 | gen_time: 0.070 s | tok/s: 358.27
Request 255 | res_time: 17:29:39.48 | latency:  25.15 s | tokens: 25 | gen_time: 0.070 s | tok/s: 359.09
Request 256 | res_time: 17:29:39.57 | latency:  25.35 s | tokens: 25 | gen_time: 0.070 s | tok/s: 357.37
Request 257 | res_time: 17:29:39.66 | latency:  24.88 s | tokens: 25 | gen_time: 0.070 s | tok/s: 359.21
Request 258 | res_time: 17:29:39.75 | latency:  24.85 s | tokens: 25 | gen_time: 0.070 s | tok/s: 357.66
Request 259 | res_time: 17:29:39.85 | latency:  25.51 s | tokens: 25 | gen_time: 0.070 s | tok/s: 355.64
Request 260 | res_time: 17:29:39.94 | latency:  25.60 s | tokens: 25 | gen_time: 0.070 s | tok/s: 358.23
Request 261 | res_time: 17:29:40.03 | latency:  25.53 s | tokens: 25 | gen_time: 0.070 s | tok/s: 356.80
Request 262 | res_time: 17:29:40.12 | latency:  26.14 s | tokens: 25 | gen_time: 0.070 s | tok/s: 357.92
Request 263 | res_time: 17:29:40.21 | latency:  25.71 s | tokens: 25 | gen_time: 0.070 s | tok/s: 356.08
Request 264 | res_time: 17:29:40.31 | latency:  25.97 s | tokens: 25 | gen_time: 0.071 s | tok/s: 354.26
Request 265 | res_time: 17:29:40.40 | latency:  25.90 s | tokens: 25 | gen_time: 0.070 s | tok/s: 356.04
Request 266 | res_time: 17:29:40.49 | latency:  25.99 s | tokens: 25 | gen_time: 0.070 s | tok/s: 356.78
Request 267 | res_time: 17:29:40.58 | latency:  26.09 s | tokens: 25 | gen_time: 0.070 s | tok/s: 356.18
Request 268 | res_time: 17:29:40.67 | latency:  25.43 s | tokens: 25 | gen_time: 0.070 s | tok/s: 358.73
Request 269 | res_time: 17:29:40.76 | latency:  26.43 s | tokens: 25 | gen_time: 0.070 s | tok/s: 356.27
Request 270 | res_time: 17:29:40.86 | latency:  26.39 s | tokens: 25 | gen_time: 0.070 s | tok/s: 358.88
Request 271 | res_time: 17:29:40.95 | latency:  26.62 s | tokens: 25 | gen_time: 0.070 s | tok/s: 357.49
Request 272 | res_time: 17:29:41.04 | latency:  27.24 s | tokens: 25 | gen_time: 0.070 s | tok/s: 357.37
Request 273 | res_time: 17:29:41.13 | latency:  27.11 s | tokens: 25 | gen_time: 0.070 s | tok/s: 357.69
Request 274 | res_time: 17:29:41.22 | latency:  26.43 s | tokens: 25 | gen_time: 0.070 s | tok/s: 358.42
Request 275 | res_time: 17:29:41.31 | latency:  27.36 s | tokens: 25 | gen_time: 0.070 s | tok/s: 356.43
Request 276 | res_time: 17:29:41.40 | latency:  26.53 s | tokens: 25 | gen_time: 0.070 s | tok/s: 359.09
Request 277 | res_time: 17:29:41.49 | latency:  27.17 s | tokens: 25 | gen_time: 0.070 s | tok/s: 357.56
Request 278 | res_time: 17:29:41.59 | latency:  27.09 s | tokens: 25 | gen_time: 0.070 s | tok/s: 357.59
Request 279 | res_time: 17:29:41.68 | latency:  27.34 s | tokens: 25 | gen_time: 0.070 s | tok/s: 356.03
Request 280 | res_time: 17:29:41.77 | latency:  27.40 s | tokens: 25 | gen_time: 0.070 s | tok/s: 357.03
Request 281 | res_time: 17:29:41.86 | latency:  26.67 s | tokens: 25 | gen_time: 0.070 s | tok/s: 356.24
Request 282 | res_time: 17:29:41.95 | latency:  28.03 s | tokens: 25 | gen_time: 0.070 s | tok/s: 357.74
Request 283 | res_time: 17:29:42.04 | latency:  28.07 s | tokens: 25 | gen_time: 0.070 s | tok/s: 357.93
Request 284 | res_time: 17:29:42.13 | latency:  27.64 s | tokens: 25 | gen_time: 0.070 s | tok/s: 358.72
Request 285 | res_time: 17:29:42.23 | latency:  27.89 s | tokens: 25 | gen_time: 0.070 s | tok/s: 357.44
Request 286 | res_time: 17:29:42.32 | latency:  28.37 s | tokens: 25 | gen_time: 0.070 s | tok/s: 355.04
Request 287 | res_time: 17:29:42.41 | latency:  27.91 s | tokens: 25 | gen_time: 0.070 s | tok/s: 356.29
Request 288 | res_time: 17:29:42.50 | latency:  28.18 s | tokens: 25 | gen_time: 0.070 s | tok/s: 357.47
Request 289 | res_time: 17:29:42.59 | latency:  28.09 s | tokens: 25 | gen_time: 0.070 s | tok/s: 359.23
Request 290 | res_time: 17:29:42.68 | latency:  28.31 s | tokens: 25 | gen_time: 0.070 s | tok/s: 359.39
Request 291 | res_time: 17:29:42.77 | latency:  28.27 s | tokens: 25 | gen_time: 0.070 s | tok/s: 358.92
Request 292 | res_time: 17:29:42.86 | latency:  28.37 s | tokens: 25 | gen_time: 0.070 s | tok/s: 355.64
Request 293 | res_time: 17:29:42.96 | latency:  28.46 s | tokens: 25 | gen_time: 0.070 s | tok/s: 356.55
Request 294 | res_time: 17:29:43.05 | latency:  28.70 s | tokens: 25 | gen_time: 0.070 s | tok/s: 357.43
Request 295 | res_time: 17:29:43.14 | latency:  27.81 s | tokens: 25 | gen_time: 0.070 s | tok/s: 356.39
Request 296 | res_time: 17:29:43.23 | latency:  28.90 s | tokens: 25 | gen_time: 0.070 s | tok/s: 357.35
Request 297 | res_time: 17:29:43.32 | latency:  27.99 s | tokens: 25 | gen_time: 0.070 s | tok/s: 357.62
Request 298 | res_time: 17:29:43.41 | latency:  28.99 s | tokens: 25 | gen_time: 0.070 s | tok/s: 359.21
Request 299 | res_time: 17:29:43.50 | latency:  28.15 s | tokens: 25 | gen_time: 0.070 s | tok/s: 358.01
Request 300 | res_time: 17:29:43.59 | latency:  29.10 s | tokens: 25 | gen_time: 0.070 s | tok/s: 356.48

--- TEST CONFIGURATION ---
MIG Config: all-3g.20gb
Ollama Replicas: 1
Total requests: 300
Concurrency: 300
Requested output tokens (effort): 25

Total tokens: 7500
Wall time (s): 29.86
GPU time (s): 21.00

--- REQUEST METRICS ---
Throughput REAL (tok/s): 251.16
Throughput GPU (tok/s): 357.21
Avg tokens/sec per request: 357.22
Latency avg (ms): 15559.76
Latency p95 (ms): 27992.87

--- GPU TELEMETRY CAPTURE ---
Quality: good
First active sample delay: 5.95 s
Observed GPU episode duration: 40.00 s
Active telemetry samples: 7

--- GPU UTILIZATION AND MEMORY ---
Workload-normalized physical GPU SM utilization: 29.42%
Observed-episode physical GPU SM avg: 21.97%
Physical GPU SM peak: 32.12%
Workload-normalized configured MIG SM utilization: 34.33%
Workload-normalized physical GPU DRAM activity: 9.82%
Framebuffer used avg: 1265.00 MiB
Physical framebuffer utilization avg: 3.09%

--- POWER, ENERGY, AND USEFUL WORK ---
Idle power avg: 117.54 W
Workload-equivalent power avg: 132.76 W
Observed-episode power avg: 120.62 W
Power p95: 136.78 W
Energy: 1.101253 Wh
Dynamic energy above idle: 454.500 J
Energy per generated token: 0.528601 J/token
Generated tokens per joule: 1.891785 token/J
Power-SM Pearson correlation: 0.9282

Run appended to CSV table: /home/gianluca/workspace/k8s-mig-dra/experiment-ollama-new/results/results_table.csv
Per-request stats appended to CSV table: results/result-20260917-172913-598-all-3g.20gb-replicas1-25.csv
GPU time series written to: /home/gianluca/workspace/k8s-mig-dra/experiment-ollama-new/results/gpu-metrics.csv
Run summary written to: /home/gianluca/workspace/k8s-mig-dra/experiment-ollama-new/results/run-summary.json
