[17:11:26] Starting load test
[17:11:26] MIG Config: all-7g.40gb
[17:11:26] Ollama Replicas: 7
[17:11:26] Total requests: 300
[17:11:26] Concurrency: 300
[17:11:26] Output tokens (effort): 25
[17:11:26] Prometheus URL: http://10.146.0.55:30090
[17:11:26] DCGM/Prometheus nominal sample interval: 5s
[17:11:26] Delayed activity wait timeout: 25s
[17:11:26] Checking required DCGM metrics
Prometheus preflight OK (DCGM_FI_PROF_GR_ENGINE_ACTIVE=1, DCGM_FI_PROF_DRAM_ACTIVE=1, DCGM_FI_DEV_FB_USED=1, DCGM_FI_DEV_FB_FREE=1, DCGM_FI_DEV_POWER_USAGE=1)
[17:11:26] REQUEST: 1 - STARTED in background (active_jobs=1)
[17:11:26] REQUEST: 2 - STARTED in background (active_jobs=2)
[17:11:26] REQUEST: 3 - STARTED in background (active_jobs=3)
[17:11:26] REQUEST: 4 - STARTED in background (active_jobs=4)
[17:11:26] REQUEST: 5 - STARTED in background (active_jobs=5)
[17:11:26] REQUEST: 6 - STARTED in background (active_jobs=6)
[17:11:26] REQUEST: 7 - STARTED in background (active_jobs=7)
[17:11:26] REQUEST: 8 - STARTED in background (active_jobs=8)
[17:11:26] REQUEST: 9 - STARTED in background (active_jobs=9)
[17:11:26] REQUEST: 10 - STARTED in background (active_jobs=10)
[17:11:26] REQUEST: 11 - STARTED in background (active_jobs=11)
[17:11:26] REQUEST: 12 - STARTED in background (active_jobs=12)
[17:11:26] REQUEST: 13 - STARTED in background (active_jobs=13)
[17:11:26] REQUEST: 14 - STARTED in background (active_jobs=14)
[17:11:26] REQUEST: 15 - STARTED in background (active_jobs=15)
[17:11:26] REQUEST: 16 - STARTED in background (active_jobs=16)
[17:11:26] REQUEST: 17 - STARTED in background (active_jobs=17)
[17:11:26] REQUEST: 18 - STARTED in background (active_jobs=18)
[17:11:26] REQUEST: 19 - STARTED in background (active_jobs=19)
[17:11:26] REQUEST: 20 - STARTED in background (active_jobs=20)
[17:11:26] REQUEST: 21 - STARTED in background (active_jobs=21)
[17:11:26] REQUEST: 22 - STARTED in background (active_jobs=22)
[17:11:26] REQUEST: 23 - STARTED in background (active_jobs=23)
[17:11:26] REQUEST: 24 - STARTED in background (active_jobs=24)
[17:11:26] REQUEST: 25 - STARTED in background (active_jobs=25)
[17:11:26] REQUEST: 26 - STARTED in background (active_jobs=26)
[17:11:26] REQUEST: 27 - STARTED in background (active_jobs=27)
[17:11:26] REQUEST: 28 - STARTED in background (active_jobs=28)
[17:11:26] REQUEST: 29 - STARTED in background (active_jobs=29)
[17:11:26] REQUEST: 30 - STARTED in background (active_jobs=30)
[17:11:26] REQUEST: 31 - STARTED in background (active_jobs=31)
[17:11:26] REQUEST: 32 - STARTED in background (active_jobs=32)
[17:11:26] REQUEST: 33 - STARTED in background (active_jobs=33)
[17:11:26] REQUEST: 34 - STARTED in background (active_jobs=34)
[17:11:26] REQUEST: 35 - STARTED in background (active_jobs=35)
[17:11:26] REQUEST: 36 - STARTED in background (active_jobs=36)
[17:11:26] REQUEST: 37 - STARTED in background (active_jobs=37)
[17:11:26] REQUEST: 38 - STARTED in background (active_jobs=38)
[17:11:26] REQUEST: 39 - STARTED in background (active_jobs=39)
[17:11:26] REQUEST: 40 - STARTED in background (active_jobs=40)
[17:11:26] REQUEST: 41 - STARTED in background (active_jobs=41)
[17:11:26] REQUEST: 42 - STARTED in background (active_jobs=42)
[17:11:26] REQUEST: 43 - STARTED in background (active_jobs=43)
[17:11:26] REQUEST: 44 - STARTED in background (active_jobs=44)
[17:11:26] REQUEST: 45 - STARTED in background (active_jobs=45)
[17:11:26] REQUEST: 46 - STARTED in background (active_jobs=46)
[17:11:26] REQUEST: 47 - STARTED in background (active_jobs=47)
[17:11:26] REQUEST: 48 - STARTED in background (active_jobs=48)
[17:11:26] REQUEST: 49 - STARTED in background (active_jobs=49)
[17:11:26] REQUEST: 50 - STARTED in background (active_jobs=50)
[17:11:26] REQUEST: 51 - STARTED in background (active_jobs=51)
[17:11:26] REQUEST: 52 - STARTED in background (active_jobs=52)
[17:11:26] REQUEST: 53 - STARTED in background (active_jobs=53)
[17:11:26] REQUEST: 54 - STARTED in background (active_jobs=54)
[17:11:26] REQUEST: 55 - STARTED in background (active_jobs=55)
[17:11:26] REQUEST: 56 - STARTED in background (active_jobs=56)
[17:11:26] REQUEST: 57 - STARTED in background (active_jobs=57)
[17:11:26] REQUEST: 58 - STARTED in background (active_jobs=58)
[17:11:26] REQUEST: 59 - STARTED in background (active_jobs=59)
[17:11:26] REQUEST: 60 - STARTED in background (active_jobs=60)
[17:11:26] REQUEST: 61 - STARTED in background (active_jobs=61)
[17:11:26] REQUEST: 62 - STARTED in background (active_jobs=62)
[17:11:26] REQUEST: 63 - STARTED in background (active_jobs=63)
[17:11:26] REQUEST: 64 - STARTED in background (active_jobs=64)
[17:11:26] REQUEST: 65 - STARTED in background (active_jobs=65)
[17:11:26] REQUEST: 66 - STARTED in background (active_jobs=66)
[17:11:26] REQUEST: 67 - STARTED in background (active_jobs=67)
[17:11:26] REQUEST: 68 - STARTED in background (active_jobs=68)
[17:11:26] REQUEST: 69 - STARTED in background (active_jobs=69)
[17:11:26] REQUEST: 70 - STARTED in background (active_jobs=70)
[17:11:26] REQUEST: 71 - STARTED in background (active_jobs=71)
[17:11:26] REQUEST: 72 - STARTED in background (active_jobs=72)
[17:11:26] REQUEST: 73 - STARTED in background (active_jobs=73)
[17:11:26] REQUEST: 74 - STARTED in background (active_jobs=74)
[17:11:26] REQUEST: 75 - STARTED in background (active_jobs=75)
[17:11:26] REQUEST: 76 - STARTED in background (active_jobs=76)
[17:11:26] REQUEST: 77 - STARTED in background (active_jobs=77)
[17:11:26] REQUEST: 78 - STARTED in background (active_jobs=78)
[17:11:26] REQUEST: 79 - STARTED in background (active_jobs=79)
[17:11:26] REQUEST: 80 - STARTED in background (active_jobs=80)
[17:11:26] REQUEST: 81 - STARTED in background (active_jobs=81)
[17:11:26] REQUEST: 82 - STARTED in background (active_jobs=82)
[17:11:26] REQUEST: 83 - STARTED in background (active_jobs=83)
[17:11:26] REQUEST: 84 - STARTED in background (active_jobs=84)
[17:11:26] REQUEST: 85 - STARTED in background (active_jobs=85)
[17:11:26] REQUEST: 86 - STARTED in background (active_jobs=86)
[17:11:26] REQUEST: 87 - STARTED in background (active_jobs=87)
[17:11:26] REQUEST: 88 - STARTED in background (active_jobs=88)
[17:11:26] REQUEST: 89 - STARTED in background (active_jobs=89)
[17:11:26] REQUEST: 90 - STARTED in background (active_jobs=90)
[17:11:26] REQUEST: 91 - STARTED in background (active_jobs=91)
[17:11:26] REQUEST: 92 - STARTED in background (active_jobs=92)
[17:11:26] REQUEST: 93 - STARTED in background (active_jobs=93)
[17:11:26] REQUEST: 94 - STARTED in background (active_jobs=94)
[17:11:26] REQUEST: 95 - STARTED in background (active_jobs=95)
[17:11:26] REQUEST: 96 - STARTED in background (active_jobs=96)
[17:11:26] REQUEST: 97 - STARTED in background (active_jobs=97)
[17:11:26] REQUEST: 98 - STARTED in background (active_jobs=98)
[17:11:26] REQUEST: 99 - STARTED in background (active_jobs=99)
[17:11:26] REQUEST: 100 - STARTED in background (active_jobs=100)
[17:11:26] REQUEST: 101 - STARTED in background (active_jobs=101)
[17:11:26] REQUEST: 102 - STARTED in background (active_jobs=102)
[17:11:26] REQUEST: 103 - STARTED in background (active_jobs=103)
[17:11:26] REQUEST: 104 - STARTED in background (active_jobs=104)
[17:11:26] REQUEST: 105 - STARTED in background (active_jobs=105)
[17:11:27] REQUEST: 106 - STARTED in background (active_jobs=106)
[17:11:27] REQUEST: 107 - STARTED in background (active_jobs=107)
[17:11:27] REQUEST: 108 - STARTED in background (active_jobs=108)
[17:11:27] REQUEST: 109 - STARTED in background (active_jobs=109)
[17:11:27] REQUEST: 110 - STARTED in background (active_jobs=110)
[17:11:27] REQUEST: 111 - STARTED in background (active_jobs=111)
[17:11:27] REQUEST: 112 - STARTED in background (active_jobs=112)
[17:11:27] REQUEST: 113 - STARTED in background (active_jobs=113)
[17:11:27] REQUEST: 114 - STARTED in background (active_jobs=114)
[17:11:27] REQUEST: 115 - STARTED in background (active_jobs=115)
[17:11:27] REQUEST: 116 - STARTED in background (active_jobs=116)
[17:11:27] REQUEST: 117 - STARTED in background (active_jobs=117)
[17:11:27] REQUEST: 118 - STARTED in background (active_jobs=118)
[17:11:27] REQUEST: 119 - STARTED in background (active_jobs=119)
[17:11:27] REQUEST: 120 - STARTED in background (active_jobs=120)
[17:11:27] REQUEST: 121 - STARTED in background (active_jobs=121)
[17:11:27] REQUEST: 122 - STARTED in background (active_jobs=122)
[17:11:27] REQUEST: 123 - STARTED in background (active_jobs=123)
[17:11:27] REQUEST: 124 - STARTED in background (active_jobs=124)
[17:11:27] REQUEST: 125 - STARTED in background (active_jobs=125)
[17:11:27] REQUEST: 126 - STARTED in background (active_jobs=126)
[17:11:27] REQUEST: 127 - STARTED in background (active_jobs=127)
[17:11:27] REQUEST: 2 - COMPLETED
[17:11:27] REQUEST: 128 - STARTED in background (active_jobs=128)
[17:11:27] REQUEST: 129 - STARTED in background (active_jobs=129)
[17:11:27] REQUEST: 130 - STARTED in background (active_jobs=130)
[17:11:27] REQUEST: 131 - STARTED in background (active_jobs=131)
[17:11:27] REQUEST: 132 - STARTED in background (active_jobs=132)
[17:11:27] REQUEST: 133 - STARTED in background (active_jobs=133)
[17:11:27] REQUEST: 134 - STARTED in background (active_jobs=134)
[17:11:27] REQUEST: 135 - STARTED in background (active_jobs=135)
[17:11:27] REQUEST: 136 - STARTED in background (active_jobs=136)
[17:11:27] REQUEST: 137 - STARTED in background (active_jobs=137)
[17:11:27] REQUEST: 138 - STARTED in background (active_jobs=138)
[17:11:27] REQUEST: 139 - STARTED in background (active_jobs=139)
[17:11:27] REQUEST: 140 - STARTED in background (active_jobs=140)
[17:11:27] REQUEST: 141 - STARTED in background (active_jobs=141)
[17:11:27] REQUEST: 142 - STARTED in background (active_jobs=142)
[17:11:27] REQUEST: 143 - STARTED in background (active_jobs=143)
[17:11:27] REQUEST: 144 - STARTED in background (active_jobs=144)
[17:11:27] REQUEST: 145 - STARTED in background (active_jobs=145)
[17:11:27] REQUEST: 146 - STARTED in background (active_jobs=146)
[17:11:27] REQUEST: 147 - STARTED in background (active_jobs=147)
[17:11:27] REQUEST: 148 - STARTED in background (active_jobs=148)
[17:11:27] REQUEST: 149 - STARTED in background (active_jobs=149)
[17:11:27] REQUEST: 150 - STARTED in background (active_jobs=150)
[17:11:27] REQUEST: 151 - STARTED in background (active_jobs=151)
[17:11:27] REQUEST: 152 - STARTED in background (active_jobs=152)
[17:11:27] REQUEST: 153 - STARTED in background (active_jobs=153)
[17:11:27] REQUEST: 154 - STARTED in background (active_jobs=154)
[17:11:27] REQUEST: 155 - STARTED in background (active_jobs=155)
[17:11:27] REQUEST: 156 - STARTED in background (active_jobs=156)
[17:11:27] REQUEST: 157 - STARTED in background (active_jobs=157)
[17:11:27] REQUEST: 158 - STARTED in background (active_jobs=158)
[17:11:27] REQUEST: 159 - STARTED in background (active_jobs=159)
[17:11:27] REQUEST: 160 - STARTED in background (active_jobs=160)
[17:11:27] REQUEST: 161 - STARTED in background (active_jobs=161)
[17:11:27] REQUEST: 162 - STARTED in background (active_jobs=162)
[17:11:27] REQUEST: 163 - STARTED in background (active_jobs=163)
[17:11:27] REQUEST: 164 - STARTED in background (active_jobs=164)
[17:11:27] REQUEST: 165 - STARTED in background (active_jobs=165)
[17:11:27] REQUEST: 166 - STARTED in background (active_jobs=166)
[17:11:27] REQUEST: 167 - STARTED in background (active_jobs=167)
[17:11:27] REQUEST: 168 - STARTED in background (active_jobs=168)
[17:11:27] REQUEST: 169 - STARTED in background (active_jobs=169)
[17:11:27] REQUEST: 170 - STARTED in background (active_jobs=170)
[17:11:27] REQUEST: 171 - STARTED in background (active_jobs=171)
[17:11:27] REQUEST: 172 - STARTED in background (active_jobs=172)
[17:11:27] REQUEST: 173 - STARTED in background (active_jobs=173)
[17:11:27] REQUEST: 174 - STARTED in background (active_jobs=174)
[17:11:27] REQUEST: 175 - STARTED in background (active_jobs=175)
[17:11:27] REQUEST: 176 - STARTED in background (active_jobs=176)
[17:11:27] REQUEST: 177 - STARTED in background (active_jobs=177)
[17:11:27] REQUEST: 178 - STARTED in background (active_jobs=178)
[17:11:27] REQUEST: 12 - COMPLETED
[17:11:27] REQUEST: 179 - STARTED in background (active_jobs=179)
[17:11:27] REQUEST: 180 - STARTED in background (active_jobs=180)
[17:11:27] REQUEST: 181 - STARTED in background (active_jobs=181)
[17:11:27] REQUEST: 182 - STARTED in background (active_jobs=182)
[17:11:27] REQUEST: 183 - STARTED in background (active_jobs=183)
[17:11:27] REQUEST: 184 - STARTED in background (active_jobs=184)
[17:11:27] REQUEST: 185 - STARTED in background (active_jobs=185)
[17:11:27] REQUEST: 186 - STARTED in background (active_jobs=186)
[17:11:27] REQUEST: 187 - STARTED in background (active_jobs=187)
[17:11:27] REQUEST: 188 - STARTED in background (active_jobs=188)
[17:11:27] REQUEST: 189 - STARTED in background (active_jobs=189)
[17:11:27] REQUEST: 190 - STARTED in background (active_jobs=190)
[17:11:27] REQUEST: 191 - STARTED in background (active_jobs=191)
[17:11:27] REQUEST: 192 - STARTED in background (active_jobs=192)
[17:11:27] REQUEST: 193 - STARTED in background (active_jobs=193)
[17:11:27] REQUEST: 194 - STARTED in background (active_jobs=194)
[17:11:27] REQUEST: 195 - STARTED in background (active_jobs=195)
[17:11:27] REQUEST: 196 - STARTED in background (active_jobs=196)
[17:11:27] REQUEST: 197 - STARTED in background (active_jobs=197)
[17:11:27] REQUEST: 198 - STARTED in background (active_jobs=198)
[17:11:27] REQUEST: 199 - STARTED in background (active_jobs=199)
[17:11:27] REQUEST: 200 - STARTED in background (active_jobs=200)
[17:11:27] REQUEST: 201 - STARTED in background (active_jobs=201)
[17:11:27] REQUEST: 202 - STARTED in background (active_jobs=202)
[17:11:27] REQUEST: 203 - STARTED in background (active_jobs=203)
[17:11:27] REQUEST: 3 - COMPLETED
[17:11:27] REQUEST: 204 - STARTED in background (active_jobs=204)
[17:11:27] REQUEST: 205 - STARTED in background (active_jobs=205)
[17:11:27] REQUEST: 206 - STARTED in background (active_jobs=206)
[17:11:27] REQUEST: 207 - STARTED in background (active_jobs=207)
[17:11:27] REQUEST: 208 - STARTED in background (active_jobs=208)
[17:11:27] REQUEST: 209 - STARTED in background (active_jobs=209)
[17:11:27] REQUEST: 210 - STARTED in background (active_jobs=210)
[17:11:27] REQUEST: 211 - STARTED in background (active_jobs=211)
[17:11:27] REQUEST: 212 - STARTED in background (active_jobs=212)
[17:11:27] REQUEST: 213 - STARTED in background (active_jobs=213)
[17:11:27] REQUEST: 214 - STARTED in background (active_jobs=214)
[17:11:27] REQUEST: 215 - STARTED in background (active_jobs=215)
[17:11:27] REQUEST: 216 - STARTED in background (active_jobs=216)
[17:11:27] REQUEST: 217 - STARTED in background (active_jobs=217)
[17:11:27] REQUEST: 218 - STARTED in background (active_jobs=218)
[17:11:27] REQUEST: 219 - STARTED in background (active_jobs=219)
[17:11:27] REQUEST: 220 - STARTED in background (active_jobs=220)
[17:11:27] REQUEST: 221 - STARTED in background (active_jobs=221)
[17:11:27] REQUEST: 222 - STARTED in background (active_jobs=222)
[17:11:27] REQUEST: 223 - STARTED in background (active_jobs=223)
[17:11:27] REQUEST: 224 - STARTED in background (active_jobs=224)
[17:11:27] REQUEST: 225 - STARTED in background (active_jobs=225)
[17:11:27] REQUEST: 226 - STARTED in background (active_jobs=226)
[17:11:27] REQUEST: 227 - STARTED in background (active_jobs=227)
[17:11:27] REQUEST: 228 - STARTED in background (active_jobs=228)
[17:11:27] REQUEST: 229 - STARTED in background (active_jobs=229)
[17:11:27] REQUEST: 230 - STARTED in background (active_jobs=230)
[17:11:27] REQUEST: 231 - STARTED in background (active_jobs=231)
[17:11:27] REQUEST: 232 - STARTED in background (active_jobs=232)
[17:11:27] REQUEST: 233 - STARTED in background (active_jobs=233)
[17:11:27] REQUEST: 234 - STARTED in background (active_jobs=234)
[17:11:27] REQUEST: 235 - STARTED in background (active_jobs=235)
[17:11:27] REQUEST: 236 - STARTED in background (active_jobs=236)
[17:11:27] REQUEST: 237 - STARTED in background (active_jobs=237)
[17:11:27] REQUEST: 238 - STARTED in background (active_jobs=238)
[17:11:27] REQUEST: 239 - STARTED in background (active_jobs=239)
[17:11:27] REQUEST: 240 - STARTED in background (active_jobs=240)
[17:11:27] REQUEST: 241 - STARTED in background (active_jobs=241)
[17:11:27] REQUEST: 242 - STARTED in background (active_jobs=242)
[17:11:27] REQUEST: 243 - STARTED in background (active_jobs=243)
[17:11:27] REQUEST: 244 - STARTED in background (active_jobs=244)
[17:11:27] REQUEST: 245 - STARTED in background (active_jobs=245)
[17:11:27] REQUEST: 246 - STARTED in background (active_jobs=246)
[17:11:27] REQUEST: 247 - STARTED in background (active_jobs=247)
[17:11:27] REQUEST: 248 - STARTED in background (active_jobs=248)
[17:11:27] REQUEST: 249 - STARTED in background (active_jobs=249)
[17:11:27] REQUEST: 250 - STARTED in background (active_jobs=250)
[17:11:27] REQUEST: 251 - STARTED in background (active_jobs=251)
[17:11:27] REQUEST: 252 - STARTED in background (active_jobs=252)
[17:11:27] REQUEST: 253 - STARTED in background (active_jobs=253)
[17:11:27] REQUEST: 254 - STARTED in background (active_jobs=254)
[17:11:27] REQUEST: 255 - STARTED in background (active_jobs=255)
[17:11:27] REQUEST: 256 - STARTED in background (active_jobs=256)
[17:11:27] REQUEST: 257 - STARTED in background (active_jobs=257)
[17:11:27] REQUEST: 258 - STARTED in background (active_jobs=258)
[17:11:27] REQUEST: 259 - STARTED in background (active_jobs=259)
[17:11:27] REQUEST: 260 - STARTED in background (active_jobs=260)
[17:11:27] REQUEST: 261 - STARTED in background (active_jobs=261)
[17:11:27] REQUEST: 262 - STARTED in background (active_jobs=262)
[17:11:27] REQUEST: 263 - STARTED in background (active_jobs=263)
[17:11:27] REQUEST: 264 - STARTED in background (active_jobs=264)
[17:11:27] REQUEST: 265 - STARTED in background (active_jobs=265)
[17:11:27] REQUEST: 266 - STARTED in background (active_jobs=266)
[17:11:27] REQUEST: 267 - STARTED in background (active_jobs=267)
[17:11:27] REQUEST: 268 - STARTED in background (active_jobs=268)
[17:11:27] REQUEST: 269 - STARTED in background (active_jobs=269)
[17:11:27] REQUEST: 270 - STARTED in background (active_jobs=270)
[17:11:27] REQUEST: 271 - STARTED in background (active_jobs=271)
[17:11:27] REQUEST: 272 - STARTED in background (active_jobs=272)
[17:11:27] REQUEST: 273 - STARTED in background (active_jobs=273)
[17:11:27] REQUEST: 274 - STARTED in background (active_jobs=274)
[17:11:27] REQUEST: 275 - STARTED in background (active_jobs=275)
[17:11:27] REQUEST: 276 - STARTED in background (active_jobs=276)
[17:11:27] REQUEST: 277 - STARTED in background (active_jobs=277)
[17:11:27] REQUEST: 5 - COMPLETED
[17:11:27] REQUEST: 278 - STARTED in background (active_jobs=278)
[17:11:27] REQUEST: 279 - STARTED in background (active_jobs=279)
[17:11:27] REQUEST: 280 - STARTED in background (active_jobs=280)
[17:11:27] REQUEST: 281 - STARTED in background (active_jobs=281)
[17:11:27] REQUEST: 282 - STARTED in background (active_jobs=282)
[17:11:27] REQUEST: 283 - STARTED in background (active_jobs=283)
[17:11:27] REQUEST: 284 - STARTED in background (active_jobs=284)
[17:11:27] REQUEST: 285 - STARTED in background (active_jobs=285)
[17:11:27] REQUEST: 286 - STARTED in background (active_jobs=286)
[17:11:27] REQUEST: 287 - STARTED in background (active_jobs=287)
[17:11:27] REQUEST: 288 - STARTED in background (active_jobs=288)
[17:11:27] REQUEST: 289 - STARTED in background (active_jobs=289)
[17:11:27] REQUEST: 290 - STARTED in background (active_jobs=290)
[17:11:27] REQUEST: 291 - STARTED in background (active_jobs=291)
[17:11:27] REQUEST: 292 - STARTED in background (active_jobs=292)
[17:11:27] REQUEST: 293 - STARTED in background (active_jobs=293)
[17:11:27] REQUEST: 294 - STARTED in background (active_jobs=294)
[17:11:27] REQUEST: 295 - STARTED in background (active_jobs=295)
[17:11:27] REQUEST: 296 - STARTED in background (active_jobs=296)
[17:11:27] REQUEST: 297 - STARTED in background (active_jobs=297)
[17:11:27] REQUEST: 298 - STARTED in background (active_jobs=298)
[17:11:27] REQUEST: 299 - STARTED in background (active_jobs=299)
[17:11:27] REQUEST: 300 - STARTED in background (active_jobs=300)
[17:11:27] WAITING -> active_jobs=300
[17:11:27] RESUMING -> a request finished (active_jobs=299)
[17:11:27] ALL REQUESTS LAUNCHED
[17:11:27] WAITING for remaining requests to finish (active_jobs=299)
[17:11:27] REQUEST COMPLETED -> remaining active_jobs=298
[17:11:27] WAITING for remaining requests to finish (active_jobs=298)
[17:11:27] REQUEST COMPLETED -> remaining active_jobs=297
[17:11:27] WAITING for remaining requests to finish (active_jobs=297)
[17:11:27] REQUEST COMPLETED -> remaining active_jobs=296
[17:11:27] WAITING for remaining requests to finish (active_jobs=296)
[17:11:27] REQUEST: 9 - COMPLETED
[17:11:27] REQUEST COMPLETED -> remaining active_jobs=295
[17:11:27] WAITING for remaining requests to finish (active_jobs=295)
[17:11:27] REQUEST: 15 - COMPLETED
[17:11:27] REQUEST COMPLETED -> remaining active_jobs=294
[17:11:27] WAITING for remaining requests to finish (active_jobs=294)
[17:11:28] REQUEST: 13 - COMPLETED
[17:11:28] REQUEST COMPLETED -> remaining active_jobs=293
[17:11:28] WAITING for remaining requests to finish (active_jobs=293)
[17:11:28] REQUEST: 41 - COMPLETED
[17:11:28] REQUEST COMPLETED -> remaining active_jobs=292
[17:11:28] WAITING for remaining requests to finish (active_jobs=292)
[17:11:28] REQUEST: 8 - COMPLETED
[17:11:28] REQUEST COMPLETED -> remaining active_jobs=291
[17:11:28] WAITING for remaining requests to finish (active_jobs=291)
[17:11:28] REQUEST: 40 - COMPLETED
[17:11:28] REQUEST COMPLETED -> remaining active_jobs=290
[17:11:28] WAITING for remaining requests to finish (active_jobs=290)
[17:11:28] REQUEST: 7 - COMPLETED
[17:11:28] REQUEST COMPLETED -> remaining active_jobs=289
[17:11:28] WAITING for remaining requests to finish (active_jobs=289)
[17:11:28] REQUEST: 10 - COMPLETED
[17:11:28] REQUEST COMPLETED -> remaining active_jobs=288
[17:11:28] REQUEST: 25 - COMPLETED
[17:11:28] WAITING for remaining requests to finish (active_jobs=288)
[17:11:28] REQUEST COMPLETED -> remaining active_jobs=287
[17:11:28] WAITING for remaining requests to finish (active_jobs=287)
[17:11:28] REQUEST: 70 - COMPLETED
[17:11:28] REQUEST: 34 - COMPLETED
[17:11:28] REQUEST COMPLETED -> remaining active_jobs=286
[17:11:28] WAITING for remaining requests to finish (active_jobs=286)
[17:11:28] REQUEST COMPLETED -> remaining active_jobs=285
[17:11:28] WAITING for remaining requests to finish (active_jobs=285)
[17:11:29] REQUEST: 14 - COMPLETED
[17:11:29] REQUEST COMPLETED -> remaining active_jobs=284
[17:11:29] WAITING for remaining requests to finish (active_jobs=284)
[17:11:29] REQUEST: 71 - COMPLETED
[17:11:29] REQUEST: 1 - COMPLETED
[17:11:29] REQUEST COMPLETED -> remaining active_jobs=283
[17:11:29] WAITING for remaining requests to finish (active_jobs=283)
[17:11:29] REQUEST COMPLETED -> remaining active_jobs=282
[17:11:29] WAITING for remaining requests to finish (active_jobs=282)
[17:11:29] REQUEST: 20 - COMPLETED
[17:11:29] REQUEST COMPLETED -> remaining active_jobs=281
[17:11:29] WAITING for remaining requests to finish (active_jobs=281)
[17:11:29] REQUEST: 39 - COMPLETED
[17:11:29] REQUEST COMPLETED -> remaining active_jobs=280
[17:11:29] WAITING for remaining requests to finish (active_jobs=280)
[17:11:29] REQUEST: 43 - COMPLETED
[17:11:29] REQUEST COMPLETED -> remaining active_jobs=279
[17:11:29] WAITING for remaining requests to finish (active_jobs=279)
[17:11:29] REQUEST: 4 - COMPLETED
[17:11:29] REQUEST COMPLETED -> remaining active_jobs=278
[17:11:29] WAITING for remaining requests to finish (active_jobs=278)
[17:11:29] REQUEST: 52 - COMPLETED
[17:11:29] REQUEST COMPLETED -> remaining active_jobs=277
[17:11:29] WAITING for remaining requests to finish (active_jobs=277)
[17:11:29] REQUEST: 107 - COMPLETED
[17:11:29] REQUEST COMPLETED -> remaining active_jobs=276
[17:11:29] WAITING for remaining requests to finish (active_jobs=276)
[17:11:29] REQUEST: 64 - COMPLETED
[17:11:29] REQUEST COMPLETED -> remaining active_jobs=275
[17:11:29] WAITING for remaining requests to finish (active_jobs=275)
[17:11:29] REQUEST: 54 - COMPLETED
[17:11:29] REQUEST COMPLETED -> remaining active_jobs=274
[17:11:29] WAITING for remaining requests to finish (active_jobs=274)
[17:11:29] REQUEST: 67 - COMPLETED
[17:11:29] REQUEST COMPLETED -> remaining active_jobs=273
[17:11:29] WAITING for remaining requests to finish (active_jobs=273)
[17:11:30] REQUEST: 22 - COMPLETED
[17:11:30] REQUEST COMPLETED -> remaining active_jobs=272
[17:11:30] WAITING for remaining requests to finish (active_jobs=272)
[17:11:30] REQUEST: 124 - COMPLETED
[17:11:30] REQUEST COMPLETED -> remaining active_jobs=271
[17:11:30] WAITING for remaining requests to finish (active_jobs=271)
[17:11:30] REQUEST: 37 - COMPLETED
[17:11:30] REQUEST COMPLETED -> remaining active_jobs=270
[17:11:30] WAITING for remaining requests to finish (active_jobs=270)
[17:11:30] REQUEST: 47 - COMPLETED
[17:11:30] REQUEST COMPLETED -> remaining active_jobs=269
[17:11:30] WAITING for remaining requests to finish (active_jobs=269)
[17:11:30] REQUEST: 51 - COMPLETED
[17:11:30] REQUEST COMPLETED -> remaining active_jobs=268
[17:11:30] WAITING for remaining requests to finish (active_jobs=268)
[17:11:30] REQUEST: 36 - COMPLETED
[17:11:30] REQUEST COMPLETED -> remaining active_jobs=267
[17:11:30] WAITING for remaining requests to finish (active_jobs=267)
[17:11:30] REQUEST: 244 - COMPLETED
[17:11:30] REQUEST COMPLETED -> remaining active_jobs=266
[17:11:30] WAITING for remaining requests to finish (active_jobs=266)
[17:11:30] REQUEST: 35 - COMPLETED
[17:11:30] REQUEST COMPLETED -> remaining active_jobs=265
[17:11:30] WAITING for remaining requests to finish (active_jobs=265)
[17:11:30] REQUEST: 29 - COMPLETED
[17:11:30] REQUEST COMPLETED -> remaining active_jobs=264
[17:11:30] WAITING for remaining requests to finish (active_jobs=264)
[17:11:30] REQUEST: 65 - COMPLETED
[17:11:30] REQUEST COMPLETED -> remaining active_jobs=263
[17:11:30] WAITING for remaining requests to finish (active_jobs=263)
[17:11:30] REQUEST: 122 - COMPLETED
[17:11:30] REQUEST COMPLETED -> remaining active_jobs=262
[17:11:30] WAITING for remaining requests to finish (active_jobs=262)
[17:11:30] REQUEST: 69 - COMPLETED
[17:11:30] REQUEST COMPLETED -> remaining active_jobs=261
[17:11:30] WAITING for remaining requests to finish (active_jobs=261)
[17:11:30] REQUEST: 62 - COMPLETED
[17:11:30] REQUEST COMPLETED -> remaining active_jobs=260
[17:11:30] WAITING for remaining requests to finish (active_jobs=260)
[17:11:31] REQUEST: 194 - COMPLETED
[17:11:31] REQUEST COMPLETED -> remaining active_jobs=259
[17:11:31] WAITING for remaining requests to finish (active_jobs=259)
[17:11:31] REQUEST: 72 - COMPLETED
[17:11:31] REQUEST COMPLETED -> remaining active_jobs=258
[17:11:31] WAITING for remaining requests to finish (active_jobs=258)
[17:11:31] REQUEST: 91 - COMPLETED
[17:11:31] REQUEST COMPLETED -> remaining active_jobs=257
[17:11:31] WAITING for remaining requests to finish (active_jobs=257)
[17:11:31] REQUEST: 58 - COMPLETED
[17:11:31] REQUEST COMPLETED -> remaining active_jobs=256
[17:11:31] WAITING for remaining requests to finish (active_jobs=256)
[17:11:31] REQUEST: 294 - COMPLETED
[17:11:31] REQUEST COMPLETED -> remaining active_jobs=255
[17:11:31] WAITING for remaining requests to finish (active_jobs=255)
[17:11:31] REQUEST: 261 - COMPLETED
[17:11:31] REQUEST COMPLETED -> remaining active_jobs=254
[17:11:31] WAITING for remaining requests to finish (active_jobs=254)
[17:11:31] REQUEST: 229 - COMPLETED
[17:11:31] REQUEST COMPLETED -> remaining active_jobs=253
[17:11:31] WAITING for remaining requests to finish (active_jobs=253)
[17:11:31] REQUEST: 149 - COMPLETED
[17:11:31] REQUEST COMPLETED -> remaining active_jobs=252
[17:11:31] WAITING for remaining requests to finish (active_jobs=252)
[17:11:31] REQUEST: 120 - COMPLETED
[17:11:31] REQUEST COMPLETED -> remaining active_jobs=251
[17:11:31] WAITING for remaining requests to finish (active_jobs=251)
[17:11:31] REQUEST: 116 - COMPLETED
[17:11:31] REQUEST COMPLETED -> remaining active_jobs=250
[17:11:31] WAITING for remaining requests to finish (active_jobs=250)
[17:11:31] REQUEST: 16 - COMPLETED
[17:11:31] REQUEST COMPLETED -> remaining active_jobs=249
[17:11:31] WAITING for remaining requests to finish (active_jobs=249)
[17:11:31] REQUEST: 176 - COMPLETED
[17:11:31] REQUEST COMPLETED -> remaining active_jobs=248
[17:11:31] WAITING for remaining requests to finish (active_jobs=248)
[17:11:32] REQUEST: 46 - COMPLETED
[17:11:32] REQUEST COMPLETED -> remaining active_jobs=247
[17:11:32] WAITING for remaining requests to finish (active_jobs=247)
[17:11:32] REQUEST: 127 - COMPLETED
[17:11:32] REQUEST COMPLETED -> remaining active_jobs=246
[17:11:32] WAITING for remaining requests to finish (active_jobs=246)
[17:11:32] REQUEST: 188 - COMPLETED
[17:11:32] REQUEST COMPLETED -> remaining active_jobs=245
[17:11:32] WAITING for remaining requests to finish (active_jobs=245)
[17:11:32] REQUEST: 137 - COMPLETED
[17:11:32] REQUEST COMPLETED -> remaining active_jobs=244
[17:11:32] WAITING for remaining requests to finish (active_jobs=244)
[17:11:32] REQUEST: 66 - COMPLETED
[17:11:32] REQUEST COMPLETED -> remaining active_jobs=243
[17:11:32] WAITING for remaining requests to finish (active_jobs=243)
[17:11:32] REQUEST: 175 - COMPLETED
[17:11:32] REQUEST COMPLETED -> remaining active_jobs=242
[17:11:32] WAITING for remaining requests to finish (active_jobs=242)
[17:11:32] REQUEST: 81 - COMPLETED
[17:11:32] REQUEST COMPLETED -> remaining active_jobs=241
[17:11:32] WAITING for remaining requests to finish (active_jobs=241)
[17:11:32] REQUEST: 61 - COMPLETED
[17:11:32] REQUEST COMPLETED -> remaining active_jobs=240
[17:11:32] WAITING for remaining requests to finish (active_jobs=240)
[17:11:32] REQUEST: 136 - COMPLETED
[17:11:32] REQUEST COMPLETED -> remaining active_jobs=239
[17:11:32] WAITING for remaining requests to finish (active_jobs=239)
[17:11:32] REQUEST: 129 - COMPLETED
[17:11:32] REQUEST COMPLETED -> remaining active_jobs=238
[17:11:32] WAITING for remaining requests to finish (active_jobs=238)
[17:11:32] REQUEST: 77 - COMPLETED
[17:11:32] REQUEST COMPLETED -> remaining active_jobs=237
[17:11:32] WAITING for remaining requests to finish (active_jobs=237)
[17:11:32] REQUEST: 28 - COMPLETED
[17:11:32] REQUEST COMPLETED -> remaining active_jobs=236
[17:11:32] WAITING for remaining requests to finish (active_jobs=236)
[17:11:32] REQUEST: 158 - COMPLETED
[17:11:32] REQUEST COMPLETED -> remaining active_jobs=235
[17:11:32] WAITING for remaining requests to finish (active_jobs=235)
[17:11:32] REQUEST: 163 - COMPLETED
[17:11:32] REQUEST COMPLETED -> remaining active_jobs=234
[17:11:32] WAITING for remaining requests to finish (active_jobs=234)
[17:11:33] REQUEST: 63 - COMPLETED
[17:11:33] REQUEST COMPLETED -> remaining active_jobs=233
[17:11:33] WAITING for remaining requests to finish (active_jobs=233)
[17:11:33] REQUEST: 228 - COMPLETED
[17:11:33] REQUEST COMPLETED -> remaining active_jobs=232
[17:11:33] WAITING for remaining requests to finish (active_jobs=232)
[17:11:33] REQUEST: 192 - COMPLETED
[17:11:33] REQUEST COMPLETED -> remaining active_jobs=231
[17:11:33] WAITING for remaining requests to finish (active_jobs=231)
[17:11:33] REQUEST: 26 - COMPLETED
[17:11:33] REQUEST COMPLETED -> remaining active_jobs=230
[17:11:33] WAITING for remaining requests to finish (active_jobs=230)
[17:11:33] REQUEST: 50 - COMPLETED
[17:11:33] REQUEST COMPLETED -> remaining active_jobs=229
[17:11:33] WAITING for remaining requests to finish (active_jobs=229)
[17:11:33] REQUEST: 264 - COMPLETED
[17:11:33] REQUEST COMPLETED -> remaining active_jobs=228
[17:11:33] WAITING for remaining requests to finish (active_jobs=228)
[17:11:33] REQUEST: 106 - COMPLETED
[17:11:33] REQUEST COMPLETED -> remaining active_jobs=227
[17:11:33] WAITING for remaining requests to finish (active_jobs=227)
[17:11:33] REQUEST: 254 - COMPLETED
[17:11:33] REQUEST COMPLETED -> remaining active_jobs=226
[17:11:33] WAITING for remaining requests to finish (active_jobs=226)
[17:11:33] REQUEST: 113 - COMPLETED
[17:11:33] REQUEST COMPLETED -> remaining active_jobs=225
[17:11:33] WAITING for remaining requests to finish (active_jobs=225)
[17:11:33] REQUEST: 121 - COMPLETED
[17:11:33] REQUEST COMPLETED -> remaining active_jobs=224
[17:11:33] WAITING for remaining requests to finish (active_jobs=224)
[17:11:33] REQUEST: 24 - COMPLETED
[17:11:33] REQUEST COMPLETED -> remaining active_jobs=223
[17:11:33] WAITING for remaining requests to finish (active_jobs=223)
[17:11:34] REQUEST: 19 - COMPLETED
[17:11:34] REQUEST COMPLETED -> remaining active_jobs=222
[17:11:34] WAITING for remaining requests to finish (active_jobs=222)
[17:11:34] REQUEST: 250 - COMPLETED
[17:11:34] REQUEST COMPLETED -> remaining active_jobs=221
[17:11:34] WAITING for remaining requests to finish (active_jobs=221)
[17:11:34] REQUEST: 181 - COMPLETED
[17:11:34] REQUEST COMPLETED -> remaining active_jobs=220
[17:11:34] WAITING for remaining requests to finish (active_jobs=220)
[17:11:34] REQUEST: 118 - COMPLETED
[17:11:34] REQUEST COMPLETED -> remaining active_jobs=219
[17:11:34] WAITING for remaining requests to finish (active_jobs=219)
[17:11:34] REQUEST: 144 - COMPLETED
[17:11:34] REQUEST COMPLETED -> remaining active_jobs=218
[17:11:34] WAITING for remaining requests to finish (active_jobs=218)
[17:11:34] REQUEST: 126 - COMPLETED
[17:11:34] REQUEST COMPLETED -> remaining active_jobs=217
[17:11:34] WAITING for remaining requests to finish (active_jobs=217)
[17:11:34] REQUEST: 132 - COMPLETED
[17:11:34] REQUEST COMPLETED -> remaining active_jobs=216
[17:11:34] WAITING for remaining requests to finish (active_jobs=216)
[17:11:34] REQUEST: 117 - COMPLETED
[17:11:34] REQUEST COMPLETED -> remaining active_jobs=215
[17:11:34] WAITING for remaining requests to finish (active_jobs=215)
[17:11:34] REQUEST: 253 - COMPLETED
[17:11:34] REQUEST COMPLETED -> remaining active_jobs=214
[17:11:34] WAITING for remaining requests to finish (active_jobs=214)
[17:11:34] REQUEST: 103 - COMPLETED
[17:11:34] REQUEST COMPLETED -> remaining active_jobs=213
[17:11:34] WAITING for remaining requests to finish (active_jobs=213)
[17:11:34] REQUEST: 95 - COMPLETED
[17:11:34] REQUEST COMPLETED -> remaining active_jobs=212
[17:11:34] WAITING for remaining requests to finish (active_jobs=212)
[17:11:34] REQUEST: 271 - COMPLETED
[17:11:34] REQUEST COMPLETED -> remaining active_jobs=211
[17:11:34] WAITING for remaining requests to finish (active_jobs=211)
[17:11:34] REQUEST: 186 - COMPLETED
[17:11:34] REQUEST COMPLETED -> remaining active_jobs=210
[17:11:34] WAITING for remaining requests to finish (active_jobs=210)
[17:11:35] REQUEST: 164 - COMPLETED
[17:11:35] REQUEST COMPLETED -> remaining active_jobs=209
[17:11:35] WAITING for remaining requests to finish (active_jobs=209)
[17:11:35] REQUEST: 165 - COMPLETED
[17:11:35] REQUEST COMPLETED -> remaining active_jobs=208
[17:11:35] WAITING for remaining requests to finish (active_jobs=208)
[17:11:35] REQUEST: 179 - COMPLETED
[17:11:35] REQUEST COMPLETED -> remaining active_jobs=207
[17:11:35] WAITING for remaining requests to finish (active_jobs=207)
[17:11:35] REQUEST: 27 - COMPLETED
[17:11:35] REQUEST COMPLETED -> remaining active_jobs=206
[17:11:35] WAITING for remaining requests to finish (active_jobs=206)
[17:11:35] REQUEST: 56 - COMPLETED
[17:11:35] REQUEST COMPLETED -> remaining active_jobs=205
[17:11:35] WAITING for remaining requests to finish (active_jobs=205)
[17:11:35] REQUEST: 243 - COMPLETED
[17:11:35] REQUEST COMPLETED -> remaining active_jobs=204
[17:11:35] WAITING for remaining requests to finish (active_jobs=204)
[17:11:35] REQUEST: 180 - COMPLETED
[17:11:35] REQUEST COMPLETED -> remaining active_jobs=203
[17:11:35] WAITING for remaining requests to finish (active_jobs=203)
[17:11:35] REQUEST: 133 - COMPLETED
[17:11:35] REQUEST COMPLETED -> remaining active_jobs=202
[17:11:35] WAITING for remaining requests to finish (active_jobs=202)
[17:11:35] REQUEST: 289 - COMPLETED
[17:11:35] REQUEST COMPLETED -> remaining active_jobs=201
[17:11:35] WAITING for remaining requests to finish (active_jobs=201)
[17:11:35] REQUEST: 89 - COMPLETED
[17:11:35] REQUEST COMPLETED -> remaining active_jobs=200
[17:11:35] WAITING for remaining requests to finish (active_jobs=200)
[17:11:35] REQUEST: 78 - COMPLETED
[17:11:35] REQUEST COMPLETED -> remaining active_jobs=199
[17:11:35] WAITING for remaining requests to finish (active_jobs=199)
[17:11:35] REQUEST: 49 - COMPLETED
[17:11:35] REQUEST COMPLETED -> remaining active_jobs=198
[17:11:35] WAITING for remaining requests to finish (active_jobs=198)
[17:11:35] REQUEST: 83 - COMPLETED
[17:11:35] REQUEST COMPLETED -> remaining active_jobs=197
[17:11:35] WAITING for remaining requests to finish (active_jobs=197)
[17:11:36] REQUEST: 183 - COMPLETED
[17:11:36] REQUEST COMPLETED -> remaining active_jobs=196
[17:11:36] WAITING for remaining requests to finish (active_jobs=196)
[17:11:36] REQUEST: 139 - COMPLETED
[17:11:36] REQUEST COMPLETED -> remaining active_jobs=195
[17:11:36] WAITING for remaining requests to finish (active_jobs=195)
[17:11:36] REQUEST: 262 - COMPLETED
[17:11:36] REQUEST COMPLETED -> remaining active_jobs=194
[17:11:36] WAITING for remaining requests to finish (active_jobs=194)
[17:11:36] REQUEST: 285 - COMPLETED
[17:11:36] REQUEST COMPLETED -> remaining active_jobs=193
[17:11:36] WAITING for remaining requests to finish (active_jobs=193)
[17:11:36] REQUEST: 161 - COMPLETED
[17:11:36] REQUEST COMPLETED -> remaining active_jobs=192
[17:11:36] WAITING for remaining requests to finish (active_jobs=192)
[17:11:36] REQUEST: 44 - COMPLETED
[17:11:36] REQUEST COMPLETED -> remaining active_jobs=191
[17:11:36] WAITING for remaining requests to finish (active_jobs=191)
[17:11:36] REQUEST: 153 - COMPLETED
[17:11:36] REQUEST COMPLETED -> remaining active_jobs=190
[17:11:36] WAITING for remaining requests to finish (active_jobs=190)
[17:11:36] REQUEST: 249 - COMPLETED
[17:11:36] REQUEST COMPLETED -> remaining active_jobs=189
[17:11:36] WAITING for remaining requests to finish (active_jobs=189)
[17:11:36] REQUEST: 110 - COMPLETED
[17:11:36] REQUEST COMPLETED -> remaining active_jobs=188
[17:11:36] WAITING for remaining requests to finish (active_jobs=188)
[17:11:36] REQUEST: 265 - COMPLETED
[17:11:36] REQUEST COMPLETED -> remaining active_jobs=187
[17:11:36] WAITING for remaining requests to finish (active_jobs=187)
[17:11:36] REQUEST: 145 - COMPLETED
[17:11:36] REQUEST COMPLETED -> remaining active_jobs=186
[17:11:36] WAITING for remaining requests to finish (active_jobs=186)
[17:11:36] REQUEST: 55 - COMPLETED
[17:11:36] REQUEST COMPLETED -> remaining active_jobs=185
[17:11:36] WAITING for remaining requests to finish (active_jobs=185)
[17:11:36] REQUEST: 73 - COMPLETED
[17:11:36] REQUEST COMPLETED -> remaining active_jobs=184
[17:11:36] WAITING for remaining requests to finish (active_jobs=184)
[17:11:36] REQUEST: 259 - COMPLETED
[17:11:36] REQUEST COMPLETED -> remaining active_jobs=183
[17:11:36] WAITING for remaining requests to finish (active_jobs=183)
[17:11:37] REQUEST: 242 - COMPLETED
[17:11:37] REQUEST COMPLETED -> remaining active_jobs=182
[17:11:37] WAITING for remaining requests to finish (active_jobs=182)
[17:11:37] REQUEST: 130 - COMPLETED
[17:11:37] REQUEST COMPLETED -> remaining active_jobs=181
[17:11:37] WAITING for remaining requests to finish (active_jobs=181)
[17:11:37] REQUEST: 213 - COMPLETED
[17:11:37] REQUEST COMPLETED -> remaining active_jobs=180
[17:11:37] WAITING for remaining requests to finish (active_jobs=180)
[17:11:37] REQUEST: 48 - COMPLETED
[17:11:37] REQUEST COMPLETED -> remaining active_jobs=179
[17:11:37] WAITING for remaining requests to finish (active_jobs=179)
[17:11:37] REQUEST: 166 - COMPLETED
[17:11:37] REQUEST COMPLETED -> remaining active_jobs=178
[17:11:37] WAITING for remaining requests to finish (active_jobs=178)
[17:11:37] REQUEST: 30 - COMPLETED
[17:11:37] REQUEST COMPLETED -> remaining active_jobs=177
[17:11:37] WAITING for remaining requests to finish (active_jobs=177)
[17:11:37] REQUEST: 38 - COMPLETED
[17:11:37] REQUEST COMPLETED -> remaining active_jobs=176
[17:11:37] WAITING for remaining requests to finish (active_jobs=176)
[17:11:37] REQUEST: 293 - COMPLETED
[17:11:37] REQUEST COMPLETED -> remaining active_jobs=175
[17:11:37] WAITING for remaining requests to finish (active_jobs=175)
[17:11:37] REQUEST: 170 - COMPLETED
[17:11:37] REQUEST COMPLETED -> remaining active_jobs=174
[17:11:37] WAITING for remaining requests to finish (active_jobs=174)
[17:11:37] REQUEST: 237 - COMPLETED
[17:11:37] REQUEST COMPLETED -> remaining active_jobs=173
[17:11:37] WAITING for remaining requests to finish (active_jobs=173)
[17:11:37] REQUEST: 114 - COMPLETED
[17:11:37] REQUEST COMPLETED -> remaining active_jobs=172
[17:11:37] WAITING for remaining requests to finish (active_jobs=172)
[17:11:37] REQUEST: 45 - COMPLETED
[17:11:37] REQUEST COMPLETED -> remaining active_jobs=171
[17:11:37] WAITING for remaining requests to finish (active_jobs=171)
[17:11:38] REQUEST: 156 - COMPLETED
[17:11:38] REQUEST COMPLETED -> remaining active_jobs=170
[17:11:38] WAITING for remaining requests to finish (active_jobs=170)
[17:11:38] REQUEST: 173 - COMPLETED
[17:11:38] REQUEST COMPLETED -> remaining active_jobs=169
[17:11:38] WAITING for remaining requests to finish (active_jobs=169)
[17:11:38] REQUEST: 92 - COMPLETED
[17:11:38] REQUEST COMPLETED -> remaining active_jobs=168
[17:11:38] WAITING for remaining requests to finish (active_jobs=168)
[17:11:38] REQUEST: 147 - COMPLETED
[17:11:38] REQUEST COMPLETED -> remaining active_jobs=167
[17:11:38] WAITING for remaining requests to finish (active_jobs=167)
[17:11:38] REQUEST: 32 - COMPLETED
[17:11:38] REQUEST COMPLETED -> remaining active_jobs=166
[17:11:38] WAITING for remaining requests to finish (active_jobs=166)
[17:11:38] REQUEST: 90 - COMPLETED
[17:11:38] REQUEST COMPLETED -> remaining active_jobs=165
[17:11:38] WAITING for remaining requests to finish (active_jobs=165)
[17:11:38] REQUEST: 42 - COMPLETED
[17:11:38] REQUEST COMPLETED -> remaining active_jobs=164
[17:11:38] WAITING for remaining requests to finish (active_jobs=164)
[17:11:38] REQUEST: 247 - COMPLETED
[17:11:38] REQUEST COMPLETED -> remaining active_jobs=163
[17:11:38] WAITING for remaining requests to finish (active_jobs=163)
[17:11:38] REQUEST: 246 - COMPLETED
[17:11:38] REQUEST COMPLETED -> remaining active_jobs=162
[17:11:38] WAITING for remaining requests to finish (active_jobs=162)
[17:11:38] REQUEST: 234 - COMPLETED
[17:11:38] REQUEST COMPLETED -> remaining active_jobs=161
[17:11:38] WAITING for remaining requests to finish (active_jobs=161)
[17:11:38] REQUEST: 148 - COMPLETED
[17:11:38] REQUEST COMPLETED -> remaining active_jobs=160
[17:11:38] WAITING for remaining requests to finish (active_jobs=160)
[17:11:38] REQUEST: 268 - COMPLETED
[17:11:38] REQUEST COMPLETED -> remaining active_jobs=159
[17:11:38] WAITING for remaining requests to finish (active_jobs=159)
[17:11:38] REQUEST: 224 - COMPLETED
[17:11:38] REQUEST COMPLETED -> remaining active_jobs=158
[17:11:38] WAITING for remaining requests to finish (active_jobs=158)
[17:11:39] REQUEST: 76 - COMPLETED
[17:11:39] REQUEST COMPLETED -> remaining active_jobs=157
[17:11:39] WAITING for remaining requests to finish (active_jobs=157)
[17:11:39] REQUEST: 255 - COMPLETED
[17:11:39] REQUEST COMPLETED -> remaining active_jobs=156
[17:11:39] WAITING for remaining requests to finish (active_jobs=156)
[17:11:39] REQUEST: 260 - COMPLETED
[17:11:39] REQUEST COMPLETED -> remaining active_jobs=155
[17:11:39] WAITING for remaining requests to finish (active_jobs=155)
[17:11:39] REQUEST: 99 - COMPLETED
[17:11:39] REQUEST COMPLETED -> remaining active_jobs=154
[17:11:39] WAITING for remaining requests to finish (active_jobs=154)
[17:11:39] REQUEST: 68 - COMPLETED
[17:11:39] REQUEST COMPLETED -> remaining active_jobs=153
[17:11:39] WAITING for remaining requests to finish (active_jobs=153)
[17:11:39] REQUEST: 18 - COMPLETED
[17:11:39] REQUEST COMPLETED -> remaining active_jobs=152
[17:11:39] WAITING for remaining requests to finish (active_jobs=152)
[17:11:39] REQUEST: 263 - COMPLETED
[17:11:39] REQUEST COMPLETED -> remaining active_jobs=151
[17:11:39] WAITING for remaining requests to finish (active_jobs=151)
[17:11:39] REQUEST: 288 - COMPLETED
[17:11:39] REQUEST COMPLETED -> remaining active_jobs=150
[17:11:39] WAITING for remaining requests to finish (active_jobs=150)
[17:11:39] REQUEST: 108 - COMPLETED
[17:11:39] REQUEST COMPLETED -> remaining active_jobs=149
[17:11:39] WAITING for remaining requests to finish (active_jobs=149)
[17:11:39] REQUEST: 94 - COMPLETED
[17:11:39] REQUEST COMPLETED -> remaining active_jobs=148
[17:11:39] WAITING for remaining requests to finish (active_jobs=148)
[17:11:39] REQUEST: 225 - COMPLETED
[17:11:39] REQUEST COMPLETED -> remaining active_jobs=147
[17:11:39] WAITING for remaining requests to finish (active_jobs=147)
[17:11:39] REQUEST: 100 - COMPLETED
[17:11:39] REQUEST COMPLETED -> remaining active_jobs=146
[17:11:39] WAITING for remaining requests to finish (active_jobs=146)
[17:11:40] REQUEST: 248 - COMPLETED
[17:11:40] REQUEST COMPLETED -> remaining active_jobs=145
[17:11:40] WAITING for remaining requests to finish (active_jobs=145)
[17:11:40] REQUEST: 174 - COMPLETED
[17:11:40] REQUEST COMPLETED -> remaining active_jobs=144
[17:11:40] WAITING for remaining requests to finish (active_jobs=144)
[17:11:40] REQUEST: 160 - COMPLETED
[17:11:40] REQUEST COMPLETED -> remaining active_jobs=143
[17:11:40] WAITING for remaining requests to finish (active_jobs=143)
[17:11:40] REQUEST: 200 - COMPLETED
[17:11:40] REQUEST COMPLETED -> remaining active_jobs=142
[17:11:40] WAITING for remaining requests to finish (active_jobs=142)
[17:11:40] REQUEST: 101 - COMPLETED
[17:11:40] REQUEST COMPLETED -> remaining active_jobs=141
[17:11:40] WAITING for remaining requests to finish (active_jobs=141)
[17:11:40] REQUEST: 93 - COMPLETED
[17:11:40] REQUEST COMPLETED -> remaining active_jobs=140
[17:11:40] WAITING for remaining requests to finish (active_jobs=140)
[17:11:40] REQUEST: 150 - COMPLETED
[17:11:40] REQUEST COMPLETED -> remaining active_jobs=139
[17:11:40] WAITING for remaining requests to finish (active_jobs=139)
[17:11:40] REQUEST: 6 - COMPLETED
[17:11:40] REQUEST COMPLETED -> remaining active_jobs=138
[17:11:40] WAITING for remaining requests to finish (active_jobs=138)
[17:11:40] REQUEST: 182 - COMPLETED
[17:11:40] REQUEST COMPLETED -> remaining active_jobs=137
[17:11:40] WAITING for remaining requests to finish (active_jobs=137)
[17:11:40] REQUEST: 276 - COMPLETED
[17:11:40] REQUEST COMPLETED -> remaining active_jobs=136
[17:11:40] WAITING for remaining requests to finish (active_jobs=136)
[17:11:40] REQUEST: 295 - COMPLETED
[17:11:40] REQUEST COMPLETED -> remaining active_jobs=135
[17:11:40] WAITING for remaining requests to finish (active_jobs=135)
[17:11:40] REQUEST: 208 - COMPLETED
[17:11:40] REQUEST COMPLETED -> remaining active_jobs=134
[17:11:40] WAITING for remaining requests to finish (active_jobs=134)
[17:11:40] REQUEST: 230 - COMPLETED
[17:11:40] REQUEST COMPLETED -> remaining active_jobs=133
[17:11:40] WAITING for remaining requests to finish (active_jobs=133)
[17:11:41] REQUEST: 162 - COMPLETED
[17:11:41] REQUEST COMPLETED -> remaining active_jobs=132
[17:11:41] WAITING for remaining requests to finish (active_jobs=132)
[17:11:41] REQUEST: 140 - COMPLETED
[17:11:41] REQUEST COMPLETED -> remaining active_jobs=131
[17:11:41] WAITING for remaining requests to finish (active_jobs=131)
[17:11:41] REQUEST: 171 - COMPLETED
[17:11:41] REQUEST COMPLETED -> remaining active_jobs=130
[17:11:41] WAITING for remaining requests to finish (active_jobs=130)
[17:11:41] REQUEST: 185 - COMPLETED
[17:11:41] REQUEST COMPLETED -> remaining active_jobs=129
[17:11:41] WAITING for remaining requests to finish (active_jobs=129)
[17:11:41] REQUEST: 278 - COMPLETED
[17:11:41] REQUEST COMPLETED -> remaining active_jobs=128
[17:11:41] WAITING for remaining requests to finish (active_jobs=128)
[17:11:41] REQUEST: 296 - COMPLETED
[17:11:41] REQUEST COMPLETED -> remaining active_jobs=127
[17:11:41] WAITING for remaining requests to finish (active_jobs=127)
[17:11:41] REQUEST: 31 - COMPLETED
[17:11:41] REQUEST COMPLETED -> remaining active_jobs=126
[17:11:41] WAITING for remaining requests to finish (active_jobs=126)
[17:11:41] REQUEST: 86 - COMPLETED
[17:11:41] REQUEST COMPLETED -> remaining active_jobs=125
[17:11:41] WAITING for remaining requests to finish (active_jobs=125)
[17:11:41] REQUEST: 17 - COMPLETED
[17:11:41] REQUEST COMPLETED -> remaining active_jobs=124
[17:11:41] WAITING for remaining requests to finish (active_jobs=124)
[17:11:41] REQUEST: 212 - COMPLETED
[17:11:41] REQUEST COMPLETED -> remaining active_jobs=123
[17:11:41] WAITING for remaining requests to finish (active_jobs=123)
[17:11:41] REQUEST: 59 - COMPLETED
[17:11:41] REQUEST COMPLETED -> remaining active_jobs=122
[17:11:41] WAITING for remaining requests to finish (active_jobs=122)
[17:11:41] REQUEST: 75 - COMPLETED
[17:11:41] REQUEST COMPLETED -> remaining active_jobs=121
[17:11:41] WAITING for remaining requests to finish (active_jobs=121)
[17:11:41] REQUEST: 178 - COMPLETED
[17:11:41] REQUEST COMPLETED -> remaining active_jobs=120
[17:11:41] WAITING for remaining requests to finish (active_jobs=120)
[17:11:42] REQUEST: 172 - COMPLETED
[17:11:42] REQUEST COMPLETED -> remaining active_jobs=119
[17:11:42] WAITING for remaining requests to finish (active_jobs=119)
[17:11:42] REQUEST: 177 - COMPLETED
[17:11:42] REQUEST COMPLETED -> remaining active_jobs=118
[17:11:42] WAITING for remaining requests to finish (active_jobs=118)
[17:11:42] REQUEST: 280 - COMPLETED
[17:11:42] REQUEST COMPLETED -> remaining active_jobs=117
[17:11:42] WAITING for remaining requests to finish (active_jobs=117)
[17:11:42] REQUEST: 235 - COMPLETED
[17:11:42] REQUEST COMPLETED -> remaining active_jobs=116
[17:11:42] WAITING for remaining requests to finish (active_jobs=116)
[17:11:42] REQUEST: 105 - COMPLETED
[17:11:42] REQUEST COMPLETED -> remaining active_jobs=115
[17:11:42] WAITING for remaining requests to finish (active_jobs=115)
[17:11:42] REQUEST: 134 - COMPLETED
[17:11:42] REQUEST COMPLETED -> remaining active_jobs=114
[17:11:42] WAITING for remaining requests to finish (active_jobs=114)
[17:11:42] REQUEST: 151 - COMPLETED
[17:11:42] REQUEST COMPLETED -> remaining active_jobs=113
[17:11:42] WAITING for remaining requests to finish (active_jobs=113)
[17:11:42] REQUEST: 199 - COMPLETED
[17:11:42] REQUEST COMPLETED -> remaining active_jobs=112
[17:11:42] WAITING for remaining requests to finish (active_jobs=112)
[17:11:42] REQUEST: 197 - COMPLETED
[17:11:42] REQUEST COMPLETED -> remaining active_jobs=111
[17:11:42] WAITING for remaining requests to finish (active_jobs=111)
[17:11:42] REQUEST: 82 - COMPLETED
[17:11:42] REQUEST COMPLETED -> remaining active_jobs=110
[17:11:42] WAITING for remaining requests to finish (active_jobs=110)
[17:11:42] REQUEST: 196 - COMPLETED
[17:11:42] REQUEST COMPLETED -> remaining active_jobs=109
[17:11:42] WAITING for remaining requests to finish (active_jobs=109)
[17:11:42] REQUEST: 109 - COMPLETED
[17:11:42] REQUEST COMPLETED -> remaining active_jobs=108
[17:11:42] WAITING for remaining requests to finish (active_jobs=108)
[17:11:42] REQUEST: 239 - COMPLETED
[17:11:42] REQUEST COMPLETED -> remaining active_jobs=107
[17:11:42] WAITING for remaining requests to finish (active_jobs=107)
[17:11:42] REQUEST: 273 - COMPLETED
[17:11:43] REQUEST COMPLETED -> remaining active_jobs=106
[17:11:43] WAITING for remaining requests to finish (active_jobs=106)
[17:11:43] REQUEST: 195 - COMPLETED
[17:11:43] REQUEST COMPLETED -> remaining active_jobs=105
[17:11:43] WAITING for remaining requests to finish (active_jobs=105)
[17:11:43] REQUEST: 96 - COMPLETED
[17:11:43] REQUEST COMPLETED -> remaining active_jobs=104
[17:11:43] WAITING for remaining requests to finish (active_jobs=104)
[17:11:43] REQUEST: 233 - COMPLETED
[17:11:43] REQUEST COMPLETED -> remaining active_jobs=103
[17:11:43] WAITING for remaining requests to finish (active_jobs=103)
[17:11:43] REQUEST: 267 - COMPLETED
[17:11:43] REQUEST COMPLETED -> remaining active_jobs=102
[17:11:43] WAITING for remaining requests to finish (active_jobs=102)
[17:11:43] REQUEST: 157 - COMPLETED
[17:11:43] REQUEST COMPLETED -> remaining active_jobs=101
[17:11:43] WAITING for remaining requests to finish (active_jobs=101)
[17:11:43] REQUEST: 79 - COMPLETED
[17:11:43] REQUEST COMPLETED -> remaining active_jobs=100
[17:11:43] WAITING for remaining requests to finish (active_jobs=100)
[17:11:43] REQUEST: 141 - COMPLETED
[17:11:43] REQUEST COMPLETED -> remaining active_jobs=99
[17:11:43] WAITING for remaining requests to finish (active_jobs=99)
[17:11:43] REQUEST: 245 - COMPLETED
[17:11:43] REQUEST COMPLETED -> remaining active_jobs=98
[17:11:43] WAITING for remaining requests to finish (active_jobs=98)
[17:11:43] REQUEST: 204 - COMPLETED
[17:11:43] REQUEST COMPLETED -> remaining active_jobs=97
[17:11:43] WAITING for remaining requests to finish (active_jobs=97)
[17:11:43] REQUEST: 85 - COMPLETED
[17:11:43] REQUEST COMPLETED -> remaining active_jobs=96
[17:11:43] WAITING for remaining requests to finish (active_jobs=96)
[17:11:43] REQUEST: 222 - COMPLETED
[17:11:43] REQUEST COMPLETED -> remaining active_jobs=95
[17:11:43] WAITING for remaining requests to finish (active_jobs=95)
[17:11:43] REQUEST: 152 - COMPLETED
[17:11:43] REQUEST COMPLETED -> remaining active_jobs=94
[17:11:43] WAITING for remaining requests to finish (active_jobs=94)
[17:11:44] REQUEST: 193 - COMPLETED
[17:11:44] REQUEST COMPLETED -> remaining active_jobs=93
[17:11:44] WAITING for remaining requests to finish (active_jobs=93)
[17:11:44] REQUEST: 266 - COMPLETED
[17:11:44] REQUEST COMPLETED -> remaining active_jobs=92
[17:11:44] WAITING for remaining requests to finish (active_jobs=92)
[17:11:44] REQUEST: 297 - COMPLETED
[17:11:44] REQUEST COMPLETED -> remaining active_jobs=91
[17:11:44] WAITING for remaining requests to finish (active_jobs=91)
[17:11:44] REQUEST: 125 - COMPLETED
[17:11:44] REQUEST COMPLETED -> remaining active_jobs=90
[17:11:44] WAITING for remaining requests to finish (active_jobs=90)
[17:11:44] REQUEST: 251 - COMPLETED
[17:11:44] REQUEST COMPLETED -> remaining active_jobs=89
[17:11:44] WAITING for remaining requests to finish (active_jobs=89)
[17:11:44] REQUEST: 269 - COMPLETED
[17:11:44] REQUEST COMPLETED -> remaining active_jobs=88
[17:11:44] WAITING for remaining requests to finish (active_jobs=88)
[17:11:44] REQUEST: 102 - COMPLETED
[17:11:44] REQUEST COMPLETED -> remaining active_jobs=87
[17:11:44] WAITING for remaining requests to finish (active_jobs=87)
[17:11:44] REQUEST: 300 - COMPLETED
[17:11:44] REQUEST COMPLETED -> remaining active_jobs=86
[17:11:44] WAITING for remaining requests to finish (active_jobs=86)
[17:11:44] REQUEST: 257 - COMPLETED
[17:11:44] REQUEST COMPLETED -> remaining active_jobs=85
[17:11:44] WAITING for remaining requests to finish (active_jobs=85)
[17:11:44] REQUEST: 219 - COMPLETED
[17:11:44] REQUEST COMPLETED -> remaining active_jobs=84
[17:11:44] WAITING for remaining requests to finish (active_jobs=84)
[17:11:44] REQUEST: 57 - COMPLETED
[17:11:44] REQUEST COMPLETED -> remaining active_jobs=83
[17:11:44] WAITING for remaining requests to finish (active_jobs=83)
[17:11:44] REQUEST: 283 - COMPLETED
[17:11:44] REQUEST COMPLETED -> remaining active_jobs=82
[17:11:44] WAITING for remaining requests to finish (active_jobs=82)
[17:11:44] REQUEST: 190 - COMPLETED
[17:11:44] REQUEST COMPLETED -> remaining active_jobs=81
[17:11:44] WAITING for remaining requests to finish (active_jobs=81)
[17:11:45] REQUEST: 220 - COMPLETED
[17:11:45] REQUEST COMPLETED -> remaining active_jobs=80
[17:11:45] WAITING for remaining requests to finish (active_jobs=80)
[17:11:45] REQUEST: 223 - COMPLETED
[17:11:45] REQUEST COMPLETED -> remaining active_jobs=79
[17:11:45] WAITING for remaining requests to finish (active_jobs=79)
[17:11:45] REQUEST: 282 - COMPLETED
[17:11:45] REQUEST COMPLETED -> remaining active_jobs=78
[17:11:45] WAITING for remaining requests to finish (active_jobs=78)
[17:11:45] REQUEST: 211 - COMPLETED
[17:11:45] REQUEST COMPLETED -> remaining active_jobs=77
[17:11:45] WAITING for remaining requests to finish (active_jobs=77)
[17:11:45] REQUEST: 292 - COMPLETED
[17:11:45] REQUEST COMPLETED -> remaining active_jobs=76
[17:11:45] WAITING for remaining requests to finish (active_jobs=76)
[17:11:45] REQUEST: 218 - COMPLETED
[17:11:45] REQUEST COMPLETED -> remaining active_jobs=75
[17:11:45] WAITING for remaining requests to finish (active_jobs=75)
[17:11:45] REQUEST: 201 - COMPLETED
[17:11:45] REQUEST COMPLETED -> remaining active_jobs=74
[17:11:45] WAITING for remaining requests to finish (active_jobs=74)
[17:11:45] REQUEST: 33 - COMPLETED
[17:11:45] REQUEST COMPLETED -> remaining active_jobs=73
[17:11:45] WAITING for remaining requests to finish (active_jobs=73)
[17:11:45] REQUEST: 279 - COMPLETED
[17:11:45] REQUEST COMPLETED -> remaining active_jobs=72
[17:11:45] WAITING for remaining requests to finish (active_jobs=72)
[17:11:45] REQUEST: 287 - COMPLETED
[17:11:45] REQUEST COMPLETED -> remaining active_jobs=71
[17:11:45] WAITING for remaining requests to finish (active_jobs=71)
[17:11:45] REQUEST: 112 - COMPLETED
[17:11:45] REQUEST COMPLETED -> remaining active_jobs=70
[17:11:45] WAITING for remaining requests to finish (active_jobs=70)
[17:11:45] REQUEST: 21 - COMPLETED
[17:11:46] REQUEST COMPLETED -> remaining active_jobs=69
[17:11:46] WAITING for remaining requests to finish (active_jobs=69)
[17:11:46] REQUEST: 84 - COMPLETED
[17:11:46] REQUEST COMPLETED -> remaining active_jobs=68
[17:11:46] WAITING for remaining requests to finish (active_jobs=68)
[17:11:46] REQUEST: 258 - COMPLETED
[17:11:46] REQUEST COMPLETED -> remaining active_jobs=67
[17:11:46] WAITING for remaining requests to finish (active_jobs=67)
[17:11:46] REQUEST: 217 - COMPLETED
[17:11:46] REQUEST COMPLETED -> remaining active_jobs=66
[17:11:46] WAITING for remaining requests to finish (active_jobs=66)
[17:11:46] REQUEST: 226 - COMPLETED
[17:11:46] REQUEST COMPLETED -> remaining active_jobs=65
[17:11:46] WAITING for remaining requests to finish (active_jobs=65)
[17:11:46] REQUEST: 123 - COMPLETED
[17:11:46] REQUEST COMPLETED -> remaining active_jobs=64
[17:11:46] WAITING for remaining requests to finish (active_jobs=64)
[17:11:46] REQUEST: 154 - COMPLETED
[17:11:46] REQUEST COMPLETED -> remaining active_jobs=63
[17:11:46] WAITING for remaining requests to finish (active_jobs=63)
[17:11:46] REQUEST: 80 - COMPLETED
[17:11:46] REQUEST COMPLETED -> remaining active_jobs=62
[17:11:46] WAITING for remaining requests to finish (active_jobs=62)
[17:11:46] REQUEST: 159 - COMPLETED
[17:11:46] REQUEST COMPLETED -> remaining active_jobs=61
[17:11:46] WAITING for remaining requests to finish (active_jobs=61)
[17:11:46] REQUEST: 98 - COMPLETED
[17:11:46] REQUEST COMPLETED -> remaining active_jobs=60
[17:11:46] WAITING for remaining requests to finish (active_jobs=60)
[17:11:46] REQUEST: 207 - COMPLETED
[17:11:46] REQUEST COMPLETED -> remaining active_jobs=59
[17:11:46] WAITING for remaining requests to finish (active_jobs=59)
[17:11:46] REQUEST: 275 - COMPLETED
[17:11:46] REQUEST COMPLETED -> remaining active_jobs=58
[17:11:46] WAITING for remaining requests to finish (active_jobs=58)
[17:11:46] REQUEST: 256 - COMPLETED
[17:11:46] REQUEST COMPLETED -> remaining active_jobs=57
[17:11:46] WAITING for remaining requests to finish (active_jobs=57)
[17:11:46] REQUEST: 298 - COMPLETED
[17:11:46] REQUEST COMPLETED -> remaining active_jobs=56
[17:11:46] WAITING for remaining requests to finish (active_jobs=56)
[17:11:47] REQUEST: 189 - COMPLETED
[17:11:47] REQUEST COMPLETED -> remaining active_jobs=55
[17:11:47] WAITING for remaining requests to finish (active_jobs=55)
[17:11:47] REQUEST: 214 - COMPLETED
[17:11:47] REQUEST COMPLETED -> remaining active_jobs=54
[17:11:47] WAITING for remaining requests to finish (active_jobs=54)
[17:11:47] REQUEST: 299 - COMPLETED
[17:11:47] REQUEST COMPLETED -> remaining active_jobs=53
[17:11:47] WAITING for remaining requests to finish (active_jobs=53)
[17:11:47] REQUEST: 187 - COMPLETED
[17:11:47] REQUEST COMPLETED -> remaining active_jobs=52
[17:11:47] WAITING for remaining requests to finish (active_jobs=52)
[17:11:47] REQUEST: 290 - COMPLETED
[17:11:47] REQUEST COMPLETED -> remaining active_jobs=51
[17:11:47] WAITING for remaining requests to finish (active_jobs=51)
[17:11:47] REQUEST: 104 - COMPLETED
[17:11:47] REQUEST COMPLETED -> remaining active_jobs=50
[17:11:47] WAITING for remaining requests to finish (active_jobs=50)
[17:11:47] REQUEST: 155 - COMPLETED
[17:11:47] REQUEST COMPLETED -> remaining active_jobs=49
[17:11:47] WAITING for remaining requests to finish (active_jobs=49)
[17:11:47] REQUEST: 138 - COMPLETED
[17:11:47] REQUEST COMPLETED -> remaining active_jobs=48
[17:11:47] WAITING for remaining requests to finish (active_jobs=48)
[17:11:47] REQUEST: 252 - COMPLETED
[17:11:47] REQUEST COMPLETED -> remaining active_jobs=47
[17:11:47] WAITING for remaining requests to finish (active_jobs=47)
[17:11:47] REQUEST: 203 - COMPLETED
[17:11:47] REQUEST COMPLETED -> remaining active_jobs=46
[17:11:47] WAITING for remaining requests to finish (active_jobs=46)
[17:11:47] REQUEST: 131 - COMPLETED
[17:11:47] REQUEST COMPLETED -> remaining active_jobs=45
[17:11:47] WAITING for remaining requests to finish (active_jobs=45)
[17:11:47] REQUEST: 60 - COMPLETED
[17:11:47] REQUEST COMPLETED -> remaining active_jobs=44
[17:11:47] WAITING for remaining requests to finish (active_jobs=44)
[17:11:47] REQUEST: 236 - COMPLETED
[17:11:47] REQUEST COMPLETED -> remaining active_jobs=43
[17:11:47] WAITING for remaining requests to finish (active_jobs=43)
[17:11:47] REQUEST: 53 - COMPLETED
[17:11:47] REQUEST COMPLETED -> remaining active_jobs=42
[17:11:47] WAITING for remaining requests to finish (active_jobs=42)
[17:11:48] REQUEST: 169 - COMPLETED
[17:11:48] REQUEST COMPLETED -> remaining active_jobs=41
[17:11:48] WAITING for remaining requests to finish (active_jobs=41)
[17:11:48] REQUEST: 284 - COMPLETED
[17:11:48] REQUEST COMPLETED -> remaining active_jobs=40
[17:11:48] WAITING for remaining requests to finish (active_jobs=40)
[17:11:48] REQUEST: 215 - COMPLETED
[17:11:48] REQUEST COMPLETED -> remaining active_jobs=39
[17:11:48] WAITING for remaining requests to finish (active_jobs=39)
[17:11:48] REQUEST: 238 - COMPLETED
[17:11:48] REQUEST COMPLETED -> remaining active_jobs=38
[17:11:48] WAITING for remaining requests to finish (active_jobs=38)
[17:11:48] REQUEST: 168 - COMPLETED
[17:11:48] REQUEST COMPLETED -> remaining active_jobs=37
[17:11:48] WAITING for remaining requests to finish (active_jobs=37)
[17:11:48] REQUEST: 270 - COMPLETED
[17:11:48] REQUEST COMPLETED -> remaining active_jobs=36
[17:11:48] WAITING for remaining requests to finish (active_jobs=36)
[17:11:48] REQUEST: 232 - COMPLETED
[17:11:48] REQUEST COMPLETED -> remaining active_jobs=35
[17:11:48] WAITING for remaining requests to finish (active_jobs=35)
[17:11:48] REQUEST: 277 - COMPLETED
[17:11:48] REQUEST COMPLETED -> remaining active_jobs=34
[17:11:48] WAITING for remaining requests to finish (active_jobs=34)
[17:11:48] REQUEST: 221 - COMPLETED
[17:11:48] REQUEST COMPLETED -> remaining active_jobs=33
[17:11:48] WAITING for remaining requests to finish (active_jobs=33)
[17:11:48] REQUEST: 143 - COMPLETED
[17:11:48] REQUEST COMPLETED -> remaining active_jobs=32
[17:11:48] WAITING for remaining requests to finish (active_jobs=32)
[17:11:48] REQUEST: 286 - COMPLETED
[17:11:48] REQUEST COMPLETED -> remaining active_jobs=31
[17:11:48] WAITING for remaining requests to finish (active_jobs=31)
[17:11:48] REQUEST: 87 - COMPLETED
[17:11:48] REQUEST COMPLETED -> remaining active_jobs=30
[17:11:48] WAITING for remaining requests to finish (active_jobs=30)
[17:11:48] REQUEST: 11 - COMPLETED
[17:11:48] REQUEST COMPLETED -> remaining active_jobs=29
[17:11:48] WAITING for remaining requests to finish (active_jobs=29)
[17:11:49] REQUEST: 198 - COMPLETED
[17:11:49] REQUEST COMPLETED -> remaining active_jobs=28
[17:11:49] WAITING for remaining requests to finish (active_jobs=28)
[17:11:49] REQUEST: 135 - COMPLETED
[17:11:49] REQUEST COMPLETED -> remaining active_jobs=27
[17:11:49] WAITING for remaining requests to finish (active_jobs=27)
[17:11:49] REQUEST: 210 - COMPLETED
[17:11:49] REQUEST COMPLETED -> remaining active_jobs=26
[17:11:49] WAITING for remaining requests to finish (active_jobs=26)
[17:11:49] REQUEST: 115 - COMPLETED
[17:11:49] REQUEST COMPLETED -> remaining active_jobs=25
[17:11:49] WAITING for remaining requests to finish (active_jobs=25)
[17:11:49] REQUEST: 202 - COMPLETED
[17:11:49] REQUEST COMPLETED -> remaining active_jobs=24
[17:11:49] WAITING for remaining requests to finish (active_jobs=24)
[17:11:49] REQUEST: 272 - COMPLETED
[17:11:49] REQUEST COMPLETED -> remaining active_jobs=23
[17:11:49] WAITING for remaining requests to finish (active_jobs=23)
[17:11:49] REQUEST: 23 - COMPLETED
[17:11:49] REQUEST COMPLETED -> remaining active_jobs=22
[17:11:49] WAITING for remaining requests to finish (active_jobs=22)
[17:11:49] REQUEST: 119 - COMPLETED
[17:11:49] REQUEST COMPLETED -> remaining active_jobs=21
[17:11:49] WAITING for remaining requests to finish (active_jobs=21)
[17:11:49] REQUEST: 146 - COMPLETED
[17:11:49] REQUEST COMPLETED -> remaining active_jobs=20
[17:11:49] WAITING for remaining requests to finish (active_jobs=20)
[17:11:49] REQUEST: 74 - COMPLETED
[17:11:49] REQUEST COMPLETED -> remaining active_jobs=19
[17:11:49] WAITING for remaining requests to finish (active_jobs=19)
[17:11:49] REQUEST: 167 - COMPLETED
[17:11:49] REQUEST COMPLETED -> remaining active_jobs=18
[17:11:49] WAITING for remaining requests to finish (active_jobs=18)
[17:11:49] REQUEST: 231 - COMPLETED
[17:11:49] REQUEST COMPLETED -> remaining active_jobs=17
[17:11:49] WAITING for remaining requests to finish (active_jobs=17)
[17:11:49] REQUEST: 184 - COMPLETED
[17:11:49] REQUEST COMPLETED -> remaining active_jobs=16
[17:11:49] WAITING for remaining requests to finish (active_jobs=16)
[17:11:49] REQUEST: 281 - COMPLETED
[17:11:49] REQUEST COMPLETED -> remaining active_jobs=15
[17:11:49] WAITING for remaining requests to finish (active_jobs=15)
[17:11:50] REQUEST: 240 - COMPLETED
[17:11:50] REQUEST COMPLETED -> remaining active_jobs=14
[17:11:50] WAITING for remaining requests to finish (active_jobs=14)
[17:11:50] REQUEST: 111 - COMPLETED
[17:11:50] REQUEST COMPLETED -> remaining active_jobs=13
[17:11:50] WAITING for remaining requests to finish (active_jobs=13)
[17:11:50] REQUEST: 128 - COMPLETED
[17:11:50] REQUEST COMPLETED -> remaining active_jobs=12
[17:11:50] WAITING for remaining requests to finish (active_jobs=12)
[17:11:50] REQUEST: 241 - COMPLETED
[17:11:50] REQUEST COMPLETED -> remaining active_jobs=11
[17:11:50] WAITING for remaining requests to finish (active_jobs=11)
[17:11:50] REQUEST: 191 - COMPLETED
[17:11:50] REQUEST COMPLETED -> remaining active_jobs=10
[17:11:50] WAITING for remaining requests to finish (active_jobs=10)
[17:11:50] REQUEST: 227 - COMPLETED
[17:11:50] REQUEST COMPLETED -> remaining active_jobs=9
[17:11:50] WAITING for remaining requests to finish (active_jobs=9)
[17:11:50] REQUEST: 216 - COMPLETED
[17:11:50] REQUEST COMPLETED -> remaining active_jobs=8
[17:11:50] WAITING for remaining requests to finish (active_jobs=8)
[17:11:50] REQUEST: 142 - COMPLETED
[17:11:50] REQUEST COMPLETED -> remaining active_jobs=7
[17:11:50] WAITING for remaining requests to finish (active_jobs=7)
[17:11:50] REQUEST: 88 - COMPLETED
[17:11:50] REQUEST COMPLETED -> remaining active_jobs=6
[17:11:50] WAITING for remaining requests to finish (active_jobs=6)
[17:11:50] REQUEST: 274 - COMPLETED
[17:11:50] REQUEST COMPLETED -> remaining active_jobs=5
[17:11:50] WAITING for remaining requests to finish (active_jobs=5)
[17:11:50] REQUEST: 209 - COMPLETED
[17:11:50] REQUEST COMPLETED -> remaining active_jobs=4
[17:11:50] WAITING for remaining requests to finish (active_jobs=4)
[17:11:50] REQUEST: 97 - COMPLETED
[17:11:50] REQUEST COMPLETED -> remaining active_jobs=3
[17:11:50] WAITING for remaining requests to finish (active_jobs=3)
[17:11:50] REQUEST: 205 - COMPLETED
[17:11:50] REQUEST COMPLETED -> remaining active_jobs=2
[17:11:50] WAITING for remaining requests to finish (active_jobs=2)
[17:11:50] REQUEST: 291 - COMPLETED
[17:11:50] REQUEST COMPLETED -> remaining active_jobs=1
[17:11:50] WAITING for remaining requests to finish (active_jobs=1)
[17:11:51] REQUEST: 206 - COMPLETED
[17:11:51] REQUEST COMPLETED -> remaining active_jobs=0
[17:11:51] Load test completed
[17:11:51] Waiting for and collecting the delayed GPU activity episode
GPU telemetry: waiting for return to idle ...
GPU telemetry: waiting for return to idle ...
GPU telemetry: waiting for return to idle ...
GPU telemetry: waiting for return to idle ...
GPU telemetry: waiting for return to idle ...
GPU telemetry: waiting for return to idle ...
Saved 5 metrics / 5 series to results/gpu-metrics.json (activity capture: settled, wait 12.1s)
[17:12:03] Running results evaluation


--- PER-REQUEST STATS ---
Request 01 | res_time: 17:11:27.04 | latency:   0.28 s | tokens: 25 | gen_time: 0.064 s | tok/s: 389.10
Request 02 | res_time: 17:11:27.17 | latency:   0.39 s | tokens: 25 | gen_time: 0.087 s | tok/s: 288.25
Request 03 | res_time: 17:11:27.25 | latency:   0.49 s | tokens: 25 | gen_time: 0.132 s | tok/s: 189.50
Request 04 | res_time: 17:11:27.46 | latency:   0.69 s | tokens: 25 | gen_time: 0.084 s | tok/s: 296.30
Request 05 | res_time: 17:11:27.90 | latency:   1.12 s | tokens: 25 | gen_time: 0.281 s | tok/s: 88.89
Request 06 | res_time: 17:11:27.96 | latency:   1.18 s | tokens: 25 | gen_time: 0.344 s | tok/s: 72.68
Request 07 | res_time: 17:11:28.04 | latency:   1.26 s | tokens: 25 | gen_time: 0.332 s | tok/s: 75.32
Request 08 | res_time: 17:11:28.07 | latency:   1.22 s | tokens: 25 | gen_time: 0.362 s | tok/s: 68.97
Request 09 | res_time: 17:11:28.34 | latency:   1.57 s | tokens: 25 | gen_time: 0.693 s | tok/s: 36.08
Request 10 | res_time: 17:11:28.44 | latency:   1.59 s | tokens: 25 | gen_time: 0.249 s | tok/s: 100.47
Request 11 | res_time: 17:11:28.69 | latency:   1.92 s | tokens: 25 | gen_time: 0.306 s | tok/s: 81.79
Request 12 | res_time: 17:11:28.93 | latency:   2.16 s | tokens: 25 | gen_time: 0.428 s | tok/s: 58.42
Request 13 | res_time: 17:11:28.95 | latency:   2.13 s | tokens: 25 | gen_time: 0.473 s | tok/s: 52.86
Request 14 | res_time: 17:11:28.96 | latency:   1.98 s | tokens: 25 | gen_time: 0.395 s | tok/s: 63.35
Request 15 | res_time: 17:11:28.97 | latency:   2.14 s | tokens: 25 | gen_time: 0.202 s | tok/s: 123.57
Request 16 | res_time: 17:11:29.22 | latency:   2.44 s | tokens: 25 | gen_time: 0.186 s | tok/s: 134.59
Request 17 | res_time: 17:11:29.26 | latency:   2.34 s | tokens: 25 | gen_time: 0.072 s | tok/s: 344.90
Request 18 | res_time: 17:11:29.26 | latency:   2.50 s | tokens: 25 | gen_time: 0.134 s | tok/s: 186.08
Request 19 | res_time: 17:11:29.14 | latency:   2.34 s | tokens: 25 | gen_time: 0.355 s | tok/s: 70.43
Request 20 | res_time: 17:11:29.41 | latency:   2.55 s | tokens: 25 | gen_time: 0.154 s | tok/s: 162.64
Request 21 | res_time: 17:11:29.60 | latency:   2.74 s | tokens: 25 | gen_time: 0.273 s | tok/s: 91.67
Request 22 | res_time: 17:11:29.67 | latency:   2.91 s | tokens: 25 | gen_time: 0.410 s | tok/s: 60.99
Request 23 | res_time: 17:11:29.69 | latency:   2.81 s | tokens: 25 | gen_time: 0.425 s | tok/s: 58.84
Request 24 | res_time: 17:11:29.69 | latency:   2.67 s | tokens: 25 | gen_time: 0.768 s | tok/s: 32.56
Request 25 | res_time: 17:11:29.83 | latency:   2.92 s | tokens: 25 | gen_time: 0.368 s | tok/s: 67.87
Request 26 | res_time: 17:11:29.86 | latency:   2.98 s | tokens: 25 | gen_time: 0.357 s | tok/s: 69.97
Request 27 | res_time: 17:11:29.97 | latency:   3.06 s | tokens: 25 | gen_time: 0.586 s | tok/s: 42.66
Request 28 | res_time: 17:11:30.14 | latency:   3.33 s | tokens: 25 | gen_time: 0.484 s | tok/s: 51.67
Request 29 | res_time: 17:11:30.21 | latency:   3.03 s | tokens: 25 | gen_time: 0.495 s | tok/s: 50.52
Request 30 | res_time: 17:11:30.22 | latency:   3.38 s | tokens: 25 | gen_time: 0.495 s | tok/s: 50.45
Request 31 | res_time: 17:11:30.25 | latency:   3.37 s | tokens: 25 | gen_time: 0.501 s | tok/s: 49.85
Request 32 | res_time: 17:11:30.38 | latency:   3.49 s | tokens: 25 | gen_time: 0.506 s | tok/s: 49.41
Request 33 | res_time: 17:11:30.41 | latency:   3.57 s | tokens: 25 | gen_time: 0.506 s | tok/s: 49.40
Request 34 | res_time: 17:11:30.52 | latency:   3.11 s | tokens: 25 | gen_time: 0.505 s | tok/s: 49.55
Request 35 | res_time: 17:11:30.68 | latency:   3.85 s | tokens: 25 | gen_time: 0.506 s | tok/s: 49.42
Request 36 | res_time: 17:11:30.76 | latency:   3.92 s | tokens: 25 | gen_time: 0.505 s | tok/s: 49.50
Request 37 | res_time: 17:11:30.77 | latency:   3.86 s | tokens: 25 | gen_time: 0.504 s | tok/s: 49.62
Request 38 | res_time: 17:11:30.79 | latency:   3.55 s | tokens: 25 | gen_time: 0.505 s | tok/s: 49.47
Request 39 | res_time: 17:11:30.93 | latency:   3.97 s | tokens: 25 | gen_time: 0.506 s | tok/s: 49.39
Request 40 | res_time: 17:11:30.96 | latency:   4.06 s | tokens: 25 | gen_time: 0.505 s | tok/s: 49.52
Request 41 | res_time: 17:11:31.07 | latency:   3.57 s | tokens: 25 | gen_time: 0.506 s | tok/s: 49.38
Request 42 | res_time: 17:11:31.23 | latency:   4.31 s | tokens: 25 | gen_time: 0.505 s | tok/s: 49.47
Request 43 | res_time: 17:11:31.31 | latency:   4.31 s | tokens: 25 | gen_time: 0.506 s | tok/s: 49.40
Request 44 | res_time: 17:11:31.31 | latency:   4.40 s | tokens: 25 | gen_time: 0.502 s | tok/s: 49.83
Request 45 | res_time: 17:11:31.34 | latency:   3.75 s | tokens: 25 | gen_time: 0.506 s | tok/s: 49.41
Request 46 | res_time: 17:11:31.48 | latency:   4.05 s | tokens: 25 | gen_time: 0.505 s | tok/s: 49.48
Request 47 | res_time: 17:11:31.51 | latency:   4.17 s | tokens: 25 | gen_time: 0.510 s | tok/s: 49.02
Request 48 | res_time: 17:11:31.61 | latency:   4.47 s | tokens: 25 | gen_time: 0.505 s | tok/s: 49.51
Request 49 | res_time: 17:11:31.78 | latency:   4.74 s | tokens: 25 | gen_time: 0.506 s | tok/s: 49.43
Request 50 | res_time: 17:11:31.85 | latency:   4.78 s | tokens: 25 | gen_time: 0.506 s | tok/s: 49.44
Request 51 | res_time: 17:11:31.86 | latency:   5.06 s | tokens: 25 | gen_time: 0.504 s | tok/s: 49.62
Request 52 | res_time: 17:11:31.89 | latency:   4.70 s | tokens: 25 | gen_time: 0.506 s | tok/s: 49.40
Request 53 | res_time: 17:11:32.02 | latency:   5.16 s | tokens: 25 | gen_time: 0.505 s | tok/s: 49.53
Request 54 | res_time: 17:11:32.06 | latency:   4.92 s | tokens: 25 | gen_time: 0.504 s | tok/s: 49.60
Request 55 | res_time: 17:11:32.16 | latency:   4.93 s | tokens: 25 | gen_time: 0.504 s | tok/s: 49.56
Request 56 | res_time: 17:11:32.32 | latency:   5.22 s | tokens: 25 | gen_time: 0.505 s | tok/s: 49.52
Request 57 | res_time: 17:11:32.40 | latency:   5.43 s | tokens: 25 | gen_time: 0.504 s | tok/s: 49.62
Request 58 | res_time: 17:11:32.40 | latency:   5.21 s | tokens: 25 | gen_time: 0.506 s | tok/s: 49.45
Request 59 | res_time: 17:11:32.43 | latency:   5.31 s | tokens: 25 | gen_time: 0.503 s | tok/s: 49.68
Request 60 | res_time: 17:11:32.57 | latency:   5.67 s | tokens: 25 | gen_time: 0.504 s | tok/s: 49.56
Request 61 | res_time: 17:11:32.60 | latency:   5.44 s | tokens: 25 | gen_time: 0.503 s | tok/s: 49.69
Request 62 | res_time: 17:11:32.71 | latency:   5.62 s | tokens: 25 | gen_time: 0.505 s | tok/s: 49.49
Request 63 | res_time: 17:11:32.87 | latency:   5.94 s | tokens: 25 | gen_time: 0.505 s | tok/s: 49.48
Request 64 | res_time: 17:11:32.95 | latency:   6.12 s | tokens: 25 | gen_time: 0.505 s | tok/s: 49.54
Request 65 | res_time: 17:11:32.95 | latency:   5.80 s | tokens: 25 | gen_time: 0.504 s | tok/s: 49.62
Request 66 | res_time: 17:11:32.98 | latency:   5.58 s | tokens: 25 | gen_time: 0.505 s | tok/s: 49.55
Request 67 | res_time: 17:11:33.12 | latency:   6.22 s | tokens: 25 | gen_time: 0.503 s | tok/s: 49.70
Request 68 | res_time: 17:11:33.15 | latency:   5.79 s | tokens: 25 | gen_time: 0.505 s | tok/s: 49.48
Request 69 | res_time: 17:11:33.25 | latency:   5.97 s | tokens: 25 | gen_time: 0.504 s | tok/s: 49.60
Request 70 | res_time: 17:11:33.42 | latency:   6.60 s | tokens: 25 | gen_time: 0.505 s | tok/s: 49.46
Request 71 | res_time: 17:11:33.49 | latency:   6.62 s | tokens: 25 | gen_time: 0.505 s | tok/s: 49.47
Request 72 | res_time: 17:11:33.50 | latency:   5.92 s | tokens: 25 | gen_time: 0.505 s | tok/s: 49.51
Request 73 | res_time: 17:11:33.53 | latency:   6.45 s | tokens: 25 | gen_time: 0.505 s | tok/s: 49.51
Request 74 | res_time: 17:11:33.66 | latency:   6.25 s | tokens: 25 | gen_time: 0.504 s | tok/s: 49.56
Request 75 | res_time: 17:11:33.70 | latency:   6.68 s | tokens: 25 | gen_time: 0.506 s | tok/s: 49.45
Request 76 | res_time: 17:11:33.80 | latency:   6.76 s | tokens: 25 | gen_time: 0.505 s | tok/s: 49.55
Request 77 | res_time: 17:11:33.96 | latency:   7.15 s | tokens: 25 | gen_time: 0.503 s | tok/s: 49.72
Request 78 | res_time: 17:11:34.04 | latency:   7.24 s | tokens: 25 | gen_time: 0.504 s | tok/s: 49.57
Request 79 | res_time: 17:11:34.05 | latency:   6.61 s | tokens: 25 | gen_time: 0.511 s | tok/s: 48.91
Request 80 | res_time: 17:11:34.08 | latency:   6.87 s | tokens: 25 | gen_time: 0.504 s | tok/s: 49.60
Request 81 | res_time: 17:11:34.21 | latency:   7.17 s | tokens: 25 | gen_time: 0.504 s | tok/s: 49.60
Request 82 | res_time: 17:11:34.24 | latency:   7.08 s | tokens: 25 | gen_time: 0.502 s | tok/s: 49.83
Request 83 | res_time: 17:11:34.35 | latency:   7.27 s | tokens: 25 | gen_time: 0.504 s | tok/s: 49.63
Request 84 | res_time: 17:11:34.51 | latency:   7.42 s | tokens: 25 | gen_time: 0.504 s | tok/s: 49.64
Request 85 | res_time: 17:11:34.59 | latency:   7.50 s | tokens: 25 | gen_time: 0.507 s | tok/s: 49.29
Request 86 | res_time: 17:11:34.60 | latency:   7.18 s | tokens: 25 | gen_time: 0.504 s | tok/s: 49.61
Request 87 | res_time: 17:11:34.62 | latency:   7.52 s | tokens: 25 | gen_time: 0.504 s | tok/s: 49.56
Request 88 | res_time: 17:11:34.76 | latency:   7.78 s | tokens: 25 | gen_time: 0.502 s | tok/s: 49.77
Request 89 | res_time: 17:11:34.79 | latency:   7.32 s | tokens: 25 | gen_time: 0.506 s | tok/s: 49.40
Request 90 | res_time: 17:11:34.90 | latency:   7.63 s | tokens: 25 | gen_time: 0.506 s | tok/s: 49.44
Request 91 | res_time: 17:11:35.05 | latency:   7.88 s | tokens: 25 | gen_time: 0.505 s | tok/s: 49.55
Request 92 | res_time: 17:11:35.13 | latency:   7.94 s | tokens: 25 | gen_time: 0.505 s | tok/s: 49.46
Request 93 | res_time: 17:11:35.14 | latency:   7.94 s | tokens: 25 | gen_time: 0.502 s | tok/s: 49.84
Request 94 | res_time: 17:11:35.17 | latency:   8.35 s | tokens: 25 | gen_time: 0.504 s | tok/s: 49.60
Request 95 | res_time: 17:11:35.30 | latency:   8.39 s | tokens: 25 | gen_time: 0.506 s | tok/s: 49.41
Request 96 | res_time: 17:11:35.33 | latency:   7.91 s | tokens: 25 | gen_time: 0.503 s | tok/s: 49.73
Request 97 | res_time: 17:11:35.44 | latency:   8.23 s | tokens: 25 | gen_time: 0.503 s | tok/s: 49.72
Request 98 | res_time: 17:11:35.60 | latency:   8.52 s | tokens: 25 | gen_time: 0.506 s | tok/s: 49.40
Request 99 | res_time: 17:11:35.68 | latency:   8.16 s | tokens: 25 | gen_time: 0.504 s | tok/s: 49.61
Request 100 | res_time: 17:11:35.69 | latency:   8.73 s | tokens: 25 | gen_time: 0.505 s | tok/s: 49.50
Request 101 | res_time: 17:11:35.71 | latency:   8.73 s | tokens: 25 | gen_time: 0.504 s | tok/s: 49.56
Request 102 | res_time: 17:11:35.85 | latency:   8.98 s | tokens: 25 | gen_time: 0.505 s | tok/s: 49.51
Request 103 | res_time: 17:11:35.88 | latency:   8.93 s | tokens: 25 | gen_time: 0.504 s | tok/s: 49.63
Request 104 | res_time: 17:11:35.99 | latency:   8.77 s | tokens: 25 | gen_time: 0.505 s | tok/s: 49.53
Request 105 | res_time: 17:11:36.15 | latency:   9.04 s | tokens: 25 | gen_time: 0.507 s | tok/s: 49.35
Request 106 | res_time: 17:11:36.22 | latency:   8.79 s | tokens: 25 | gen_time: 0.503 s | tok/s: 49.68
Request 107 | res_time: 17:11:36.24 | latency:   8.68 s | tokens: 25 | gen_time: 0.504 s | tok/s: 49.57
Request 108 | res_time: 17:11:36.26 | latency:   8.89 s | tokens: 25 | gen_time: 0.504 s | tok/s: 49.59
Request 109 | res_time: 17:11:36.39 | latency:   9.52 s | tokens: 25 | gen_time: 0.503 s | tok/s: 49.67
Request 110 | res_time: 17:11:36.43 | latency:   9.30 s | tokens: 25 | gen_time: 0.507 s | tok/s: 49.31
Request 111 | res_time: 17:11:36.53 | latency:   9.12 s | tokens: 25 | gen_time: 0.504 s | tok/s: 49.59
Request 112 | res_time: 17:11:36.69 | latency:   8.99 s | tokens: 25 | gen_time: 0.505 s | tok/s: 49.53
Request 113 | res_time: 17:11:36.77 | latency:   9.33 s | tokens: 25 | gen_time: 0.505 s | tok/s: 49.53
Request 114 | res_time: 17:11:36.78 | latency:   9.68 s | tokens: 25 | gen_time: 0.505 s | tok/s: 49.51
Request 115 | res_time: 17:11:36.81 | latency:   9.93 s | tokens: 25 | gen_time: 0.505 s | tok/s: 49.50
Request 116 | res_time: 17:11:36.94 | latency:   9.97 s | tokens: 25 | gen_time: 0.504 s | tok/s: 49.63
Request 117 | res_time: 17:11:36.97 | latency:   9.55 s | tokens: 25 | gen_time: 0.506 s | tok/s: 49.43
Request 118 | res_time: 17:11:37.08 | latency:   9.70 s | tokens: 25 | gen_time: 0.506 s | tok/s: 49.42
Request 119 | res_time: 17:11:37.24 | latency:  10.16 s | tokens: 25 | gen_time: 0.503 s | tok/s: 49.71
Request 120 | res_time: 17:11:37.32 | latency:  10.02 s | tokens: 25 | gen_time: 0.507 s | tok/s: 49.34
Request 121 | res_time: 17:11:37.33 | latency:  10.46 s | tokens: 25 | gen_time: 0.504 s | tok/s: 49.56
Request 122 | res_time: 17:11:37.35 | latency:  10.17 s | tokens: 25 | gen_time: 0.504 s | tok/s: 49.56
Request 123 | res_time: 17:11:37.49 | latency:  10.66 s | tokens: 25 | gen_time: 0.503 s | tok/s: 49.69
Request 124 | res_time: 17:11:37.52 | latency:  10.67 s | tokens: 25 | gen_time: 0.504 s | tok/s: 49.63
Request 125 | res_time: 17:11:37.63 | latency:   9.79 s | tokens: 25 | gen_time: 0.504 s | tok/s: 49.65
Request 126 | res_time: 17:11:37.78 | latency:  10.32 s | tokens: 25 | gen_time: 0.506 s | tok/s: 49.42
Request 127 | res_time: 17:11:37.86 | latency:  10.50 s | tokens: 25 | gen_time: 0.503 s | tok/s: 49.66
Request 128 | res_time: 17:11:37.87 | latency:  10.84 s | tokens: 25 | gen_time: 0.503 s | tok/s: 49.66
Request 129 | res_time: 17:11:37.90 | latency:  11.03 s | tokens: 25 | gen_time: 0.503 s | tok/s: 49.66
Request 130 | res_time: 17:11:38.03 | latency:  10.87 s | tokens: 25 | gen_time: 0.503 s | tok/s: 49.75
Request 131 | res_time: 17:11:38.07 | latency:  10.83 s | tokens: 25 | gen_time: 0.506 s | tok/s: 49.39
Request 132 | res_time: 17:11:38.17 | latency:  11.14 s | tokens: 25 | gen_time: 0.505 s | tok/s: 49.53
Request 133 | res_time: 17:11:38.33 | latency:  11.21 s | tokens: 25 | gen_time: 0.502 s | tok/s: 49.82
Request 134 | res_time: 17:11:38.41 | latency:  11.58 s | tokens: 25 | gen_time: 0.503 s | tok/s: 49.65
Request 135 | res_time: 17:11:38.42 | latency:  11.41 s | tokens: 25 | gen_time: 0.506 s | tok/s: 49.37
Request 136 | res_time: 17:11:38.45 | latency:  11.59 s | tokens: 25 | gen_time: 0.504 s | tok/s: 49.56
Request 137 | res_time: 17:11:38.58 | latency:  11.19 s | tokens: 25 | gen_time: 0.506 s | tok/s: 49.43
Request 138 | res_time: 17:11:38.61 | latency:  11.14 s | tokens: 25 | gen_time: 0.504 s | tok/s: 49.56
Request 139 | res_time: 17:11:38.72 | latency:  11.36 s | tokens: 25 | gen_time: 0.504 s | tok/s: 49.59
Request 140 | res_time: 17:11:38.88 | latency:  11.75 s | tokens: 25 | gen_time: 0.505 s | tok/s: 49.52
Request 141 | res_time: 17:11:38.95 | latency:  11.51 s | tokens: 25 | gen_time: 0.506 s | tok/s: 49.46
Request 142 | res_time: 17:11:38.97 | latency:  11.62 s | tokens: 25 | gen_time: 0.506 s | tok/s: 49.45
Request 143 | res_time: 17:11:38.99 | latency:  12.06 s | tokens: 25 | gen_time: 0.505 s | tok/s: 49.53
Request 144 | res_time: 17:11:39.13 | latency:  11.70 s | tokens: 25 | gen_time: 0.504 s | tok/s: 49.64
Request 145 | res_time: 17:11:39.16 | latency:  11.72 s | tokens: 25 | gen_time: 0.506 s | tok/s: 49.44
Request 146 | res_time: 17:11:39.26 | latency:  12.27 s | tokens: 25 | gen_time: 0.505 s | tok/s: 49.52
Request 147 | res_time: 17:11:39.42 | latency:  12.50 s | tokens: 25 | gen_time: 0.504 s | tok/s: 49.62
Request 148 | res_time: 17:11:39.50 | latency:  12.70 s | tokens: 25 | gen_time: 0.504 s | tok/s: 49.59
Request 149 | res_time: 17:11:39.51 | latency:  11.96 s | tokens: 25 | gen_time: 0.503 s | tok/s: 49.65
Request 150 | res_time: 17:11:39.54 | latency:  11.90 s | tokens: 25 | gen_time: 0.504 s | tok/s: 49.58
Request 151 | res_time: 17:11:39.67 | latency:  12.56 s | tokens: 25 | gen_time: 0.503 s | tok/s: 49.67
Request 152 | res_time: 17:11:39.70 | latency:  12.71 s | tokens: 25 | gen_time: 0.504 s | tok/s: 49.57
Request 153 | res_time: 17:11:39.81 | latency:  12.47 s | tokens: 25 | gen_time: 0.502 s | tok/s: 49.79
Request 154 | res_time: 17:11:39.97 | latency:  12.73 s | tokens: 25 | gen_time: 0.503 s | tok/s: 49.66
Request 155 | res_time: 17:11:40.05 | latency:  12.52 s | tokens: 25 | gen_time: 0.505 s | tok/s: 49.49
Request 156 | res_time: 17:11:40.06 | latency:  12.76 s | tokens: 25 | gen_time: 0.503 s | tok/s: 49.66
Request 157 | res_time: 17:11:40.08 | latency:  12.76 s | tokens: 25 | gen_time: 0.506 s | tok/s: 49.43
Request 158 | res_time: 17:11:40.22 | latency:  12.90 s | tokens: 25 | gen_time: 0.505 s | tok/s: 49.55
Request 159 | res_time: 17:11:40.25 | latency:  13.26 s | tokens: 25 | gen_time: 0.506 s | tok/s: 49.43
Request 160 | res_time: 17:11:40.36 | latency:  13.32 s | tokens: 25 | gen_time: 0.506 s | tok/s: 49.42
Request 161 | res_time: 17:11:40.52 | latency:  13.39 s | tokens: 25 | gen_time: 0.503 s | tok/s: 49.68
Request 162 | res_time: 17:11:40.59 | latency:  13.83 s | tokens: 25 | gen_time: 0.502 s | tok/s: 49.75
Request 163 | res_time: 17:11:40.61 | latency:  13.40 s | tokens: 25 | gen_time: 0.504 s | tok/s: 49.64
Request 164 | res_time: 17:11:40.63 | latency:  13.15 s | tokens: 25 | gen_time: 0.505 s | tok/s: 49.54
Request 165 | res_time: 17:11:40.77 | latency:  13.21 s | tokens: 25 | gen_time: 0.504 s | tok/s: 49.58
Request 166 | res_time: 17:11:40.80 | latency:  13.35 s | tokens: 25 | gen_time: 0.505 s | tok/s: 49.53
Request 167 | res_time: 17:11:40.90 | latency:  13.55 s | tokens: 25 | gen_time: 0.505 s | tok/s: 49.50
Request 168 | res_time: 17:11:41.06 | latency:  13.76 s | tokens: 25 | gen_time: 0.505 s | tok/s: 49.46
Request 169 | res_time: 17:11:41.14 | latency:  14.05 s | tokens: 25 | gen_time: 0.505 s | tok/s: 49.51
Request 170 | res_time: 17:11:41.15 | latency:  13.98 s | tokens: 25 | gen_time: 0.505 s | tok/s: 49.53
Request 171 | res_time: 17:11:41.18 | latency:  13.92 s | tokens: 25 | gen_time: 0.504 s | tok/s: 49.64
Request 172 | res_time: 17:11:41.31 | latency:  13.75 s | tokens: 25 | gen_time: 0.506 s | tok/s: 49.43
Request 173 | res_time: 17:11:41.34 | latency:  13.63 s | tokens: 25 | gen_time: 0.503 s | tok/s: 49.69
Request 174 | res_time: 17:11:41.45 | latency:  14.62 s | tokens: 25 | gen_time: 0.502 s | tok/s: 49.75
Request 175 | res_time: 17:11:41.61 | latency:  14.64 s | tokens: 25 | gen_time: 0.506 s | tok/s: 49.36
Request 176 | res_time: 17:11:41.69 | latency:  14.89 s | tokens: 25 | gen_time: 0.504 s | tok/s: 49.61
Request 177 | res_time: 17:11:41.70 | latency:  14.41 s | tokens: 25 | gen_time: 0.506 s | tok/s: 49.37
Request 178 | res_time: 17:11:41.72 | latency:  14.82 s | tokens: 25 | gen_time: 0.503 s | tok/s: 49.74
Request 179 | res_time: 17:11:41.86 | latency:  14.93 s | tokens: 25 | gen_time: 0.505 s | tok/s: 49.49
Request 180 | res_time: 17:11:41.89 | latency:  14.69 s | tokens: 25 | gen_time: 0.505 s | tok/s: 49.48
Request 181 | res_time: 17:11:42.00 | latency:  14.81 s | tokens: 25 | gen_time: 0.505 s | tok/s: 49.46
Request 182 | res_time: 17:11:42.16 | latency:  14.86 s | tokens: 25 | gen_time: 0.505 s | tok/s: 49.53
Request 183 | res_time: 17:11:42.23 | latency:  14.71 s | tokens: 25 | gen_time: 0.505 s | tok/s: 49.50
Request 184 | res_time: 17:11:42.25 | latency:  14.87 s | tokens: 25 | gen_time: 0.504 s | tok/s: 49.57
Request 185 | res_time: 17:11:42.27 | latency:  15.27 s | tokens: 25 | gen_time: 0.505 s | tok/s: 49.52
Request 186 | res_time: 17:11:42.41 | latency:  15.32 s | tokens: 25 | gen_time: 0.504 s | tok/s: 49.61
Request 187 | res_time: 17:11:42.44 | latency:  15.28 s | tokens: 25 | gen_time: 0.507 s | tok/s: 49.34
Request 188 | res_time: 17:11:42.54 | latency:  15.26 s | tokens: 25 | gen_time: 0.506 s | tok/s: 49.39
Request 189 | res_time: 17:11:42.70 | latency:  15.45 s | tokens: 25 | gen_time: 0.506 s | tok/s: 49.44
Request 190 | res_time: 17:11:42.78 | latency:  15.84 s | tokens: 25 | gen_time: 0.506 s | tok/s: 49.44
Request 191 | res_time: 17:11:42.79 | latency:  15.28 s | tokens: 25 | gen_time: 0.505 s | tok/s: 49.54
Request 192 | res_time: 17:11:42.82 | latency:  15.71 s | tokens: 25 | gen_time: 0.504 s | tok/s: 49.57
Request 193 | res_time: 17:11:42.95 | latency:  15.58 s | tokens: 25 | gen_time: 0.504 s | tok/s: 49.59
Request 194 | res_time: 17:11:42.98 | latency:  15.52 s | tokens: 25 | gen_time: 0.504 s | tok/s: 49.59
Request 195 | res_time: 17:11:43.09 | latency:  15.84 s | tokens: 25 | gen_time: 0.504 s | tok/s: 49.62
Request 196 | res_time: 17:11:43.25 | latency:  15.53 s | tokens: 25 | gen_time: 0.505 s | tok/s: 49.52
Request 197 | res_time: 17:11:43.33 | latency:  15.98 s | tokens: 25 | gen_time: 0.506 s | tok/s: 49.42
Request 198 | res_time: 17:11:43.34 | latency:  15.74 s | tokens: 25 | gen_time: 0.505 s | tok/s: 49.51
Request 199 | res_time: 17:11:43.37 | latency:  16.23 s | tokens: 25 | gen_time: 0.504 s | tok/s: 49.58
Request 200 | res_time: 17:11:43.50 | latency:  16.43 s | tokens: 25 | gen_time: 0.505 s | tok/s: 49.51
Request 201 | res_time: 17:11:43.53 | latency:  16.43 s | tokens: 25 | gen_time: 0.505 s | tok/s: 49.52
Request 202 | res_time: 17:11:43.64 | latency:  16.25 s | tokens: 25 | gen_time: 0.506 s | tok/s: 49.44
Request 203 | res_time: 17:11:43.80 | latency:  16.13 s | tokens: 25 | gen_time: 0.505 s | tok/s: 49.53
Request 204 | res_time: 17:11:43.88 | latency:  16.91 s | tokens: 25 | gen_time: 0.505 s | tok/s: 49.50
Request 205 | res_time: 17:11:43.89 | latency:  16.56 s | tokens: 25 | gen_time: 0.505 s | tok/s: 49.53
Request 206 | res_time: 17:11:43.91 | latency:  16.73 s | tokens: 25 | gen_time: 0.504 s | tok/s: 49.62
Request 207 | res_time: 17:11:44.05 | latency:  16.80 s | tokens: 25 | gen_time: 0.504 s | tok/s: 49.58
Request 208 | res_time: 17:11:44.08 | latency:  16.64 s | tokens: 25 | gen_time: 0.504 s | tok/s: 49.60
Request 209 | res_time: 17:11:44.19 | latency:  16.64 s | tokens: 25 | gen_time: 0.504 s | tok/s: 49.59
Request 210 | res_time: 17:11:44.34 | latency:  17.29 s | tokens: 25 | gen_time: 0.503 s | tok/s: 49.72
Request 211 | res_time: 17:11:44.42 | latency:  16.75 s | tokens: 25 | gen_time: 0.505 s | tok/s: 49.51
Request 212 | res_time: 17:11:44.43 | latency:  16.99 s | tokens: 25 | gen_time: 0.505 s | tok/s: 49.48
Request 213 | res_time: 17:11:44.46 | latency:  17.33 s | tokens: 25 | gen_time: 0.504 s | tok/s: 49.63
Request 214 | res_time: 17:11:44.59 | latency:  17.05 s | tokens: 25 | gen_time: 0.504 s | tok/s: 49.57
Request 215 | res_time: 17:11:44.62 | latency:  17.17 s | tokens: 25 | gen_time: 0.506 s | tok/s: 49.43
Request 216 | res_time: 17:11:44.73 | latency:  17.41 s | tokens: 25 | gen_time: 0.504 s | tok/s: 49.57
Request 217 | res_time: 17:11:44.89 | latency:  17.94 s | tokens: 25 | gen_time: 0.505 s | tok/s: 49.49
Request 218 | res_time: 17:11:44.97 | latency:  17.44 s | tokens: 25 | gen_time: 0.507 s | tok/s: 49.27
Request 219 | res_time: 17:11:44.98 | latency:  17.65 s | tokens: 25 | gen_time: 0.503 s | tok/s: 49.71
Request 220 | res_time: 17:11:45.01 | latency:  17.58 s | tokens: 25 | gen_time: 0.504 s | tok/s: 49.56
Request 221 | res_time: 17:11:45.14 | latency:  17.71 s | tokens: 25 | gen_time: 0.506 s | tok/s: 49.41
Request 222 | res_time: 17:11:45.17 | latency:  17.67 s | tokens: 25 | gen_time: 0.505 s | tok/s: 49.55
Request 223 | res_time: 17:11:45.28 | latency:  17.97 s | tokens: 25 | gen_time: 0.503 s | tok/s: 49.66
Request 224 | res_time: 17:11:45.44 | latency:  17.91 s | tokens: 25 | gen_time: 0.505 s | tok/s: 49.51
Request 225 | res_time: 17:11:45.51 | latency:  18.05 s | tokens: 25 | gen_time: 0.503 s | tok/s: 49.68
Request 226 | res_time: 17:11:45.53 | latency:  18.01 s | tokens: 25 | gen_time: 0.506 s | tok/s: 49.43
Request 227 | res_time: 17:11:45.55 | latency:  18.72 s | tokens: 25 | gen_time: 0.506 s | tok/s: 49.43
Request 228 | res_time: 17:11:45.69 | latency:  18.19 s | tokens: 25 | gen_time: 0.507 s | tok/s: 49.31
Request 229 | res_time: 17:11:45.72 | latency:  18.21 s | tokens: 25 | gen_time: 0.506 s | tok/s: 49.41
Request 230 | res_time: 17:11:45.82 | latency:  18.80 s | tokens: 25 | gen_time: 0.504 s | tok/s: 49.56
Request 231 | res_time: 17:11:45.98 | latency:  19.18 s | tokens: 25 | gen_time: 0.506 s | tok/s: 49.43
Request 232 | res_time: 17:11:46.06 | latency:  19.11 s | tokens: 25 | gen_time: 0.505 s | tok/s: 49.48
Request 233 | res_time: 17:11:46.07 | latency:  18.55 s | tokens: 25 | gen_time: 0.505 s | tok/s: 49.46
Request 234 | res_time: 17:11:46.09 | latency:  18.67 s | tokens: 25 | gen_time: 0.501 s | tok/s: 49.90
Request 235 | res_time: 17:11:46.21 | latency:  18.85 s | tokens: 25 | gen_time: 0.483 s | tok/s: 51.81
Request 236 | res_time: 17:11:46.24 | latency:  19.13 s | tokens: 25 | gen_time: 0.480 s | tok/s: 52.08
Request 237 | res_time: 17:11:46.33 | latency:  19.12 s | tokens: 25 | gen_time: 0.464 s | tok/s: 53.84
Request 238 | res_time: 17:11:46.47 | latency:  19.52 s | tokens: 25 | gen_time: 0.442 s | tok/s: 56.54
Request 239 | res_time: 17:11:46.53 | latency:  19.38 s | tokens: 25 | gen_time: 0.429 s | tok/s: 58.28
Request 240 | res_time: 17:11:46.56 | latency:  19.46 s | tokens: 25 | gen_time: 0.431 s | tok/s: 57.98
Request 241 | res_time: 17:11:46.68 | latency:  19.40 s | tokens: 25 | gen_time: 0.433 s | tok/s: 57.79
Request 242 | res_time: 17:11:46.71 | latency:  19.23 s | tokens: 25 | gen_time: 0.431 s | tok/s: 58.04
Request 243 | res_time: 17:11:46.80 | latency:  19.34 s | tokens: 25 | gen_time: 0.431 s | tok/s: 58.03
Request 244 | res_time: 17:11:46.94 | latency:  19.40 s | tokens: 25 | gen_time: 0.431 s | tok/s: 58.00
Request 245 | res_time: 17:11:47.00 | latency:  19.62 s | tokens: 25 | gen_time: 0.431 s | tok/s: 58.04
Request 246 | res_time: 17:11:47.03 | latency:  19.61 s | tokens: 25 | gen_time: 0.430 s | tok/s: 58.09
Request 247 | res_time: 17:11:47.15 | latency:  19.56 s | tokens: 25 | gen_time: 0.431 s | tok/s: 57.97
Request 248 | res_time: 17:11:47.18 | latency:  19.94 s | tokens: 25 | gen_time: 0.430 s | tok/s: 58.09
Request 249 | res_time: 17:11:47.27 | latency:  19.59 s | tokens: 25 | gen_time: 0.431 s | tok/s: 58.06
Request 250 | res_time: 17:11:47.40 | latency:  20.22 s | tokens: 25 | gen_time: 0.432 s | tok/s: 57.88
Request 251 | res_time: 17:11:47.47 | latency:  20.33 s | tokens: 25 | gen_time: 0.431 s | tok/s: 58.04
Request 252 | res_time: 17:11:47.50 | latency:  20.29 s | tokens: 25 | gen_time: 0.431 s | tok/s: 57.97
Request 253 | res_time: 17:11:47.62 | latency:  19.72 s | tokens: 25 | gen_time: 0.429 s | tok/s: 58.24
Request 254 | res_time: 17:11:47.64 | latency:  20.37 s | tokens: 25 | gen_time: 0.427 s | tok/s: 58.50
Request 255 | res_time: 17:11:47.72 | latency:  20.64 s | tokens: 25 | gen_time: 0.412 s | tok/s: 60.70
Request 256 | res_time: 17:11:47.83 | latency:  20.89 s | tokens: 25 | gen_time: 0.390 s | tok/s: 64.16
Request 257 | res_time: 17:11:47.88 | latency:  20.52 s | tokens: 25 | gen_time: 0.378 s | tok/s: 66.17
Request 258 | res_time: 17:11:47.91 | latency:  21.03 s | tokens: 25 | gen_time: 0.374 s | tok/s: 66.83
Request 259 | res_time: 17:11:48.03 | latency:  20.86 s | tokens: 25 | gen_time: 0.355 s | tok/s: 70.43
Request 260 | res_time: 17:11:48.11 | latency:  20.51 s | tokens: 25 | gen_time: 0.356 s | tok/s: 70.22
Request 261 | res_time: 17:11:48.22 | latency:  20.91 s | tokens: 25 | gen_time: 0.356 s | tok/s: 70.13
Request 262 | res_time: 17:11:48.28 | latency:  20.89 s | tokens: 25 | gen_time: 0.357 s | tok/s: 70.08
Request 263 | res_time: 17:11:48.30 | latency:  21.12 s | tokens: 25 | gen_time: 0.355 s | tok/s: 70.35
Request 264 | res_time: 17:11:48.42 | latency:  20.95 s | tokens: 25 | gen_time: 0.356 s | tok/s: 70.21
Request 265 | res_time: 17:11:48.50 | latency:  20.98 s | tokens: 25 | gen_time: 0.356 s | tok/s: 70.30
Request 266 | res_time: 17:11:48.61 | latency:  21.12 s | tokens: 25 | gen_time: 0.355 s | tok/s: 70.36
Request 267 | res_time: 17:11:48.67 | latency:  21.24 s | tokens: 25 | gen_time: 0.355 s | tok/s: 70.39
Request 268 | res_time: 17:11:48.69 | latency:  21.59 s | tokens: 25 | gen_time: 0.355 s | tok/s: 70.33
Request 269 | res_time: 17:11:48.81 | latency:  21.29 s | tokens: 25 | gen_time: 0.355 s | tok/s: 70.45
Request 270 | res_time: 17:11:48.87 | latency:  21.91 s | tokens: 25 | gen_time: 0.343 s | tok/s: 72.99
Request 271 | res_time: 17:11:48.97 | latency:  22.19 s | tokens: 25 | gen_time: 0.318 s | tok/s: 78.66
Request 272 | res_time: 17:11:49.01 | latency:  21.33 s | tokens: 25 | gen_time: 0.309 s | tok/s: 80.80
Request 273 | res_time: 17:11:49.03 | latency:  21.82 s | tokens: 25 | gen_time: 0.299 s | tok/s: 83.49
Request 274 | res_time: 17:11:49.14 | latency:  21.78 s | tokens: 25 | gen_time: 0.238 s | tok/s: 104.83
Request 275 | res_time: 17:11:49.21 | latency:  21.35 s | tokens: 25 | gen_time: 0.215 s | tok/s: 116.21
Request 276 | res_time: 17:11:49.26 | latency:  21.84 s | tokens: 25 | gen_time: 0.208 s | tok/s: 119.97
Request 277 | res_time: 17:11:49.38 | latency:  21.79 s | tokens: 25 | gen_time: 0.207 s | tok/s: 120.50
Request 278 | res_time: 17:11:49.45 | latency:  22.64 s | tokens: 25 | gen_time: 0.208 s | tok/s: 119.91
Request 279 | res_time: 17:11:49.50 | latency:  22.28 s | tokens: 25 | gen_time: 0.208 s | tok/s: 120.26
Request 280 | res_time: 17:11:49.61 | latency:  22.38 s | tokens: 25 | gen_time: 0.208 s | tok/s: 120.25
Request 281 | res_time: 17:11:49.68 | latency:  22.75 s | tokens: 25 | gen_time: 0.208 s | tok/s: 119.93
Request 282 | res_time: 17:11:49.73 | latency:  22.52 s | tokens: 25 | gen_time: 0.208 s | tok/s: 120.45
Request 283 | res_time: 17:11:49.84 | latency:  22.24 s | tokens: 25 | gen_time: 0.207 s | tok/s: 120.75
Request 284 | res_time: 17:11:49.91 | latency:  22.70 s | tokens: 25 | gen_time: 0.208 s | tok/s: 120.32
Request 285 | res_time: 17:11:49.96 | latency:  22.46 s | tokens: 25 | gen_time: 0.206 s | tok/s: 121.36
Request 286 | res_time: 17:11:50.08 | latency:  22.59 s | tokens: 25 | gen_time: 0.207 s | tok/s: 120.73
Request 287 | res_time: 17:11:50.15 | latency:  22.44 s | tokens: 25 | gen_time: 0.207 s | tok/s: 120.68
Request 288 | res_time: 17:11:50.20 | latency:  23.13 s | tokens: 25 | gen_time: 0.208 s | tok/s: 120.43
Request 289 | res_time: 17:11:50.31 | latency:  22.92 s | tokens: 25 | gen_time: 0.207 s | tok/s: 120.95
Request 290 | res_time: 17:11:50.35 | latency:  22.64 s | tokens: 25 | gen_time: 0.174 s | tok/s: 143.74
Request 291 | res_time: 17:11:50.37 | latency:  23.03 s | tokens: 25 | gen_time: 0.150 s | tok/s: 166.60
Request 292 | res_time: 17:11:50.46 | latency:  23.16 s | tokens: 25 | gen_time: 0.096 s | tok/s: 261.60
Request 293 | res_time: 17:11:50.48 | latency:  23.23 s | tokens: 25 | gen_time: 0.087 s | tok/s: 287.59
Request 294 | res_time: 17:11:50.56 | latency:  23.46 s | tokens: 25 | gen_time: 0.054 s | tok/s: 462.14
Request 295 | res_time: 17:11:50.63 | latency:  23.15 s | tokens: 25 | gen_time: 0.054 s | tok/s: 464.41
Request 296 | res_time: 17:11:50.71 | latency:  23.28 s | tokens: 25 | gen_time: 0.054 s | tok/s: 459.61
Request 297 | res_time: 17:11:50.78 | latency:  23.68 s | tokens: 25 | gen_time: 0.054 s | tok/s: 460.73
Request 298 | res_time: 17:11:50.86 | latency:  23.44 s | tokens: 25 | gen_time: 0.054 s | tok/s: 460.89
Request 299 | res_time: 17:11:50.93 | latency:  23.27 s | tokens: 25 | gen_time: 0.054 s | tok/s: 460.34
Request 300 | res_time: 17:11:51.01 | latency:  23.59 s | tokens: 25 | gen_time: 0.055 s | tok/s: 456.92

--- TEST CONFIGURATION ---
MIG Config: all-7g.40gb
Ollama Replicas: 7
Total requests: 300
Concurrency: 300
Requested output tokens (effort): 25

Total tokens: 7500
Wall time (s): 24.27
GPU time (s): 132.68

--- REQUEST METRICS ---
Throughput REAL (tok/s): 309.07
Throughput GPU (tok/s): 56.53
Avg tokens/sec per request: 73.50
Latency avg (ms): 12402.14
Latency p95 (ms): 22636.09

--- GPU TELEMETRY CAPTURE ---
Quality: good
First active sample delay: 4.42 s
Observed GPU episode duration: 35.00 s
Active telemetry samples: 6

--- GPU UTILIZATION AND MEMORY ---
Workload-normalized physical GPU SM utilization: 93.59%
Observed-episode physical GPU SM avg: 64.89%
Physical GPU SM peak: 99.97%
Workload-normalized configured MIG SM utilization: 93.59%
Workload-normalized physical GPU DRAM activity: 12.21%
Framebuffer used avg: 8984.43 MiB
Physical framebuffer utilization avg: 21.93%

--- POWER, ENERGY, AND USEFUL WORK ---
Idle power avg: 98.14 W
Workload-equivalent power avg: 145.42 W
Observed-episode power avg: 130.86 W
Power p95: 158.82 W
Energy: 0.980214 Wh
Dynamic energy above idle: 1147.305 J
Energy per generated token: 0.470503 J/token
Generated tokens per joule: 2.125386 token/J
Power-SM Pearson correlation: 0.9104

Run appended to CSV table: /home/gianluca/workspace/k8s-mig-dra/experiment-ollama-new/results/results_table.csv
Per-request stats appended to CSV table: results/result-20260917-171126-598-all-7g.40gb-replicas7-25.csv
GPU time series written to: /home/gianluca/workspace/k8s-mig-dra/experiment-ollama-new/results/gpu-metrics.csv
Run summary written to: /home/gianluca/workspace/k8s-mig-dra/experiment-ollama-new/results/run-summary.json
