[16:57:20] Starting load test
[16:57:20] MIG Config: all-7g.40gb
[16:57:20] Ollama Replicas: 1
[16:57:20] Total requests: 300
[16:57:20] Concurrency: 300
[16:57:20] Output tokens (effort): 25
[16:57:20] Prometheus URL: http://10.146.0.55:30090
[16:57:20] DCGM/Prometheus nominal sample interval: 5s
[16:57:20] Delayed activity wait timeout: 25s
[16:57:20] Checking required DCGM metrics
Prometheus preflight OK (DCGM_FI_PROF_GR_ENGINE_ACTIVE=1, DCGM_FI_PROF_DRAM_ACTIVE=1, DCGM_FI_DEV_FB_USED=1, DCGM_FI_DEV_FB_FREE=1, DCGM_FI_DEV_POWER_USAGE=1)
[16:57:20] REQUEST: 1 - STARTED in background (active_jobs=1)
[16:57:20] REQUEST: 2 - STARTED in background (active_jobs=2)
[16:57:20] REQUEST: 3 - STARTED in background (active_jobs=3)
[16:57:20] REQUEST: 4 - STARTED in background (active_jobs=4)
[16:57:20] REQUEST: 5 - STARTED in background (active_jobs=5)
[16:57:20] REQUEST: 6 - STARTED in background (active_jobs=6)
[16:57:20] REQUEST: 7 - STARTED in background (active_jobs=7)
[16:57:20] REQUEST: 8 - STARTED in background (active_jobs=8)
[16:57:20] REQUEST: 9 - STARTED in background (active_jobs=9)
[16:57:20] REQUEST: 10 - STARTED in background (active_jobs=10)
[16:57:20] REQUEST: 11 - STARTED in background (active_jobs=11)
[16:57:20] REQUEST: 12 - STARTED in background (active_jobs=12)
[16:57:20] REQUEST: 13 - STARTED in background (active_jobs=13)
[16:57:20] REQUEST: 14 - STARTED in background (active_jobs=14)
[16:57:20] REQUEST: 15 - STARTED in background (active_jobs=15)
[16:57:20] REQUEST: 16 - STARTED in background (active_jobs=16)
[16:57:20] REQUEST: 17 - STARTED in background (active_jobs=17)
[16:57:20] REQUEST: 18 - STARTED in background (active_jobs=18)
[16:57:20] REQUEST: 19 - STARTED in background (active_jobs=19)
[16:57:20] REQUEST: 20 - STARTED in background (active_jobs=20)
[16:57:20] REQUEST: 21 - STARTED in background (active_jobs=21)
[16:57:20] REQUEST: 22 - STARTED in background (active_jobs=22)
[16:57:20] REQUEST: 23 - STARTED in background (active_jobs=23)
[16:57:20] REQUEST: 24 - STARTED in background (active_jobs=24)
[16:57:20] REQUEST: 25 - STARTED in background (active_jobs=25)
[16:57:20] REQUEST: 26 - STARTED in background (active_jobs=26)
[16:57:20] REQUEST: 27 - STARTED in background (active_jobs=27)
[16:57:20] REQUEST: 28 - STARTED in background (active_jobs=28)
[16:57:21] REQUEST: 29 - STARTED in background (active_jobs=29)
[16:57:21] REQUEST: 30 - STARTED in background (active_jobs=30)
[16:57:21] REQUEST: 31 - STARTED in background (active_jobs=31)
[16:57:21] REQUEST: 32 - STARTED in background (active_jobs=32)
[16:57:21] REQUEST: 33 - STARTED in background (active_jobs=33)
[16:57:21] REQUEST: 34 - STARTED in background (active_jobs=34)
[16:57:21] REQUEST: 35 - STARTED in background (active_jobs=35)
[16:57:21] REQUEST: 36 - STARTED in background (active_jobs=36)
[16:57:21] REQUEST: 37 - STARTED in background (active_jobs=37)
[16:57:21] REQUEST: 38 - STARTED in background (active_jobs=38)
[16:57:21] REQUEST: 39 - STARTED in background (active_jobs=39)
[16:57:21] REQUEST: 40 - STARTED in background (active_jobs=40)
[16:57:21] REQUEST: 41 - STARTED in background (active_jobs=41)
[16:57:21] REQUEST: 42 - STARTED in background (active_jobs=42)
[16:57:21] REQUEST: 43 - STARTED in background (active_jobs=43)
[16:57:21] REQUEST: 44 - STARTED in background (active_jobs=44)
[16:57:21] REQUEST: 45 - STARTED in background (active_jobs=45)
[16:57:21] REQUEST: 46 - STARTED in background (active_jobs=46)
[16:57:21] REQUEST: 47 - STARTED in background (active_jobs=47)
[16:57:21] REQUEST: 48 - STARTED in background (active_jobs=48)
[16:57:21] REQUEST: 49 - STARTED in background (active_jobs=49)
[16:57:21] REQUEST: 50 - STARTED in background (active_jobs=50)
[16:57:21] REQUEST: 51 - STARTED in background (active_jobs=51)
[16:57:21] REQUEST: 52 - STARTED in background (active_jobs=52)
[16:57:21] REQUEST: 53 - STARTED in background (active_jobs=53)
[16:57:21] REQUEST: 54 - STARTED in background (active_jobs=54)
[16:57:21] REQUEST: 55 - STARTED in background (active_jobs=55)
[16:57:21] REQUEST: 56 - STARTED in background (active_jobs=56)
[16:57:21] REQUEST: 57 - STARTED in background (active_jobs=57)
[16:57:21] REQUEST: 58 - STARTED in background (active_jobs=58)
[16:57:21] REQUEST: 59 - STARTED in background (active_jobs=59)
[16:57:21] REQUEST: 60 - STARTED in background (active_jobs=60)
[16:57:21] REQUEST: 61 - STARTED in background (active_jobs=61)
[16:57:21] REQUEST: 62 - STARTED in background (active_jobs=62)
[16:57:21] REQUEST: 63 - STARTED in background (active_jobs=63)
[16:57:21] REQUEST: 64 - STARTED in background (active_jobs=64)
[16:57:21] REQUEST: 65 - STARTED in background (active_jobs=65)
[16:57:21] REQUEST: 66 - STARTED in background (active_jobs=66)
[16:57:21] REQUEST: 67 - STARTED in background (active_jobs=67)
[16:57:21] REQUEST: 68 - STARTED in background (active_jobs=68)
[16:57:21] REQUEST: 69 - STARTED in background (active_jobs=69)
[16:57:21] REQUEST: 70 - STARTED in background (active_jobs=70)
[16:57:21] REQUEST: 71 - STARTED in background (active_jobs=71)
[16:57:21] REQUEST: 72 - STARTED in background (active_jobs=72)
[16:57:21] REQUEST: 73 - STARTED in background (active_jobs=73)
[16:57:21] REQUEST: 74 - STARTED in background (active_jobs=74)
[16:57:21] REQUEST: 75 - STARTED in background (active_jobs=75)
[16:57:21] REQUEST: 76 - STARTED in background (active_jobs=76)
[16:57:21] REQUEST: 77 - STARTED in background (active_jobs=77)
[16:57:21] REQUEST: 78 - STARTED in background (active_jobs=78)
[16:57:21] REQUEST: 79 - STARTED in background (active_jobs=79)
[16:57:21] REQUEST: 80 - STARTED in background (active_jobs=80)
[16:57:21] REQUEST: 81 - STARTED in background (active_jobs=81)
[16:57:21] REQUEST: 82 - STARTED in background (active_jobs=82)
[16:57:21] REQUEST: 83 - STARTED in background (active_jobs=83)
[16:57:21] REQUEST: 84 - STARTED in background (active_jobs=84)
[16:57:21] REQUEST: 85 - STARTED in background (active_jobs=85)
[16:57:21] REQUEST: 86 - STARTED in background (active_jobs=86)
[16:57:21] REQUEST: 87 - STARTED in background (active_jobs=87)
[16:57:21] REQUEST: 88 - STARTED in background (active_jobs=88)
[16:57:21] REQUEST: 89 - STARTED in background (active_jobs=89)
[16:57:21] REQUEST: 90 - STARTED in background (active_jobs=90)
[16:57:21] REQUEST: 91 - STARTED in background (active_jobs=91)
[16:57:21] REQUEST: 92 - STARTED in background (active_jobs=92)
[16:57:21] REQUEST: 93 - STARTED in background (active_jobs=93)
[16:57:21] REQUEST: 94 - STARTED in background (active_jobs=94)
[16:57:21] REQUEST: 95 - STARTED in background (active_jobs=95)
[16:57:21] REQUEST: 96 - STARTED in background (active_jobs=96)
[16:57:21] REQUEST: 97 - STARTED in background (active_jobs=97)
[16:57:21] REQUEST: 98 - STARTED in background (active_jobs=98)
[16:57:21] REQUEST: 99 - STARTED in background (active_jobs=99)
[16:57:21] REQUEST: 100 - STARTED in background (active_jobs=100)
[16:57:21] REQUEST: 101 - STARTED in background (active_jobs=101)
[16:57:21] REQUEST: 102 - STARTED in background (active_jobs=102)
[16:57:21] REQUEST: 103 - STARTED in background (active_jobs=103)
[16:57:21] REQUEST: 104 - STARTED in background (active_jobs=104)
[16:57:21] REQUEST: 105 - STARTED in background (active_jobs=105)
[16:57:21] REQUEST: 106 - STARTED in background (active_jobs=106)
[16:57:21] REQUEST: 107 - STARTED in background (active_jobs=107)
[16:57:21] REQUEST: 108 - STARTED in background (active_jobs=108)
[16:57:21] REQUEST: 109 - STARTED in background (active_jobs=109)
[16:57:21] REQUEST: 110 - STARTED in background (active_jobs=110)
[16:57:21] REQUEST: 111 - STARTED in background (active_jobs=111)
[16:57:21] REQUEST: 112 - STARTED in background (active_jobs=112)
[16:57:21] REQUEST: 113 - STARTED in background (active_jobs=113)
[16:57:21] REQUEST: 114 - STARTED in background (active_jobs=114)
[16:57:21] REQUEST: 115 - STARTED in background (active_jobs=115)
[16:57:21] REQUEST: 116 - STARTED in background (active_jobs=116)
[16:57:21] REQUEST: 117 - STARTED in background (active_jobs=117)
[16:57:21] REQUEST: 118 - STARTED in background (active_jobs=118)
[16:57:21] REQUEST: 119 - STARTED in background (active_jobs=119)
[16:57:21] REQUEST: 120 - STARTED in background (active_jobs=120)
[16:57:21] REQUEST: 121 - STARTED in background (active_jobs=121)
[16:57:21] REQUEST: 122 - STARTED in background (active_jobs=122)
[16:57:21] REQUEST: 123 - STARTED in background (active_jobs=123)
[16:57:21] REQUEST: 124 - STARTED in background (active_jobs=124)
[16:57:21] REQUEST: 125 - STARTED in background (active_jobs=125)
[16:57:21] REQUEST: 126 - STARTED in background (active_jobs=126)
[16:57:21] REQUEST: 127 - STARTED in background (active_jobs=127)
[16:57:21] REQUEST: 128 - STARTED in background (active_jobs=128)
[16:57:21] REQUEST: 129 - STARTED in background (active_jobs=129)
[16:57:21] REQUEST: 130 - STARTED in background (active_jobs=130)
[16:57:21] REQUEST: 131 - STARTED in background (active_jobs=131)
[16:57:21] REQUEST: 132 - STARTED in background (active_jobs=132)
[16:57:21] REQUEST: 133 - STARTED in background (active_jobs=133)
[16:57:21] REQUEST: 134 - STARTED in background (active_jobs=134)
[16:57:21] REQUEST: 135 - STARTED in background (active_jobs=135)
[16:57:21] REQUEST: 136 - STARTED in background (active_jobs=136)
[16:57:21] REQUEST: 137 - STARTED in background (active_jobs=137)
[16:57:21] REQUEST: 138 - STARTED in background (active_jobs=138)
[16:57:21] REQUEST: 139 - STARTED in background (active_jobs=139)
[16:57:21] REQUEST: 140 - STARTED in background (active_jobs=140)
[16:57:21] REQUEST: 141 - STARTED in background (active_jobs=141)
[16:57:21] REQUEST: 142 - STARTED in background (active_jobs=142)
[16:57:21] REQUEST: 143 - STARTED in background (active_jobs=143)
[16:57:21] REQUEST: 144 - STARTED in background (active_jobs=144)
[16:57:21] REQUEST: 145 - STARTED in background (active_jobs=145)
[16:57:21] REQUEST: 146 - STARTED in background (active_jobs=146)
[16:57:21] REQUEST: 147 - STARTED in background (active_jobs=147)
[16:57:21] REQUEST: 148 - STARTED in background (active_jobs=148)
[16:57:21] REQUEST: 149 - STARTED in background (active_jobs=149)
[16:57:21] REQUEST: 150 - STARTED in background (active_jobs=150)
[16:57:21] REQUEST: 151 - STARTED in background (active_jobs=151)
[16:57:21] REQUEST: 152 - STARTED in background (active_jobs=152)
[16:57:21] REQUEST: 153 - STARTED in background (active_jobs=153)
[16:57:21] REQUEST: 154 - STARTED in background (active_jobs=154)
[16:57:21] REQUEST: 155 - STARTED in background (active_jobs=155)
[16:57:21] REQUEST: 156 - STARTED in background (active_jobs=156)
[16:57:21] REQUEST: 157 - STARTED in background (active_jobs=157)
[16:57:21] REQUEST: 158 - STARTED in background (active_jobs=158)
[16:57:21] REQUEST: 159 - STARTED in background (active_jobs=159)
[16:57:21] REQUEST: 160 - STARTED in background (active_jobs=160)
[16:57:21] REQUEST: 161 - STARTED in background (active_jobs=161)
[16:57:21] REQUEST: 162 - STARTED in background (active_jobs=162)
[16:57:21] REQUEST: 163 - STARTED in background (active_jobs=163)
[16:57:21] REQUEST: 164 - STARTED in background (active_jobs=164)
[16:57:21] REQUEST: 165 - STARTED in background (active_jobs=165)
[16:57:21] REQUEST: 166 - STARTED in background (active_jobs=166)
[16:57:21] REQUEST: 7 - COMPLETED
[16:57:21] REQUEST: 167 - STARTED in background (active_jobs=167)
[16:57:21] REQUEST: 168 - STARTED in background (active_jobs=168)
[16:57:21] REQUEST: 169 - STARTED in background (active_jobs=169)
[16:57:21] REQUEST: 170 - STARTED in background (active_jobs=170)
[16:57:21] REQUEST: 171 - STARTED in background (active_jobs=171)
[16:57:21] REQUEST: 172 - STARTED in background (active_jobs=172)
[16:57:21] REQUEST: 173 - STARTED in background (active_jobs=173)
[16:57:21] REQUEST: 174 - STARTED in background (active_jobs=174)
[16:57:21] REQUEST: 175 - STARTED in background (active_jobs=175)
[16:57:21] REQUEST: 176 - STARTED in background (active_jobs=176)
[16:57:21] REQUEST: 177 - STARTED in background (active_jobs=177)
[16:57:21] REQUEST: 178 - STARTED in background (active_jobs=178)
[16:57:21] REQUEST: 179 - STARTED in background (active_jobs=179)
[16:57:21] REQUEST: 180 - STARTED in background (active_jobs=180)
[16:57:21] REQUEST: 181 - STARTED in background (active_jobs=181)
[16:57:21] REQUEST: 182 - STARTED in background (active_jobs=182)
[16:57:21] REQUEST: 183 - STARTED in background (active_jobs=183)
[16:57:21] REQUEST: 184 - STARTED in background (active_jobs=184)
[16:57:21] REQUEST: 185 - STARTED in background (active_jobs=185)
[16:57:21] REQUEST: 186 - STARTED in background (active_jobs=186)
[16:57:21] REQUEST: 187 - STARTED in background (active_jobs=187)
[16:57:21] REQUEST: 188 - STARTED in background (active_jobs=188)
[16:57:21] REQUEST: 189 - STARTED in background (active_jobs=189)
[16:57:21] REQUEST: 190 - STARTED in background (active_jobs=190)
[16:57:21] REQUEST: 191 - STARTED in background (active_jobs=191)
[16:57:21] REQUEST: 192 - STARTED in background (active_jobs=192)
[16:57:21] REQUEST: 193 - STARTED in background (active_jobs=193)
[16:57:21] REQUEST: 194 - STARTED in background (active_jobs=194)
[16:57:21] REQUEST: 195 - STARTED in background (active_jobs=195)
[16:57:21] REQUEST: 196 - STARTED in background (active_jobs=196)
[16:57:21] REQUEST: 197 - STARTED in background (active_jobs=197)
[16:57:21] REQUEST: 198 - STARTED in background (active_jobs=198)
[16:57:21] REQUEST: 199 - STARTED in background (active_jobs=199)
[16:57:21] REQUEST: 200 - STARTED in background (active_jobs=200)
[16:57:21] REQUEST: 201 - STARTED in background (active_jobs=201)
[16:57:21] REQUEST: 202 - STARTED in background (active_jobs=202)
[16:57:21] REQUEST: 203 - STARTED in background (active_jobs=203)
[16:57:21] REQUEST: 204 - STARTED in background (active_jobs=204)
[16:57:21] REQUEST: 205 - STARTED in background (active_jobs=205)
[16:57:21] REQUEST: 206 - STARTED in background (active_jobs=206)
[16:57:21] REQUEST: 207 - STARTED in background (active_jobs=207)
[16:57:21] REQUEST: 208 - STARTED in background (active_jobs=208)
[16:57:21] REQUEST: 209 - STARTED in background (active_jobs=209)
[16:57:21] REQUEST: 210 - STARTED in background (active_jobs=210)
[16:57:21] REQUEST: 211 - STARTED in background (active_jobs=211)
[16:57:21] REQUEST: 212 - STARTED in background (active_jobs=212)
[16:57:21] REQUEST: 213 - STARTED in background (active_jobs=213)
[16:57:21] REQUEST: 214 - STARTED in background (active_jobs=214)
[16:57:21] REQUEST: 215 - STARTED in background (active_jobs=215)
[16:57:21] REQUEST: 216 - STARTED in background (active_jobs=216)
[16:57:21] REQUEST: 217 - STARTED in background (active_jobs=217)
[16:57:21] REQUEST: 218 - STARTED in background (active_jobs=218)
[16:57:21] REQUEST: 219 - STARTED in background (active_jobs=219)
[16:57:21] REQUEST: 220 - STARTED in background (active_jobs=220)
[16:57:21] REQUEST: 5 - COMPLETED
[16:57:21] REQUEST: 221 - STARTED in background (active_jobs=221)
[16:57:21] REQUEST: 222 - STARTED in background (active_jobs=222)
[16:57:21] REQUEST: 223 - STARTED in background (active_jobs=223)
[16:57:21] REQUEST: 224 - STARTED in background (active_jobs=224)
[16:57:21] REQUEST: 225 - STARTED in background (active_jobs=225)
[16:57:21] REQUEST: 226 - STARTED in background (active_jobs=226)
[16:57:21] REQUEST: 227 - STARTED in background (active_jobs=227)
[16:57:21] REQUEST: 228 - STARTED in background (active_jobs=228)
[16:57:21] REQUEST: 229 - STARTED in background (active_jobs=229)
[16:57:21] REQUEST: 230 - STARTED in background (active_jobs=230)
[16:57:21] REQUEST: 231 - STARTED in background (active_jobs=231)
[16:57:21] REQUEST: 232 - STARTED in background (active_jobs=232)
[16:57:21] REQUEST: 233 - STARTED in background (active_jobs=233)
[16:57:21] REQUEST: 234 - STARTED in background (active_jobs=234)
[16:57:21] REQUEST: 235 - STARTED in background (active_jobs=235)
[16:57:21] REQUEST: 236 - STARTED in background (active_jobs=236)
[16:57:21] REQUEST: 237 - STARTED in background (active_jobs=237)
[16:57:21] REQUEST: 238 - STARTED in background (active_jobs=238)
[16:57:21] REQUEST: 239 - STARTED in background (active_jobs=239)
[16:57:21] REQUEST: 240 - STARTED in background (active_jobs=240)
[16:57:21] REQUEST: 241 - STARTED in background (active_jobs=241)
[16:57:21] REQUEST: 242 - STARTED in background (active_jobs=242)
[16:57:21] REQUEST: 243 - STARTED in background (active_jobs=243)
[16:57:21] REQUEST: 244 - STARTED in background (active_jobs=244)
[16:57:21] REQUEST: 245 - STARTED in background (active_jobs=245)
[16:57:21] REQUEST: 246 - STARTED in background (active_jobs=246)
[16:57:21] REQUEST: 247 - STARTED in background (active_jobs=247)
[16:57:21] REQUEST: 248 - STARTED in background (active_jobs=248)
[16:57:21] REQUEST: 249 - STARTED in background (active_jobs=249)
[16:57:21] REQUEST: 250 - STARTED in background (active_jobs=250)
[16:57:21] REQUEST: 251 - STARTED in background (active_jobs=251)
[16:57:21] REQUEST: 252 - STARTED in background (active_jobs=252)
[16:57:21] REQUEST: 253 - STARTED in background (active_jobs=253)
[16:57:21] REQUEST: 254 - STARTED in background (active_jobs=254)
[16:57:21] REQUEST: 255 - STARTED in background (active_jobs=255)
[16:57:21] REQUEST: 256 - STARTED in background (active_jobs=256)
[16:57:21] REQUEST: 257 - STARTED in background (active_jobs=257)
[16:57:21] REQUEST: 258 - STARTED in background (active_jobs=258)
[16:57:21] REQUEST: 259 - STARTED in background (active_jobs=259)
[16:57:21] REQUEST: 260 - STARTED in background (active_jobs=260)
[16:57:21] REQUEST: 261 - STARTED in background (active_jobs=261)
[16:57:21] REQUEST: 262 - STARTED in background (active_jobs=262)
[16:57:21] REQUEST: 263 - STARTED in background (active_jobs=263)
[16:57:21] REQUEST: 264 - STARTED in background (active_jobs=264)
[16:57:21] REQUEST: 265 - STARTED in background (active_jobs=265)
[16:57:21] REQUEST: 266 - STARTED in background (active_jobs=266)
[16:57:21] REQUEST: 267 - STARTED in background (active_jobs=267)
[16:57:21] REQUEST: 268 - STARTED in background (active_jobs=268)
[16:57:21] REQUEST: 269 - STARTED in background (active_jobs=269)
[16:57:21] REQUEST: 270 - STARTED in background (active_jobs=270)
[16:57:21] REQUEST: 271 - STARTED in background (active_jobs=271)
[16:57:21] REQUEST: 272 - STARTED in background (active_jobs=272)
[16:57:21] REQUEST: 273 - STARTED in background (active_jobs=273)
[16:57:21] REQUEST: 274 - STARTED in background (active_jobs=274)
[16:57:21] REQUEST: 275 - STARTED in background (active_jobs=275)
[16:57:21] REQUEST: 276 - STARTED in background (active_jobs=276)
[16:57:21] REQUEST: 277 - STARTED in background (active_jobs=277)
[16:57:21] REQUEST: 278 - STARTED in background (active_jobs=278)
[16:57:21] REQUEST: 279 - STARTED in background (active_jobs=279)
[16:57:21] REQUEST: 280 - STARTED in background (active_jobs=280)
[16:57:21] REQUEST: 281 - STARTED in background (active_jobs=281)
[16:57:21] REQUEST: 282 - STARTED in background (active_jobs=282)
[16:57:21] REQUEST: 283 - STARTED in background (active_jobs=283)
[16:57:21] REQUEST: 284 - STARTED in background (active_jobs=284)
[16:57:21] REQUEST: 285 - STARTED in background (active_jobs=285)
[16:57:21] REQUEST: 286 - STARTED in background (active_jobs=286)
[16:57:21] REQUEST: 287 - STARTED in background (active_jobs=287)
[16:57:21] REQUEST: 288 - STARTED in background (active_jobs=288)
[16:57:21] REQUEST: 289 - STARTED in background (active_jobs=289)
[16:57:21] REQUEST: 290 - STARTED in background (active_jobs=290)
[16:57:21] REQUEST: 291 - STARTED in background (active_jobs=291)
[16:57:21] REQUEST: 292 - STARTED in background (active_jobs=292)
[16:57:21] REQUEST: 293 - STARTED in background (active_jobs=293)
[16:57:21] REQUEST: 294 - STARTED in background (active_jobs=294)
[16:57:21] REQUEST: 295 - STARTED in background (active_jobs=295)
[16:57:21] REQUEST: 296 - STARTED in background (active_jobs=296)
[16:57:21] REQUEST: 297 - STARTED in background (active_jobs=297)
[16:57:21] REQUEST: 298 - STARTED in background (active_jobs=298)
[16:57:21] REQUEST: 299 - STARTED in background (active_jobs=299)
[16:57:21] REQUEST: 300 - STARTED in background (active_jobs=300)
[16:57:21] WAITING -> active_jobs=300
[16:57:21] RESUMING -> a request finished (active_jobs=299)
[16:57:21] ALL REQUESTS LAUNCHED
[16:57:21] WAITING for remaining requests to finish (active_jobs=299)
[16:57:21] REQUEST COMPLETED -> remaining active_jobs=298
[16:57:21] WAITING for remaining requests to finish (active_jobs=298)
[16:57:23] REQUEST: 8 - COMPLETED
[16:57:23] REQUEST COMPLETED -> remaining active_jobs=297
[16:57:23] WAITING for remaining requests to finish (active_jobs=297)
[16:57:23] REQUEST: 12 - COMPLETED
[16:57:23] REQUEST COMPLETED -> remaining active_jobs=296
[16:57:23] WAITING for remaining requests to finish (active_jobs=296)
[16:57:23] REQUEST: 40 - COMPLETED
[16:57:23] REQUEST COMPLETED -> remaining active_jobs=295
[16:57:23] WAITING for remaining requests to finish (active_jobs=295)
[16:57:23] REQUEST: 14 - COMPLETED
[16:57:23] REQUEST COMPLETED -> remaining active_jobs=294
[16:57:23] WAITING for remaining requests to finish (active_jobs=294)
[16:57:23] REQUEST: 4 - COMPLETED
[16:57:23] REQUEST COMPLETED -> remaining active_jobs=293
[16:57:23] WAITING for remaining requests to finish (active_jobs=293)
[16:57:23] REQUEST: 70 - COMPLETED
[16:57:23] REQUEST COMPLETED -> remaining active_jobs=292
[16:57:23] WAITING for remaining requests to finish (active_jobs=292)
[16:57:23] REQUEST: 34 - COMPLETED
[16:57:23] REQUEST COMPLETED -> remaining active_jobs=291
[16:57:23] WAITING for remaining requests to finish (active_jobs=291)
[16:57:23] REQUEST: 2 - COMPLETED
[16:57:23] REQUEST COMPLETED -> remaining active_jobs=290
[16:57:23] WAITING for remaining requests to finish (active_jobs=290)
[16:57:24] REQUEST: 51 - COMPLETED
[16:57:24] REQUEST COMPLETED -> remaining active_jobs=289
[16:57:24] WAITING for remaining requests to finish (active_jobs=289)
[16:57:24] REQUEST: 43 - COMPLETED
[16:57:24] REQUEST COMPLETED -> remaining active_jobs=288
[16:57:24] WAITING for remaining requests to finish (active_jobs=288)
[16:57:24] REQUEST: 78 - COMPLETED
[16:57:24] REQUEST COMPLETED -> remaining active_jobs=287
[16:57:24] WAITING for remaining requests to finish (active_jobs=287)
[16:57:24] REQUEST: 1 - COMPLETED
[16:57:24] REQUEST COMPLETED -> remaining active_jobs=286
[16:57:24] WAITING for remaining requests to finish (active_jobs=286)
[16:57:24] REQUEST: 83 - COMPLETED
[16:57:24] REQUEST COMPLETED -> remaining active_jobs=285
[16:57:24] WAITING for remaining requests to finish (active_jobs=285)
[16:57:24] REQUEST: 183 - COMPLETED
[16:57:24] REQUEST COMPLETED -> remaining active_jobs=284
[16:57:24] WAITING for remaining requests to finish (active_jobs=284)
[16:57:24] REQUEST: 155 - COMPLETED
[16:57:24] REQUEST COMPLETED -> remaining active_jobs=283
[16:57:24] WAITING for remaining requests to finish (active_jobs=283)
[16:57:24] REQUEST: 216 - COMPLETED
[16:57:24] REQUEST COMPLETED -> remaining active_jobs=282
[16:57:24] WAITING for remaining requests to finish (active_jobs=282)
[16:57:24] REQUEST: 112 - COMPLETED
[16:57:24] REQUEST COMPLETED -> remaining active_jobs=281
[16:57:24] WAITING for remaining requests to finish (active_jobs=281)
[16:57:24] REQUEST: 217 - COMPLETED
[16:57:24] REQUEST COMPLETED -> remaining active_jobs=280
[16:57:24] WAITING for remaining requests to finish (active_jobs=280)
[16:57:24] REQUEST: 85 - COMPLETED
[16:57:24] REQUEST COMPLETED -> remaining active_jobs=279
[16:57:24] WAITING for remaining requests to finish (active_jobs=279)
[16:57:24] REQUEST: 233 - COMPLETED
[16:57:24] REQUEST COMPLETED -> remaining active_jobs=278
[16:57:24] WAITING for remaining requests to finish (active_jobs=278)
[16:57:24] REQUEST: 115 - COMPLETED
[16:57:24] REQUEST COMPLETED -> remaining active_jobs=277
[16:57:24] WAITING for remaining requests to finish (active_jobs=277)
[16:57:25] REQUEST: 251 - COMPLETED
[16:57:25] REQUEST COMPLETED -> remaining active_jobs=276
[16:57:25] WAITING for remaining requests to finish (active_jobs=276)
[16:57:25] REQUEST: 222 - COMPLETED
[16:57:25] REQUEST COMPLETED -> remaining active_jobs=275
[16:57:25] WAITING for remaining requests to finish (active_jobs=275)
[16:57:25] REQUEST: 273 - COMPLETED
[16:57:25] REQUEST COMPLETED -> remaining active_jobs=274
[16:57:25] WAITING for remaining requests to finish (active_jobs=274)
[16:57:25] REQUEST: 294 - COMPLETED
[16:57:25] REQUEST COMPLETED -> remaining active_jobs=273
[16:57:25] WAITING for remaining requests to finish (active_jobs=273)
[16:57:25] REQUEST: 107 - COMPLETED
[16:57:25] REQUEST COMPLETED -> remaining active_jobs=272
[16:57:25] WAITING for remaining requests to finish (active_jobs=272)
[16:57:25] REQUEST: 292 - COMPLETED
[16:57:25] REQUEST COMPLETED -> remaining active_jobs=271
[16:57:25] WAITING for remaining requests to finish (active_jobs=271)
[16:57:25] REQUEST: 298 - COMPLETED
[16:57:25] REQUEST COMPLETED -> remaining active_jobs=270
[16:57:25] WAITING for remaining requests to finish (active_jobs=270)
[16:57:25] REQUEST: 62 - COMPLETED
[16:57:25] REQUEST COMPLETED -> remaining active_jobs=269
[16:57:25] WAITING for remaining requests to finish (active_jobs=269)
[16:57:25] REQUEST: 93 - COMPLETED
[16:57:25] REQUEST COMPLETED -> remaining active_jobs=268
[16:57:25] WAITING for remaining requests to finish (active_jobs=268)
[16:57:25] REQUEST: 56 - COMPLETED
[16:57:25] REQUEST COMPLETED -> remaining active_jobs=267
[16:57:25] WAITING for remaining requests to finish (active_jobs=267)
[16:57:25] REQUEST: 9 - COMPLETED
[16:57:25] REQUEST COMPLETED -> remaining active_jobs=266
[16:57:25] WAITING for remaining requests to finish (active_jobs=266)
[16:57:25] REQUEST: 3 - COMPLETED
[16:57:25] REQUEST COMPLETED -> remaining active_jobs=265
[16:57:25] WAITING for remaining requests to finish (active_jobs=265)
[16:57:25] REQUEST: 296 - COMPLETED
[16:57:25] REQUEST COMPLETED -> remaining active_jobs=264
[16:57:25] WAITING for remaining requests to finish (active_jobs=264)
[16:57:26] REQUEST: 25 - COMPLETED
[16:57:26] REQUEST COMPLETED -> remaining active_jobs=263
[16:57:26] WAITING for remaining requests to finish (active_jobs=263)
[16:57:26] REQUEST: 92 - COMPLETED
[16:57:26] REQUEST COMPLETED -> remaining active_jobs=262
[16:57:26] WAITING for remaining requests to finish (active_jobs=262)
[16:57:26] REQUEST: 258 - COMPLETED
[16:57:26] REQUEST COMPLETED -> remaining active_jobs=261
[16:57:26] WAITING for remaining requests to finish (active_jobs=261)
[16:57:26] REQUEST: 300 - COMPLETED
[16:57:26] REQUEST COMPLETED -> remaining active_jobs=260
[16:57:26] WAITING for remaining requests to finish (active_jobs=260)
[16:57:26] REQUEST: 61 - COMPLETED
[16:57:26] REQUEST COMPLETED -> remaining active_jobs=259
[16:57:26] WAITING for remaining requests to finish (active_jobs=259)
[16:57:26] REQUEST: 106 - COMPLETED
[16:57:26] REQUEST COMPLETED -> remaining active_jobs=258
[16:57:26] WAITING for remaining requests to finish (active_jobs=258)
[16:57:26] REQUEST: 60 - COMPLETED
[16:57:26] REQUEST COMPLETED -> remaining active_jobs=257
[16:57:26] WAITING for remaining requests to finish (active_jobs=257)
[16:57:26] REQUEST: 295 - COMPLETED
[16:57:26] REQUEST COMPLETED -> remaining active_jobs=256
[16:57:26] WAITING for remaining requests to finish (active_jobs=256)
[16:57:26] REQUEST: 67 - COMPLETED
[16:57:26] REQUEST COMPLETED -> remaining active_jobs=255
[16:57:26] WAITING for remaining requests to finish (active_jobs=255)
[16:57:26] REQUEST: 299 - COMPLETED
[16:57:26] REQUEST COMPLETED -> remaining active_jobs=254
[16:57:26] WAITING for remaining requests to finish (active_jobs=254)
[16:57:26] REQUEST: 263 - COMPLETED
[16:57:26] REQUEST COMPLETED -> remaining active_jobs=253
[16:57:26] WAITING for remaining requests to finish (active_jobs=253)
[16:57:26] REQUEST: 37 - COMPLETED
[16:57:26] REQUEST COMPLETED -> remaining active_jobs=252
[16:57:26] WAITING for remaining requests to finish (active_jobs=252)
[16:57:26] REQUEST: 46 - COMPLETED
[16:57:26] REQUEST COMPLETED -> remaining active_jobs=251
[16:57:26] WAITING for remaining requests to finish (active_jobs=251)
[16:57:27] REQUEST: 297 - COMPLETED
[16:57:27] REQUEST COMPLETED -> remaining active_jobs=250
[16:57:27] WAITING for remaining requests to finish (active_jobs=250)
[16:57:27] REQUEST: 73 - COMPLETED
[16:57:27] REQUEST COMPLETED -> remaining active_jobs=249
[16:57:27] WAITING for remaining requests to finish (active_jobs=249)
[16:57:27] REQUEST: 71 - COMPLETED
[16:57:27] REQUEST COMPLETED -> remaining active_jobs=248
[16:57:27] WAITING for remaining requests to finish (active_jobs=248)
[16:57:27] REQUEST: 38 - COMPLETED
[16:57:27] REQUEST COMPLETED -> remaining active_jobs=247
[16:57:27] WAITING for remaining requests to finish (active_jobs=247)
[16:57:27] REQUEST: 65 - COMPLETED
[16:57:27] REQUEST COMPLETED -> remaining active_jobs=246
[16:57:27] WAITING for remaining requests to finish (active_jobs=246)
[16:57:27] REQUEST: 44 - COMPLETED
[16:57:27] REQUEST COMPLETED -> remaining active_jobs=245
[16:57:27] WAITING for remaining requests to finish (active_jobs=245)
[16:57:27] REQUEST: 24 - COMPLETED
[16:57:27] REQUEST COMPLETED -> remaining active_jobs=244
[16:57:27] WAITING for remaining requests to finish (active_jobs=244)
[16:57:27] REQUEST: 105 - COMPLETED
[16:57:27] REQUEST COMPLETED -> remaining active_jobs=243
[16:57:27] WAITING for remaining requests to finish (active_jobs=243)
[16:57:27] REQUEST: 11 - COMPLETED
[16:57:27] REQUEST COMPLETED -> remaining active_jobs=242
[16:57:27] WAITING for remaining requests to finish (active_jobs=242)
[16:57:27] REQUEST: 27 - COMPLETED
[16:57:27] REQUEST COMPLETED -> remaining active_jobs=241
[16:57:27] WAITING for remaining requests to finish (active_jobs=241)
[16:57:27] REQUEST: 32 - COMPLETED
[16:57:27] REQUEST COMPLETED -> remaining active_jobs=240
[16:57:27] WAITING for remaining requests to finish (active_jobs=240)
[16:57:27] REQUEST: 98 - COMPLETED
[16:57:27] REQUEST COMPLETED -> remaining active_jobs=239
[16:57:27] WAITING for remaining requests to finish (active_jobs=239)
[16:57:27] REQUEST: 47 - COMPLETED
[16:57:27] REQUEST COMPLETED -> remaining active_jobs=238
[16:57:27] WAITING for remaining requests to finish (active_jobs=238)
[16:57:27] REQUEST: 15 - COMPLETED
[16:57:27] REQUEST COMPLETED -> remaining active_jobs=237
[16:57:27] WAITING for remaining requests to finish (active_jobs=237)
[16:57:28] REQUEST: 128 - COMPLETED
[16:57:28] REQUEST COMPLETED -> remaining active_jobs=236
[16:57:28] WAITING for remaining requests to finish (active_jobs=236)
[16:57:28] REQUEST: 30 - COMPLETED
[16:57:28] REQUEST COMPLETED -> remaining active_jobs=235
[16:57:28] WAITING for remaining requests to finish (active_jobs=235)
[16:57:28] REQUEST: 16 - COMPLETED
[16:57:28] REQUEST COMPLETED -> remaining active_jobs=234
[16:57:28] WAITING for remaining requests to finish (active_jobs=234)
[16:57:28] REQUEST: 75 - COMPLETED
[16:57:28] REQUEST COMPLETED -> remaining active_jobs=233
[16:57:28] WAITING for remaining requests to finish (active_jobs=233)
[16:57:28] REQUEST: 79 - COMPLETED
[16:57:28] REQUEST COMPLETED -> remaining active_jobs=232
[16:57:28] WAITING for remaining requests to finish (active_jobs=232)
[16:57:28] REQUEST: 86 - COMPLETED
[16:57:28] REQUEST COMPLETED -> remaining active_jobs=231
[16:57:28] WAITING for remaining requests to finish (active_jobs=231)
[16:57:28] REQUEST: 110 - COMPLETED
[16:57:28] REQUEST COMPLETED -> remaining active_jobs=230
[16:57:28] WAITING for remaining requests to finish (active_jobs=230)
[16:57:28] REQUEST: 21 - COMPLETED
[16:57:28] REQUEST COMPLETED -> remaining active_jobs=229
[16:57:28] WAITING for remaining requests to finish (active_jobs=229)
[16:57:28] REQUEST: 36 - COMPLETED
[16:57:28] REQUEST COMPLETED -> remaining active_jobs=228
[16:57:28] WAITING for remaining requests to finish (active_jobs=228)
[16:57:28] REQUEST: 33 - COMPLETED
[16:57:28] REQUEST COMPLETED -> remaining active_jobs=227
[16:57:28] WAITING for remaining requests to finish (active_jobs=227)
[16:57:28] REQUEST: 127 - COMPLETED
[16:57:28] REQUEST COMPLETED -> remaining active_jobs=226
[16:57:28] WAITING for remaining requests to finish (active_jobs=226)
[16:57:28] REQUEST: 138 - COMPLETED
[16:57:28] REQUEST COMPLETED -> remaining active_jobs=225
[16:57:28] WAITING for remaining requests to finish (active_jobs=225)
[16:57:28] REQUEST: 104 - COMPLETED
[16:57:28] REQUEST COMPLETED -> remaining active_jobs=224
[16:57:28] WAITING for remaining requests to finish (active_jobs=224)
[16:57:29] REQUEST: 97 - COMPLETED
[16:57:29] REQUEST COMPLETED -> remaining active_jobs=223
[16:57:29] WAITING for remaining requests to finish (active_jobs=223)
[16:57:29] REQUEST: 99 - COMPLETED
[16:57:29] REQUEST COMPLETED -> remaining active_jobs=222
[16:57:29] WAITING for remaining requests to finish (active_jobs=222)
[16:57:29] REQUEST: 69 - COMPLETED
[16:57:29] REQUEST COMPLETED -> remaining active_jobs=221
[16:57:29] WAITING for remaining requests to finish (active_jobs=221)
[16:57:29] REQUEST: 125 - COMPLETED
[16:57:29] REQUEST COMPLETED -> remaining active_jobs=220
[16:57:29] WAITING for remaining requests to finish (active_jobs=220)
[16:57:29] REQUEST: 123 - COMPLETED
[16:57:29] REQUEST COMPLETED -> remaining active_jobs=219
[16:57:29] WAITING for remaining requests to finish (active_jobs=219)
[16:57:29] REQUEST: 29 - COMPLETED
[16:57:29] REQUEST COMPLETED -> remaining active_jobs=218
[16:57:29] WAITING for remaining requests to finish (active_jobs=218)
[16:57:29] REQUEST: 90 - COMPLETED
[16:57:29] REQUEST COMPLETED -> remaining active_jobs=217
[16:57:29] WAITING for remaining requests to finish (active_jobs=217)
[16:57:29] REQUEST: 74 - COMPLETED
[16:57:29] REQUEST COMPLETED -> remaining active_jobs=216
[16:57:29] WAITING for remaining requests to finish (active_jobs=216)
[16:57:29] REQUEST: 166 - COMPLETED
[16:57:29] REQUEST COMPLETED -> remaining active_jobs=215
[16:57:29] WAITING for remaining requests to finish (active_jobs=215)
[16:57:29] REQUEST: 140 - COMPLETED
[16:57:29] REQUEST COMPLETED -> remaining active_jobs=214
[16:57:29] WAITING for remaining requests to finish (active_jobs=214)
[16:57:29] REQUEST: 57 - COMPLETED
[16:57:29] REQUEST COMPLETED -> remaining active_jobs=213
[16:57:29] WAITING for remaining requests to finish (active_jobs=213)
[16:57:29] REQUEST: 58 - COMPLETED
[16:57:29] REQUEST COMPLETED -> remaining active_jobs=212
[16:57:29] WAITING for remaining requests to finish (active_jobs=212)
[16:57:29] REQUEST: 136 - COMPLETED
[16:57:29] REQUEST COMPLETED -> remaining active_jobs=211
[16:57:29] WAITING for remaining requests to finish (active_jobs=211)
[16:57:30] REQUEST: 130 - COMPLETED
[16:57:30] REQUEST COMPLETED -> remaining active_jobs=210
[16:57:30] WAITING for remaining requests to finish (active_jobs=210)
[16:57:30] REQUEST: 137 - COMPLETED
[16:57:30] REQUEST COMPLETED -> remaining active_jobs=209
[16:57:30] WAITING for remaining requests to finish (active_jobs=209)
[16:57:30] REQUEST: 89 - COMPLETED
[16:57:30] REQUEST COMPLETED -> remaining active_jobs=208
[16:57:30] WAITING for remaining requests to finish (active_jobs=208)
[16:57:30] REQUEST: 133 - COMPLETED
[16:57:30] REQUEST COMPLETED -> remaining active_jobs=207
[16:57:30] WAITING for remaining requests to finish (active_jobs=207)
[16:57:30] REQUEST: 108 - COMPLETED
[16:57:30] REQUEST COMPLETED -> remaining active_jobs=206
[16:57:30] WAITING for remaining requests to finish (active_jobs=206)
[16:57:30] REQUEST: 131 - COMPLETED
[16:57:30] REQUEST COMPLETED -> remaining active_jobs=205
[16:57:30] WAITING for remaining requests to finish (active_jobs=205)
[16:57:30] REQUEST: 22 - COMPLETED
[16:57:30] REQUEST COMPLETED -> remaining active_jobs=204
[16:57:30] WAITING for remaining requests to finish (active_jobs=204)
[16:57:30] REQUEST: 42 - COMPLETED
[16:57:30] REQUEST COMPLETED -> remaining active_jobs=203
[16:57:30] WAITING for remaining requests to finish (active_jobs=203)
[16:57:30] REQUEST: 96 - COMPLETED
[16:57:30] REQUEST COMPLETED -> remaining active_jobs=202
[16:57:30] WAITING for remaining requests to finish (active_jobs=202)
[16:57:30] REQUEST: 95 - COMPLETED
[16:57:30] REQUEST COMPLETED -> remaining active_jobs=201
[16:57:30] WAITING for remaining requests to finish (active_jobs=201)
[16:57:30] REQUEST: 124 - COMPLETED
[16:57:30] REQUEST COMPLETED -> remaining active_jobs=200
[16:57:30] WAITING for remaining requests to finish (active_jobs=200)
[16:57:30] REQUEST: 53 - COMPLETED
[16:57:30] REQUEST COMPLETED -> remaining active_jobs=199
[16:57:30] WAITING for remaining requests to finish (active_jobs=199)
[16:57:30] REQUEST: 39 - COMPLETED
[16:57:30] REQUEST COMPLETED -> remaining active_jobs=198
[16:57:30] WAITING for remaining requests to finish (active_jobs=198)
[16:57:30] REQUEST: 139 - COMPLETED
[16:57:30] REQUEST COMPLETED -> remaining active_jobs=197
[16:57:30] WAITING for remaining requests to finish (active_jobs=197)
[16:57:31] REQUEST: 122 - COMPLETED
[16:57:31] REQUEST COMPLETED -> remaining active_jobs=196
[16:57:31] WAITING for remaining requests to finish (active_jobs=196)
[16:57:31] REQUEST: 126 - COMPLETED
[16:57:31] REQUEST COMPLETED -> remaining active_jobs=195
[16:57:31] WAITING for remaining requests to finish (active_jobs=195)
[16:57:31] REQUEST: 134 - COMPLETED
[16:57:31] REQUEST COMPLETED -> remaining active_jobs=194
[16:57:31] WAITING for remaining requests to finish (active_jobs=194)
[16:57:31] REQUEST: 6 - COMPLETED
[16:57:31] REQUEST COMPLETED -> remaining active_jobs=193
[16:57:31] WAITING for remaining requests to finish (active_jobs=193)
[16:57:31] REQUEST: 35 - COMPLETED
[16:57:31] REQUEST COMPLETED -> remaining active_jobs=192
[16:57:31] WAITING for remaining requests to finish (active_jobs=192)
[16:57:31] REQUEST: 91 - COMPLETED
[16:57:31] REQUEST COMPLETED -> remaining active_jobs=191
[16:57:31] WAITING for remaining requests to finish (active_jobs=191)
[16:57:31] REQUEST: 68 - COMPLETED
[16:57:31] REQUEST COMPLETED -> remaining active_jobs=190
[16:57:31] WAITING for remaining requests to finish (active_jobs=190)
[16:57:31] REQUEST: 10 - COMPLETED
[16:57:31] REQUEST COMPLETED -> remaining active_jobs=189
[16:57:31] WAITING for remaining requests to finish (active_jobs=189)
[16:57:31] REQUEST: 72 - COMPLETED
[16:57:31] REQUEST COMPLETED -> remaining active_jobs=188
[16:57:31] WAITING for remaining requests to finish (active_jobs=188)
[16:57:31] REQUEST: 88 - COMPLETED
[16:57:31] REQUEST COMPLETED -> remaining active_jobs=187
[16:57:31] WAITING for remaining requests to finish (active_jobs=187)
[16:57:31] REQUEST: 87 - COMPLETED
[16:57:31] REQUEST COMPLETED -> remaining active_jobs=186
[16:57:31] WAITING for remaining requests to finish (active_jobs=186)
[16:57:31] REQUEST: 121 - COMPLETED
[16:57:31] REQUEST COMPLETED -> remaining active_jobs=185
[16:57:31] WAITING for remaining requests to finish (active_jobs=185)
[16:57:31] REQUEST: 76 - COMPLETED
[16:57:31] REQUEST COMPLETED -> remaining active_jobs=184
[16:57:31] WAITING for remaining requests to finish (active_jobs=184)
[16:57:32] REQUEST: 45 - COMPLETED
[16:57:32] REQUEST COMPLETED -> remaining active_jobs=183
[16:57:32] WAITING for remaining requests to finish (active_jobs=183)
[16:57:32] REQUEST: 17 - COMPLETED
[16:57:32] REQUEST COMPLETED -> remaining active_jobs=182
[16:57:32] WAITING for remaining requests to finish (active_jobs=182)
[16:57:32] REQUEST: 135 - COMPLETED
[16:57:32] REQUEST COMPLETED -> remaining active_jobs=181
[16:57:32] WAITING for remaining requests to finish (active_jobs=181)
[16:57:32] REQUEST: 141 - COMPLETED
[16:57:32] REQUEST COMPLETED -> remaining active_jobs=180
[16:57:32] WAITING for remaining requests to finish (active_jobs=180)
[16:57:32] REQUEST: 129 - COMPLETED
[16:57:32] REQUEST COMPLETED -> remaining active_jobs=179
[16:57:32] WAITING for remaining requests to finish (active_jobs=179)
[16:57:32] REQUEST: 20 - COMPLETED
[16:57:32] REQUEST COMPLETED -> remaining active_jobs=178
[16:57:32] WAITING for remaining requests to finish (active_jobs=178)
[16:57:32] REQUEST: 184 - COMPLETED
[16:57:32] REQUEST COMPLETED -> remaining active_jobs=177
[16:57:32] WAITING for remaining requests to finish (active_jobs=177)
[16:57:32] REQUEST: 145 - COMPLETED
[16:57:32] REQUEST COMPLETED -> remaining active_jobs=176
[16:57:32] WAITING for remaining requests to finish (active_jobs=176)
[16:57:32] REQUEST: 94 - COMPLETED
[16:57:32] REQUEST COMPLETED -> remaining active_jobs=175
[16:57:32] WAITING for remaining requests to finish (active_jobs=175)
[16:57:32] REQUEST: 52 - COMPLETED
[16:57:32] REQUEST COMPLETED -> remaining active_jobs=174
[16:57:32] WAITING for remaining requests to finish (active_jobs=174)
[16:57:32] REQUEST: 142 - COMPLETED
[16:57:32] REQUEST COMPLETED -> remaining active_jobs=173
[16:57:32] WAITING for remaining requests to finish (active_jobs=173)
[16:57:32] REQUEST: 49 - COMPLETED
[16:57:32] REQUEST COMPLETED -> remaining active_jobs=172
[16:57:32] WAITING for remaining requests to finish (active_jobs=172)
[16:57:32] REQUEST: 109 - COMPLETED
[16:57:32] REQUEST COMPLETED -> remaining active_jobs=171
[16:57:32] WAITING for remaining requests to finish (active_jobs=171)
[16:57:33] REQUEST: 111 - COMPLETED
[16:57:33] REQUEST COMPLETED -> remaining active_jobs=170
[16:57:33] WAITING for remaining requests to finish (active_jobs=170)
[16:57:33] REQUEST: 143 - COMPLETED
[16:57:33] REQUEST COMPLETED -> remaining active_jobs=169
[16:57:33] WAITING for remaining requests to finish (active_jobs=169)
[16:57:33] REQUEST: 81 - COMPLETED
[16:57:33] REQUEST COMPLETED -> remaining active_jobs=168
[16:57:33] WAITING for remaining requests to finish (active_jobs=168)
[16:57:33] REQUEST: 176 - COMPLETED
[16:57:33] REQUEST COMPLETED -> remaining active_jobs=167
[16:57:33] WAITING for remaining requests to finish (active_jobs=167)
[16:57:33] REQUEST: 31 - COMPLETED
[16:57:33] REQUEST COMPLETED -> remaining active_jobs=166
[16:57:33] WAITING for remaining requests to finish (active_jobs=166)
[16:57:33] REQUEST: 66 - COMPLETED
[16:57:33] REQUEST COMPLETED -> remaining active_jobs=165
[16:57:33] WAITING for remaining requests to finish (active_jobs=165)
[16:57:33] REQUEST: 149 - COMPLETED
[16:57:33] REQUEST COMPLETED -> remaining active_jobs=164
[16:57:33] WAITING for remaining requests to finish (active_jobs=164)
[16:57:33] REQUEST: 41 - COMPLETED
[16:57:33] REQUEST COMPLETED -> remaining active_jobs=163
[16:57:33] WAITING for remaining requests to finish (active_jobs=163)
[16:57:33] REQUEST: 80 - COMPLETED
[16:57:33] REQUEST COMPLETED -> remaining active_jobs=162
[16:57:33] WAITING for remaining requests to finish (active_jobs=162)
[16:57:33] REQUEST: 167 - COMPLETED
[16:57:33] REQUEST COMPLETED -> remaining active_jobs=161
[16:57:33] WAITING for remaining requests to finish (active_jobs=161)
[16:57:33] REQUEST: 159 - COMPLETED
[16:57:33] REQUEST COMPLETED -> remaining active_jobs=160
[16:57:33] WAITING for remaining requests to finish (active_jobs=160)
[16:57:33] REQUEST: 185 - COMPLETED
[16:57:33] REQUEST COMPLETED -> remaining active_jobs=159
[16:57:33] WAITING for remaining requests to finish (active_jobs=159)
[16:57:33] REQUEST: 181 - COMPLETED
[16:57:33] REQUEST COMPLETED -> remaining active_jobs=158
[16:57:33] WAITING for remaining requests to finish (active_jobs=158)
[16:57:33] REQUEST: 100 - COMPLETED
[16:57:33] REQUEST COMPLETED -> remaining active_jobs=157
[16:57:33] WAITING for remaining requests to finish (active_jobs=157)
[16:57:34] REQUEST: 170 - COMPLETED
[16:57:34] REQUEST COMPLETED -> remaining active_jobs=156
[16:57:34] WAITING for remaining requests to finish (active_jobs=156)
[16:57:34] REQUEST: 165 - COMPLETED
[16:57:34] REQUEST COMPLETED -> remaining active_jobs=155
[16:57:34] WAITING for remaining requests to finish (active_jobs=155)
[16:57:34] REQUEST: 26 - COMPLETED
[16:57:34] REQUEST COMPLETED -> remaining active_jobs=154
[16:57:34] WAITING for remaining requests to finish (active_jobs=154)
[16:57:34] REQUEST: 148 - COMPLETED
[16:57:34] REQUEST COMPLETED -> remaining active_jobs=153
[16:57:34] WAITING for remaining requests to finish (active_jobs=153)
[16:57:34] REQUEST: 172 - COMPLETED
[16:57:34] REQUEST COMPLETED -> remaining active_jobs=152
[16:57:34] WAITING for remaining requests to finish (active_jobs=152)
[16:57:34] REQUEST: 171 - COMPLETED
[16:57:34] REQUEST COMPLETED -> remaining active_jobs=151
[16:57:34] WAITING for remaining requests to finish (active_jobs=151)
[16:57:34] REQUEST: 177 - COMPLETED
[16:57:34] REQUEST COMPLETED -> remaining active_jobs=150
[16:57:34] WAITING for remaining requests to finish (active_jobs=150)
[16:57:34] REQUEST: 18 - COMPLETED
[16:57:34] REQUEST COMPLETED -> remaining active_jobs=149
[16:57:34] WAITING for remaining requests to finish (active_jobs=149)
[16:57:34] REQUEST: 212 - COMPLETED
[16:57:34] REQUEST COMPLETED -> remaining active_jobs=148
[16:57:34] WAITING for remaining requests to finish (active_jobs=148)
[16:57:34] REQUEST: 187 - COMPLETED
[16:57:34] REQUEST COMPLETED -> remaining active_jobs=147
[16:57:34] WAITING for remaining requests to finish (active_jobs=147)
[16:57:34] REQUEST: 28 - COMPLETED
[16:57:34] REQUEST COMPLETED -> remaining active_jobs=146
[16:57:34] WAITING for remaining requests to finish (active_jobs=146)
[16:57:34] REQUEST: 202 - COMPLETED
[16:57:34] REQUEST COMPLETED -> remaining active_jobs=145
[16:57:34] WAITING for remaining requests to finish (active_jobs=145)
[16:57:34] REQUEST: 158 - COMPLETED
[16:57:34] REQUEST COMPLETED -> remaining active_jobs=144
[16:57:34] WAITING for remaining requests to finish (active_jobs=144)
[16:57:35] REQUEST: 144 - COMPLETED
[16:57:35] REQUEST COMPLETED -> remaining active_jobs=143
[16:57:35] WAITING for remaining requests to finish (active_jobs=143)
[16:57:35] REQUEST: 169 - COMPLETED
[16:57:35] REQUEST COMPLETED -> remaining active_jobs=142
[16:57:35] WAITING for remaining requests to finish (active_jobs=142)
[16:57:35] REQUEST: 206 - COMPLETED
[16:57:35] REQUEST COMPLETED -> remaining active_jobs=141
[16:57:35] WAITING for remaining requests to finish (active_jobs=141)
[16:57:35] REQUEST: 208 - COMPLETED
[16:57:35] REQUEST COMPLETED -> remaining active_jobs=140
[16:57:35] WAITING for remaining requests to finish (active_jobs=140)
[16:57:35] REQUEST: 193 - COMPLETED
[16:57:35] REQUEST COMPLETED -> remaining active_jobs=139
[16:57:35] WAITING for remaining requests to finish (active_jobs=139)
[16:57:35] REQUEST: 203 - COMPLETED
[16:57:35] REQUEST COMPLETED -> remaining active_jobs=138
[16:57:35] WAITING for remaining requests to finish (active_jobs=138)
[16:57:35] REQUEST: 205 - COMPLETED
[16:57:35] REQUEST COMPLETED -> remaining active_jobs=137
[16:57:35] WAITING for remaining requests to finish (active_jobs=137)
[16:57:35] REQUEST: 162 - COMPLETED
[16:57:35] REQUEST COMPLETED -> remaining active_jobs=136
[16:57:35] WAITING for remaining requests to finish (active_jobs=136)
[16:57:35] REQUEST: 198 - COMPLETED
[16:57:35] REQUEST COMPLETED -> remaining active_jobs=135
[16:57:35] WAITING for remaining requests to finish (active_jobs=135)
[16:57:35] REQUEST: 197 - COMPLETED
[16:57:35] REQUEST COMPLETED -> remaining active_jobs=134
[16:57:35] WAITING for remaining requests to finish (active_jobs=134)
[16:57:35] REQUEST: 173 - COMPLETED
[16:57:35] REQUEST COMPLETED -> remaining active_jobs=133
[16:57:35] WAITING for remaining requests to finish (active_jobs=133)
[16:57:35] REQUEST: 207 - COMPLETED
[16:57:35] REQUEST COMPLETED -> remaining active_jobs=132
[16:57:35] WAITING for remaining requests to finish (active_jobs=132)
[16:57:35] REQUEST: 190 - COMPLETED
[16:57:35] REQUEST COMPLETED -> remaining active_jobs=131
[16:57:35] WAITING for remaining requests to finish (active_jobs=131)
[16:57:35] REQUEST: 204 - COMPLETED
[16:57:35] REQUEST COMPLETED -> remaining active_jobs=130
[16:57:36] WAITING for remaining requests to finish (active_jobs=130)
[16:57:36] REQUEST: 188 - COMPLETED
[16:57:36] REQUEST COMPLETED -> remaining active_jobs=129
[16:57:36] WAITING for remaining requests to finish (active_jobs=129)
[16:57:36] REQUEST: 150 - COMPLETED
[16:57:36] REQUEST COMPLETED -> remaining active_jobs=128
[16:57:36] WAITING for remaining requests to finish (active_jobs=128)
[16:57:36] REQUEST: 63 - COMPLETED
[16:57:36] REQUEST COMPLETED -> remaining active_jobs=127
[16:57:36] WAITING for remaining requests to finish (active_jobs=127)
[16:57:36] REQUEST: 192 - COMPLETED
[16:57:36] REQUEST COMPLETED -> remaining active_jobs=126
[16:57:36] WAITING for remaining requests to finish (active_jobs=126)
[16:57:36] REQUEST: 196 - COMPLETED
[16:57:36] REQUEST COMPLETED -> remaining active_jobs=125
[16:57:36] WAITING for remaining requests to finish (active_jobs=125)
[16:57:36] REQUEST: 189 - COMPLETED
[16:57:36] REQUEST COMPLETED -> remaining active_jobs=124
[16:57:36] WAITING for remaining requests to finish (active_jobs=124)
[16:57:36] REQUEST: 157 - COMPLETED
[16:57:36] REQUEST COMPLETED -> remaining active_jobs=123
[16:57:36] WAITING for remaining requests to finish (active_jobs=123)
[16:57:36] REQUEST: 195 - COMPLETED
[16:57:36] REQUEST COMPLETED -> remaining active_jobs=122
[16:57:36] WAITING for remaining requests to finish (active_jobs=122)
[16:57:36] REQUEST: 211 - COMPLETED
[16:57:36] REQUEST COMPLETED -> remaining active_jobs=121
[16:57:36] WAITING for remaining requests to finish (active_jobs=121)
[16:57:36] REQUEST: 209 - COMPLETED
[16:57:36] REQUEST COMPLETED -> remaining active_jobs=120
[16:57:36] WAITING for remaining requests to finish (active_jobs=120)
[16:57:36] REQUEST: 194 - COMPLETED
[16:57:36] REQUEST COMPLETED -> remaining active_jobs=119
[16:57:36] WAITING for remaining requests to finish (active_jobs=119)
[16:57:36] REQUEST: 191 - COMPLETED
[16:57:36] REQUEST COMPLETED -> remaining active_jobs=118
[16:57:36] WAITING for remaining requests to finish (active_jobs=118)
[16:57:36] REQUEST: 50 - COMPLETED
[16:57:36] REQUEST COMPLETED -> remaining active_jobs=117
[16:57:36] WAITING for remaining requests to finish (active_jobs=117)
[16:57:37] REQUEST: 199 - COMPLETED
[16:57:37] REQUEST COMPLETED -> remaining active_jobs=116
[16:57:37] WAITING for remaining requests to finish (active_jobs=116)
[16:57:37] REQUEST: 147 - COMPLETED
[16:57:37] REQUEST COMPLETED -> remaining active_jobs=115
[16:57:37] WAITING for remaining requests to finish (active_jobs=115)
[16:57:37] REQUEST: 168 - COMPLETED
[16:57:37] REQUEST COMPLETED -> remaining active_jobs=114
[16:57:37] WAITING for remaining requests to finish (active_jobs=114)
[16:57:37] REQUEST: 186 - COMPLETED
[16:57:37] REQUEST COMPLETED -> remaining active_jobs=113
[16:57:37] WAITING for remaining requests to finish (active_jobs=113)
[16:57:37] REQUEST: 152 - COMPLETED
[16:57:37] REQUEST COMPLETED -> remaining active_jobs=112
[16:57:37] WAITING for remaining requests to finish (active_jobs=112)
[16:57:37] REQUEST: 175 - COMPLETED
[16:57:37] REQUEST COMPLETED -> remaining active_jobs=111
[16:57:37] WAITING for remaining requests to finish (active_jobs=111)
[16:57:37] REQUEST: 200 - COMPLETED
[16:57:37] REQUEST COMPLETED -> remaining active_jobs=110
[16:57:37] WAITING for remaining requests to finish (active_jobs=110)
[16:57:37] REQUEST: 174 - COMPLETED
[16:57:37] REQUEST COMPLETED -> remaining active_jobs=109
[16:57:37] WAITING for remaining requests to finish (active_jobs=109)
[16:57:37] REQUEST: 23 - COMPLETED
[16:57:37] REQUEST COMPLETED -> remaining active_jobs=108
[16:57:37] WAITING for remaining requests to finish (active_jobs=108)
[16:57:37] REQUEST: 180 - COMPLETED
[16:57:37] REQUEST COMPLETED -> remaining active_jobs=107
[16:57:37] WAITING for remaining requests to finish (active_jobs=107)
[16:57:37] REQUEST: 154 - COMPLETED
[16:57:37] REQUEST COMPLETED -> remaining active_jobs=106
[16:57:37] WAITING for remaining requests to finish (active_jobs=106)
[16:57:37] REQUEST: 178 - COMPLETED
[16:57:37] REQUEST COMPLETED -> remaining active_jobs=105
[16:57:37] WAITING for remaining requests to finish (active_jobs=105)
[16:57:37] REQUEST: 161 - COMPLETED
[16:57:37] REQUEST COMPLETED -> remaining active_jobs=104
[16:57:37] WAITING for remaining requests to finish (active_jobs=104)
[16:57:38] REQUEST: 64 - COMPLETED
[16:57:38] REQUEST COMPLETED -> remaining active_jobs=103
[16:57:38] WAITING for remaining requests to finish (active_jobs=103)
[16:57:38] REQUEST: 82 - COMPLETED
[16:57:38] REQUEST COMPLETED -> remaining active_jobs=102
[16:57:38] WAITING for remaining requests to finish (active_jobs=102)
[16:57:38] REQUEST: 151 - COMPLETED
[16:57:38] REQUEST COMPLETED -> remaining active_jobs=101
[16:57:38] WAITING for remaining requests to finish (active_jobs=101)
[16:57:38] REQUEST: 77 - COMPLETED
[16:57:38] REQUEST COMPLETED -> remaining active_jobs=100
[16:57:38] WAITING for remaining requests to finish (active_jobs=100)
[16:57:38] REQUEST: 182 - COMPLETED
[16:57:38] REQUEST COMPLETED -> remaining active_jobs=99
[16:57:38] WAITING for remaining requests to finish (active_jobs=99)
[16:57:38] REQUEST: 160 - COMPLETED
[16:57:38] REQUEST COMPLETED -> remaining active_jobs=98
[16:57:38] WAITING for remaining requests to finish (active_jobs=98)
[16:57:38] REQUEST: 237 - COMPLETED
[16:57:38] REQUEST COMPLETED -> remaining active_jobs=97
[16:57:38] WAITING for remaining requests to finish (active_jobs=97)
[16:57:38] REQUEST: 213 - COMPLETED
[16:57:38] REQUEST COMPLETED -> remaining active_jobs=96
[16:57:38] WAITING for remaining requests to finish (active_jobs=96)
[16:57:38] REQUEST: 242 - COMPLETED
[16:57:38] REQUEST COMPLETED -> remaining active_jobs=95
[16:57:38] WAITING for remaining requests to finish (active_jobs=95)
[16:57:38] REQUEST: 201 - COMPLETED
[16:57:38] REQUEST COMPLETED -> remaining active_jobs=94
[16:57:38] WAITING for remaining requests to finish (active_jobs=94)
[16:57:38] REQUEST: 84 - COMPLETED
[16:57:38] REQUEST COMPLETED -> remaining active_jobs=93
[16:57:38] WAITING for remaining requests to finish (active_jobs=93)
[16:57:38] REQUEST: 156 - COMPLETED
[16:57:38] REQUEST COMPLETED -> remaining active_jobs=92
[16:57:38] WAITING for remaining requests to finish (active_jobs=92)
[16:57:38] REQUEST: 103 - COMPLETED
[16:57:38] REQUEST COMPLETED -> remaining active_jobs=91
[16:57:38] WAITING for remaining requests to finish (active_jobs=91)
[16:57:38] REQUEST: 261 - COMPLETED
[16:57:38] REQUEST COMPLETED -> remaining active_jobs=90
[16:57:38] WAITING for remaining requests to finish (active_jobs=90)
[16:57:39] REQUEST: 262 - COMPLETED
[16:57:39] REQUEST COMPLETED -> remaining active_jobs=89
[16:57:39] WAITING for remaining requests to finish (active_jobs=89)
[16:57:39] REQUEST: 247 - COMPLETED
[16:57:39] REQUEST COMPLETED -> remaining active_jobs=88
[16:57:39] WAITING for remaining requests to finish (active_jobs=88)
[16:57:39] REQUEST: 153 - COMPLETED
[16:57:39] REQUEST COMPLETED -> remaining active_jobs=87
[16:57:39] WAITING for remaining requests to finish (active_jobs=87)
[16:57:39] REQUEST: 215 - COMPLETED
[16:57:39] REQUEST COMPLETED -> remaining active_jobs=86
[16:57:39] WAITING for remaining requests to finish (active_jobs=86)
[16:57:39] REQUEST: 55 - COMPLETED
[16:57:39] REQUEST COMPLETED -> remaining active_jobs=85
[16:57:39] WAITING for remaining requests to finish (active_jobs=85)
[16:57:39] REQUEST: 265 - COMPLETED
[16:57:39] REQUEST COMPLETED -> remaining active_jobs=84
[16:57:39] WAITING for remaining requests to finish (active_jobs=84)
[16:57:39] REQUEST: 254 - COMPLETED
[16:57:39] REQUEST COMPLETED -> remaining active_jobs=83
[16:57:39] WAITING for remaining requests to finish (active_jobs=83)
[16:57:39] REQUEST: 114 - COMPLETED
[16:57:39] REQUEST COMPLETED -> remaining active_jobs=82
[16:57:39] WAITING for remaining requests to finish (active_jobs=82)
[16:57:39] REQUEST: 113 - COMPLETED
[16:57:39] REQUEST COMPLETED -> remaining active_jobs=81
[16:57:39] WAITING for remaining requests to finish (active_jobs=81)
[16:57:39] REQUEST: 225 - COMPLETED
[16:57:39] REQUEST COMPLETED -> remaining active_jobs=80
[16:57:39] WAITING for remaining requests to finish (active_jobs=80)
[16:57:39] REQUEST: 259 - COMPLETED
[16:57:39] REQUEST COMPLETED -> remaining active_jobs=79
[16:57:39] WAITING for remaining requests to finish (active_jobs=79)
[16:57:39] REQUEST: 221 - COMPLETED
[16:57:39] REQUEST COMPLETED -> remaining active_jobs=78
[16:57:39] WAITING for remaining requests to finish (active_jobs=78)
[16:57:39] REQUEST: 117 - COMPLETED
[16:57:39] REQUEST COMPLETED -> remaining active_jobs=77
[16:57:39] WAITING for remaining requests to finish (active_jobs=77)
[16:57:40] REQUEST: 271 - COMPLETED
[16:57:40] REQUEST COMPLETED -> remaining active_jobs=76
[16:57:40] WAITING for remaining requests to finish (active_jobs=76)
[16:57:40] REQUEST: 214 - COMPLETED
[16:57:40] REQUEST COMPLETED -> remaining active_jobs=75
[16:57:40] WAITING for remaining requests to finish (active_jobs=75)
[16:57:40] REQUEST: 219 - COMPLETED
[16:57:40] REQUEST COMPLETED -> remaining active_jobs=74
[16:57:40] WAITING for remaining requests to finish (active_jobs=74)
[16:57:40] REQUEST: 119 - COMPLETED
[16:57:40] REQUEST COMPLETED -> remaining active_jobs=73
[16:57:40] WAITING for remaining requests to finish (active_jobs=73)
[16:57:40] REQUEST: 234 - COMPLETED
[16:57:40] REQUEST COMPLETED -> remaining active_jobs=72
[16:57:40] WAITING for remaining requests to finish (active_jobs=72)
[16:57:40] REQUEST: 220 - COMPLETED
[16:57:40] REQUEST COMPLETED -> remaining active_jobs=71
[16:57:40] WAITING for remaining requests to finish (active_jobs=71)
[16:57:40] REQUEST: 223 - COMPLETED
[16:57:40] REQUEST COMPLETED -> remaining active_jobs=70
[16:57:40] WAITING for remaining requests to finish (active_jobs=70)
[16:57:40] REQUEST: 246 - COMPLETED
[16:57:40] REQUEST COMPLETED -> remaining active_jobs=69
[16:57:40] WAITING for remaining requests to finish (active_jobs=69)
[16:57:40] REQUEST: 238 - COMPLETED
[16:57:40] REQUEST COMPLETED -> remaining active_jobs=68
[16:57:40] WAITING for remaining requests to finish (active_jobs=68)
[16:57:40] REQUEST: 54 - COMPLETED
[16:57:40] REQUEST COMPLETED -> remaining active_jobs=67
[16:57:40] WAITING for remaining requests to finish (active_jobs=67)
[16:57:40] REQUEST: 102 - COMPLETED
[16:57:40] REQUEST COMPLETED -> remaining active_jobs=66
[16:57:40] WAITING for remaining requests to finish (active_jobs=66)
[16:57:40] REQUEST: 253 - COMPLETED
[16:57:40] REQUEST COMPLETED -> remaining active_jobs=65
[16:57:40] WAITING for remaining requests to finish (active_jobs=65)
[16:57:40] REQUEST: 228 - COMPLETED
[16:57:40] REQUEST COMPLETED -> remaining active_jobs=64
[16:57:40] WAITING for remaining requests to finish (active_jobs=64)
[16:57:41] REQUEST: 19 - COMPLETED
[16:57:41] REQUEST COMPLETED -> remaining active_jobs=63
[16:57:41] WAITING for remaining requests to finish (active_jobs=63)
[16:57:41] REQUEST: 264 - COMPLETED
[16:57:41] REQUEST COMPLETED -> remaining active_jobs=62
[16:57:41] WAITING for remaining requests to finish (active_jobs=62)
[16:57:41] REQUEST: 163 - COMPLETED
[16:57:41] REQUEST COMPLETED -> remaining active_jobs=61
[16:57:41] WAITING for remaining requests to finish (active_jobs=61)
[16:57:41] REQUEST: 224 - COMPLETED
[16:57:41] REQUEST COMPLETED -> remaining active_jobs=60
[16:57:41] WAITING for remaining requests to finish (active_jobs=60)
[16:57:41] REQUEST: 255 - COMPLETED
[16:57:41] REQUEST COMPLETED -> remaining active_jobs=59
[16:57:41] WAITING for remaining requests to finish (active_jobs=59)
[16:57:41] REQUEST: 252 - COMPLETED
[16:57:41] REQUEST COMPLETED -> remaining active_jobs=58
[16:57:41] WAITING for remaining requests to finish (active_jobs=58)
[16:57:41] REQUEST: 257 - COMPLETED
[16:57:41] REQUEST COMPLETED -> remaining active_jobs=57
[16:57:41] WAITING for remaining requests to finish (active_jobs=57)
[16:57:41] REQUEST: 59 - COMPLETED
[16:57:41] REQUEST COMPLETED -> remaining active_jobs=56
[16:57:41] WAITING for remaining requests to finish (active_jobs=56)
[16:57:41] REQUEST: 269 - COMPLETED
[16:57:41] REQUEST COMPLETED -> remaining active_jobs=55
[16:57:41] WAITING for remaining requests to finish (active_jobs=55)
[16:57:41] REQUEST: 270 - COMPLETED
[16:57:41] REQUEST COMPLETED -> remaining active_jobs=54
[16:57:41] WAITING for remaining requests to finish (active_jobs=54)
[16:57:41] REQUEST: 260 - COMPLETED
[16:57:41] REQUEST COMPLETED -> remaining active_jobs=53
[16:57:41] WAITING for remaining requests to finish (active_jobs=53)
[16:57:41] REQUEST: 256 - COMPLETED
[16:57:41] REQUEST COMPLETED -> remaining active_jobs=52
[16:57:41] WAITING for remaining requests to finish (active_jobs=52)
[16:57:41] REQUEST: 235 - COMPLETED
[16:57:41] REQUEST COMPLETED -> remaining active_jobs=51
[16:57:41] WAITING for remaining requests to finish (active_jobs=51)
[16:57:41] REQUEST: 279 - COMPLETED
[16:57:41] REQUEST COMPLETED -> remaining active_jobs=50
[16:57:41] WAITING for remaining requests to finish (active_jobs=50)
[16:57:42] REQUEST: 272 - COMPLETED
[16:57:42] REQUEST COMPLETED -> remaining active_jobs=49
[16:57:42] WAITING for remaining requests to finish (active_jobs=49)
[16:57:42] REQUEST: 266 - COMPLETED
[16:57:42] REQUEST COMPLETED -> remaining active_jobs=48
[16:57:42] WAITING for remaining requests to finish (active_jobs=48)
[16:57:42] REQUEST: 293 - COMPLETED
[16:57:42] REQUEST COMPLETED -> remaining active_jobs=47
[16:57:42] WAITING for remaining requests to finish (active_jobs=47)
[16:57:42] REQUEST: 244 - COMPLETED
[16:57:42] REQUEST COMPLETED -> remaining active_jobs=46
[16:57:42] WAITING for remaining requests to finish (active_jobs=46)
[16:57:42] REQUEST: 230 - COMPLETED
[16:57:42] REQUEST COMPLETED -> remaining active_jobs=45
[16:57:42] WAITING for remaining requests to finish (active_jobs=45)
[16:57:42] REQUEST: 226 - COMPLETED
[16:57:42] REQUEST COMPLETED -> remaining active_jobs=44
[16:57:42] WAITING for remaining requests to finish (active_jobs=44)
[16:57:42] REQUEST: 278 - COMPLETED
[16:57:42] REQUEST COMPLETED -> remaining active_jobs=43
[16:57:42] WAITING for remaining requests to finish (active_jobs=43)
[16:57:42] REQUEST: 276 - COMPLETED
[16:57:42] REQUEST COMPLETED -> remaining active_jobs=42
[16:57:42] WAITING for remaining requests to finish (active_jobs=42)
[16:57:42] REQUEST: 101 - COMPLETED
[16:57:42] REQUEST COMPLETED -> remaining active_jobs=41
[16:57:42] WAITING for remaining requests to finish (active_jobs=41)
[16:57:42] REQUEST: 164 - COMPLETED
[16:57:42] REQUEST COMPLETED -> remaining active_jobs=40
[16:57:42] WAITING for remaining requests to finish (active_jobs=40)
[16:57:42] REQUEST: 227 - COMPLETED
[16:57:42] REQUEST COMPLETED -> remaining active_jobs=39
[16:57:42] WAITING for remaining requests to finish (active_jobs=39)
[16:57:42] REQUEST: 236 - COMPLETED
[16:57:42] REQUEST COMPLETED -> remaining active_jobs=38
[16:57:42] WAITING for remaining requests to finish (active_jobs=38)
[16:57:42] REQUEST: 283 - COMPLETED
[16:57:42] REQUEST COMPLETED -> remaining active_jobs=37
[16:57:42] WAITING for remaining requests to finish (active_jobs=37)
[16:57:43] REQUEST: 249 - COMPLETED
[16:57:43] REQUEST COMPLETED -> remaining active_jobs=36
[16:57:43] WAITING for remaining requests to finish (active_jobs=36)
[16:57:43] REQUEST: 116 - COMPLETED
[16:57:43] REQUEST COMPLETED -> remaining active_jobs=35
[16:57:43] WAITING for remaining requests to finish (active_jobs=35)
[16:57:43] REQUEST: 290 - COMPLETED
[16:57:43] REQUEST COMPLETED -> remaining active_jobs=34
[16:57:43] WAITING for remaining requests to finish (active_jobs=34)
[16:57:43] REQUEST: 281 - COMPLETED
[16:57:43] REQUEST COMPLETED -> remaining active_jobs=33
[16:57:43] WAITING for remaining requests to finish (active_jobs=33)
[16:57:43] REQUEST: 13 - COMPLETED
[16:57:43] REQUEST COMPLETED -> remaining active_jobs=32
[16:57:43] WAITING for remaining requests to finish (active_jobs=32)
[16:57:43] REQUEST: 179 - COMPLETED
[16:57:43] REQUEST COMPLETED -> remaining active_jobs=31
[16:57:43] WAITING for remaining requests to finish (active_jobs=31)
[16:57:43] REQUEST: 243 - COMPLETED
[16:57:43] REQUEST COMPLETED -> remaining active_jobs=30
[16:57:43] WAITING for remaining requests to finish (active_jobs=30)
[16:57:43] REQUEST: 277 - COMPLETED
[16:57:43] REQUEST COMPLETED -> remaining active_jobs=29
[16:57:43] WAITING for remaining requests to finish (active_jobs=29)
[16:57:43] REQUEST: 274 - COMPLETED
[16:57:43] REQUEST COMPLETED -> remaining active_jobs=28
[16:57:43] WAITING for remaining requests to finish (active_jobs=28)
[16:57:43] REQUEST: 231 - COMPLETED
[16:57:43] REQUEST COMPLETED -> remaining active_jobs=27
[16:57:43] WAITING for remaining requests to finish (active_jobs=27)
[16:57:43] REQUEST: 241 - COMPLETED
[16:57:43] REQUEST COMPLETED -> remaining active_jobs=26
[16:57:43] WAITING for remaining requests to finish (active_jobs=26)
[16:57:43] REQUEST: 248 - COMPLETED
[16:57:43] REQUEST COMPLETED -> remaining active_jobs=25
[16:57:43] WAITING for remaining requests to finish (active_jobs=25)
[16:57:43] REQUEST: 218 - COMPLETED
[16:57:43] REQUEST COMPLETED -> remaining active_jobs=24
[16:57:43] WAITING for remaining requests to finish (active_jobs=24)
[16:57:44] REQUEST: 245 - COMPLETED
[16:57:44] REQUEST COMPLETED -> remaining active_jobs=23
[16:57:44] WAITING for remaining requests to finish (active_jobs=23)
[16:57:44] REQUEST: 267 - COMPLETED
[16:57:44] REQUEST COMPLETED -> remaining active_jobs=22
[16:57:44] WAITING for remaining requests to finish (active_jobs=22)
[16:57:44] REQUEST: 275 - COMPLETED
[16:57:44] REQUEST COMPLETED -> remaining active_jobs=21
[16:57:44] WAITING for remaining requests to finish (active_jobs=21)
[16:57:44] REQUEST: 118 - COMPLETED
[16:57:44] REQUEST COMPLETED -> remaining active_jobs=20
[16:57:44] WAITING for remaining requests to finish (active_jobs=20)
[16:57:44] REQUEST: 284 - COMPLETED
[16:57:44] REQUEST COMPLETED -> remaining active_jobs=19
[16:57:44] WAITING for remaining requests to finish (active_jobs=19)
[16:57:44] REQUEST: 132 - COMPLETED
[16:57:44] REQUEST COMPLETED -> remaining active_jobs=18
[16:57:44] WAITING for remaining requests to finish (active_jobs=18)
[16:57:44] REQUEST: 287 - COMPLETED
[16:57:44] REQUEST COMPLETED -> remaining active_jobs=17
[16:57:44] WAITING for remaining requests to finish (active_jobs=17)
[16:57:44] REQUEST: 146 - COMPLETED
[16:57:44] REQUEST COMPLETED -> remaining active_jobs=16
[16:57:44] WAITING for remaining requests to finish (active_jobs=16)
[16:57:44] REQUEST: 285 - COMPLETED
[16:57:44] REQUEST COMPLETED -> remaining active_jobs=15
[16:57:44] WAITING for remaining requests to finish (active_jobs=15)
[16:57:44] REQUEST: 232 - COMPLETED
[16:57:44] REQUEST COMPLETED -> remaining active_jobs=14
[16:57:44] WAITING for remaining requests to finish (active_jobs=14)
[16:57:44] REQUEST: 286 - COMPLETED
[16:57:44] REQUEST COMPLETED -> remaining active_jobs=13
[16:57:44] WAITING for remaining requests to finish (active_jobs=13)
[16:57:44] REQUEST: 239 - COMPLETED
[16:57:44] REQUEST COMPLETED -> remaining active_jobs=12
[16:57:44] WAITING for remaining requests to finish (active_jobs=12)
[16:57:44] REQUEST: 268 - COMPLETED
[16:57:44] REQUEST COMPLETED -> remaining active_jobs=11
[16:57:44] WAITING for remaining requests to finish (active_jobs=11)
[16:57:44] REQUEST: 240 - COMPLETED
[16:57:44] REQUEST COMPLETED -> remaining active_jobs=10
[16:57:44] WAITING for remaining requests to finish (active_jobs=10)
[16:57:45] REQUEST: 120 - COMPLETED
[16:57:45] REQUEST COMPLETED -> remaining active_jobs=9
[16:57:45] WAITING for remaining requests to finish (active_jobs=9)
[16:57:45] REQUEST: 282 - COMPLETED
[16:57:45] REQUEST COMPLETED -> remaining active_jobs=8
[16:57:45] WAITING for remaining requests to finish (active_jobs=8)
[16:57:45] REQUEST: 48 - COMPLETED
[16:57:45] REQUEST COMPLETED -> remaining active_jobs=7
[16:57:45] WAITING for remaining requests to finish (active_jobs=7)
[16:57:45] REQUEST: 280 - COMPLETED
[16:57:45] REQUEST COMPLETED -> remaining active_jobs=6
[16:57:45] WAITING for remaining requests to finish (active_jobs=6)
[16:57:45] REQUEST: 229 - COMPLETED
[16:57:45] REQUEST COMPLETED -> remaining active_jobs=5
[16:57:45] WAITING for remaining requests to finish (active_jobs=5)
[16:57:45] REQUEST: 288 - COMPLETED
[16:57:45] REQUEST COMPLETED -> remaining active_jobs=4
[16:57:45] WAITING for remaining requests to finish (active_jobs=4)
[16:57:45] REQUEST: 291 - COMPLETED
[16:57:45] REQUEST COMPLETED -> remaining active_jobs=3
[16:57:45] WAITING for remaining requests to finish (active_jobs=3)
[16:57:45] REQUEST: 210 - COMPLETED
[16:57:45] REQUEST COMPLETED -> remaining active_jobs=2
[16:57:45] WAITING for remaining requests to finish (active_jobs=2)
[16:57:45] REQUEST: 250 - COMPLETED
[16:57:45] REQUEST COMPLETED -> remaining active_jobs=1
[16:57:45] WAITING for remaining requests to finish (active_jobs=1)
[16:57:45] REQUEST: 289 - COMPLETED
[16:57:45] REQUEST COMPLETED -> remaining active_jobs=0
[16:57:45] Load test completed
[16:57:45] Waiting for and collecting the delayed GPU activity episode
GPU telemetry: waiting for return to idle ...
GPU telemetry: waiting for return to idle ...
GPU telemetry: waiting for return to idle ...
GPU telemetry: waiting for return to idle ...
GPU telemetry: waiting for return to idle ...
GPU telemetry: waiting for return to idle ...
Saved 5 metrics / 5 series to results/gpu-metrics.json (activity capture: settled, wait 12.0s)
[16:57:57] Running results evaluation


--- PER-REQUEST STATS ---
Request 01 | res_time: 16:57:21.31 | latency:   0.35 s | tokens: 25 | gen_time: 0.068 s | tok/s: 368.78
Request 02 | res_time: 16:57:21.45 | latency:   0.50 s | tokens: 25 | gen_time: 0.059 s | tok/s: 425.59
Request 03 | res_time: 16:57:23.20 | latency:   2.24 s | tokens: 25 | gen_time: 0.061 s | tok/s: 409.97
Request 04 | res_time: 16:57:23.29 | latency:   2.32 s | tokens: 25 | gen_time: 0.057 s | tok/s: 440.00
Request 05 | res_time: 16:57:23.40 | latency:   2.36 s | tokens: 25 | gen_time: 0.060 s | tok/s: 417.68
Request 06 | res_time: 16:57:23.50 | latency:   2.50 s | tokens: 25 | gen_time: 0.057 s | tok/s: 438.53
Request 07 | res_time: 16:57:23.60 | latency:   2.65 s | tokens: 25 | gen_time: 0.056 s | tok/s: 447.80
Request 08 | res_time: 16:57:23.80 | latency:   2.60 s | tokens: 25 | gen_time: 0.100 s | tok/s: 251.10
Request 09 | res_time: 16:57:23.89 | latency:   2.86 s | tokens: 25 | gen_time: 0.061 s | tok/s: 407.74
Request 10 | res_time: 16:57:23.97 | latency:   3.03 s | tokens: 25 | gen_time: 0.056 s | tok/s: 446.19
Request 11 | res_time: 16:57:24.06 | latency:   2.85 s | tokens: 25 | gen_time: 0.061 s | tok/s: 412.02
Request 12 | res_time: 16:57:24.14 | latency:   2.94 s | tokens: 25 | gen_time: 0.054 s | tok/s: 461.31
Request 13 | res_time: 16:57:24.21 | latency:   2.91 s | tokens: 25 | gen_time: 0.054 s | tok/s: 459.28
Request 14 | res_time: 16:57:24.29 | latency:   3.34 s | tokens: 25 | gen_time: 0.054 s | tok/s: 462.07
Request 15 | res_time: 16:57:24.36 | latency:   3.05 s | tokens: 25 | gen_time: 0.054 s | tok/s: 463.03
Request 16 | res_time: 16:57:24.44 | latency:   3.01 s | tokens: 25 | gen_time: 0.055 s | tok/s: 457.93
Request 17 | res_time: 16:57:24.51 | latency:   3.11 s | tokens: 25 | gen_time: 0.054 s | tok/s: 462.14
Request 18 | res_time: 16:57:24.59 | latency:   3.11 s | tokens: 25 | gen_time: 0.054 s | tok/s: 460.21
Request 19 | res_time: 16:57:24.66 | latency:   3.19 s | tokens: 25 | gen_time: 0.054 s | tok/s: 462.86
Request 20 | res_time: 16:57:24.74 | latency:   3.26 s | tokens: 25 | gen_time: 0.054 s | tok/s: 462.23
Request 21 | res_time: 16:57:24.81 | latency:   3.35 s | tokens: 25 | gen_time: 0.054 s | tok/s: 461.87
Request 22 | res_time: 16:57:24.89 | latency:   3.30 s | tokens: 25 | gen_time: 0.054 s | tok/s: 462.74
Request 23 | res_time: 16:57:24.97 | latency:   3.42 s | tokens: 25 | gen_time: 0.055 s | tok/s: 456.95
Request 24 | res_time: 16:57:25.04 | latency:   3.45 s | tokens: 25 | gen_time: 0.054 s | tok/s: 462.30
Request 25 | res_time: 16:57:25.12 | latency:   3.53 s | tokens: 25 | gen_time: 0.055 s | tok/s: 457.16
Request 26 | res_time: 16:57:25.19 | latency:   3.44 s | tokens: 25 | gen_time: 0.054 s | tok/s: 459.30
Request 27 | res_time: 16:57:25.27 | latency:   3.52 s | tokens: 25 | gen_time: 0.054 s | tok/s: 461.34
Request 28 | res_time: 16:57:25.34 | latency:   3.55 s | tokens: 25 | gen_time: 0.054 s | tok/s: 461.81
Request 29 | res_time: 16:57:25.42 | latency:   3.67 s | tokens: 25 | gen_time: 0.054 s | tok/s: 459.24
Request 30 | res_time: 16:57:25.49 | latency:   3.72 s | tokens: 25 | gen_time: 0.054 s | tok/s: 462.33
Request 31 | res_time: 16:57:25.57 | latency:   3.75 s | tokens: 25 | gen_time: 0.054 s | tok/s: 463.64
Request 32 | res_time: 16:57:25.64 | latency:   4.47 s | tokens: 25 | gen_time: 0.054 s | tok/s: 462.47
Request 33 | res_time: 16:57:25.71 | latency:   3.97 s | tokens: 25 | gen_time: 0.054 s | tok/s: 461.69
Request 34 | res_time: 16:57:25.79 | latency:   4.82 s | tokens: 25 | gen_time: 0.054 s | tok/s: 459.57
Request 35 | res_time: 16:57:25.86 | latency:   4.91 s | tokens: 25 | gen_time: 0.054 s | tok/s: 461.51
Request 36 | res_time: 16:57:25.94 | latency:   4.15 s | tokens: 25 | gen_time: 0.054 s | tok/s: 460.42
Request 37 | res_time: 16:57:26.01 | latency:   4.99 s | tokens: 25 | gen_time: 0.054 s | tok/s: 460.42
Request 38 | res_time: 16:57:26.09 | latency:   4.94 s | tokens: 25 | gen_time: 0.054 s | tok/s: 459.99
Request 39 | res_time: 16:57:26.16 | latency:   4.40 s | tokens: 25 | gen_time: 0.054 s | tok/s: 463.03
Request 40 | res_time: 16:57:26.24 | latency:   4.46 s | tokens: 25 | gen_time: 0.054 s | tok/s: 460.71
Request 41 | res_time: 16:57:26.31 | latency:   4.51 s | tokens: 25 | gen_time: 0.054 s | tok/s: 462.35
Request 42 | res_time: 16:57:26.39 | latency:   5.14 s | tokens: 25 | gen_time: 0.054 s | tok/s: 463.61
Request 43 | res_time: 16:57:26.47 | latency:   4.78 s | tokens: 25 | gen_time: 0.055 s | tok/s: 456.52
Request 44 | res_time: 16:57:26.54 | latency:   4.78 s | tokens: 25 | gen_time: 0.054 s | tok/s: 461.69
Request 45 | res_time: 16:57:26.62 | latency:   4.79 s | tokens: 25 | gen_time: 0.054 s | tok/s: 461.03
Request 46 | res_time: 16:57:26.69 | latency:   4.89 s | tokens: 25 | gen_time: 0.054 s | tok/s: 460.84
Request 47 | res_time: 16:57:26.77 | latency:   5.02 s | tokens: 25 | gen_time: 0.054 s | tok/s: 458.96
Request 48 | res_time: 16:57:26.84 | latency:   5.81 s | tokens: 25 | gen_time: 0.055 s | tok/s: 457.87
Request 49 | res_time: 16:57:26.92 | latency:   4.92 s | tokens: 25 | gen_time: 0.054 s | tok/s: 463.98
Request 50 | res_time: 16:57:26.99 | latency:   5.18 s | tokens: 25 | gen_time: 0.054 s | tok/s: 461.23
Request 51 | res_time: 16:57:27.07 | latency:   5.96 s | tokens: 25 | gen_time: 0.054 s | tok/s: 462.57
Request 52 | res_time: 16:57:27.14 | latency:   5.24 s | tokens: 25 | gen_time: 0.054 s | tok/s: 463.51
Request 53 | res_time: 16:57:27.22 | latency:   6.18 s | tokens: 25 | gen_time: 0.054 s | tok/s: 460.72
Request 54 | res_time: 16:57:27.29 | latency:   5.42 s | tokens: 25 | gen_time: 0.054 s | tok/s: 462.00
Request 55 | res_time: 16:57:27.37 | latency:   6.19 s | tokens: 25 | gen_time: 0.054 s | tok/s: 462.54
Request 56 | res_time: 16:57:27.44 | latency:   6.45 s | tokens: 25 | gen_time: 0.054 s | tok/s: 462.54
Request 57 | res_time: 16:57:27.52 | latency:   6.28 s | tokens: 25 | gen_time: 0.055 s | tok/s: 454.56
Request 58 | res_time: 16:57:27.59 | latency:   6.63 s | tokens: 25 | gen_time: 0.054 s | tok/s: 461.10
Request 59 | res_time: 16:57:27.67 | latency:   6.64 s | tokens: 25 | gen_time: 0.054 s | tok/s: 461.19
Request 60 | res_time: 16:57:27.75 | latency:   6.65 s | tokens: 25 | gen_time: 0.054 s | tok/s: 460.36
Request 61 | res_time: 16:57:27.82 | latency:   6.58 s | tokens: 25 | gen_time: 0.054 s | tok/s: 459.73
Request 62 | res_time: 16:57:27.90 | latency:   6.74 s | tokens: 25 | gen_time: 0.055 s | tok/s: 458.52
Request 63 | res_time: 16:57:27.97 | latency:   6.97 s | tokens: 25 | gen_time: 0.054 s | tok/s: 460.00
Request 64 | res_time: 16:57:28.05 | latency:   6.05 s | tokens: 25 | gen_time: 0.054 s | tok/s: 460.55
Request 65 | res_time: 16:57:28.12 | latency:   7.10 s | tokens: 25 | gen_time: 0.055 s | tok/s: 457.14
Request 66 | res_time: 16:57:28.20 | latency:   7.18 s | tokens: 25 | gen_time: 0.054 s | tok/s: 460.47
Request 67 | res_time: 16:57:28.27 | latency:   7.04 s | tokens: 25 | gen_time: 0.054 s | tok/s: 464.89
Request 68 | res_time: 16:57:28.35 | latency:   7.15 s | tokens: 25 | gen_time: 0.054 s | tok/s: 464.06
Request 69 | res_time: 16:57:28.42 | latency:   7.21 s | tokens: 25 | gen_time: 0.054 s | tok/s: 459.41
Request 70 | res_time: 16:57:28.50 | latency:   7.26 s | tokens: 25 | gen_time: 0.054 s | tok/s: 463.01
Request 71 | res_time: 16:57:28.57 | latency:   7.54 s | tokens: 25 | gen_time: 0.054 s | tok/s: 463.23
Request 72 | res_time: 16:57:28.65 | latency:   7.63 s | tokens: 25 | gen_time: 0.054 s | tok/s: 464.80
Request 73 | res_time: 16:57:28.72 | latency:   7.70 s | tokens: 25 | gen_time: 0.054 s | tok/s: 466.40
Request 74 | res_time: 16:57:28.80 | latency:   6.81 s | tokens: 25 | gen_time: 0.054 s | tok/s: 463.15
Request 75 | res_time: 16:57:28.87 | latency:   6.60 s | tokens: 25 | gen_time: 0.054 s | tok/s: 461.92
Request 76 | res_time: 16:57:28.95 | latency:   7.71 s | tokens: 25 | gen_time: 0.055 s | tok/s: 456.92
Request 77 | res_time: 16:57:29.02 | latency:   7.79 s | tokens: 25 | gen_time: 0.054 s | tok/s: 459.01
Request 78 | res_time: 16:57:29.10 | latency:   7.86 s | tokens: 25 | gen_time: 0.054 s | tok/s: 461.95
Request 79 | res_time: 16:57:29.17 | latency:   8.00 s | tokens: 25 | gen_time: 0.054 s | tok/s: 464.36
Request 80 | res_time: 16:57:29.25 | latency:   7.21 s | tokens: 25 | gen_time: 0.054 s | tok/s: 464.01
Request 81 | res_time: 16:57:29.32 | latency:   7.29 s | tokens: 25 | gen_time: 0.054 s | tok/s: 464.47
Request 82 | res_time: 16:57:29.39 | latency:   8.36 s | tokens: 25 | gen_time: 0.054 s | tok/s: 463.26
Request 83 | res_time: 16:57:29.47 | latency:   8.30 s | tokens: 25 | gen_time: 0.054 s | tok/s: 461.69
Request 84 | res_time: 16:57:29.54 | latency:   8.32 s | tokens: 25 | gen_time: 0.054 s | tok/s: 464.27
Request 85 | res_time: 16:57:29.62 | latency:   8.20 s | tokens: 25 | gen_time: 0.054 s | tok/s: 459.88
Request 86 | res_time: 16:57:29.69 | latency:   7.30 s | tokens: 25 | gen_time: 0.054 s | tok/s: 460.99
Request 87 | res_time: 16:57:29.77 | latency:   8.60 s | tokens: 25 | gen_time: 0.054 s | tok/s: 461.83
Request 88 | res_time: 16:57:29.84 | latency:   8.65 s | tokens: 25 | gen_time: 0.054 s | tok/s: 466.16
Request 89 | res_time: 16:57:29.92 | latency:   7.68 s | tokens: 25 | gen_time: 0.054 s | tok/s: 465.44
Request 90 | res_time: 16:57:29.99 | latency:   7.97 s | tokens: 25 | gen_time: 0.054 s | tok/s: 461.02
Request 91 | res_time: 16:57:30.07 | latency:   7.82 s | tokens: 25 | gen_time: 0.054 s | tok/s: 459.20
Request 92 | res_time: 16:57:30.14 | latency:   9.00 s | tokens: 25 | gen_time: 0.055 s | tok/s: 458.37
Request 93 | res_time: 16:57:30.22 | latency:   8.17 s | tokens: 25 | gen_time: 0.054 s | tok/s: 461.94
Request 94 | res_time: 16:57:30.30 | latency:   9.11 s | tokens: 25 | gen_time: 0.055 s | tok/s: 456.67
Request 95 | res_time: 16:57:30.37 | latency:   8.33 s | tokens: 25 | gen_time: 0.054 s | tok/s: 460.01
Request 96 | res_time: 16:57:30.45 | latency:   9.46 s | tokens: 25 | gen_time: 0.054 s | tok/s: 461.48
Request 97 | res_time: 16:57:30.52 | latency:   8.51 s | tokens: 25 | gen_time: 0.054 s | tok/s: 459.95
Request 98 | res_time: 16:57:30.60 | latency:   9.37 s | tokens: 25 | gen_time: 0.054 s | tok/s: 465.43
Request 99 | res_time: 16:57:30.67 | latency:   9.52 s | tokens: 25 | gen_time: 0.054 s | tok/s: 462.65
Request 100 | res_time: 16:57:30.75 | latency:   8.76 s | tokens: 25 | gen_time: 0.055 s | tok/s: 458.59
Request 101 | res_time: 16:57:30.82 | latency:   9.59 s | tokens: 25 | gen_time: 0.054 s | tok/s: 462.47
Request 102 | res_time: 16:57:30.90 | latency:   9.86 s | tokens: 25 | gen_time: 0.054 s | tok/s: 460.54
Request 103 | res_time: 16:57:30.97 | latency:   8.68 s | tokens: 25 | gen_time: 0.054 s | tok/s: 459.84
Request 104 | res_time: 16:57:31.05 | latency:   8.94 s | tokens: 25 | gen_time: 0.054 s | tok/s: 459.67
Request 105 | res_time: 16:57:31.12 | latency:   9.13 s | tokens: 25 | gen_time: 0.054 s | tok/s: 460.05
Request 106 | res_time: 16:57:31.20 | latency:   9.01 s | tokens: 25 | gen_time: 0.054 s | tok/s: 461.23
Request 107 | res_time: 16:57:31.27 | latency:  10.32 s | tokens: 25 | gen_time: 0.054 s | tok/s: 460.72
Request 108 | res_time: 16:57:31.35 | latency:  10.22 s | tokens: 25 | gen_time: 0.054 s | tok/s: 463.13
Request 109 | res_time: 16:57:31.42 | latency:  10.27 s | tokens: 25 | gen_time: 0.054 s | tok/s: 466.03
Request 110 | res_time: 16:57:31.49 | latency:  10.36 s | tokens: 25 | gen_time: 0.054 s | tok/s: 463.03
Request 111 | res_time: 16:57:31.57 | latency:  10.60 s | tokens: 25 | gen_time: 0.054 s | tok/s: 463.21
Request 112 | res_time: 16:57:31.64 | latency:  10.49 s | tokens: 25 | gen_time: 0.054 s | tok/s: 459.39
Request 113 | res_time: 16:57:31.72 | latency:  10.58 s | tokens: 25 | gen_time: 0.054 s | tok/s: 460.91
Request 114 | res_time: 16:57:31.79 | latency:   9.80 s | tokens: 25 | gen_time: 0.054 s | tok/s: 464.48
Request 115 | res_time: 16:57:31.87 | latency:  10.65 s | tokens: 25 | gen_time: 0.054 s | tok/s: 464.02
Request 116 | res_time: 16:57:31.94 | latency:  10.71 s | tokens: 25 | gen_time: 0.054 s | tok/s: 465.93
Request 117 | res_time: 16:57:32.02 | latency:  10.04 s | tokens: 25 | gen_time: 0.054 s | tok/s: 461.62
Request 118 | res_time: 16:57:32.09 | latency:  11.05 s | tokens: 25 | gen_time: 0.055 s | tok/s: 457.36
Request 119 | res_time: 16:57:32.17 | latency:   9.96 s | tokens: 25 | gen_time: 0.054 s | tok/s: 462.29
Request 120 | res_time: 16:57:32.24 | latency:  10.06 s | tokens: 25 | gen_time: 0.054 s | tok/s: 460.60
Request 121 | res_time: 16:57:32.32 | latency:  10.30 s | tokens: 25 | gen_time: 0.054 s | tok/s: 466.39
Request 122 | res_time: 16:57:32.39 | latency:  11.36 s | tokens: 25 | gen_time: 0.054 s | tok/s: 461.42
Request 123 | res_time: 16:57:32.47 | latency:  11.04 s | tokens: 25 | gen_time: 0.054 s | tok/s: 461.94
Request 124 | res_time: 16:57:32.54 | latency:  11.27 s | tokens: 25 | gen_time: 0.054 s | tok/s: 461.08
Request 125 | res_time: 16:57:32.62 | latency:  11.42 s | tokens: 25 | gen_time: 0.054 s | tok/s: 465.81
Request 126 | res_time: 16:57:32.69 | latency:  11.46 s | tokens: 25 | gen_time: 0.054 s | tok/s: 463.03
Request 127 | res_time: 16:57:32.76 | latency:  11.50 s | tokens: 25 | gen_time: 0.054 s | tok/s: 464.92
Request 128 | res_time: 16:57:32.84 | latency:  11.64 s | tokens: 25 | gen_time: 0.053 s | tok/s: 467.63
Request 129 | res_time: 16:57:32.91 | latency:  11.65 s | tokens: 25 | gen_time: 0.054 s | tok/s: 463.79
Request 130 | res_time: 16:57:32.99 | latency:  11.73 s | tokens: 25 | gen_time: 0.054 s | tok/s: 462.48
Request 131 | res_time: 16:57:33.06 | latency:  10.49 s | tokens: 25 | gen_time: 0.054 s | tok/s: 462.15
Request 132 | res_time: 16:57:33.14 | latency:  11.78 s | tokens: 25 | gen_time: 0.054 s | tok/s: 464.68
Request 133 | res_time: 16:57:33.21 | latency:  11.85 s | tokens: 25 | gen_time: 0.054 s | tok/s: 461.99
Request 134 | res_time: 16:57:33.29 | latency:  12.25 s | tokens: 25 | gen_time: 0.054 s | tok/s: 461.36
Request 135 | res_time: 16:57:33.36 | latency:  11.44 s | tokens: 25 | gen_time: 0.054 s | tok/s: 459.96
Request 136 | res_time: 16:57:33.44 | latency:  12.15 s | tokens: 25 | gen_time: 0.054 s | tok/s: 460.21
Request 137 | res_time: 16:57:33.51 | latency:  12.48 s | tokens: 25 | gen_time: 0.054 s | tok/s: 461.36
Request 138 | res_time: 16:57:33.59 | latency:  12.25 s | tokens: 25 | gen_time: 0.054 s | tok/s: 463.95
Request 139 | res_time: 16:57:33.66 | latency:  12.34 s | tokens: 25 | gen_time: 0.054 s | tok/s: 461.86
Request 140 | res_time: 16:57:33.74 | latency:  12.31 s | tokens: 25 | gen_time: 0.054 s | tok/s: 458.86
Request 141 | res_time: 16:57:33.81 | latency:  12.38 s | tokens: 25 | gen_time: 0.054 s | tok/s: 462.92
Request 142 | res_time: 16:57:33.89 | latency:  12.46 s | tokens: 25 | gen_time: 0.054 s | tok/s: 463.76
Request 143 | res_time: 16:57:33.96 | latency:  12.71 s | tokens: 25 | gen_time: 0.054 s | tok/s: 464.52
Request 144 | res_time: 16:57:34.04 | latency:  12.64 s | tokens: 25 | gen_time: 0.054 s | tok/s: 458.77
Request 145 | res_time: 16:57:34.11 | latency:  12.71 s | tokens: 25 | gen_time: 0.054 s | tok/s: 464.18
Request 146 | res_time: 16:57:34.19 | latency:  13.15 s | tokens: 25 | gen_time: 0.054 s | tok/s: 458.99
Request 147 | res_time: 16:57:34.26 | latency:  12.95 s | tokens: 25 | gen_time: 0.054 s | tok/s: 465.76
Request 148 | res_time: 16:57:34.33 | latency:  12.91 s | tokens: 25 | gen_time: 0.054 s | tok/s: 461.87
Request 149 | res_time: 16:57:34.41 | latency:  12.99 s | tokens: 25 | gen_time: 0.054 s | tok/s: 461.97
Request 150 | res_time: 16:57:34.48 | latency:  13.05 s | tokens: 25 | gen_time: 0.054 s | tok/s: 462.15
Request 151 | res_time: 16:57:34.56 | latency:  13.53 s | tokens: 25 | gen_time: 0.054 s | tok/s: 464.93
Request 152 | res_time: 16:57:34.63 | latency:  11.92 s | tokens: 25 | gen_time: 0.054 s | tok/s: 460.73
Request 153 | res_time: 16:57:34.71 | latency:  13.32 s | tokens: 25 | gen_time: 0.054 s | tok/s: 462.01
Request 154 | res_time: 16:57:34.78 | latency:  13.78 s | tokens: 25 | gen_time: 0.054 s | tok/s: 461.80
Request 155 | res_time: 16:57:34.86 | latency:  12.10 s | tokens: 25 | gen_time: 0.054 s | tok/s: 464.55
Request 156 | res_time: 16:57:34.93 | latency:  13.63 s | tokens: 25 | gen_time: 0.054 s | tok/s: 463.72
Request 157 | res_time: 16:57:35.01 | latency:  13.72 s | tokens: 25 | gen_time: 0.054 s | tok/s: 459.82
Request 158 | res_time: 16:57:35.08 | latency:  13.71 s | tokens: 25 | gen_time: 0.055 s | tok/s: 458.60
Request 159 | res_time: 16:57:35.16 | latency:  12.38 s | tokens: 25 | gen_time: 0.054 s | tok/s: 461.68
Request 160 | res_time: 16:57:35.23 | latency:  12.45 s | tokens: 25 | gen_time: 0.054 s | tok/s: 462.18
Request 161 | res_time: 16:57:35.31 | latency:  12.45 s | tokens: 25 | gen_time: 0.054 s | tok/s: 462.84
Request 162 | res_time: 16:57:35.38 | latency:  12.62 s | tokens: 25 | gen_time: 0.055 s | tok/s: 458.71
Request 163 | res_time: 16:57:35.46 | latency:  12.68 s | tokens: 25 | gen_time: 0.054 s | tok/s: 465.30
Request 164 | res_time: 16:57:35.53 | latency:  14.14 s | tokens: 25 | gen_time: 0.054 s | tok/s: 460.55
Request 165 | res_time: 16:57:35.61 | latency:  12.69 s | tokens: 25 | gen_time: 0.054 s | tok/s: 463.70
Request 166 | res_time: 16:57:35.68 | latency:  12.78 s | tokens: 25 | gen_time: 0.054 s | tok/s: 459.07
Request 167 | res_time: 16:57:35.76 | latency:  14.33 s | tokens: 25 | gen_time: 0.054 s | tok/s: 461.59
Request 168 | res_time: 16:57:35.83 | latency:  13.05 s | tokens: 25 | gen_time: 0.054 s | tok/s: 462.94
Request 169 | res_time: 16:57:35.91 | latency:  13.08 s | tokens: 25 | gen_time: 0.054 s | tok/s: 462.20
Request 170 | res_time: 16:57:35.98 | latency:  13.21 s | tokens: 25 | gen_time: 0.054 s | tok/s: 465.53
Request 171 | res_time: 16:57:36.06 | latency:  13.23 s | tokens: 25 | gen_time: 0.054 s | tok/s: 464.96
Request 172 | res_time: 16:57:36.13 | latency:  14.81 s | tokens: 25 | gen_time: 0.054 s | tok/s: 464.75
Request 173 | res_time: 16:57:36.21 | latency:  14.94 s | tokens: 25 | gen_time: 0.054 s | tok/s: 464.21
Request 174 | res_time: 16:57:36.28 | latency:  13.43 s | tokens: 25 | gen_time: 0.054 s | tok/s: 464.30
Request 175 | res_time: 16:57:36.35 | latency:  13.47 s | tokens: 25 | gen_time: 0.054 s | tok/s: 464.27
Request 176 | res_time: 16:57:36.43 | latency:  13.60 s | tokens: 25 | gen_time: 0.054 s | tok/s: 460.15
Request 177 | res_time: 16:57:36.50 | latency:  15.07 s | tokens: 25 | gen_time: 0.054 s | tok/s: 462.67
Request 178 | res_time: 16:57:36.58 | latency:  13.71 s | tokens: 25 | gen_time: 0.054 s | tok/s: 462.07
Request 179 | res_time: 16:57:36.65 | latency:  13.78 s | tokens: 25 | gen_time: 0.054 s | tok/s: 464.11
Request 180 | res_time: 16:57:36.73 | latency:  13.85 s | tokens: 25 | gen_time: 0.054 s | tok/s: 465.00
Request 181 | res_time: 16:57:36.80 | latency:  13.95 s | tokens: 25 | gen_time: 0.054 s | tok/s: 462.99
Request 182 | res_time: 16:57:36.88 | latency:  14.05 s | tokens: 25 | gen_time: 0.054 s | tok/s: 464.52
Request 183 | res_time: 16:57:36.95 | latency:  15.76 s | tokens: 25 | gen_time: 0.054 s | tok/s: 462.55
Request 184 | res_time: 16:57:37.03 | latency:  14.09 s | tokens: 25 | gen_time: 0.054 s | tok/s: 459.00
Request 185 | res_time: 16:57:37.10 | latency:  15.82 s | tokens: 25 | gen_time: 0.055 s | tok/s: 458.68
Request 186 | res_time: 16:57:37.18 | latency:  15.81 s | tokens: 25 | gen_time: 0.054 s | tok/s: 464.79
Request 187 | res_time: 16:57:37.25 | latency:  15.82 s | tokens: 25 | gen_time: 0.054 s | tok/s: 462.98
Request 188 | res_time: 16:57:37.33 | latency:  15.92 s | tokens: 25 | gen_time: 0.054 s | tok/s: 459.84
Request 189 | res_time: 16:57:37.40 | latency:  15.95 s | tokens: 25 | gen_time: 0.054 s | tok/s: 461.33
Request 190 | res_time: 16:57:37.48 | latency:  14.52 s | tokens: 25 | gen_time: 0.054 s | tok/s: 459.84
Request 191 | res_time: 16:57:37.55 | latency:  16.12 s | tokens: 25 | gen_time: 0.054 s | tok/s: 462.03
Request 192 | res_time: 16:57:37.63 | latency:  16.62 s | tokens: 25 | gen_time: 0.054 s | tok/s: 461.48
Request 193 | res_time: 16:57:37.70 | latency:  16.27 s | tokens: 25 | gen_time: 0.054 s | tok/s: 460.70
Request 194 | res_time: 16:57:37.78 | latency:  16.35 s | tokens: 25 | gen_time: 0.054 s | tok/s: 459.67
Request 195 | res_time: 16:57:37.85 | latency:  16.42 s | tokens: 25 | gen_time: 0.055 s | tok/s: 458.66
Request 196 | res_time: 16:57:37.93 | latency:  16.51 s | tokens: 25 | gen_time: 0.054 s | tok/s: 464.97
Request 197 | res_time: 16:57:38.00 | latency:  16.73 s | tokens: 25 | gen_time: 0.054 s | tok/s: 459.73
Request 198 | res_time: 16:57:38.08 | latency:  16.80 s | tokens: 25 | gen_time: 0.054 s | tok/s: 462.01
Request 199 | res_time: 16:57:38.15 | latency:  16.81 s | tokens: 25 | gen_time: 0.054 s | tok/s: 459.98
Request 200 | res_time: 16:57:38.23 | latency:  16.97 s | tokens: 25 | gen_time: 0.054 s | tok/s: 462.78
Request 201 | res_time: 16:57:38.30 | latency:  16.87 s | tokens: 25 | gen_time: 0.054 s | tok/s: 465.16
Request 202 | res_time: 16:57:38.38 | latency:  17.03 s | tokens: 25 | gen_time: 0.054 s | tok/s: 459.46
Request 203 | res_time: 16:57:38.45 | latency:  16.91 s | tokens: 25 | gen_time: 0.054 s | tok/s: 459.46
Request 204 | res_time: 16:57:38.53 | latency:  15.43 s | tokens: 25 | gen_time: 0.054 s | tok/s: 459.37
Request 205 | res_time: 16:57:38.60 | latency:  16.97 s | tokens: 25 | gen_time: 0.054 s | tok/s: 461.34
Request 206 | res_time: 16:57:38.68 | latency:  17.25 s | tokens: 25 | gen_time: 0.055 s | tok/s: 457.65
Request 207 | res_time: 16:57:38.76 | latency:  17.38 s | tokens: 25 | gen_time: 0.054 s | tok/s: 458.75
Request 208 | res_time: 16:57:38.83 | latency:  17.40 s | tokens: 25 | gen_time: 0.054 s | tok/s: 459.07
Request 209 | res_time: 16:57:38.91 | latency:  17.62 s | tokens: 25 | gen_time: 0.054 s | tok/s: 463.18
Request 210 | res_time: 16:57:38.98 | latency:  15.81 s | tokens: 25 | gen_time: 0.054 s | tok/s: 464.26
Request 211 | res_time: 16:57:39.05 | latency:  15.89 s | tokens: 25 | gen_time: 0.054 s | tok/s: 463.84
Request 212 | res_time: 16:57:39.13 | latency:  17.43 s | tokens: 25 | gen_time: 0.054 s | tok/s: 465.66
Request 213 | res_time: 16:57:39.20 | latency:  17.78 s | tokens: 25 | gen_time: 0.054 s | tok/s: 462.51
Request 214 | res_time: 16:57:39.28 | latency:  17.79 s | tokens: 25 | gen_time: 0.054 s | tok/s: 460.96
Request 215 | res_time: 16:57:39.35 | latency:  16.19 s | tokens: 25 | gen_time: 0.054 s | tok/s: 462.87
Request 216 | res_time: 16:57:39.43 | latency:  16.24 s | tokens: 25 | gen_time: 0.054 s | tok/s: 462.42
Request 217 | res_time: 16:57:39.50 | latency:  17.76 s | tokens: 25 | gen_time: 0.054 s | tok/s: 460.53
Request 218 | res_time: 16:57:39.58 | latency:  18.05 s | tokens: 25 | gen_time: 0.054 s | tok/s: 460.28
Request 219 | res_time: 16:57:39.65 | latency:  18.17 s | tokens: 25 | gen_time: 0.055 s | tok/s: 458.36
Request 220 | res_time: 16:57:39.73 | latency:  18.21 s | tokens: 25 | gen_time: 0.054 s | tok/s: 462.64
Request 221 | res_time: 16:57:39.80 | latency:  16.59 s | tokens: 25 | gen_time: 0.054 s | tok/s: 464.96
Request 222 | res_time: 16:57:39.88 | latency:  18.31 s | tokens: 25 | gen_time: 0.054 s | tok/s: 465.55
Request 223 | res_time: 16:57:39.95 | latency:  18.36 s | tokens: 25 | gen_time: 0.054 s | tok/s: 463.42
Request 224 | res_time: 16:57:40.03 | latency:  16.74 s | tokens: 25 | gen_time: 0.054 s | tok/s: 461.95
Request 225 | res_time: 16:57:40.10 | latency:  18.63 s | tokens: 25 | gen_time: 0.054 s | tok/s: 459.13
Request 226 | res_time: 16:57:40.18 | latency:  18.65 s | tokens: 25 | gen_time: 0.054 s | tok/s: 460.92
Request 227 | res_time: 16:57:40.25 | latency:  18.62 s | tokens: 25 | gen_time: 0.055 s | tok/s: 458.53
Request 228 | res_time: 16:57:40.33 | latency:  18.68 s | tokens: 25 | gen_time: 0.055 s | tok/s: 458.52
Request 229 | res_time: 16:57:40.41 | latency:  18.86 s | tokens: 25 | gen_time: 0.054 s | tok/s: 461.09
Request 230 | res_time: 16:57:40.48 | latency:  18.84 s | tokens: 25 | gen_time: 0.054 s | tok/s: 461.65
Request 231 | res_time: 16:57:40.56 | latency:  18.83 s | tokens: 25 | gen_time: 0.054 s | tok/s: 463.37
Request 232 | res_time: 16:57:40.63 | latency:  18.89 s | tokens: 25 | gen_time: 0.054 s | tok/s: 459.48
Request 233 | res_time: 16:57:40.70 | latency:  19.02 s | tokens: 25 | gen_time: 0.054 s | tok/s: 465.64
Request 234 | res_time: 16:57:40.78 | latency:  19.21 s | tokens: 25 | gen_time: 0.054 s | tok/s: 466.22
Request 235 | res_time: 16:57:40.85 | latency:  19.11 s | tokens: 25 | gen_time: 0.054 s | tok/s: 462.76
Request 236 | res_time: 16:57:40.93 | latency:  19.34 s | tokens: 25 | gen_time: 0.054 s | tok/s: 460.99
Request 237 | res_time: 16:57:41.00 | latency:  19.97 s | tokens: 25 | gen_time: 0.054 s | tok/s: 461.02
Request 238 | res_time: 16:57:41.08 | latency:  17.91 s | tokens: 25 | gen_time: 0.054 s | tok/s: 465.07
Request 239 | res_time: 16:57:41.15 | latency:  19.74 s | tokens: 25 | gen_time: 0.054 s | tok/s: 460.57
Request 240 | res_time: 16:57:41.23 | latency:  19.61 s | tokens: 25 | gen_time: 0.054 s | tok/s: 462.21
Request 241 | res_time: 16:57:41.30 | latency:  18.10 s | tokens: 25 | gen_time: 0.054 s | tok/s: 463.96
Request 242 | res_time: 16:57:41.38 | latency:  19.65 s | tokens: 25 | gen_time: 0.055 s | tok/s: 458.69
Request 243 | res_time: 16:57:41.45 | latency:  18.24 s | tokens: 25 | gen_time: 0.054 s | tok/s: 462.65
Request 244 | res_time: 16:57:41.53 | latency:  20.25 s | tokens: 25 | gen_time: 0.054 s | tok/s: 460.53
Request 245 | res_time: 16:57:41.60 | latency:  18.37 s | tokens: 25 | gen_time: 0.054 s | tok/s: 462.94
Request 246 | res_time: 16:57:41.68 | latency:  18.41 s | tokens: 25 | gen_time: 0.054 s | tok/s: 461.72
Request 247 | res_time: 16:57:41.75 | latency:  18.54 s | tokens: 25 | gen_time: 0.054 s | tok/s: 464.80
Request 248 | res_time: 16:57:41.83 | latency:  18.61 s | tokens: 25 | gen_time: 0.054 s | tok/s: 463.34
Request 249 | res_time: 16:57:41.90 | latency:  18.55 s | tokens: 25 | gen_time: 0.054 s | tok/s: 462.21
Request 250 | res_time: 16:57:41.98 | latency:  18.52 s | tokens: 25 | gen_time: 0.054 s | tok/s: 459.36
Request 251 | res_time: 16:57:42.05 | latency:  18.77 s | tokens: 25 | gen_time: 0.054 s | tok/s: 461.91
Request 252 | res_time: 16:57:42.12 | latency:  18.93 s | tokens: 25 | gen_time: 0.054 s | tok/s: 461.94
Request 253 | res_time: 16:57:42.20 | latency:  18.70 s | tokens: 25 | gen_time: 0.054 s | tok/s: 464.23
Request 254 | res_time: 16:57:42.27 | latency:  20.58 s | tokens: 25 | gen_time: 0.054 s | tok/s: 459.52
Request 255 | res_time: 16:57:42.35 | latency:  20.67 s | tokens: 25 | gen_time: 0.054 s | tok/s: 460.54
Request 256 | res_time: 16:57:42.42 | latency:  20.88 s | tokens: 25 | gen_time: 0.054 s | tok/s: 461.35
Request 257 | res_time: 16:57:42.50 | latency:  20.81 s | tokens: 25 | gen_time: 0.054 s | tok/s: 462.51
Request 258 | res_time: 16:57:42.57 | latency:  18.95 s | tokens: 25 | gen_time: 0.054 s | tok/s: 461.89
Request 259 | res_time: 16:57:42.65 | latency:  21.14 s | tokens: 25 | gen_time: 0.054 s | tok/s: 464.69
Request 260 | res_time: 16:57:42.72 | latency:  21.29 s | tokens: 25 | gen_time: 0.054 s | tok/s: 460.67
Request 261 | res_time: 16:57:42.80 | latency:  21.23 s | tokens: 25 | gen_time: 0.054 s | tok/s: 466.52
Request 262 | res_time: 16:57:42.87 | latency:  21.14 s | tokens: 25 | gen_time: 0.054 s | tok/s: 463.14
Request 263 | res_time: 16:57:42.95 | latency:  19.44 s | tokens: 25 | gen_time: 0.054 s | tok/s: 459.93
Request 264 | res_time: 16:57:43.02 | latency:  21.33 s | tokens: 25 | gen_time: 0.054 s | tok/s: 463.56
Request 265 | res_time: 16:57:43.10 | latency:  21.51 s | tokens: 25 | gen_time: 0.054 s | tok/s: 463.60
Request 266 | res_time: 16:57:43.17 | latency:  19.39 s | tokens: 25 | gen_time: 0.054 s | tok/s: 464.17
Request 267 | res_time: 16:57:43.25 | latency:  19.75 s | tokens: 25 | gen_time: 0.055 s | tok/s: 456.71
Request 268 | res_time: 16:57:43.32 | latency:  22.35 s | tokens: 25 | gen_time: 0.054 s | tok/s: 463.88
Request 269 | res_time: 16:57:43.40 | latency:  21.97 s | tokens: 25 | gen_time: 0.055 s | tok/s: 457.98
Request 270 | res_time: 16:57:43.47 | latency:  21.82 s | tokens: 25 | gen_time: 0.055 s | tok/s: 457.50
Request 271 | res_time: 16:57:43.55 | latency:  20.09 s | tokens: 25 | gen_time: 0.054 s | tok/s: 461.18
Request 272 | res_time: 16:57:43.62 | latency:  20.30 s | tokens: 25 | gen_time: 0.055 s | tok/s: 457.65
Request 273 | res_time: 16:57:43.70 | latency:  22.17 s | tokens: 25 | gen_time: 0.054 s | tok/s: 466.54
Request 274 | res_time: 16:57:43.77 | latency:  22.17 s | tokens: 25 | gen_time: 0.054 s | tok/s: 461.30
Request 275 | res_time: 16:57:43.85 | latency:  22.16 s | tokens: 25 | gen_time: 0.054 s | tok/s: 462.13
Request 276 | res_time: 16:57:43.92 | latency:  22.42 s | tokens: 25 | gen_time: 0.054 s | tok/s: 464.60
Request 277 | res_time: 16:57:44.00 | latency:  22.31 s | tokens: 25 | gen_time: 0.054 s | tok/s: 460.69
Request 278 | res_time: 16:57:44.07 | latency:  20.87 s | tokens: 25 | gen_time: 0.054 s | tok/s: 459.19
Request 279 | res_time: 16:57:44.15 | latency:  20.81 s | tokens: 25 | gen_time: 0.055 s | tok/s: 458.56
Request 280 | res_time: 16:57:44.22 | latency:  22.61 s | tokens: 25 | gen_time: 0.054 s | tok/s: 462.30
Request 281 | res_time: 16:57:44.30 | latency:  20.47 s | tokens: 25 | gen_time: 0.054 s | tok/s: 463.43
Request 282 | res_time: 16:57:44.37 | latency:  20.81 s | tokens: 25 | gen_time: 0.055 s | tok/s: 458.21
Request 283 | res_time: 16:57:44.45 | latency:  20.59 s | tokens: 25 | gen_time: 0.054 s | tok/s: 463.63
Request 284 | res_time: 16:57:44.52 | latency:  23.23 s | tokens: 25 | gen_time: 0.054 s | tok/s: 463.92
Request 285 | res_time: 16:57:44.60 | latency:  20.74 s | tokens: 25 | gen_time: 0.054 s | tok/s: 464.43
Request 286 | res_time: 16:57:44.67 | latency:  23.10 s | tokens: 25 | gen_time: 0.054 s | tok/s: 462.54
Request 287 | res_time: 16:57:44.75 | latency:  20.89 s | tokens: 25 | gen_time: 0.054 s | tok/s: 464.78
Request 288 | res_time: 16:57:44.82 | latency:  23.09 s | tokens: 25 | gen_time: 0.054 s | tok/s: 463.75
Request 289 | res_time: 16:57:44.90 | latency:  21.27 s | tokens: 25 | gen_time: 0.054 s | tok/s: 462.00
Request 290 | res_time: 16:57:44.97 | latency:  23.37 s | tokens: 25 | gen_time: 0.054 s | tok/s: 463.90
Request 291 | res_time: 16:57:45.05 | latency:  23.39 s | tokens: 25 | gen_time: 0.054 s | tok/s: 462.09
Request 292 | res_time: 16:57:45.12 | latency:  21.32 s | tokens: 25 | gen_time: 0.054 s | tok/s: 463.83
Request 293 | res_time: 16:57:45.20 | latency:  24.04 s | tokens: 25 | gen_time: 0.055 s | tok/s: 458.22
Request 294 | res_time: 16:57:45.27 | latency:  21.80 s | tokens: 25 | gen_time: 0.054 s | tok/s: 459.89
Request 295 | res_time: 16:57:45.35 | latency:  23.69 s | tokens: 25 | gen_time: 0.054 s | tok/s: 463.75
Request 296 | res_time: 16:57:45.42 | latency:  21.50 s | tokens: 25 | gen_time: 0.054 s | tok/s: 460.21
Request 297 | res_time: 16:57:45.50 | latency:  21.58 s | tokens: 25 | gen_time: 0.054 s | tok/s: 462.57
Request 298 | res_time: 16:57:45.57 | latency:  21.93 s | tokens: 25 | gen_time: 0.054 s | tok/s: 464.69
Request 299 | res_time: 16:57:45.65 | latency:  23.96 s | tokens: 25 | gen_time: 0.054 s | tok/s: 460.24
Request 300 | res_time: 16:57:45.72 | latency:  21.80 s | tokens: 25 | gen_time: 0.054 s | tok/s: 463.81

--- TEST CONFIGURATION ---
MIG Config: all-7g.40gb
Ollama Replicas: 1
Total requests: 300
Concurrency: 300
Requested output tokens (effort): 25

Total tokens: 7500
Wall time (s): 24.79
GPU time (s): 16.34

--- REQUEST METRICS ---
Throughput REAL (tok/s): 302.58
Throughput GPU (tok/s): 459.02
Avg tokens/sec per request: 459.79
Latency avg (ms): 12695.04
Latency p95 (ms): 22158.08

--- GPU TELEMETRY CAPTURE ---
Quality: good
First active sample delay: 5.23 s
Observed GPU episode duration: 35.00 s
Active telemetry samples: 6

--- GPU UTILIZATION AND MEMORY ---
Workload-normalized physical GPU SM utilization: 62.36%
Observed-episode physical GPU SM avg: 44.16%
Physical GPU SM peak: 68.96%
Workload-normalized configured MIG SM utilization: 62.36%
Workload-normalized physical GPU DRAM activity: 11.80%
Framebuffer used avg: 1288.00 MiB
Physical framebuffer utilization avg: 3.14%

--- POWER, ENERGY, AND USEFUL WORK ---
Idle power avg: 98.14 W
Workload-equivalent power avg: 146.48 W
Observed-episode power avg: 132.30 W
Power p95: 158.75 W
Energy: 1.008579 Wh
Dynamic energy above idle: 1198.290 J
Energy per generated token: 0.484118 J/token
Generated tokens per joule: 2.065611 token/J
Power-SM Pearson correlation: 0.8598

Run appended to CSV table: /home/gianluca/workspace/k8s-mig-dra/experiment-ollama-new/results/results_table.csv
Per-request stats appended to CSV table: results/result-20260917-165720-794-all-7g.40gb-replicas1-25.csv
GPU time series written to: /home/gianluca/workspace/k8s-mig-dra/experiment-ollama-new/results/gpu-metrics.csv
Run summary written to: /home/gianluca/workspace/k8s-mig-dra/experiment-ollama-new/results/run-summary.json
