[16:40:31] Starting load test
[16:40:31] MIG Config: all-1g.5gb
[16:40:31] Ollama Replicas: 7
[16:40:31] Total requests: 300
[16:40:31] Concurrency: 300
[16:40:31] Output tokens (effort): 25
[16:40:31] Prometheus URL: http://10.146.0.55:30090
[16:40:31] DCGM/Prometheus nominal sample interval: 5s
[16:40:31] Delayed activity wait timeout: 25s
[16:40:31] Checking required DCGM metrics
Prometheus preflight OK (DCGM_FI_PROF_GR_ENGINE_ACTIVE=7, DCGM_FI_PROF_DRAM_ACTIVE=7, DCGM_FI_DEV_FB_USED=7, DCGM_FI_DEV_FB_FREE=7, DCGM_FI_DEV_POWER_USAGE=7)
[16:40:31] REQUEST: 1 - STARTED in background (active_jobs=1)
[16:40:31] REQUEST: 2 - STARTED in background (active_jobs=2)
[16:40:31] REQUEST: 3 - STARTED in background (active_jobs=3)
[16:40:31] REQUEST: 4 - STARTED in background (active_jobs=4)
[16:40:31] REQUEST: 5 - STARTED in background (active_jobs=5)
[16:40:31] REQUEST: 6 - STARTED in background (active_jobs=6)
[16:40:31] REQUEST: 7 - STARTED in background (active_jobs=7)
[16:40:31] REQUEST: 8 - STARTED in background (active_jobs=8)
[16:40:31] REQUEST: 9 - STARTED in background (active_jobs=9)
[16:40:31] REQUEST: 10 - STARTED in background (active_jobs=10)
[16:40:31] REQUEST: 11 - STARTED in background (active_jobs=11)
[16:40:31] REQUEST: 12 - STARTED in background (active_jobs=12)
[16:40:31] REQUEST: 13 - STARTED in background (active_jobs=13)
[16:40:31] REQUEST: 14 - STARTED in background (active_jobs=14)
[16:40:31] REQUEST: 15 - STARTED in background (active_jobs=15)
[16:40:31] REQUEST: 16 - STARTED in background (active_jobs=16)
[16:40:31] REQUEST: 17 - STARTED in background (active_jobs=17)
[16:40:31] REQUEST: 18 - STARTED in background (active_jobs=18)
[16:40:31] REQUEST: 19 - STARTED in background (active_jobs=19)
[16:40:31] REQUEST: 20 - STARTED in background (active_jobs=20)
[16:40:31] REQUEST: 21 - STARTED in background (active_jobs=21)
[16:40:31] REQUEST: 22 - STARTED in background (active_jobs=22)
[16:40:31] REQUEST: 23 - STARTED in background (active_jobs=23)
[16:40:31] REQUEST: 24 - STARTED in background (active_jobs=24)
[16:40:31] REQUEST: 25 - STARTED in background (active_jobs=25)
[16:40:31] REQUEST: 26 - STARTED in background (active_jobs=26)
[16:40:31] REQUEST: 27 - STARTED in background (active_jobs=27)
[16:40:31] REQUEST: 28 - STARTED in background (active_jobs=28)
[16:40:31] REQUEST: 29 - STARTED in background (active_jobs=29)
[16:40:31] REQUEST: 30 - STARTED in background (active_jobs=30)
[16:40:31] REQUEST: 31 - STARTED in background (active_jobs=31)
[16:40:31] REQUEST: 32 - STARTED in background (active_jobs=32)
[16:40:31] REQUEST: 33 - STARTED in background (active_jobs=33)
[16:40:31] REQUEST: 34 - STARTED in background (active_jobs=34)
[16:40:31] REQUEST: 35 - STARTED in background (active_jobs=35)
[16:40:31] REQUEST: 36 - STARTED in background (active_jobs=36)
[16:40:31] REQUEST: 37 - STARTED in background (active_jobs=37)
[16:40:31] REQUEST: 38 - STARTED in background (active_jobs=38)
[16:40:31] REQUEST: 39 - STARTED in background (active_jobs=39)
[16:40:31] REQUEST: 40 - STARTED in background (active_jobs=40)
[16:40:31] REQUEST: 41 - STARTED in background (active_jobs=41)
[16:40:31] REQUEST: 42 - STARTED in background (active_jobs=42)
[16:40:31] REQUEST: 43 - STARTED in background (active_jobs=43)
[16:40:31] REQUEST: 44 - STARTED in background (active_jobs=44)
[16:40:31] REQUEST: 45 - STARTED in background (active_jobs=45)
[16:40:31] REQUEST: 46 - STARTED in background (active_jobs=46)
[16:40:31] REQUEST: 47 - STARTED in background (active_jobs=47)
[16:40:31] REQUEST: 48 - STARTED in background (active_jobs=48)
[16:40:31] REQUEST: 49 - STARTED in background (active_jobs=49)
[16:40:31] REQUEST: 50 - STARTED in background (active_jobs=50)
[16:40:31] REQUEST: 51 - STARTED in background (active_jobs=51)
[16:40:31] REQUEST: 52 - STARTED in background (active_jobs=52)
[16:40:31] REQUEST: 53 - STARTED in background (active_jobs=53)
[16:40:31] REQUEST: 54 - STARTED in background (active_jobs=54)
[16:40:31] REQUEST: 55 - STARTED in background (active_jobs=55)
[16:40:31] REQUEST: 56 - STARTED in background (active_jobs=56)
[16:40:31] REQUEST: 57 - STARTED in background (active_jobs=57)
[16:40:31] REQUEST: 58 - STARTED in background (active_jobs=58)
[16:40:31] REQUEST: 59 - STARTED in background (active_jobs=59)
[16:40:31] REQUEST: 60 - STARTED in background (active_jobs=60)
[16:40:31] REQUEST: 61 - STARTED in background (active_jobs=61)
[16:40:31] REQUEST: 62 - STARTED in background (active_jobs=62)
[16:40:31] REQUEST: 63 - STARTED in background (active_jobs=63)
[16:40:31] REQUEST: 64 - STARTED in background (active_jobs=64)
[16:40:31] REQUEST: 65 - STARTED in background (active_jobs=65)
[16:40:31] REQUEST: 66 - STARTED in background (active_jobs=66)
[16:40:31] REQUEST: 67 - STARTED in background (active_jobs=67)
[16:40:31] REQUEST: 68 - STARTED in background (active_jobs=68)
[16:40:31] REQUEST: 69 - STARTED in background (active_jobs=69)
[16:40:31] REQUEST: 70 - STARTED in background (active_jobs=70)
[16:40:31] REQUEST: 71 - STARTED in background (active_jobs=71)
[16:40:31] REQUEST: 72 - STARTED in background (active_jobs=72)
[16:40:31] REQUEST: 73 - STARTED in background (active_jobs=73)
[16:40:31] REQUEST: 74 - STARTED in background (active_jobs=74)
[16:40:31] REQUEST: 75 - STARTED in background (active_jobs=75)
[16:40:31] REQUEST: 76 - STARTED in background (active_jobs=76)
[16:40:31] REQUEST: 77 - STARTED in background (active_jobs=77)
[16:40:31] REQUEST: 78 - STARTED in background (active_jobs=78)
[16:40:31] REQUEST: 79 - STARTED in background (active_jobs=79)
[16:40:31] REQUEST: 80 - STARTED in background (active_jobs=80)
[16:40:31] REQUEST: 81 - STARTED in background (active_jobs=81)
[16:40:31] REQUEST: 82 - STARTED in background (active_jobs=82)
[16:40:31] REQUEST: 83 - STARTED in background (active_jobs=83)
[16:40:31] REQUEST: 84 - STARTED in background (active_jobs=84)
[16:40:31] REQUEST: 85 - STARTED in background (active_jobs=85)
[16:40:31] REQUEST: 86 - STARTED in background (active_jobs=86)
[16:40:31] REQUEST: 87 - STARTED in background (active_jobs=87)
[16:40:31] REQUEST: 88 - STARTED in background (active_jobs=88)
[16:40:31] REQUEST: 89 - STARTED in background (active_jobs=89)
[16:40:31] REQUEST: 90 - STARTED in background (active_jobs=90)
[16:40:31] REQUEST: 91 - STARTED in background (active_jobs=91)
[16:40:31] REQUEST: 92 - STARTED in background (active_jobs=92)
[16:40:31] REQUEST: 93 - STARTED in background (active_jobs=93)
[16:40:31] REQUEST: 94 - STARTED in background (active_jobs=94)
[16:40:31] REQUEST: 95 - STARTED in background (active_jobs=95)
[16:40:31] REQUEST: 96 - STARTED in background (active_jobs=96)
[16:40:31] REQUEST: 97 - STARTED in background (active_jobs=97)
[16:40:31] REQUEST: 98 - STARTED in background (active_jobs=98)
[16:40:31] REQUEST: 99 - STARTED in background (active_jobs=99)
[16:40:31] REQUEST: 100 - STARTED in background (active_jobs=100)
[16:40:31] REQUEST: 101 - STARTED in background (active_jobs=101)
[16:40:31] REQUEST: 102 - STARTED in background (active_jobs=102)
[16:40:31] REQUEST: 103 - STARTED in background (active_jobs=103)
[16:40:32] REQUEST: 104 - STARTED in background (active_jobs=104)
[16:40:32] REQUEST: 105 - STARTED in background (active_jobs=105)
[16:40:32] REQUEST: 106 - STARTED in background (active_jobs=106)
[16:40:32] REQUEST: 107 - STARTED in background (active_jobs=107)
[16:40:32] REQUEST: 108 - STARTED in background (active_jobs=108)
[16:40:32] REQUEST: 109 - STARTED in background (active_jobs=109)
[16:40:32] REQUEST: 110 - STARTED in background (active_jobs=110)
[16:40:32] REQUEST: 111 - STARTED in background (active_jobs=111)
[16:40:32] REQUEST: 112 - STARTED in background (active_jobs=112)
[16:40:32] REQUEST: 113 - STARTED in background (active_jobs=113)
[16:40:32] REQUEST: 114 - STARTED in background (active_jobs=114)
[16:40:32] REQUEST: 115 - STARTED in background (active_jobs=115)
[16:40:32] REQUEST: 116 - STARTED in background (active_jobs=116)
[16:40:32] REQUEST: 117 - STARTED in background (active_jobs=117)
[16:40:32] REQUEST: 118 - STARTED in background (active_jobs=118)
[16:40:32] REQUEST: 119 - STARTED in background (active_jobs=119)
[16:40:32] REQUEST: 120 - STARTED in background (active_jobs=120)
[16:40:32] REQUEST: 121 - STARTED in background (active_jobs=121)
[16:40:32] REQUEST: 122 - STARTED in background (active_jobs=122)
[16:40:32] REQUEST: 123 - STARTED in background (active_jobs=123)
[16:40:32] REQUEST: 124 - STARTED in background (active_jobs=124)
[16:40:32] REQUEST: 125 - STARTED in background (active_jobs=125)
[16:40:32] REQUEST: 126 - STARTED in background (active_jobs=126)
[16:40:32] REQUEST: 127 - STARTED in background (active_jobs=127)
[16:40:32] REQUEST: 128 - STARTED in background (active_jobs=128)
[16:40:32] REQUEST: 129 - STARTED in background (active_jobs=129)
[16:40:32] REQUEST: 130 - STARTED in background (active_jobs=130)
[16:40:32] REQUEST: 131 - STARTED in background (active_jobs=131)
[16:40:32] REQUEST: 132 - STARTED in background (active_jobs=132)
[16:40:32] REQUEST: 133 - STARTED in background (active_jobs=133)
[16:40:32] REQUEST: 134 - STARTED in background (active_jobs=134)
[16:40:32] REQUEST: 135 - STARTED in background (active_jobs=135)
[16:40:32] REQUEST: 136 - STARTED in background (active_jobs=136)
[16:40:32] REQUEST: 137 - STARTED in background (active_jobs=137)
[16:40:32] REQUEST: 138 - STARTED in background (active_jobs=138)
[16:40:32] REQUEST: 139 - STARTED in background (active_jobs=139)
[16:40:32] REQUEST: 140 - STARTED in background (active_jobs=140)
[16:40:32] REQUEST: 141 - STARTED in background (active_jobs=141)
[16:40:32] REQUEST: 142 - STARTED in background (active_jobs=142)
[16:40:32] REQUEST: 143 - STARTED in background (active_jobs=143)
[16:40:32] REQUEST: 144 - STARTED in background (active_jobs=144)
[16:40:32] REQUEST: 145 - STARTED in background (active_jobs=145)
[16:40:32] REQUEST: 146 - STARTED in background (active_jobs=146)
[16:40:32] REQUEST: 147 - STARTED in background (active_jobs=147)
[16:40:32] REQUEST: 148 - STARTED in background (active_jobs=148)
[16:40:32] REQUEST: 149 - STARTED in background (active_jobs=149)
[16:40:32] REQUEST: 150 - STARTED in background (active_jobs=150)
[16:40:32] REQUEST: 151 - STARTED in background (active_jobs=151)
[16:40:32] REQUEST: 152 - STARTED in background (active_jobs=152)
[16:40:32] REQUEST: 153 - STARTED in background (active_jobs=153)
[16:40:32] REQUEST: 154 - STARTED in background (active_jobs=154)
[16:40:32] REQUEST: 155 - STARTED in background (active_jobs=155)
[16:40:32] REQUEST: 156 - STARTED in background (active_jobs=156)
[16:40:32] REQUEST: 157 - STARTED in background (active_jobs=157)
[16:40:32] REQUEST: 158 - STARTED in background (active_jobs=158)
[16:40:32] REQUEST: 159 - STARTED in background (active_jobs=159)
[16:40:32] REQUEST: 160 - STARTED in background (active_jobs=160)
[16:40:32] REQUEST: 161 - STARTED in background (active_jobs=161)
[16:40:32] REQUEST: 162 - STARTED in background (active_jobs=162)
[16:40:32] REQUEST: 163 - STARTED in background (active_jobs=163)
[16:40:32] REQUEST: 164 - STARTED in background (active_jobs=164)
[16:40:32] REQUEST: 165 - STARTED in background (active_jobs=165)
[16:40:32] REQUEST: 166 - STARTED in background (active_jobs=166)
[16:40:32] REQUEST: 167 - STARTED in background (active_jobs=167)
[16:40:32] REQUEST: 168 - STARTED in background (active_jobs=168)
[16:40:32] REQUEST: 169 - STARTED in background (active_jobs=169)
[16:40:32] REQUEST: 170 - STARTED in background (active_jobs=170)
[16:40:32] REQUEST: 171 - STARTED in background (active_jobs=171)
[16:40:32] REQUEST: 172 - STARTED in background (active_jobs=172)
[16:40:32] REQUEST: 173 - STARTED in background (active_jobs=173)
[16:40:32] REQUEST: 174 - STARTED in background (active_jobs=174)
[16:40:32] REQUEST: 175 - STARTED in background (active_jobs=175)
[16:40:32] REQUEST: 176 - STARTED in background (active_jobs=176)
[16:40:32] REQUEST: 177 - STARTED in background (active_jobs=177)
[16:40:32] REQUEST: 178 - STARTED in background (active_jobs=178)
[16:40:32] REQUEST: 179 - STARTED in background (active_jobs=179)
[16:40:32] REQUEST: 180 - STARTED in background (active_jobs=180)
[16:40:32] REQUEST: 181 - STARTED in background (active_jobs=181)
[16:40:32] REQUEST: 182 - STARTED in background (active_jobs=182)
[16:40:32] REQUEST: 183 - STARTED in background (active_jobs=183)
[16:40:32] REQUEST: 184 - STARTED in background (active_jobs=184)
[16:40:32] REQUEST: 185 - STARTED in background (active_jobs=185)
[16:40:32] REQUEST: 186 - STARTED in background (active_jobs=186)
[16:40:32] REQUEST: 187 - STARTED in background (active_jobs=187)
[16:40:32] REQUEST: 188 - STARTED in background (active_jobs=188)
[16:40:32] REQUEST: 189 - STARTED in background (active_jobs=189)
[16:40:32] REQUEST: 190 - STARTED in background (active_jobs=190)
[16:40:32] REQUEST: 191 - STARTED in background (active_jobs=191)
[16:40:32] REQUEST: 192 - STARTED in background (active_jobs=192)
[16:40:32] REQUEST: 193 - STARTED in background (active_jobs=193)
[16:40:32] REQUEST: 194 - STARTED in background (active_jobs=194)
[16:40:32] REQUEST: 195 - STARTED in background (active_jobs=195)
[16:40:32] REQUEST: 196 - STARTED in background (active_jobs=196)
[16:40:32] REQUEST: 197 - STARTED in background (active_jobs=197)
[16:40:32] REQUEST: 198 - STARTED in background (active_jobs=198)
[16:40:32] REQUEST: 199 - STARTED in background (active_jobs=199)
[16:40:32] REQUEST: 200 - STARTED in background (active_jobs=200)
[16:40:32] REQUEST: 201 - STARTED in background (active_jobs=201)
[16:40:32] REQUEST: 202 - STARTED in background (active_jobs=202)
[16:40:32] REQUEST: 203 - STARTED in background (active_jobs=203)
[16:40:32] REQUEST: 204 - STARTED in background (active_jobs=204)
[16:40:32] REQUEST: 205 - STARTED in background (active_jobs=205)
[16:40:32] REQUEST: 206 - STARTED in background (active_jobs=206)
[16:40:32] REQUEST: 207 - STARTED in background (active_jobs=207)
[16:40:32] REQUEST: 208 - STARTED in background (active_jobs=208)
[16:40:32] REQUEST: 209 - STARTED in background (active_jobs=209)
[16:40:32] REQUEST: 210 - STARTED in background (active_jobs=210)
[16:40:32] REQUEST: 211 - STARTED in background (active_jobs=211)
[16:40:32] REQUEST: 212 - STARTED in background (active_jobs=212)
[16:40:32] REQUEST: 213 - STARTED in background (active_jobs=213)
[16:40:32] REQUEST: 214 - STARTED in background (active_jobs=214)
[16:40:32] REQUEST: 215 - STARTED in background (active_jobs=215)
[16:40:32] REQUEST: 216 - STARTED in background (active_jobs=216)
[16:40:32] REQUEST: 217 - STARTED in background (active_jobs=217)
[16:40:32] REQUEST: 218 - STARTED in background (active_jobs=218)
[16:40:32] REQUEST: 219 - STARTED in background (active_jobs=219)
[16:40:32] REQUEST: 220 - STARTED in background (active_jobs=220)
[16:40:32] REQUEST: 221 - STARTED in background (active_jobs=221)
[16:40:32] REQUEST: 222 - STARTED in background (active_jobs=222)
[16:40:32] REQUEST: 223 - STARTED in background (active_jobs=223)
[16:40:32] REQUEST: 224 - STARTED in background (active_jobs=224)
[16:40:32] REQUEST: 225 - STARTED in background (active_jobs=225)
[16:40:32] REQUEST: 226 - STARTED in background (active_jobs=226)
[16:40:32] REQUEST: 227 - STARTED in background (active_jobs=227)
[16:40:32] REQUEST: 228 - STARTED in background (active_jobs=228)
[16:40:32] REQUEST: 229 - STARTED in background (active_jobs=229)
[16:40:32] REQUEST: 230 - STARTED in background (active_jobs=230)
[16:40:32] REQUEST: 231 - STARTED in background (active_jobs=231)
[16:40:32] REQUEST: 232 - STARTED in background (active_jobs=232)
[16:40:32] REQUEST: 233 - STARTED in background (active_jobs=233)
[16:40:32] REQUEST: 234 - STARTED in background (active_jobs=234)
[16:40:32] REQUEST: 235 - STARTED in background (active_jobs=235)
[16:40:32] REQUEST: 236 - STARTED in background (active_jobs=236)
[16:40:32] REQUEST: 237 - STARTED in background (active_jobs=237)
[16:40:32] REQUEST: 238 - STARTED in background (active_jobs=238)
[16:40:32] REQUEST: 239 - STARTED in background (active_jobs=239)
[16:40:32] REQUEST: 240 - STARTED in background (active_jobs=240)
[16:40:32] REQUEST: 241 - STARTED in background (active_jobs=241)
[16:40:32] REQUEST: 242 - STARTED in background (active_jobs=242)
[16:40:32] REQUEST: 243 - STARTED in background (active_jobs=243)
[16:40:32] REQUEST: 244 - STARTED in background (active_jobs=244)
[16:40:32] REQUEST: 245 - STARTED in background (active_jobs=245)
[16:40:32] REQUEST: 246 - STARTED in background (active_jobs=246)
[16:40:32] REQUEST: 247 - STARTED in background (active_jobs=247)
[16:40:32] REQUEST: 248 - STARTED in background (active_jobs=248)
[16:40:32] REQUEST: 249 - STARTED in background (active_jobs=249)
[16:40:32] REQUEST: 250 - STARTED in background (active_jobs=250)
[16:40:32] REQUEST: 251 - STARTED in background (active_jobs=251)
[16:40:32] REQUEST: 252 - STARTED in background (active_jobs=252)
[16:40:32] REQUEST: 253 - STARTED in background (active_jobs=253)
[16:40:32] REQUEST: 254 - STARTED in background (active_jobs=254)
[16:40:32] REQUEST: 255 - STARTED in background (active_jobs=255)
[16:40:32] REQUEST: 256 - STARTED in background (active_jobs=256)
[16:40:32] REQUEST: 257 - STARTED in background (active_jobs=257)
[16:40:32] REQUEST: 258 - STARTED in background (active_jobs=258)
[16:40:32] REQUEST: 259 - STARTED in background (active_jobs=259)
[16:40:32] REQUEST: 260 - STARTED in background (active_jobs=260)
[16:40:32] REQUEST: 261 - STARTED in background (active_jobs=261)
[16:40:32] REQUEST: 262 - STARTED in background (active_jobs=262)
[16:40:32] REQUEST: 263 - STARTED in background (active_jobs=263)
[16:40:32] REQUEST: 264 - STARTED in background (active_jobs=264)
[16:40:32] REQUEST: 265 - STARTED in background (active_jobs=265)
[16:40:32] REQUEST: 266 - STARTED in background (active_jobs=266)
[16:40:32] REQUEST: 267 - STARTED in background (active_jobs=267)
[16:40:32] REQUEST: 268 - STARTED in background (active_jobs=268)
[16:40:32] REQUEST: 269 - STARTED in background (active_jobs=269)
[16:40:32] REQUEST: 270 - STARTED in background (active_jobs=270)
[16:40:32] REQUEST: 271 - STARTED in background (active_jobs=271)
[16:40:32] REQUEST: 272 - STARTED in background (active_jobs=272)
[16:40:32] REQUEST: 273 - STARTED in background (active_jobs=273)
[16:40:32] REQUEST: 274 - STARTED in background (active_jobs=274)
[16:40:32] REQUEST: 275 - STARTED in background (active_jobs=275)
[16:40:32] REQUEST: 276 - STARTED in background (active_jobs=276)
[16:40:32] REQUEST: 277 - STARTED in background (active_jobs=277)
[16:40:32] REQUEST: 278 - STARTED in background (active_jobs=278)
[16:40:32] REQUEST: 279 - STARTED in background (active_jobs=279)
[16:40:32] REQUEST: 280 - STARTED in background (active_jobs=280)
[16:40:32] REQUEST: 281 - STARTED in background (active_jobs=281)
[16:40:32] REQUEST: 282 - STARTED in background (active_jobs=282)
[16:40:32] REQUEST: 283 - STARTED in background (active_jobs=283)
[16:40:32] REQUEST: 284 - STARTED in background (active_jobs=284)
[16:40:32] REQUEST: 285 - STARTED in background (active_jobs=285)
[16:40:32] REQUEST: 286 - STARTED in background (active_jobs=286)
[16:40:32] REQUEST: 287 - STARTED in background (active_jobs=287)
[16:40:32] REQUEST: 288 - STARTED in background (active_jobs=288)
[16:40:32] REQUEST: 289 - STARTED in background (active_jobs=289)
[16:40:32] REQUEST: 290 - STARTED in background (active_jobs=290)
[16:40:32] REQUEST: 291 - STARTED in background (active_jobs=291)
[16:40:32] REQUEST: 292 - STARTED in background (active_jobs=292)
[16:40:32] REQUEST: 293 - STARTED in background (active_jobs=293)
[16:40:32] REQUEST: 294 - STARTED in background (active_jobs=294)
[16:40:32] REQUEST: 295 - STARTED in background (active_jobs=295)
[16:40:32] REQUEST: 296 - STARTED in background (active_jobs=296)
[16:40:32] REQUEST: 297 - STARTED in background (active_jobs=297)
[16:40:32] REQUEST: 298 - STARTED in background (active_jobs=298)
[16:40:32] REQUEST: 299 - STARTED in background (active_jobs=299)
[16:40:32] REQUEST: 300 - STARTED in background (active_jobs=300)
[16:40:32] WAITING -> active_jobs=300
[16:40:32] REQUEST: 27 - COMPLETED
[16:40:32] RESUMING -> a request finished (active_jobs=299)
[16:40:32] ALL REQUESTS LAUNCHED
[16:40:32] WAITING for remaining requests to finish (active_jobs=299)
[16:40:32] REQUEST: 209 - COMPLETED
[16:40:32] REQUEST COMPLETED -> remaining active_jobs=298
[16:40:32] WAITING for remaining requests to finish (active_jobs=298)
[16:40:32] REQUEST: 23 - COMPLETED
[16:40:32] REQUEST COMPLETED -> remaining active_jobs=297
[16:40:32] WAITING for remaining requests to finish (active_jobs=297)
[16:40:33] REQUEST: 10 - COMPLETED
[16:40:33] REQUEST COMPLETED -> remaining active_jobs=296
[16:40:33] WAITING for remaining requests to finish (active_jobs=296)
[16:40:33] REQUEST: 5 - COMPLETED
[16:40:33] REQUEST COMPLETED -> remaining active_jobs=295
[16:40:33] WAITING for remaining requests to finish (active_jobs=295)
[16:40:33] REQUEST: 7 - COMPLETED
[16:40:33] REQUEST COMPLETED -> remaining active_jobs=294
[16:40:33] WAITING for remaining requests to finish (active_jobs=294)
[16:40:33] REQUEST: 1 - COMPLETED
[16:40:33] REQUEST COMPLETED -> remaining active_jobs=293
[16:40:33] WAITING for remaining requests to finish (active_jobs=293)
[16:40:33] REQUEST: 20 - COMPLETED
[16:40:33] REQUEST COMPLETED -> remaining active_jobs=292
[16:40:33] WAITING for remaining requests to finish (active_jobs=292)
[16:40:33] REQUEST: 66 - COMPLETED
[16:40:33] REQUEST COMPLETED -> remaining active_jobs=291
[16:40:33] WAITING for remaining requests to finish (active_jobs=291)
[16:40:33] REQUEST: 188 - COMPLETED
[16:40:33] REQUEST COMPLETED -> remaining active_jobs=290
[16:40:33] WAITING for remaining requests to finish (active_jobs=290)
[16:40:33] REQUEST: 4 - COMPLETED
[16:40:33] REQUEST COMPLETED -> remaining active_jobs=289
[16:40:33] WAITING for remaining requests to finish (active_jobs=289)
[16:40:33] REQUEST: 32 - COMPLETED
[16:40:33] REQUEST COMPLETED -> remaining active_jobs=288
[16:40:33] WAITING for remaining requests to finish (active_jobs=288)
[16:40:33] REQUEST: 24 - COMPLETED
[16:40:33] REQUEST COMPLETED -> remaining active_jobs=287
[16:40:33] WAITING for remaining requests to finish (active_jobs=287)
[16:40:33] REQUEST: 64 - COMPLETED
[16:40:33] REQUEST COMPLETED -> remaining active_jobs=286
[16:40:34] WAITING for remaining requests to finish (active_jobs=286)
[16:40:34] REQUEST: 50 - COMPLETED
[16:40:34] REQUEST COMPLETED -> remaining active_jobs=285
[16:40:34] WAITING for remaining requests to finish (active_jobs=285)
[16:40:34] REQUEST: 14 - COMPLETED
[16:40:34] REQUEST COMPLETED -> remaining active_jobs=284
[16:40:34] WAITING for remaining requests to finish (active_jobs=284)
[16:40:34] REQUEST: 72 - COMPLETED
[16:40:34] REQUEST COMPLETED -> remaining active_jobs=283
[16:40:34] WAITING for remaining requests to finish (active_jobs=283)
[16:40:34] REQUEST: 181 - COMPLETED
[16:40:34] REQUEST COMPLETED -> remaining active_jobs=282
[16:40:34] WAITING for remaining requests to finish (active_jobs=282)
[16:40:34] REQUEST: 36 - COMPLETED
[16:40:34] REQUEST COMPLETED -> remaining active_jobs=281
[16:40:34] WAITING for remaining requests to finish (active_jobs=281)
[16:40:34] REQUEST: 12 - COMPLETED
[16:40:34] REQUEST COMPLETED -> remaining active_jobs=280
[16:40:34] WAITING for remaining requests to finish (active_jobs=280)
[16:40:34] REQUEST: 8 - COMPLETED
[16:40:34] REQUEST COMPLETED -> remaining active_jobs=279
[16:40:34] WAITING for remaining requests to finish (active_jobs=279)
[16:40:34] REQUEST: 17 - COMPLETED
[16:40:34] REQUEST COMPLETED -> remaining active_jobs=278
[16:40:34] WAITING for remaining requests to finish (active_jobs=278)
[16:40:34] REQUEST: 55 - COMPLETED
[16:40:34] REQUEST COMPLETED -> remaining active_jobs=277
[16:40:34] WAITING for remaining requests to finish (active_jobs=277)
[16:40:34] REQUEST: 57 - COMPLETED
[16:40:34] REQUEST: 103 - COMPLETED
[16:40:34] REQUEST COMPLETED -> remaining active_jobs=276
[16:40:34] WAITING for remaining requests to finish (active_jobs=276)
[16:40:34] REQUEST COMPLETED -> remaining active_jobs=275
[16:40:34] WAITING for remaining requests to finish (active_jobs=275)
[16:40:34] REQUEST: 9 - COMPLETED
[16:40:34] REQUEST COMPLETED -> remaining active_jobs=274
[16:40:34] WAITING for remaining requests to finish (active_jobs=274)
[16:40:34] REQUEST: 26 - COMPLETED
[16:40:34] REQUEST: 37 - COMPLETED
[16:40:34] REQUEST COMPLETED -> remaining active_jobs=273
[16:40:34] WAITING for remaining requests to finish (active_jobs=273)
[16:40:34] REQUEST COMPLETED -> remaining active_jobs=272
[16:40:34] WAITING for remaining requests to finish (active_jobs=272)
[16:40:34] REQUEST: 101 - COMPLETED
[16:40:34] REQUEST COMPLETED -> remaining active_jobs=271
[16:40:34] WAITING for remaining requests to finish (active_jobs=271)
[16:40:34] REQUEST: 92 - COMPLETED
[16:40:34] REQUEST COMPLETED -> remaining active_jobs=270
[16:40:34] WAITING for remaining requests to finish (active_jobs=270)
[16:40:34] REQUEST: 153 - COMPLETED
[16:40:34] REQUEST COMPLETED -> remaining active_jobs=269
[16:40:34] REQUEST: 11 - COMPLETED
[16:40:34] WAITING for remaining requests to finish (active_jobs=269)
[16:40:34] REQUEST COMPLETED -> remaining active_jobs=268
[16:40:34] WAITING for remaining requests to finish (active_jobs=268)
[16:40:34] REQUEST: 220 - COMPLETED
[16:40:34] REQUEST COMPLETED -> remaining active_jobs=267
[16:40:34] WAITING for remaining requests to finish (active_jobs=267)
[16:40:34] REQUEST: 61 - COMPLETED
[16:40:34] REQUEST COMPLETED -> remaining active_jobs=266
[16:40:34] WAITING for remaining requests to finish (active_jobs=266)
[16:40:34] REQUEST: 120 - COMPLETED
[16:40:34] REQUEST COMPLETED -> remaining active_jobs=265
[16:40:34] WAITING for remaining requests to finish (active_jobs=265)
[16:40:34] REQUEST: 19 - COMPLETED
[16:40:34] REQUEST COMPLETED -> remaining active_jobs=264
[16:40:34] WAITING for remaining requests to finish (active_jobs=264)
[16:40:34] REQUEST: 16 - COMPLETED
[16:40:34] REQUEST COMPLETED -> remaining active_jobs=263
[16:40:34] REQUEST: 33 - COMPLETED
[16:40:34] WAITING for remaining requests to finish (active_jobs=263)
[16:40:34] REQUEST COMPLETED -> remaining active_jobs=262
[16:40:34] WAITING for remaining requests to finish (active_jobs=262)
[16:40:34] REQUEST: 60 - COMPLETED
[16:40:34] REQUEST COMPLETED -> remaining active_jobs=261
[16:40:34] WAITING for remaining requests to finish (active_jobs=261)
[16:40:35] REQUEST: 125 - COMPLETED
[16:40:35] REQUEST COMPLETED -> remaining active_jobs=260
[16:40:35] WAITING for remaining requests to finish (active_jobs=260)
[16:40:35] REQUEST: 89 - COMPLETED
[16:40:35] REQUEST COMPLETED -> remaining active_jobs=259
[16:40:35] WAITING for remaining requests to finish (active_jobs=259)
[16:40:35] REQUEST: 71 - COMPLETED
[16:40:35] REQUEST COMPLETED -> remaining active_jobs=258
[16:40:35] WAITING for remaining requests to finish (active_jobs=258)
[16:40:35] REQUEST: 115 - COMPLETED
[16:40:35] REQUEST COMPLETED -> remaining active_jobs=257
[16:40:35] REQUEST: 3 - COMPLETED
[16:40:35] WAITING for remaining requests to finish (active_jobs=257)
[16:40:35] REQUEST: 131 - COMPLETED
[16:40:35] REQUEST COMPLETED -> remaining active_jobs=256
[16:40:35] WAITING for remaining requests to finish (active_jobs=256)
[16:40:35] REQUEST COMPLETED -> remaining active_jobs=255
[16:40:35] WAITING for remaining requests to finish (active_jobs=255)
[16:40:35] REQUEST: 137 - COMPLETED
[16:40:35] REQUEST COMPLETED -> remaining active_jobs=254
[16:40:35] WAITING for remaining requests to finish (active_jobs=254)
[16:40:35] REQUEST: 105 - COMPLETED
[16:40:35] REQUEST COMPLETED -> remaining active_jobs=253
[16:40:35] WAITING for remaining requests to finish (active_jobs=253)
[16:40:35] REQUEST: 47 - COMPLETED
[16:40:35] REQUEST COMPLETED -> remaining active_jobs=252
[16:40:35] WAITING for remaining requests to finish (active_jobs=252)
[16:40:35] REQUEST: 273 - COMPLETED
[16:40:35] REQUEST COMPLETED -> remaining active_jobs=251
[16:40:35] WAITING for remaining requests to finish (active_jobs=251)
[16:40:35] REQUEST: 170 - COMPLETED
[16:40:35] REQUEST COMPLETED -> remaining active_jobs=250
[16:40:35] REQUEST: 161 - COMPLETED
[16:40:35] WAITING for remaining requests to finish (active_jobs=250)
[16:40:35] REQUEST: 68 - COMPLETED
[16:40:35] REQUEST COMPLETED -> remaining active_jobs=249
[16:40:35] WAITING for remaining requests to finish (active_jobs=249)
[16:40:35] REQUEST COMPLETED -> remaining active_jobs=248
[16:40:35] WAITING for remaining requests to finish (active_jobs=248)
[16:40:35] REQUEST: 112 - COMPLETED
[16:40:35] REQUEST COMPLETED -> remaining active_jobs=247
[16:40:35] WAITING for remaining requests to finish (active_jobs=247)
[16:40:35] REQUEST: 256 - COMPLETED
[16:40:35] REQUEST COMPLETED -> remaining active_jobs=246
[16:40:35] WAITING for remaining requests to finish (active_jobs=246)
[16:40:35] REQUEST: 162 - COMPLETED
[16:40:35] REQUEST COMPLETED -> remaining active_jobs=245
[16:40:35] WAITING for remaining requests to finish (active_jobs=245)
[16:40:35] REQUEST: 34 - COMPLETED
[16:40:35] REQUEST COMPLETED -> remaining active_jobs=244
[16:40:35] WAITING for remaining requests to finish (active_jobs=244)
[16:40:35] REQUEST: 56 - COMPLETED
[16:40:35] REQUEST: 15 - COMPLETED
[16:40:35] REQUEST COMPLETED -> remaining active_jobs=243
[16:40:35] WAITING for remaining requests to finish (active_jobs=243)
[16:40:35] REQUEST COMPLETED -> remaining active_jobs=242
[16:40:35] REQUEST: 69 - COMPLETED
[16:40:35] WAITING for remaining requests to finish (active_jobs=242)
[16:40:35] REQUEST COMPLETED -> remaining active_jobs=241
[16:40:35] WAITING for remaining requests to finish (active_jobs=241)
[16:40:35] REQUEST: 18 - COMPLETED
[16:40:35] REQUEST COMPLETED -> remaining active_jobs=240
[16:40:35] WAITING for remaining requests to finish (active_jobs=240)
[16:40:35] REQUEST: 210 - COMPLETED
[16:40:35] REQUEST COMPLETED -> remaining active_jobs=239
[16:40:35] WAITING for remaining requests to finish (active_jobs=239)
[16:40:35] REQUEST: 157 - COMPLETED
[16:40:35] REQUEST COMPLETED -> remaining active_jobs=238
[16:40:35] WAITING for remaining requests to finish (active_jobs=238)
[16:40:35] REQUEST: 54 - COMPLETED
[16:40:35] REQUEST COMPLETED -> remaining active_jobs=237
[16:40:35] WAITING for remaining requests to finish (active_jobs=237)
[16:40:35] REQUEST: 291 - COMPLETED
[16:40:35] REQUEST COMPLETED -> remaining active_jobs=236
[16:40:35] REQUEST: 215 - COMPLETED
[16:40:35] WAITING for remaining requests to finish (active_jobs=236)
[16:40:35] REQUEST COMPLETED -> remaining active_jobs=235
[16:40:35] WAITING for remaining requests to finish (active_jobs=235)
[16:40:35] REQUEST: 39 - COMPLETED
[16:40:35] REQUEST COMPLETED -> remaining active_jobs=234
[16:40:35] WAITING for remaining requests to finish (active_jobs=234)
[16:40:35] REQUEST: 107 - COMPLETED
[16:40:35] REQUEST COMPLETED -> remaining active_jobs=233
[16:40:35] WAITING for remaining requests to finish (active_jobs=233)
[16:40:35] REQUEST: 41 - COMPLETED
[16:40:35] REQUEST COMPLETED -> remaining active_jobs=232
[16:40:35] WAITING for remaining requests to finish (active_jobs=232)
[16:40:35] REQUEST: 123 - COMPLETED
[16:40:35] REQUEST COMPLETED -> remaining active_jobs=231
[16:40:35] WAITING for remaining requests to finish (active_jobs=231)
[16:40:35] REQUEST: 79 - COMPLETED
[16:40:35] REQUEST COMPLETED -> remaining active_jobs=230
[16:40:35] WAITING for remaining requests to finish (active_jobs=230)
[16:40:35] REQUEST: 97 - COMPLETED
[16:40:35] REQUEST COMPLETED -> remaining active_jobs=229
[16:40:35] WAITING for remaining requests to finish (active_jobs=229)
[16:40:35] REQUEST: 127 - COMPLETED
[16:40:35] REQUEST COMPLETED -> remaining active_jobs=228
[16:40:35] WAITING for remaining requests to finish (active_jobs=228)
[16:40:35] REQUEST: 163 - COMPLETED
[16:40:35] REQUEST: 91 - COMPLETED
[16:40:35] REQUEST COMPLETED -> remaining active_jobs=227
[16:40:35] WAITING for remaining requests to finish (active_jobs=227)
[16:40:35] REQUEST COMPLETED -> remaining active_jobs=226
[16:40:35] WAITING for remaining requests to finish (active_jobs=226)
[16:40:35] REQUEST: 94 - COMPLETED
[16:40:35] REQUEST COMPLETED -> remaining active_jobs=225
[16:40:35] WAITING for remaining requests to finish (active_jobs=225)
[16:40:35] REQUEST: 84 - COMPLETED
[16:40:35] REQUEST COMPLETED -> remaining active_jobs=224
[16:40:35] WAITING for remaining requests to finish (active_jobs=224)
[16:40:36] REQUEST: 284 - COMPLETED
[16:40:36] REQUEST COMPLETED -> remaining active_jobs=223
[16:40:36] WAITING for remaining requests to finish (active_jobs=223)
[16:40:36] REQUEST: 73 - COMPLETED
[16:40:36] REQUEST COMPLETED -> remaining active_jobs=222
[16:40:36] WAITING for remaining requests to finish (active_jobs=222)
[16:40:36] REQUEST: 234 - COMPLETED
[16:40:36] REQUEST COMPLETED -> remaining active_jobs=221
[16:40:36] WAITING for remaining requests to finish (active_jobs=221)
[16:40:36] REQUEST: 132 - COMPLETED
[16:40:36] REQUEST COMPLETED -> remaining active_jobs=220
[16:40:36] WAITING for remaining requests to finish (active_jobs=220)
[16:40:36] REQUEST: 78 - COMPLETED
[16:40:36] REQUEST COMPLETED -> remaining active_jobs=219
[16:40:36] WAITING for remaining requests to finish (active_jobs=219)
[16:40:36] REQUEST: 200 - COMPLETED
[16:40:36] REQUEST COMPLETED -> remaining active_jobs=218
[16:40:36] WAITING for remaining requests to finish (active_jobs=218)
[16:40:36] REQUEST: 150 - COMPLETED
[16:40:36] REQUEST COMPLETED -> remaining active_jobs=217
[16:40:36] WAITING for remaining requests to finish (active_jobs=217)
[16:40:36] REQUEST: 141 - COMPLETED
[16:40:36] REQUEST COMPLETED -> remaining active_jobs=216
[16:40:36] WAITING for remaining requests to finish (active_jobs=216)
[16:40:36] REQUEST: 124 - COMPLETED
[16:40:36] REQUEST COMPLETED -> remaining active_jobs=215
[16:40:36] WAITING for remaining requests to finish (active_jobs=215)
[16:40:36] REQUEST: 249 - COMPLETED
[16:40:36] REQUEST COMPLETED -> remaining active_jobs=214
[16:40:36] WAITING for remaining requests to finish (active_jobs=214)
[16:40:36] REQUEST: 81 - COMPLETED
[16:40:36] REQUEST COMPLETED -> remaining active_jobs=213
[16:40:36] WAITING for remaining requests to finish (active_jobs=213)
[16:40:36] REQUEST: 114 - COMPLETED
[16:40:36] REQUEST COMPLETED -> remaining active_jobs=212
[16:40:36] WAITING for remaining requests to finish (active_jobs=212)
[16:40:36] REQUEST: 2 - COMPLETED
[16:40:36] REQUEST COMPLETED -> remaining active_jobs=211
[16:40:36] WAITING for remaining requests to finish (active_jobs=211)
[16:40:36] REQUEST: 145 - COMPLETED
[16:40:36] REQUEST COMPLETED -> remaining active_jobs=210
[16:40:36] WAITING for remaining requests to finish (active_jobs=210)
[16:40:36] REQUEST: 265 - COMPLETED
[16:40:36] REQUEST COMPLETED -> remaining active_jobs=209
[16:40:36] WAITING for remaining requests to finish (active_jobs=209)
[16:40:36] REQUEST: 288 - COMPLETED
[16:40:36] REQUEST COMPLETED -> remaining active_jobs=208
[16:40:36] WAITING for remaining requests to finish (active_jobs=208)
[16:40:36] REQUEST: 167 - COMPLETED
[16:40:36] REQUEST COMPLETED -> remaining active_jobs=207
[16:40:36] WAITING for remaining requests to finish (active_jobs=207)
[16:40:36] REQUEST: 173 - COMPLETED
[16:40:36] REQUEST COMPLETED -> remaining active_jobs=206
[16:40:36] WAITING for remaining requests to finish (active_jobs=206)
[16:40:36] REQUEST: 98 - COMPLETED
[16:40:36] REQUEST COMPLETED -> remaining active_jobs=205
[16:40:36] WAITING for remaining requests to finish (active_jobs=205)
[16:40:36] REQUEST: 85 - COMPLETED
[16:40:36] REQUEST COMPLETED -> remaining active_jobs=204
[16:40:36] WAITING for remaining requests to finish (active_jobs=204)
[16:40:36] REQUEST: 183 - COMPLETED
[16:40:36] REQUEST COMPLETED -> remaining active_jobs=203
[16:40:36] WAITING for remaining requests to finish (active_jobs=203)
[16:40:36] REQUEST: 40 - COMPLETED
[16:40:36] REQUEST COMPLETED -> remaining active_jobs=202
[16:40:36] WAITING for remaining requests to finish (active_jobs=202)
[16:40:36] REQUEST: 208 - COMPLETED
[16:40:36] REQUEST COMPLETED -> remaining active_jobs=201
[16:40:36] WAITING for remaining requests to finish (active_jobs=201)
[16:40:36] REQUEST: 147 - COMPLETED
[16:40:36] REQUEST COMPLETED -> remaining active_jobs=200
[16:40:36] WAITING for remaining requests to finish (active_jobs=200)
[16:40:36] REQUEST: 175 - COMPLETED
[16:40:36] REQUEST COMPLETED -> remaining active_jobs=199
[16:40:36] WAITING for remaining requests to finish (active_jobs=199)
[16:40:36] REQUEST: 201 - COMPLETED
[16:40:36] REQUEST: 225 - COMPLETED
[16:40:36] REQUEST COMPLETED -> remaining active_jobs=198
[16:40:36] WAITING for remaining requests to finish (active_jobs=198)
[16:40:36] REQUEST COMPLETED -> remaining active_jobs=197
[16:40:36] WAITING for remaining requests to finish (active_jobs=197)
[16:40:36] REQUEST: 151 - COMPLETED
[16:40:36] REQUEST COMPLETED -> remaining active_jobs=196
[16:40:36] WAITING for remaining requests to finish (active_jobs=196)
[16:40:36] REQUEST: 100 - COMPLETED
[16:40:36] REQUEST COMPLETED -> remaining active_jobs=195
[16:40:36] WAITING for remaining requests to finish (active_jobs=195)
[16:40:36] REQUEST: 299 - COMPLETED
[16:40:36] REQUEST COMPLETED -> remaining active_jobs=194
[16:40:36] WAITING for remaining requests to finish (active_jobs=194)
[16:40:36] REQUEST: 45 - COMPLETED
[16:40:36] REQUEST COMPLETED -> remaining active_jobs=193
[16:40:36] WAITING for remaining requests to finish (active_jobs=193)
[16:40:36] REQUEST: 93 - COMPLETED
[16:40:36] REQUEST COMPLETED -> remaining active_jobs=192
[16:40:36] WAITING for remaining requests to finish (active_jobs=192)
[16:40:36] REQUEST: 238 - COMPLETED
[16:40:36] REQUEST: 296 - COMPLETED
[16:40:36] REQUEST COMPLETED -> remaining active_jobs=191
[16:40:36] WAITING for remaining requests to finish (active_jobs=191)
[16:40:36] REQUEST COMPLETED -> remaining active_jobs=190
[16:40:36] WAITING for remaining requests to finish (active_jobs=190)
[16:40:36] REQUEST: 160 - COMPLETED
[16:40:36] REQUEST COMPLETED -> remaining active_jobs=189
[16:40:36] WAITING for remaining requests to finish (active_jobs=189)
[16:40:36] REQUEST: 43 - COMPLETED
[16:40:36] REQUEST COMPLETED -> remaining active_jobs=188
[16:40:36] WAITING for remaining requests to finish (active_jobs=188)
[16:40:36] REQUEST: 241 - COMPLETED
[16:40:36] REQUEST COMPLETED -> remaining active_jobs=187
[16:40:36] WAITING for remaining requests to finish (active_jobs=187)
[16:40:36] REQUEST: 258 - COMPLETED
[16:40:36] REQUEST COMPLETED -> remaining active_jobs=186
[16:40:36] WAITING for remaining requests to finish (active_jobs=186)
[16:40:36] REQUEST: 197 - COMPLETED
[16:40:36] REQUEST COMPLETED -> remaining active_jobs=185
[16:40:36] REQUEST: 22 - COMPLETED
[16:40:36] WAITING for remaining requests to finish (active_jobs=185)
[16:40:36] REQUEST COMPLETED -> remaining active_jobs=184
[16:40:36] WAITING for remaining requests to finish (active_jobs=184)
[16:40:36] REQUEST: 196 - COMPLETED
[16:40:36] REQUEST COMPLETED -> remaining active_jobs=183
[16:40:36] WAITING for remaining requests to finish (active_jobs=183)
[16:40:37] REQUEST: 142 - COMPLETED
[16:40:37] REQUEST COMPLETED -> remaining active_jobs=182
[16:40:37] WAITING for remaining requests to finish (active_jobs=182)
[16:40:37] REQUEST: 62 - COMPLETED
[16:40:37] REQUEST COMPLETED -> remaining active_jobs=181
[16:40:37] WAITING for remaining requests to finish (active_jobs=181)
[16:40:37] REQUEST: 86 - COMPLETED
[16:40:37] REQUEST COMPLETED -> remaining active_jobs=180
[16:40:37] WAITING for remaining requests to finish (active_jobs=180)
[16:40:37] REQUEST: 266 - COMPLETED
[16:40:37] REQUEST COMPLETED -> remaining active_jobs=179
[16:40:37] WAITING for remaining requests to finish (active_jobs=179)
[16:40:37] REQUEST: 295 - COMPLETED
[16:40:37] REQUEST COMPLETED -> remaining active_jobs=178
[16:40:37] WAITING for remaining requests to finish (active_jobs=178)
[16:40:37] REQUEST: 110 - COMPLETED
[16:40:37] REQUEST COMPLETED -> remaining active_jobs=177
[16:40:37] WAITING for remaining requests to finish (active_jobs=177)
[16:40:37] REQUEST: 231 - COMPLETED
[16:40:37] REQUEST COMPLETED -> remaining active_jobs=176
[16:40:37] WAITING for remaining requests to finish (active_jobs=176)
[16:40:37] REQUEST: 277 - COMPLETED
[16:40:37] REQUEST COMPLETED -> remaining active_jobs=175
[16:40:37] WAITING for remaining requests to finish (active_jobs=175)
[16:40:37] REQUEST: 294 - COMPLETED
[16:40:37] REQUEST COMPLETED -> remaining active_jobs=174
[16:40:37] WAITING for remaining requests to finish (active_jobs=174)
[16:40:37] REQUEST: 271 - COMPLETED
[16:40:37] REQUEST COMPLETED -> remaining active_jobs=173
[16:40:37] WAITING for remaining requests to finish (active_jobs=173)
[16:40:37] REQUEST: 300 - COMPLETED
[16:40:37] REQUEST COMPLETED -> remaining active_jobs=172
[16:40:37] WAITING for remaining requests to finish (active_jobs=172)
[16:40:37] REQUEST: 65 - COMPLETED
[16:40:37] REQUEST COMPLETED -> remaining active_jobs=171
[16:40:37] WAITING for remaining requests to finish (active_jobs=171)
[16:40:37] REQUEST: 13 - COMPLETED
[16:40:37] REQUEST COMPLETED -> remaining active_jobs=170
[16:40:37] WAITING for remaining requests to finish (active_jobs=170)
[16:40:37] REQUEST: 58 - COMPLETED
[16:40:37] REQUEST COMPLETED -> remaining active_jobs=169
[16:40:37] WAITING for remaining requests to finish (active_jobs=169)
[16:40:37] REQUEST: 199 - COMPLETED
[16:40:37] REQUEST COMPLETED -> remaining active_jobs=168
[16:40:37] WAITING for remaining requests to finish (active_jobs=168)
[16:40:37] REQUEST: 298 - COMPLETED
[16:40:37] REQUEST COMPLETED -> remaining active_jobs=167
[16:40:37] WAITING for remaining requests to finish (active_jobs=167)
[16:40:37] REQUEST: 219 - COMPLETED
[16:40:37] REQUEST COMPLETED -> remaining active_jobs=166
[16:40:37] WAITING for remaining requests to finish (active_jobs=166)
[16:40:37] REQUEST: 29 - COMPLETED
[16:40:37] REQUEST: 152 - COMPLETED
[16:40:37] REQUEST COMPLETED -> remaining active_jobs=165
[16:40:37] WAITING for remaining requests to finish (active_jobs=165)
[16:40:37] REQUEST COMPLETED -> remaining active_jobs=164
[16:40:37] WAITING for remaining requests to finish (active_jobs=164)
[16:40:37] REQUEST: 140 - COMPLETED
[16:40:37] REQUEST COMPLETED -> remaining active_jobs=163
[16:40:37] WAITING for remaining requests to finish (active_jobs=163)
[16:40:37] REQUEST: 198 - COMPLETED
[16:40:37] REQUEST COMPLETED -> remaining active_jobs=162
[16:40:37] WAITING for remaining requests to finish (active_jobs=162)
[16:40:37] REQUEST: 207 - COMPLETED
[16:40:37] REQUEST COMPLETED -> remaining active_jobs=161
[16:40:37] WAITING for remaining requests to finish (active_jobs=161)
[16:40:37] REQUEST: 283 - COMPLETED
[16:40:37] REQUEST COMPLETED -> remaining active_jobs=160
[16:40:37] WAITING for remaining requests to finish (active_jobs=160)
[16:40:37] REQUEST: 292 - COMPLETED
[16:40:37] REQUEST COMPLETED -> remaining active_jobs=159
[16:40:37] WAITING for remaining requests to finish (active_jobs=159)
[16:40:37] REQUEST: 90 - COMPLETED
[16:40:37] REQUEST COMPLETED -> remaining active_jobs=158
[16:40:37] REQUEST: 165 - COMPLETED
[16:40:37] WAITING for remaining requests to finish (active_jobs=158)
[16:40:37] REQUEST COMPLETED -> remaining active_jobs=157
[16:40:37] WAITING for remaining requests to finish (active_jobs=157)
[16:40:37] REQUEST: 202 - COMPLETED
[16:40:37] REQUEST COMPLETED -> remaining active_jobs=156
[16:40:37] WAITING for remaining requests to finish (active_jobs=156)
[16:40:37] REQUEST: 143 - COMPLETED
[16:40:37] REQUEST COMPLETED -> remaining active_jobs=155
[16:40:37] WAITING for remaining requests to finish (active_jobs=155)
[16:40:37] REQUEST: 139 - COMPLETED
[16:40:37] REQUEST COMPLETED -> remaining active_jobs=154
[16:40:37] WAITING for remaining requests to finish (active_jobs=154)
[16:40:37] REQUEST: 290 - COMPLETED
[16:40:37] REQUEST COMPLETED -> remaining active_jobs=153
[16:40:37] WAITING for remaining requests to finish (active_jobs=153)
[16:40:37] REQUEST: 222 - COMPLETED
[16:40:37] REQUEST COMPLETED -> remaining active_jobs=152
[16:40:37] WAITING for remaining requests to finish (active_jobs=152)
[16:40:37] REQUEST: 44 - COMPLETED
[16:40:37] REQUEST COMPLETED -> remaining active_jobs=151
[16:40:37] WAITING for remaining requests to finish (active_jobs=151)
[16:40:37] REQUEST: 46 - COMPLETED
[16:40:37] REQUEST COMPLETED -> remaining active_jobs=150
[16:40:37] WAITING for remaining requests to finish (active_jobs=150)
[16:40:37] REQUEST: 232 - COMPLETED
[16:40:37] REQUEST COMPLETED -> remaining active_jobs=149
[16:40:37] WAITING for remaining requests to finish (active_jobs=149)
[16:40:37] REQUEST: 171 - COMPLETED
[16:40:37] REQUEST COMPLETED -> remaining active_jobs=148
[16:40:37] WAITING for remaining requests to finish (active_jobs=148)
[16:40:37] REQUEST: 237 - COMPLETED
[16:40:37] REQUEST COMPLETED -> remaining active_jobs=147
[16:40:37] WAITING for remaining requests to finish (active_jobs=147)
[16:40:37] REQUEST: 251 - COMPLETED
[16:40:37] REQUEST COMPLETED -> remaining active_jobs=146
[16:40:37] WAITING for remaining requests to finish (active_jobs=146)
[16:40:38] REQUEST: 193 - COMPLETED
[16:40:38] REQUEST COMPLETED -> remaining active_jobs=145
[16:40:38] WAITING for remaining requests to finish (active_jobs=145)
[16:40:38] REQUEST: 75 - COMPLETED
[16:40:38] REQUEST COMPLETED -> remaining active_jobs=144
[16:40:38] WAITING for remaining requests to finish (active_jobs=144)
[16:40:38] REQUEST: 169 - COMPLETED
[16:40:38] REQUEST COMPLETED -> remaining active_jobs=143
[16:40:38] WAITING for remaining requests to finish (active_jobs=143)
[16:40:38] REQUEST: 185 - COMPLETED
[16:40:38] REQUEST COMPLETED -> remaining active_jobs=142
[16:40:38] REQUEST: 126 - COMPLETED
[16:40:38] WAITING for remaining requests to finish (active_jobs=142)
[16:40:38] REQUEST COMPLETED -> remaining active_jobs=141
[16:40:38] WAITING for remaining requests to finish (active_jobs=141)
[16:40:38] REQUEST: 243 - COMPLETED
[16:40:38] REQUEST COMPLETED -> remaining active_jobs=140
[16:40:38] WAITING for remaining requests to finish (active_jobs=140)
[16:40:38] REQUEST: 289 - COMPLETED
[16:40:38] REQUEST COMPLETED -> remaining active_jobs=139
[16:40:38] WAITING for remaining requests to finish (active_jobs=139)
[16:40:38] REQUEST: 190 - COMPLETED
[16:40:38] REQUEST COMPLETED -> remaining active_jobs=138
[16:40:38] WAITING for remaining requests to finish (active_jobs=138)
[16:40:38] REQUEST: 259 - COMPLETED
[16:40:38] REQUEST COMPLETED -> remaining active_jobs=137
[16:40:38] WAITING for remaining requests to finish (active_jobs=137)
[16:40:38] REQUEST: 134 - COMPLETED
[16:40:38] REQUEST COMPLETED -> remaining active_jobs=136
[16:40:38] WAITING for remaining requests to finish (active_jobs=136)
[16:40:38] REQUEST: 6 - COMPLETED
[16:40:38] REQUEST COMPLETED -> remaining active_jobs=135
[16:40:38] WAITING for remaining requests to finish (active_jobs=135)
[16:40:38] REQUEST: 155 - COMPLETED
[16:40:38] REQUEST COMPLETED -> remaining active_jobs=134
[16:40:38] WAITING for remaining requests to finish (active_jobs=134)
[16:40:38] REQUEST: 108 - COMPLETED
[16:40:38] REQUEST COMPLETED -> remaining active_jobs=133
[16:40:38] WAITING for remaining requests to finish (active_jobs=133)
[16:40:38] REQUEST: 236 - COMPLETED
[16:40:38] REQUEST COMPLETED -> remaining active_jobs=132
[16:40:38] WAITING for remaining requests to finish (active_jobs=132)
[16:40:38] REQUEST: 176 - COMPLETED
[16:40:38] REQUEST COMPLETED -> remaining active_jobs=131
[16:40:38] WAITING for remaining requests to finish (active_jobs=131)
[16:40:38] REQUEST: 138 - COMPLETED
[16:40:38] REQUEST COMPLETED -> remaining active_jobs=130
[16:40:38] WAITING for remaining requests to finish (active_jobs=130)
[16:40:38] REQUEST: 111 - COMPLETED
[16:40:38] REQUEST COMPLETED -> remaining active_jobs=129
[16:40:38] WAITING for remaining requests to finish (active_jobs=129)
[16:40:38] REQUEST: 121 - COMPLETED
[16:40:38] REQUEST: 227 - COMPLETED
[16:40:38] REQUEST COMPLETED -> remaining active_jobs=128
[16:40:38] WAITING for remaining requests to finish (active_jobs=128)
[16:40:38] REQUEST COMPLETED -> remaining active_jobs=127
[16:40:38] WAITING for remaining requests to finish (active_jobs=127)
[16:40:38] REQUEST: 218 - COMPLETED
[16:40:38] REQUEST COMPLETED -> remaining active_jobs=126
[16:40:38] WAITING for remaining requests to finish (active_jobs=126)
[16:40:38] REQUEST: 104 - COMPLETED
[16:40:38] REQUEST COMPLETED -> remaining active_jobs=125
[16:40:38] WAITING for remaining requests to finish (active_jobs=125)
[16:40:38] REQUEST: 279 - COMPLETED
[16:40:38] REQUEST COMPLETED -> remaining active_jobs=124
[16:40:38] WAITING for remaining requests to finish (active_jobs=124)
[16:40:38] REQUEST: 133 - COMPLETED
[16:40:38] REQUEST COMPLETED -> remaining active_jobs=123
[16:40:38] WAITING for remaining requests to finish (active_jobs=123)
[16:40:38] REQUEST: 21 - COMPLETED
[16:40:38] REQUEST COMPLETED -> remaining active_jobs=122
[16:40:38] WAITING for remaining requests to finish (active_jobs=122)
[16:40:38] REQUEST: 177 - COMPLETED
[16:40:38] REQUEST: 172 - COMPLETED
[16:40:38] REQUEST COMPLETED -> remaining active_jobs=121
[16:40:38] WAITING for remaining requests to finish (active_jobs=121)
[16:40:38] REQUEST COMPLETED -> remaining active_jobs=120
[16:40:38] WAITING for remaining requests to finish (active_jobs=120)
[16:40:38] REQUEST: 248 - COMPLETED
[16:40:38] REQUEST COMPLETED -> remaining active_jobs=119
[16:40:38] WAITING for remaining requests to finish (active_jobs=119)
[16:40:38] REQUEST: 261 - COMPLETED
[16:40:38] REQUEST COMPLETED -> remaining active_jobs=118
[16:40:38] WAITING for remaining requests to finish (active_jobs=118)
[16:40:38] REQUEST: 194 - COMPLETED
[16:40:38] REQUEST COMPLETED -> remaining active_jobs=117
[16:40:38] WAITING for remaining requests to finish (active_jobs=117)
[16:40:38] REQUEST: 159 - COMPLETED
[16:40:38] REQUEST COMPLETED -> remaining active_jobs=116
[16:40:38] WAITING for remaining requests to finish (active_jobs=116)
[16:40:38] REQUEST: 28 - COMPLETED
[16:40:38] REQUEST COMPLETED -> remaining active_jobs=115
[16:40:38] WAITING for remaining requests to finish (active_jobs=115)
[16:40:38] REQUEST: 154 - COMPLETED
[16:40:38] REQUEST: 254 - COMPLETED
[16:40:38] REQUEST COMPLETED -> remaining active_jobs=114
[16:40:38] WAITING for remaining requests to finish (active_jobs=114)
[16:40:38] REQUEST COMPLETED -> remaining active_jobs=113
[16:40:38] WAITING for remaining requests to finish (active_jobs=113)
[16:40:38] REQUEST: 99 - COMPLETED
[16:40:38] REQUEST COMPLETED -> remaining active_jobs=112
[16:40:38] WAITING for remaining requests to finish (active_jobs=112)
[16:40:38] REQUEST: 239 - COMPLETED
[16:40:38] REQUEST COMPLETED -> remaining active_jobs=111
[16:40:38] WAITING for remaining requests to finish (active_jobs=111)
[16:40:38] REQUEST: 272 - COMPLETED
[16:40:38] REQUEST COMPLETED -> remaining active_jobs=110
[16:40:38] WAITING for remaining requests to finish (active_jobs=110)
[16:40:38] REQUEST: 168 - COMPLETED
[16:40:38] REQUEST COMPLETED -> remaining active_jobs=109
[16:40:38] WAITING for remaining requests to finish (active_jobs=109)
[16:40:38] REQUEST: 245 - COMPLETED
[16:40:38] REQUEST COMPLETED -> remaining active_jobs=108
[16:40:38] WAITING for remaining requests to finish (active_jobs=108)
[16:40:38] REQUEST: 242 - COMPLETED
[16:40:38] REQUEST: 106 - COMPLETED
[16:40:38] REQUEST COMPLETED -> remaining active_jobs=107
[16:40:38] WAITING for remaining requests to finish (active_jobs=107)
[16:40:39] REQUEST COMPLETED -> remaining active_jobs=106
[16:40:39] WAITING for remaining requests to finish (active_jobs=106)
[16:40:39] REQUEST: 113 - COMPLETED
[16:40:39] REQUEST COMPLETED -> remaining active_jobs=105
[16:40:39] WAITING for remaining requests to finish (active_jobs=105)
[16:40:39] REQUEST: 42 - COMPLETED
[16:40:39] REQUEST COMPLETED -> remaining active_jobs=104
[16:40:39] WAITING for remaining requests to finish (active_jobs=104)
[16:40:39] REQUEST: 136 - COMPLETED
[16:40:39] REQUEST COMPLETED -> remaining active_jobs=103
[16:40:39] WAITING for remaining requests to finish (active_jobs=103)
[16:40:39] REQUEST: 269 - COMPLETED
[16:40:39] REQUEST COMPLETED -> remaining active_jobs=102
[16:40:39] WAITING for remaining requests to finish (active_jobs=102)
[16:40:39] REQUEST: 211 - COMPLETED
[16:40:39] REQUEST COMPLETED -> remaining active_jobs=101
[16:40:39] WAITING for remaining requests to finish (active_jobs=101)
[16:40:39] REQUEST: 217 - COMPLETED
[16:40:39] REQUEST: 25 - COMPLETED
[16:40:39] REQUEST COMPLETED -> remaining active_jobs=100
[16:40:39] WAITING for remaining requests to finish (active_jobs=100)
[16:40:39] REQUEST COMPLETED -> remaining active_jobs=99
[16:40:39] WAITING for remaining requests to finish (active_jobs=99)
[16:40:39] REQUEST: 174 - COMPLETED
[16:40:39] REQUEST COMPLETED -> remaining active_jobs=98
[16:40:39] WAITING for remaining requests to finish (active_jobs=98)
[16:40:39] REQUEST: 102 - COMPLETED
[16:40:39] REQUEST COMPLETED -> remaining active_jobs=97
[16:40:39] WAITING for remaining requests to finish (active_jobs=97)
[16:40:39] REQUEST: 214 - COMPLETED
[16:40:39] REQUEST COMPLETED -> remaining active_jobs=96
[16:40:39] WAITING for remaining requests to finish (active_jobs=96)
[16:40:39] REQUEST: 229 - COMPLETED
[16:40:39] REQUEST COMPLETED -> remaining active_jobs=95
[16:40:39] WAITING for remaining requests to finish (active_jobs=95)
[16:40:39] REQUEST: 30 - COMPLETED
[16:40:39] REQUEST COMPLETED -> remaining active_jobs=94
[16:40:39] WAITING for remaining requests to finish (active_jobs=94)
[16:40:39] REQUEST: 88 - COMPLETED
[16:40:39] REQUEST COMPLETED -> remaining active_jobs=93
[16:40:39] REQUEST: 205 - COMPLETED
[16:40:39] WAITING for remaining requests to finish (active_jobs=93)
[16:40:39] REQUEST COMPLETED -> remaining active_jobs=92
[16:40:39] WAITING for remaining requests to finish (active_jobs=92)
[16:40:39] REQUEST: 286 - COMPLETED
[16:40:39] REQUEST COMPLETED -> remaining active_jobs=91
[16:40:39] WAITING for remaining requests to finish (active_jobs=91)
[16:40:39] REQUEST: 281 - COMPLETED
[16:40:39] REQUEST COMPLETED -> remaining active_jobs=90
[16:40:39] WAITING for remaining requests to finish (active_jobs=90)
[16:40:39] REQUEST: 158 - COMPLETED
[16:40:39] REQUEST COMPLETED -> remaining active_jobs=89
[16:40:39] WAITING for remaining requests to finish (active_jobs=89)
[16:40:39] REQUEST: 263 - COMPLETED
[16:40:39] REQUEST COMPLETED -> remaining active_jobs=88
[16:40:39] WAITING for remaining requests to finish (active_jobs=88)
[16:40:39] REQUEST: 128 - COMPLETED
[16:40:39] REQUEST COMPLETED -> remaining active_jobs=87
[16:40:39] WAITING for remaining requests to finish (active_jobs=87)
[16:40:39] REQUEST: 63 - COMPLETED
[16:40:39] REQUEST COMPLETED -> remaining active_jobs=86
[16:40:39] REQUEST: 276 - COMPLETED
[16:40:39] REQUEST: 182 - COMPLETED
[16:40:39] WAITING for remaining requests to finish (active_jobs=86)
[16:40:39] REQUEST COMPLETED -> remaining active_jobs=85
[16:40:39] WAITING for remaining requests to finish (active_jobs=85)
[16:40:39] REQUEST COMPLETED -> remaining active_jobs=84
[16:40:39] WAITING for remaining requests to finish (active_jobs=84)
[16:40:39] REQUEST: 275 - COMPLETED
[16:40:39] REQUEST COMPLETED -> remaining active_jobs=83
[16:40:39] WAITING for remaining requests to finish (active_jobs=83)
[16:40:39] REQUEST: 149 - COMPLETED
[16:40:39] REQUEST COMPLETED -> remaining active_jobs=82
[16:40:39] WAITING for remaining requests to finish (active_jobs=82)
[16:40:39] REQUEST: 264 - COMPLETED
[16:40:39] REQUEST COMPLETED -> remaining active_jobs=81
[16:40:39] WAITING for remaining requests to finish (active_jobs=81)
[16:40:39] REQUEST: 187 - COMPLETED
[16:40:39] REQUEST COMPLETED -> remaining active_jobs=80
[16:40:39] WAITING for remaining requests to finish (active_jobs=80)
[16:40:39] REQUEST: 246 - COMPLETED
[16:40:39] REQUEST COMPLETED -> remaining active_jobs=79
[16:40:39] REQUEST: 95 - COMPLETED
[16:40:39] WAITING for remaining requests to finish (active_jobs=79)
[16:40:39] REQUEST COMPLETED -> remaining active_jobs=78
[16:40:39] WAITING for remaining requests to finish (active_jobs=78)
[16:40:39] REQUEST: 67 - COMPLETED
[16:40:39] REQUEST COMPLETED -> remaining active_jobs=77
[16:40:39] WAITING for remaining requests to finish (active_jobs=77)
[16:40:39] REQUEST: 186 - COMPLETED
[16:40:39] REQUEST COMPLETED -> remaining active_jobs=76
[16:40:39] WAITING for remaining requests to finish (active_jobs=76)
[16:40:39] REQUEST: 280 - COMPLETED
[16:40:39] REQUEST COMPLETED -> remaining active_jobs=75
[16:40:39] WAITING for remaining requests to finish (active_jobs=75)
[16:40:39] REQUEST: 156 - COMPLETED
[16:40:39] REQUEST COMPLETED -> remaining active_jobs=74
[16:40:39] WAITING for remaining requests to finish (active_jobs=74)
[16:40:39] REQUEST: 135 - COMPLETED
[16:40:39] REQUEST COMPLETED -> remaining active_jobs=73
[16:40:39] WAITING for remaining requests to finish (active_jobs=73)
[16:40:39] REQUEST: 223 - COMPLETED
[16:40:39] REQUEST COMPLETED -> remaining active_jobs=72
[16:40:39] WAITING for remaining requests to finish (active_jobs=72)
[16:40:39] REQUEST: 166 - COMPLETED
[16:40:39] REQUEST COMPLETED -> remaining active_jobs=71
[16:40:39] WAITING for remaining requests to finish (active_jobs=71)
[16:40:39] REQUEST: 189 - COMPLETED
[16:40:39] REQUEST COMPLETED -> remaining active_jobs=70
[16:40:39] WAITING for remaining requests to finish (active_jobs=70)
[16:40:39] REQUEST: 268 - COMPLETED
[16:40:39] REQUEST COMPLETED -> remaining active_jobs=69
[16:40:39] WAITING for remaining requests to finish (active_jobs=69)
[16:40:39] REQUEST: 293 - COMPLETED
[16:40:39] REQUEST COMPLETED -> remaining active_jobs=68
[16:40:39] WAITING for remaining requests to finish (active_jobs=68)
[16:40:40] REQUEST: 178 - COMPLETED
[16:40:40] REQUEST COMPLETED -> remaining active_jobs=67
[16:40:40] WAITING for remaining requests to finish (active_jobs=67)
[16:40:40] REQUEST: 38 - COMPLETED
[16:40:40] REQUEST COMPLETED -> remaining active_jobs=66
[16:40:40] WAITING for remaining requests to finish (active_jobs=66)
[16:40:40] REQUEST: 262 - COMPLETED
[16:40:40] REQUEST COMPLETED -> remaining active_jobs=65
[16:40:40] WAITING for remaining requests to finish (active_jobs=65)
[16:40:40] REQUEST: 233 - COMPLETED
[16:40:40] REQUEST COMPLETED -> remaining active_jobs=64
[16:40:40] REQUEST: 83 - COMPLETED
[16:40:40] WAITING for remaining requests to finish (active_jobs=64)
[16:40:40] REQUEST COMPLETED -> remaining active_jobs=63
[16:40:40] WAITING for remaining requests to finish (active_jobs=63)
[16:40:40] REQUEST: 270 - COMPLETED
[16:40:40] REQUEST COMPLETED -> remaining active_jobs=62
[16:40:40] WAITING for remaining requests to finish (active_jobs=62)
[16:40:40] REQUEST: 297 - COMPLETED
[16:40:40] REQUEST COMPLETED -> remaining active_jobs=61
[16:40:40] WAITING for remaining requests to finish (active_jobs=61)
[16:40:40] REQUEST: 53 - COMPLETED
[16:40:40] REQUEST COMPLETED -> remaining active_jobs=60
[16:40:40] WAITING for remaining requests to finish (active_jobs=60)
[16:40:40] REQUEST: 49 - COMPLETED
[16:40:40] REQUEST COMPLETED -> remaining active_jobs=59
[16:40:40] WAITING for remaining requests to finish (active_jobs=59)
[16:40:40] REQUEST: 77 - COMPLETED
[16:40:40] REQUEST: 122 - COMPLETED
[16:40:40] REQUEST COMPLETED -> remaining active_jobs=58
[16:40:40] WAITING for remaining requests to finish (active_jobs=58)
[16:40:40] REQUEST COMPLETED -> remaining active_jobs=57
[16:40:40] WAITING for remaining requests to finish (active_jobs=57)
[16:40:40] REQUEST: 118 - COMPLETED
[16:40:40] REQUEST COMPLETED -> remaining active_jobs=56
[16:40:40] WAITING for remaining requests to finish (active_jobs=56)
[16:40:40] REQUEST: 144 - COMPLETED
[16:40:40] REQUEST COMPLETED -> remaining active_jobs=55
[16:40:40] WAITING for remaining requests to finish (active_jobs=55)
[16:40:40] REQUEST: 213 - COMPLETED
[16:40:40] REQUEST COMPLETED -> remaining active_jobs=54
[16:40:40] WAITING for remaining requests to finish (active_jobs=54)
[16:40:40] REQUEST: 244 - COMPLETED
[16:40:40] REQUEST: 179 - COMPLETED
[16:40:40] REQUEST COMPLETED -> remaining active_jobs=53
[16:40:40] WAITING for remaining requests to finish (active_jobs=53)
[16:40:40] REQUEST COMPLETED -> remaining active_jobs=52
[16:40:40] WAITING for remaining requests to finish (active_jobs=52)
[16:40:40] REQUEST: 51 - COMPLETED
[16:40:40] REQUEST COMPLETED -> remaining active_jobs=51
[16:40:40] WAITING for remaining requests to finish (active_jobs=51)
[16:40:40] REQUEST: 52 - COMPLETED
[16:40:40] REQUEST COMPLETED -> remaining active_jobs=50
[16:40:40] WAITING for remaining requests to finish (active_jobs=50)
[16:40:40] REQUEST: 191 - COMPLETED
[16:40:40] REQUEST COMPLETED -> remaining active_jobs=49
[16:40:40] WAITING for remaining requests to finish (active_jobs=49)
[16:40:40] REQUEST: 285 - COMPLETED
[16:40:40] REQUEST COMPLETED -> remaining active_jobs=48
[16:40:40] REQUEST: 250 - COMPLETED
[16:40:40] WAITING for remaining requests to finish (active_jobs=48)
[16:40:40] REQUEST COMPLETED -> remaining active_jobs=47
[16:40:40] WAITING for remaining requests to finish (active_jobs=47)
[16:40:40] REQUEST: 184 - COMPLETED
[16:40:40] REQUEST COMPLETED -> remaining active_jobs=46
[16:40:40] WAITING for remaining requests to finish (active_jobs=46)
[16:40:40] REQUEST: 59 - COMPLETED
[16:40:40] REQUEST COMPLETED -> remaining active_jobs=45
[16:40:40] WAITING for remaining requests to finish (active_jobs=45)
[16:40:40] REQUEST: 31 - COMPLETED
[16:40:40] REQUEST COMPLETED -> remaining active_jobs=44
[16:40:40] WAITING for remaining requests to finish (active_jobs=44)
[16:40:40] REQUEST: 146 - COMPLETED
[16:40:40] REQUEST COMPLETED -> remaining active_jobs=43
[16:40:40] REQUEST: 282 - COMPLETED
[16:40:40] WAITING for remaining requests to finish (active_jobs=43)
[16:40:40] REQUEST COMPLETED -> remaining active_jobs=42
[16:40:40] WAITING for remaining requests to finish (active_jobs=42)
[16:40:40] REQUEST: 267 - COMPLETED
[16:40:40] REQUEST COMPLETED -> remaining active_jobs=41
[16:40:40] WAITING for remaining requests to finish (active_jobs=41)
[16:40:40] REQUEST: 130 - COMPLETED
[16:40:40] REQUEST COMPLETED -> remaining active_jobs=40
[16:40:40] WAITING for remaining requests to finish (active_jobs=40)
[16:40:40] REQUEST: 287 - COMPLETED
[16:40:40] REQUEST COMPLETED -> remaining active_jobs=39
[16:40:40] WAITING for remaining requests to finish (active_jobs=39)
[16:40:40] REQUEST: 257 - COMPLETED
[16:40:40] REQUEST: 87 - COMPLETED
[16:40:41] REQUEST COMPLETED -> remaining active_jobs=38
[16:40:41] WAITING for remaining requests to finish (active_jobs=38)
[16:40:41] REQUEST COMPLETED -> remaining active_jobs=37
[16:40:41] WAITING for remaining requests to finish (active_jobs=37)
[16:40:41] REQUEST: 180 - COMPLETED
[16:40:41] REQUEST COMPLETED -> remaining active_jobs=36
[16:40:41] WAITING for remaining requests to finish (active_jobs=36)
[16:40:41] REQUEST: 206 - COMPLETED
[16:40:41] REQUEST COMPLETED -> remaining active_jobs=35
[16:40:41] WAITING for remaining requests to finish (active_jobs=35)
[16:40:41] REQUEST: 119 - COMPLETED
[16:40:41] REQUEST COMPLETED -> remaining active_jobs=34
[16:40:41] WAITING for remaining requests to finish (active_jobs=34)
[16:40:41] REQUEST: 255 - COMPLETED
[16:40:41] REQUEST COMPLETED -> remaining active_jobs=33
[16:40:41] REQUEST: 203 - COMPLETED
[16:40:41] WAITING for remaining requests to finish (active_jobs=33)
[16:40:41] REQUEST COMPLETED -> remaining active_jobs=32
[16:40:41] WAITING for remaining requests to finish (active_jobs=32)
[16:40:41] REQUEST: 240 - COMPLETED
[16:40:41] REQUEST COMPLETED -> remaining active_jobs=31
[16:40:41] WAITING for remaining requests to finish (active_jobs=31)
[16:40:41] REQUEST: 70 - COMPLETED
[16:40:41] REQUEST COMPLETED -> remaining active_jobs=30
[16:40:41] WAITING for remaining requests to finish (active_jobs=30)
[16:40:41] REQUEST: 109 - COMPLETED
[16:40:41] REQUEST COMPLETED -> remaining active_jobs=29
[16:40:41] WAITING for remaining requests to finish (active_jobs=29)
[16:40:41] REQUEST: 226 - COMPLETED
[16:40:41] REQUEST COMPLETED -> remaining active_jobs=28
[16:40:41] WAITING for remaining requests to finish (active_jobs=28)
[16:40:41] REQUEST: 117 - COMPLETED
[16:40:41] REQUEST COMPLETED -> remaining active_jobs=27
[16:40:41] WAITING for remaining requests to finish (active_jobs=27)
[16:40:41] REQUEST: 74 - COMPLETED
[16:40:41] REQUEST COMPLETED -> remaining active_jobs=26
[16:40:41] WAITING for remaining requests to finish (active_jobs=26)
[16:40:41] REQUEST: 116 - COMPLETED
[16:40:41] REQUEST COMPLETED -> remaining active_jobs=25
[16:40:41] WAITING for remaining requests to finish (active_jobs=25)
[16:40:41] REQUEST: 212 - COMPLETED
[16:40:41] REQUEST COMPLETED -> remaining active_jobs=24
[16:40:41] WAITING for remaining requests to finish (active_jobs=24)
[16:40:41] REQUEST: 221 - COMPLETED
[16:40:41] REQUEST COMPLETED -> remaining active_jobs=23
[16:40:41] WAITING for remaining requests to finish (active_jobs=23)
[16:40:41] REQUEST: 80 - COMPLETED
[16:40:41] REQUEST COMPLETED -> remaining active_jobs=22
[16:40:41] WAITING for remaining requests to finish (active_jobs=22)
[16:40:41] REQUEST: 35 - COMPLETED
[16:40:41] REQUEST COMPLETED -> remaining active_jobs=21
[16:40:41] WAITING for remaining requests to finish (active_jobs=21)
[16:40:41] REQUEST: 230 - COMPLETED
[16:40:41] REQUEST COMPLETED -> remaining active_jobs=20
[16:40:41] WAITING for remaining requests to finish (active_jobs=20)
[16:40:41] REQUEST: 228 - COMPLETED
[16:40:41] REQUEST COMPLETED -> remaining active_jobs=19
[16:40:41] WAITING for remaining requests to finish (active_jobs=19)
[16:40:41] REQUEST: 148 - COMPLETED
[16:40:41] REQUEST COMPLETED -> remaining active_jobs=18
[16:40:41] WAITING for remaining requests to finish (active_jobs=18)
[16:40:41] REQUEST: 192 - COMPLETED
[16:40:41] REQUEST COMPLETED -> remaining active_jobs=17
[16:40:41] WAITING for remaining requests to finish (active_jobs=17)
[16:40:41] REQUEST: 278 - COMPLETED
[16:40:41] REQUEST COMPLETED -> remaining active_jobs=16
[16:40:41] WAITING for remaining requests to finish (active_jobs=16)
[16:40:41] REQUEST: 48 - COMPLETED
[16:40:41] REQUEST COMPLETED -> remaining active_jobs=15
[16:40:41] WAITING for remaining requests to finish (active_jobs=15)
[16:40:41] REQUEST: 129 - COMPLETED
[16:40:41] REQUEST COMPLETED -> remaining active_jobs=14
[16:40:41] WAITING for remaining requests to finish (active_jobs=14)
[16:40:42] REQUEST: 195 - COMPLETED
[16:40:42] REQUEST COMPLETED -> remaining active_jobs=13
[16:40:42] WAITING for remaining requests to finish (active_jobs=13)
[16:40:42] REQUEST: 235 - COMPLETED
[16:40:42] REQUEST COMPLETED -> remaining active_jobs=12
[16:40:42] WAITING for remaining requests to finish (active_jobs=12)
[16:40:42] REQUEST: 96 - COMPLETED
[16:40:42] REQUEST COMPLETED -> remaining active_jobs=11
[16:40:42] WAITING for remaining requests to finish (active_jobs=11)
[16:40:42] REQUEST: 76 - COMPLETED
[16:40:42] REQUEST COMPLETED -> remaining active_jobs=10
[16:40:42] WAITING for remaining requests to finish (active_jobs=10)
[16:40:42] REQUEST: 164 - COMPLETED
[16:40:42] REQUEST COMPLETED -> remaining active_jobs=9
[16:40:42] WAITING for remaining requests to finish (active_jobs=9)
[16:40:42] REQUEST: 247 - COMPLETED
[16:40:42] REQUEST COMPLETED -> remaining active_jobs=8
[16:40:42] WAITING for remaining requests to finish (active_jobs=8)
[16:40:42] REQUEST: 253 - COMPLETED
[16:40:42] REQUEST COMPLETED -> remaining active_jobs=7
[16:40:42] WAITING for remaining requests to finish (active_jobs=7)
[16:40:42] REQUEST: 274 - COMPLETED
[16:40:42] REQUEST COMPLETED -> remaining active_jobs=6
[16:40:42] WAITING for remaining requests to finish (active_jobs=6)
[16:40:42] REQUEST: 252 - COMPLETED
[16:40:42] REQUEST COMPLETED -> remaining active_jobs=5
[16:40:42] WAITING for remaining requests to finish (active_jobs=5)
[16:40:42] REQUEST: 216 - COMPLETED
[16:40:42] REQUEST COMPLETED -> remaining active_jobs=4
[16:40:42] WAITING for remaining requests to finish (active_jobs=4)
[16:40:42] REQUEST: 204 - COMPLETED
[16:40:42] REQUEST COMPLETED -> remaining active_jobs=3
[16:40:42] WAITING for remaining requests to finish (active_jobs=3)
[16:40:42] REQUEST: 224 - COMPLETED
[16:40:42] REQUEST COMPLETED -> remaining active_jobs=2
[16:40:42] WAITING for remaining requests to finish (active_jobs=2)
[16:40:42] REQUEST: 82 - COMPLETED
[16:40:42] REQUEST COMPLETED -> remaining active_jobs=1
[16:40:42] WAITING for remaining requests to finish (active_jobs=1)
[16:40:42] REQUEST: 260 - COMPLETED
[16:40:42] REQUEST COMPLETED -> remaining active_jobs=0
[16:40:42] Load test completed
[16:40:42] Waiting for and collecting the delayed GPU activity episode
GPU telemetry: waiting for return to idle ...
GPU telemetry: waiting for return to idle ...
GPU telemetry: waiting for return to idle ...
GPU telemetry: waiting for return to idle ...
GPU telemetry: waiting for return to idle ...
GPU telemetry: waiting for return to idle ...
GPU telemetry: waiting for return to idle ...
GPU telemetry: waiting for return to idle ...
Saved 5 metrics / 35 series to results/gpu-metrics.json (activity capture: settled, wait 16.0s)
[16:40:59] Running results evaluation


--- PER-REQUEST STATS ---
Request 01 | res_time: 16:40:32.50 | latency:   0.67 s | tokens: 25 | gen_time: 0.171 s | tok/s: 146.61
Request 02 | res_time: 16:40:32.80 | latency:   0.54 s | tokens: 25 | gen_time: 0.184 s | tok/s: 135.73
Request 03 | res_time: 16:40:32.91 | latency:   1.08 s | tokens: 25 | gen_time: 0.309 s | tok/s: 80.86
Request 04 | res_time: 16:40:33.00 | latency:   1.21 s | tokens: 25 | gen_time: 0.604 s | tok/s: 41.38
Request 05 | res_time: 16:40:33.07 | latency:   1.30 s | tokens: 25 | gen_time: 0.177 s | tok/s: 141.33
Request 06 | res_time: 16:40:33.14 | latency:   1.36 s | tokens: 25 | gen_time: 0.416 s | tok/s: 60.06
Request 07 | res_time: 16:40:33.36 | latency:   1.59 s | tokens: 25 | gen_time: 0.238 s | tok/s: 105.13
Request 08 | res_time: 16:40:33.62 | latency:   1.81 s | tokens: 25 | gen_time: 0.273 s | tok/s: 91.50
Request 09 | res_time: 16:40:33.66 | latency:   1.72 s | tokens: 25 | gen_time: 0.360 s | tok/s: 69.51
Request 10 | res_time: 16:40:33.73 | latency:   1.52 s | tokens: 25 | gen_time: 0.272 s | tok/s: 92.05
Request 11 | res_time: 16:40:33.74 | latency:   1.97 s | tokens: 25 | gen_time: 0.236 s | tok/s: 106.06
Request 12 | res_time: 16:40:33.79 | latency:   1.95 s | tokens: 25 | gen_time: 0.445 s | tok/s: 56.15
Request 13 | res_time: 16:40:33.94 | latency:   2.12 s | tokens: 25 | gen_time: 0.310 s | tok/s: 80.52
Request 14 | res_time: 16:40:33.98 | latency:   2.02 s | tokens: 25 | gen_time: 0.173 s | tok/s: 144.70
Request 15 | res_time: 16:40:33.99 | latency:   2.10 s | tokens: 25 | gen_time: 0.250 s | tok/s: 100.16
Request 16 | res_time: 16:40:34.00 | latency:   2.20 s | tokens: 25 | gen_time: 0.520 s | tok/s: 48.05
Request 17 | res_time: 16:40:34.11 | latency:   2.17 s | tokens: 25 | gen_time: 0.315 s | tok/s: 79.39
Request 18 | res_time: 16:40:34.23 | latency:   2.05 s | tokens: 25 | gen_time: 0.163 s | tok/s: 153.56
Request 19 | res_time: 16:40:34.25 | latency:   2.39 s | tokens: 25 | gen_time: 0.164 s | tok/s: 152.47
Request 20 | res_time: 16:40:34.31 | latency:   2.51 s | tokens: 25 | gen_time: 0.230 s | tok/s: 108.60
Request 21 | res_time: 16:40:34.43 | latency:   2.64 s | tokens: 25 | gen_time: 0.157 s | tok/s: 159.60
Request 22 | res_time: 16:40:34.50 | latency:   2.70 s | tokens: 25 | gen_time: 0.321 s | tok/s: 77.83
Request 23 | res_time: 16:40:34.54 | latency:   2.65 s | tokens: 25 | gen_time: 0.249 s | tok/s: 100.28
Request 24 | res_time: 16:40:34.58 | latency:   2.58 s | tokens: 25 | gen_time: 0.200 s | tok/s: 124.99
Request 25 | res_time: 16:40:34.59 | latency:   2.68 s | tokens: 25 | gen_time: 0.233 s | tok/s: 107.23
Request 26 | res_time: 16:40:34.61 | latency:   2.82 s | tokens: 25 | gen_time: 0.406 s | tok/s: 61.55
Request 27 | res_time: 16:40:34.62 | latency:   2.79 s | tokens: 25 | gen_time: 0.155 s | tok/s: 161.74
Request 28 | res_time: 16:40:34.62 | latency:   2.77 s | tokens: 25 | gen_time: 0.366 s | tok/s: 68.26
Request 29 | res_time: 16:40:34.74 | latency:   2.65 s | tokens: 25 | gen_time: 0.179 s | tok/s: 139.81
Request 30 | res_time: 16:40:34.75 | latency:   2.78 s | tokens: 25 | gen_time: 0.167 s | tok/s: 149.80
Request 31 | res_time: 16:40:34.77 | latency:   2.64 s | tokens: 25 | gen_time: 0.154 s | tok/s: 162.35
Request 32 | res_time: 16:40:34.77 | latency:   2.98 s | tokens: 25 | gen_time: 0.156 s | tok/s: 160.26
Request 33 | res_time: 16:40:34.81 | latency:   2.38 s | tokens: 25 | gen_time: 0.156 s | tok/s: 160.56
Request 34 | res_time: 16:40:34.86 | latency:   2.95 s | tokens: 25 | gen_time: 0.158 s | tok/s: 158.72
Request 35 | res_time: 16:40:34.93 | latency:   2.87 s | tokens: 25 | gen_time: 0.152 s | tok/s: 165.00
Request 36 | res_time: 16:40:34.94 | latency:   3.13 s | tokens: 25 | gen_time: 0.159 s | tok/s: 157.66
Request 37 | res_time: 16:40:34.95 | latency:   3.13 s | tokens: 25 | gen_time: 0.202 s | tok/s: 123.91
Request 38 | res_time: 16:40:34.95 | latency:   3.11 s | tokens: 25 | gen_time: 0.155 s | tok/s: 161.80
Request 39 | res_time: 16:40:34.96 | latency:   3.06 s | tokens: 25 | gen_time: 0.160 s | tok/s: 156.20
Request 40 | res_time: 16:40:35.00 | latency:   2.82 s | tokens: 25 | gen_time: 0.154 s | tok/s: 162.06
Request 41 | res_time: 16:40:35.06 | latency:   3.09 s | tokens: 25 | gen_time: 0.161 s | tok/s: 154.87
Request 42 | res_time: 16:40:35.11 | latency:   3.18 s | tokens: 25 | gen_time: 0.152 s | tok/s: 164.04
Request 43 | res_time: 16:40:35.13 | latency:   2.95 s | tokens: 25 | gen_time: 0.155 s | tok/s: 161.10
Request 44 | res_time: 16:40:35.13 | latency:   3.36 s | tokens: 25 | gen_time: 0.155 s | tok/s: 161.67
Request 45 | res_time: 16:40:35.13 | latency:   3.07 s | tokens: 25 | gen_time: 0.152 s | tok/s: 164.98
Request 46 | res_time: 16:40:35.15 | latency:   3.06 s | tokens: 25 | gen_time: 0.154 s | tok/s: 161.97
Request 47 | res_time: 16:40:35.18 | latency:   3.17 s | tokens: 25 | gen_time: 0.150 s | tok/s: 166.29
Request 48 | res_time: 16:40:35.24 | latency:   3.36 s | tokens: 25 | gen_time: 0.150 s | tok/s: 166.44
Request 49 | res_time: 16:40:35.29 | latency:   2.64 s | tokens: 25 | gen_time: 0.151 s | tok/s: 165.42
Request 50 | res_time: 16:40:35.31 | latency:   3.15 s | tokens: 25 | gen_time: 0.153 s | tok/s: 162.99
Request 51 | res_time: 16:40:35.31 | latency:   3.17 s | tokens: 25 | gen_time: 0.151 s | tok/s: 166.08
Request 52 | res_time: 16:40:35.32 | latency:   3.35 s | tokens: 25 | gen_time: 0.155 s | tok/s: 161.68
Request 53 | res_time: 16:40:35.33 | latency:   3.30 s | tokens: 25 | gen_time: 0.154 s | tok/s: 162.03
Request 54 | res_time: 16:40:35.35 | latency:   2.96 s | tokens: 25 | gen_time: 0.150 s | tok/s: 166.54
Request 55 | res_time: 16:40:35.42 | latency:   3.17 s | tokens: 25 | gen_time: 0.150 s | tok/s: 166.24
Request 56 | res_time: 16:40:35.47 | latency:   3.62 s | tokens: 25 | gen_time: 0.151 s | tok/s: 165.68
Request 57 | res_time: 16:40:35.49 | latency:   3.59 s | tokens: 25 | gen_time: 0.150 s | tok/s: 166.30
Request 58 | res_time: 16:40:35.49 | latency:   3.69 s | tokens: 25 | gen_time: 0.154 s | tok/s: 162.48
Request 59 | res_time: 16:40:35.50 | latency:   3.54 s | tokens: 25 | gen_time: 0.154 s | tok/s: 161.86
Request 60 | res_time: 16:40:35.51 | latency:   3.70 s | tokens: 25 | gen_time: 0.154 s | tok/s: 162.42
Request 61 | res_time: 16:40:35.53 | latency:   3.25 s | tokens: 25 | gen_time: 0.150 s | tok/s: 166.54
Request 62 | res_time: 16:40:35.60 | latency:   3.42 s | tokens: 25 | gen_time: 0.150 s | tok/s: 166.11
Request 63 | res_time: 16:40:35.64 | latency:   3.75 s | tokens: 25 | gen_time: 0.151 s | tok/s: 165.82
Request 64 | res_time: 16:40:35.67 | latency:   3.11 s | tokens: 25 | gen_time: 0.150 s | tok/s: 166.19
Request 65 | res_time: 16:40:35.67 | latency:   3.39 s | tokens: 25 | gen_time: 0.153 s | tok/s: 162.90
Request 66 | res_time: 16:40:35.68 | latency:   3.82 s | tokens: 25 | gen_time: 0.155 s | tok/s: 161.79
Request 67 | res_time: 16:40:35.69 | latency:   3.66 s | tokens: 25 | gen_time: 0.154 s | tok/s: 162.28
Request 68 | res_time: 16:40:35.71 | latency:   3.85 s | tokens: 25 | gen_time: 0.150 s | tok/s: 166.15
Request 69 | res_time: 16:40:35.78 | latency:   3.73 s | tokens: 25 | gen_time: 0.150 s | tok/s: 166.47
Request 70 | res_time: 16:40:35.82 | latency:   3.87 s | tokens: 25 | gen_time: 0.151 s | tok/s: 165.80
Request 71 | res_time: 16:40:35.85 | latency:   3.85 s | tokens: 25 | gen_time: 0.150 s | tok/s: 166.25
Request 72 | res_time: 16:40:35.86 | latency:   3.69 s | tokens: 25 | gen_time: 0.154 s | tok/s: 162.64
Request 73 | res_time: 16:40:35.86 | latency:   3.71 s | tokens: 25 | gen_time: 0.154 s | tok/s: 161.83
Request 74 | res_time: 16:40:35.87 | latency:   3.90 s | tokens: 25 | gen_time: 0.154 s | tok/s: 162.02
Request 75 | res_time: 16:40:35.89 | latency:   3.81 s | tokens: 25 | gen_time: 0.150 s | tok/s: 166.27
Request 76 | res_time: 16:40:35.96 | latency:   3.99 s | tokens: 25 | gen_time: 0.150 s | tok/s: 166.18
Request 77 | res_time: 16:40:36.00 | latency:   3.34 s | tokens: 25 | gen_time: 0.151 s | tok/s: 165.45
Request 78 | res_time: 16:40:36.03 | latency:   4.09 s | tokens: 25 | gen_time: 0.151 s | tok/s: 165.09
Request 79 | res_time: 16:40:36.04 | latency:   3.69 s | tokens: 25 | gen_time: 0.154 s | tok/s: 162.68
Request 80 | res_time: 16:40:36.05 | latency:   3.89 s | tokens: 25 | gen_time: 0.155 s | tok/s: 161.77
Request 81 | res_time: 16:40:36.05 | latency:   4.11 s | tokens: 25 | gen_time: 0.154 s | tok/s: 162.14
Request 82 | res_time: 16:40:36.07 | latency:   3.83 s | tokens: 25 | gen_time: 0.150 s | tok/s: 166.41
Request 83 | res_time: 16:40:36.13 | latency:   3.96 s | tokens: 25 | gen_time: 0.150 s | tok/s: 166.39
Request 84 | res_time: 16:40:36.18 | latency:   4.08 s | tokens: 25 | gen_time: 0.151 s | tok/s: 165.55
Request 85 | res_time: 16:40:36.21 | latency:   4.16 s | tokens: 25 | gen_time: 0.151 s | tok/s: 165.97
Request 86 | res_time: 16:40:36.22 | latency:   3.83 s | tokens: 25 | gen_time: 0.154 s | tok/s: 162.68
Request 87 | res_time: 16:40:36.23 | latency:   4.22 s | tokens: 25 | gen_time: 0.155 s | tok/s: 161.73
Request 88 | res_time: 16:40:36.24 | latency:   4.20 s | tokens: 25 | gen_time: 0.154 s | tok/s: 162.04
Request 89 | res_time: 16:40:36.25 | latency:   4.48 s | tokens: 25 | gen_time: 0.150 s | tok/s: 166.14
Request 90 | res_time: 16:40:36.31 | latency:   4.01 s | tokens: 25 | gen_time: 0.151 s | tok/s: 165.99
Request 91 | res_time: 16:40:36.36 | latency:   3.81 s | tokens: 25 | gen_time: 0.151 s | tok/s: 165.42
Request 92 | res_time: 16:40:36.39 | latency:   3.82 s | tokens: 25 | gen_time: 0.151 s | tok/s: 166.07
Request 93 | res_time: 16:40:36.40 | latency:   4.24 s | tokens: 25 | gen_time: 0.154 s | tok/s: 162.53
Request 94 | res_time: 16:40:36.41 | latency:   3.75 s | tokens: 25 | gen_time: 0.155 s | tok/s: 161.55
Request 95 | res_time: 16:40:36.42 | latency:   4.42 s | tokens: 25 | gen_time: 0.154 s | tok/s: 161.92
Request 96 | res_time: 16:40:36.43 | latency:   4.46 s | tokens: 25 | gen_time: 0.150 s | tok/s: 166.40
Request 97 | res_time: 16:40:36.49 | latency:   4.25 s | tokens: 25 | gen_time: 0.150 s | tok/s: 166.42
Request 98 | res_time: 16:40:36.54 | latency:   4.68 s | tokens: 25 | gen_time: 0.151 s | tok/s: 165.39
Request 99 | res_time: 16:40:36.57 | latency:   4.30 s | tokens: 25 | gen_time: 0.151 s | tok/s: 165.98
Request 100 | res_time: 16:40:36.58 | latency:   4.44 s | tokens: 25 | gen_time: 0.154 s | tok/s: 162.44
Request 101 | res_time: 16:40:36.60 | latency:   4.42 s | tokens: 25 | gen_time: 0.155 s | tok/s: 161.32
Request 102 | res_time: 16:40:36.60 | latency:   4.36 s | tokens: 25 | gen_time: 0.155 s | tok/s: 161.31
Request 103 | res_time: 16:40:36.60 | latency:   4.23 s | tokens: 25 | gen_time: 0.151 s | tok/s: 166.11
Request 104 | res_time: 16:40:36.67 | latency:   4.43 s | tokens: 25 | gen_time: 0.150 s | tok/s: 166.34
Request 105 | res_time: 16:40:36.72 | latency:   4.66 s | tokens: 25 | gen_time: 0.151 s | tok/s: 165.36
Request 106 | res_time: 16:40:36.74 | latency:   4.18 s | tokens: 25 | gen_time: 0.151 s | tok/s: 166.11
Request 107 | res_time: 16:40:36.76 | latency:   4.89 s | tokens: 25 | gen_time: 0.154 s | tok/s: 162.66
Request 108 | res_time: 16:40:36.78 | latency:   4.80 s | tokens: 25 | gen_time: 0.155 s | tok/s: 161.57
Request 109 | res_time: 16:40:36.78 | latency:   4.41 s | tokens: 25 | gen_time: 0.150 s | tok/s: 166.42
Request 110 | res_time: 16:40:36.79 | latency:   4.23 s | tokens: 25 | gen_time: 0.154 s | tok/s: 161.99
Request 111 | res_time: 16:40:36.85 | latency:   4.71 s | tokens: 25 | gen_time: 0.151 s | tok/s: 165.89
Request 112 | res_time: 16:40:36.90 | latency:   5.03 s | tokens: 25 | gen_time: 0.151 s | tok/s: 165.36
Request 113 | res_time: 16:40:36.92 | latency:   4.55 s | tokens: 25 | gen_time: 0.151 s | tok/s: 165.77
Request 114 | res_time: 16:40:36.95 | latency:   4.42 s | tokens: 25 | gen_time: 0.154 s | tok/s: 162.48
Request 115 | res_time: 16:40:36.96 | latency:   4.71 s | tokens: 25 | gen_time: 0.150 s | tok/s: 166.43
Request 116 | res_time: 16:40:36.96 | latency:   5.15 s | tokens: 25 | gen_time: 0.155 s | tok/s: 161.68
Request 117 | res_time: 16:40:36.97 | latency:   4.67 s | tokens: 25 | gen_time: 0.154 s | tok/s: 161.85
Request 118 | res_time: 16:40:37.03 | latency:   4.75 s | tokens: 25 | gen_time: 0.150 s | tok/s: 166.22
Request 119 | res_time: 16:40:37.08 | latency:   5.16 s | tokens: 25 | gen_time: 0.151 s | tok/s: 165.48
Request 120 | res_time: 16:40:37.10 | latency:   5.13 s | tokens: 25 | gen_time: 0.151 s | tok/s: 165.34
Request 121 | res_time: 16:40:37.13 | latency:   4.59 s | tokens: 25 | gen_time: 0.154 s | tok/s: 162.44
Request 122 | res_time: 16:40:37.14 | latency:   4.49 s | tokens: 25 | gen_time: 0.151 s | tok/s: 165.96
Request 123 | res_time: 16:40:37.15 | latency:   5.12 s | tokens: 25 | gen_time: 0.155 s | tok/s: 161.34
Request 124 | res_time: 16:40:37.15 | latency:   4.69 s | tokens: 25 | gen_time: 0.155 s | tok/s: 161.77
Request 125 | res_time: 16:40:37.21 | latency:   4.35 s | tokens: 25 | gen_time: 0.151 s | tok/s: 165.88
Request 126 | res_time: 16:40:37.26 | latency:   4.53 s | tokens: 25 | gen_time: 0.151 s | tok/s: 165.38
Request 127 | res_time: 16:40:37.28 | latency:   4.74 s | tokens: 25 | gen_time: 0.151 s | tok/s: 165.97
Request 128 | res_time: 16:40:37.31 | latency:   4.78 s | tokens: 25 | gen_time: 0.154 s | tok/s: 162.66
Request 129 | res_time: 16:40:37.32 | latency:   5.36 s | tokens: 25 | gen_time: 0.150 s | tok/s: 166.18
Request 130 | res_time: 16:40:37.33 | latency:   5.53 s | tokens: 25 | gen_time: 0.155 s | tok/s: 161.67
Request 131 | res_time: 16:40:37.33 | latency:   5.43 s | tokens: 25 | gen_time: 0.154 s | tok/s: 162.07
Request 132 | res_time: 16:40:37.39 | latency:   5.16 s | tokens: 25 | gen_time: 0.150 s | tok/s: 166.32
Request 133 | res_time: 16:40:37.44 | latency:   4.79 s | tokens: 25 | gen_time: 0.152 s | tok/s: 164.66
Request 134 | res_time: 16:40:37.46 | latency:   5.16 s | tokens: 25 | gen_time: 0.151 s | tok/s: 165.76
Request 135 | res_time: 16:40:37.49 | latency:   5.66 s | tokens: 25 | gen_time: 0.154 s | tok/s: 162.60
Request 136 | res_time: 16:40:37.50 | latency:   5.38 s | tokens: 25 | gen_time: 0.151 s | tok/s: 166.00
Request 137 | res_time: 16:40:37.51 | latency:   5.39 s | tokens: 25 | gen_time: 0.155 s | tok/s: 161.73
Request 138 | res_time: 16:40:37.52 | latency:   5.27 s | tokens: 25 | gen_time: 0.154 s | tok/s: 162.05
Request 139 | res_time: 16:40:37.57 | latency:   5.29 s | tokens: 25 | gen_time: 0.150 s | tok/s: 166.12
Request 140 | res_time: 16:40:37.62 | latency:   4.96 s | tokens: 25 | gen_time: 0.151 s | tok/s: 165.30
Request 141 | res_time: 16:40:37.64 | latency:   4.66 s | tokens: 25 | gen_time: 0.151 s | tok/s: 165.96
Request 142 | res_time: 16:40:37.67 | latency:   5.59 s | tokens: 25 | gen_time: 0.151 s | tok/s: 166.08
Request 143 | res_time: 16:40:37.68 | latency:   5.52 s | tokens: 25 | gen_time: 0.154 s | tok/s: 162.49
Request 144 | res_time: 16:40:37.69 | latency:   5.44 s | tokens: 25 | gen_time: 0.155 s | tok/s: 161.31
Request 145 | res_time: 16:40:37.70 | latency:   5.60 s | tokens: 25 | gen_time: 0.154 s | tok/s: 162.08
Request 146 | res_time: 16:40:37.74 | latency:   5.65 s | tokens: 25 | gen_time: 0.150 s | tok/s: 166.41
Request 147 | res_time: 16:40:37.79 | latency:   5.30 s | tokens: 25 | gen_time: 0.151 s | tok/s: 165.42
Request 148 | res_time: 16:40:37.81 | latency:   5.51 s | tokens: 25 | gen_time: 0.150 s | tok/s: 166.13
Request 149 | res_time: 16:40:37.85 | latency:   5.90 s | tokens: 25 | gen_time: 0.150 s | tok/s: 166.19
Request 150 | res_time: 16:40:37.86 | latency:   5.98 s | tokens: 25 | gen_time: 0.153 s | tok/s: 162.89
Request 151 | res_time: 16:40:37.88 | latency:   5.53 s | tokens: 25 | gen_time: 0.155 s | tok/s: 161.44
Request 152 | res_time: 16:40:37.88 | latency:   5.58 s | tokens: 25 | gen_time: 0.154 s | tok/s: 161.83
Request 153 | res_time: 16:40:37.92 | latency:   5.38 s | tokens: 25 | gen_time: 0.151 s | tok/s: 165.94
Request 154 | res_time: 16:40:37.97 | latency:   5.56 s | tokens: 25 | gen_time: 0.151 s | tok/s: 165.10
Request 155 | res_time: 16:40:37.99 | latency:   5.75 s | tokens: 25 | gen_time: 0.151 s | tok/s: 165.65
Request 156 | res_time: 16:40:38.03 | latency:   6.04 s | tokens: 25 | gen_time: 0.151 s | tok/s: 166.04
Request 157 | res_time: 16:40:38.04 | latency:   5.88 s | tokens: 25 | gen_time: 0.154 s | tok/s: 162.14
Request 158 | res_time: 16:40:38.06 | latency:   5.86 s | tokens: 25 | gen_time: 0.155 s | tok/s: 161.71
Request 159 | res_time: 16:40:38.07 | latency:   6.00 s | tokens: 25 | gen_time: 0.154 s | tok/s: 161.85
Request 160 | res_time: 16:40:38.10 | latency:   5.36 s | tokens: 25 | gen_time: 0.150 s | tok/s: 166.46
Request 161 | res_time: 16:40:38.16 | latency:   5.49 s | tokens: 25 | gen_time: 0.151 s | tok/s: 165.04
Request 162 | res_time: 16:40:38.17 | latency:   5.96 s | tokens: 25 | gen_time: 0.151 s | tok/s: 165.83
Request 163 | res_time: 16:40:38.21 | latency:   5.80 s | tokens: 25 | gen_time: 0.150 s | tok/s: 166.17
Request 164 | res_time: 16:40:38.22 | latency:   6.06 s | tokens: 25 | gen_time: 0.154 s | tok/s: 162.07
Request 165 | res_time: 16:40:38.25 | latency:   6.47 s | tokens: 25 | gen_time: 0.155 s | tok/s: 161.05
Request 166 | res_time: 16:40:38.25 | latency:   6.05 s | tokens: 25 | gen_time: 0.154 s | tok/s: 161.83
Request 167 | res_time: 16:40:38.28 | latency:   6.26 s | tokens: 25 | gen_time: 0.151 s | tok/s: 165.93
Request 168 | res_time: 16:40:38.34 | latency:   5.45 s | tokens: 25 | gen_time: 0.152 s | tok/s: 164.69
Request 169 | res_time: 16:40:38.36 | latency:   6.13 s | tokens: 25 | gen_time: 0.151 s | tok/s: 165.91
Request 170 | res_time: 16:40:38.39 | latency:   6.30 s | tokens: 25 | gen_time: 0.150 s | tok/s: 166.32
Request 171 | res_time: 16:40:38.40 | latency:   6.28 s | tokens: 25 | gen_time: 0.154 s | tok/s: 162.30
Request 172 | res_time: 16:40:38.43 | latency:   6.37 s | tokens: 25 | gen_time: 0.155 s | tok/s: 161.43
Request 173 | res_time: 16:40:38.43 | latency:   6.11 s | tokens: 25 | gen_time: 0.154 s | tok/s: 162.13
Request 174 | res_time: 16:40:38.46 | latency:   6.03 s | tokens: 25 | gen_time: 0.151 s | tok/s: 166.07
Request 175 | res_time: 16:40:38.52 | latency:   6.49 s | tokens: 25 | gen_time: 0.151 s | tok/s: 165.03
Request 176 | res_time: 16:40:38.54 | latency:   5.98 s | tokens: 25 | gen_time: 0.151 s | tok/s: 166.00
Request 177 | res_time: 16:40:38.57 | latency:   6.47 s | tokens: 25 | gen_time: 0.150 s | tok/s: 166.31
Request 178 | res_time: 16:40:38.59 | latency:   6.77 s | tokens: 25 | gen_time: 0.154 s | tok/s: 162.71
Request 179 | res_time: 16:40:38.62 | latency:   6.43 s | tokens: 25 | gen_time: 0.154 s | tok/s: 161.95
Request 180 | res_time: 16:40:38.62 | latency:   5.98 s | tokens: 25 | gen_time: 0.155 s | tok/s: 161.36
Request 181 | res_time: 16:40:38.64 | latency:   5.66 s | tokens: 25 | gen_time: 0.150 s | tok/s: 166.46
Request 182 | res_time: 16:40:38.69 | latency:   6.04 s | tokens: 25 | gen_time: 0.151 s | tok/s: 165.66
Request 183 | res_time: 16:40:38.71 | latency:   6.48 s | tokens: 25 | gen_time: 0.150 s | tok/s: 166.22
Request 184 | res_time: 16:40:38.75 | latency:   6.51 s | tokens: 25 | gen_time: 0.150 s | tok/s: 166.74
Request 185 | res_time: 16:40:38.77 | latency:   6.94 s | tokens: 25 | gen_time: 0.154 s | tok/s: 162.86
Request 186 | res_time: 16:40:38.80 | latency:   6.60 s | tokens: 25 | gen_time: 0.154 s | tok/s: 162.37
Request 187 | res_time: 16:40:38.80 | latency:   6.38 s | tokens: 25 | gen_time: 0.154 s | tok/s: 161.89
Request 188 | res_time: 16:40:38.82 | latency:   6.82 s | tokens: 25 | gen_time: 0.150 s | tok/s: 166.35
Request 189 | res_time: 16:40:38.87 | latency:   6.42 s | tokens: 25 | gen_time: 0.151 s | tok/s: 165.39
Request 190 | res_time: 16:40:38.89 | latency:   6.34 s | tokens: 25 | gen_time: 0.151 s | tok/s: 165.91
Request 191 | res_time: 16:40:38.93 | latency:   6.77 s | tokens: 25 | gen_time: 0.151 s | tok/s: 165.87
Request 192 | res_time: 16:40:38.95 | latency:   6.57 s | tokens: 25 | gen_time: 0.154 s | tok/s: 162.49
Request 193 | res_time: 16:40:38.98 | latency:   6.61 s | tokens: 25 | gen_time: 0.155 s | tok/s: 161.26
Request 194 | res_time: 16:40:38.98 | latency:   6.95 s | tokens: 25 | gen_time: 0.154 s | tok/s: 161.91
Request 195 | res_time: 16:40:39.00 | latency:   6.96 s | tokens: 25 | gen_time: 0.151 s | tok/s: 165.68
Request 196 | res_time: 16:40:39.05 | latency:   7.19 s | tokens: 25 | gen_time: 0.151 s | tok/s: 165.55
Request 197 | res_time: 16:40:39.07 | latency:   6.98 s | tokens: 25 | gen_time: 0.150 s | tok/s: 166.23
Request 198 | res_time: 16:40:39.11 | latency:   6.66 s | tokens: 25 | gen_time: 0.150 s | tok/s: 166.67
Request 199 | res_time: 16:40:39.13 | latency:   6.85 s | tokens: 25 | gen_time: 0.154 s | tok/s: 162.70
Request 200 | res_time: 16:40:39.16 | latency:   6.86 s | tokens: 25 | gen_time: 0.154 s | tok/s: 162.54
Request 201 | res_time: 16:40:39.16 | latency:   7.34 s | tokens: 25 | gen_time: 0.154 s | tok/s: 161.90
Request 202 | res_time: 16:40:39.18 | latency:   7.00 s | tokens: 25 | gen_time: 0.150 s | tok/s: 166.12
Request 203 | res_time: 16:40:39.23 | latency:   7.14 s | tokens: 25 | gen_time: 0.151 s | tok/s: 165.25
Request 204 | res_time: 16:40:39.25 | latency:   6.73 s | tokens: 25 | gen_time: 0.151 s | tok/s: 165.79
Request 205 | res_time: 16:40:39.28 | latency:   6.89 s | tokens: 25 | gen_time: 0.150 s | tok/s: 166.74
Request 206 | res_time: 16:40:39.32 | latency:   7.47 s | tokens: 25 | gen_time: 0.154 s | tok/s: 162.65
Request 207 | res_time: 16:40:39.35 | latency:   7.34 s | tokens: 25 | gen_time: 0.154 s | tok/s: 162.66
Request 208 | res_time: 16:40:39.35 | latency:   7.08 s | tokens: 25 | gen_time: 0.155 s | tok/s: 161.81
Request 209 | res_time: 16:40:39.35 | latency:   6.86 s | tokens: 25 | gen_time: 0.150 s | tok/s: 166.41
Request 210 | res_time: 16:40:39.41 | latency:   6.76 s | tokens: 25 | gen_time: 0.151 s | tok/s: 165.36
Request 211 | res_time: 16:40:39.43 | latency:   7.27 s | tokens: 25 | gen_time: 0.151 s | tok/s: 165.65
Request 212 | res_time: 16:40:39.46 | latency:   7.02 s | tokens: 25 | gen_time: 0.151 s | tok/s: 166.09
Request 213 | res_time: 16:40:39.50 | latency:   7.34 s | tokens: 25 | gen_time: 0.154 s | tok/s: 162.66
Request 214 | res_time: 16:40:39.53 | latency:   7.62 s | tokens: 25 | gen_time: 0.154 s | tok/s: 162.01
Request 215 | res_time: 16:40:39.53 | latency:   6.75 s | tokens: 25 | gen_time: 0.155 s | tok/s: 161.71
Request 216 | res_time: 16:40:39.53 | latency:   7.28 s | tokens: 25 | gen_time: 0.150 s | tok/s: 166.15
Request 217 | res_time: 16:40:39.59 | latency:   6.94 s | tokens: 25 | gen_time: 0.151 s | tok/s: 165.32
Request 218 | res_time: 16:40:39.61 | latency:   7.47 s | tokens: 25 | gen_time: 0.151 s | tok/s: 165.90
Request 219 | res_time: 16:40:39.64 | latency:   7.22 s | tokens: 25 | gen_time: 0.150 s | tok/s: 166.30
Request 220 | res_time: 16:40:39.68 | latency:   6.89 s | tokens: 25 | gen_time: 0.154 s | tok/s: 162.64
Request 221 | res_time: 16:40:39.71 | latency:   6.83 s | tokens: 25 | gen_time: 0.150 s | tok/s: 166.23
Request 222 | res_time: 16:40:39.71 | latency:   7.72 s | tokens: 25 | gen_time: 0.154 s | tok/s: 162.11
Request 223 | res_time: 16:40:39.71 | latency:   7.76 s | tokens: 25 | gen_time: 0.155 s | tok/s: 161.72
Request 224 | res_time: 16:40:39.77 | latency:   7.57 s | tokens: 25 | gen_time: 0.151 s | tok/s: 165.56
Request 225 | res_time: 16:40:39.79 | latency:   7.31 s | tokens: 25 | gen_time: 0.151 s | tok/s: 165.87
Request 226 | res_time: 16:40:39.82 | latency:   7.59 s | tokens: 25 | gen_time: 0.150 s | tok/s: 166.29
Request 227 | res_time: 16:40:39.86 | latency:   7.70 s | tokens: 25 | gen_time: 0.154 s | tok/s: 162.30
Request 228 | res_time: 16:40:39.89 | latency:   7.53 s | tokens: 25 | gen_time: 0.151 s | tok/s: 166.05
Request 229 | res_time: 16:40:39.89 | latency:   7.68 s | tokens: 25 | gen_time: 0.154 s | tok/s: 161.93
Request 230 | res_time: 16:40:39.90 | latency:   7.68 s | tokens: 25 | gen_time: 0.155 s | tok/s: 161.44
Request 231 | res_time: 16:40:39.95 | latency:   7.12 s | tokens: 25 | gen_time: 0.151 s | tok/s: 165.42
Request 232 | res_time: 16:40:39.97 | latency:   7.01 s | tokens: 25 | gen_time: 0.151 s | tok/s: 165.81
Request 233 | res_time: 16:40:40.00 | latency:   7.82 s | tokens: 25 | gen_time: 0.150 s | tok/s: 166.15
Request 234 | res_time: 16:40:40.04 | latency:   7.95 s | tokens: 25 | gen_time: 0.154 s | tok/s: 162.28
Request 235 | res_time: 16:40:40.07 | latency:   7.64 s | tokens: 25 | gen_time: 0.151 s | tok/s: 166.07
Request 236 | res_time: 16:40:40.08 | latency:   7.58 s | tokens: 25 | gen_time: 0.154 s | tok/s: 162.12
Request 237 | res_time: 16:40:40.08 | latency:   8.12 s | tokens: 25 | gen_time: 0.155 s | tok/s: 161.68
Request 238 | res_time: 16:40:40.13 | latency:   7.60 s | tokens: 25 | gen_time: 0.151 s | tok/s: 165.59
Request 239 | res_time: 16:40:40.14 | latency:   7.17 s | tokens: 25 | gen_time: 0.151 s | tok/s: 166.00
Request 240 | res_time: 16:40:40.17 | latency:   8.21 s | tokens: 25 | gen_time: 0.150 s | tok/s: 166.60
Request 241 | res_time: 16:40:40.22 | latency:   8.34 s | tokens: 25 | gen_time: 0.153 s | tok/s: 163.10
Request 242 | res_time: 16:40:40.26 | latency:   8.31 s | tokens: 25 | gen_time: 0.155 s | tok/s: 161.54
Request 243 | res_time: 16:40:40.26 | latency:   8.21 s | tokens: 25 | gen_time: 0.155 s | tok/s: 161.35
Request 244 | res_time: 16:40:40.30 | latency:   8.14 s | tokens: 25 | gen_time: 0.151 s | tok/s: 165.57
Request 245 | res_time: 16:40:40.35 | latency:   8.21 s | tokens: 25 | gen_time: 0.151 s | tok/s: 165.93
Request 246 | res_time: 16:40:40.41 | latency:   8.13 s | tokens: 25 | gen_time: 0.157 s | tok/s: 159.12
Request 247 | res_time: 16:40:40.44 | latency:   8.01 s | tokens: 25 | gen_time: 0.154 s | tok/s: 161.98
Request 248 | res_time: 16:40:40.44 | latency:   8.26 s | tokens: 25 | gen_time: 0.155 s | tok/s: 161.61
Request 249 | res_time: 16:40:40.48 | latency:   8.60 s | tokens: 25 | gen_time: 0.151 s | tok/s: 165.86
Request 250 | res_time: 16:40:40.53 | latency:   8.59 s | tokens: 25 | gen_time: 0.150 s | tok/s: 166.85
Request 251 | res_time: 16:40:40.59 | latency:   7.84 s | tokens: 25 | gen_time: 0.154 s | tok/s: 162.66
Request 252 | res_time: 16:40:40.62 | latency:   8.07 s | tokens: 25 | gen_time: 0.154 s | tok/s: 162.50
Request 253 | res_time: 16:40:40.63 | latency:   8.17 s | tokens: 25 | gen_time: 0.154 s | tok/s: 161.95
Request 254 | res_time: 16:40:40.66 | latency:   8.44 s | tokens: 25 | gen_time: 0.150 s | tok/s: 166.24
Request 255 | res_time: 16:40:40.71 | latency:   8.77 s | tokens: 25 | gen_time: 0.150 s | tok/s: 167.00
Request 256 | res_time: 16:40:40.77 | latency:   8.93 s | tokens: 25 | gen_time: 0.153 s | tok/s: 163.21
Request 257 | res_time: 16:40:40.80 | latency:   8.69 s | tokens: 25 | gen_time: 0.154 s | tok/s: 162.76
Request 258 | res_time: 16:40:40.81 | latency:   8.18 s | tokens: 25 | gen_time: 0.154 s | tok/s: 162.30
Request 259 | res_time: 16:40:40.83 | latency:   8.08 s | tokens: 25 | gen_time: 0.150 s | tok/s: 166.52
Request 260 | res_time: 16:40:40.88 | latency:   8.81 s | tokens: 25 | gen_time: 0.149 s | tok/s: 167.29
Request 261 | res_time: 16:40:40.95 | latency:   8.46 s | tokens: 25 | gen_time: 0.153 s | tok/s: 163.22
Request 262 | res_time: 16:40:40.98 | latency:   8.43 s | tokens: 25 | gen_time: 0.154 s | tok/s: 162.51
Request 263 | res_time: 16:40:40.99 | latency:   9.01 s | tokens: 25 | gen_time: 0.154 s | tok/s: 162.25
Request 264 | res_time: 16:40:41.01 | latency:   8.82 s | tokens: 25 | gen_time: 0.150 s | tok/s: 166.12
Request 265 | res_time: 16:40:41.06 | latency:   8.76 s | tokens: 25 | gen_time: 0.150 s | tok/s: 167.01
Request 266 | res_time: 16:40:41.13 | latency:   9.08 s | tokens: 25 | gen_time: 0.153 s | tok/s: 163.28
Request 267 | res_time: 16:40:41.16 | latency:   8.61 s | tokens: 25 | gen_time: 0.154 s | tok/s: 162.64
Request 268 | res_time: 16:40:41.17 | latency:   8.90 s | tokens: 25 | gen_time: 0.154 s | tok/s: 161.97
Request 269 | res_time: 16:40:41.19 | latency:   8.72 s | tokens: 25 | gen_time: 0.151 s | tok/s: 165.95
Request 270 | res_time: 16:40:41.23 | latency:   9.27 s | tokens: 25 | gen_time: 0.149 s | tok/s: 167.27
Request 271 | res_time: 16:40:41.31 | latency:   9.22 s | tokens: 25 | gen_time: 0.153 s | tok/s: 163.43
Request 272 | res_time: 16:40:41.34 | latency:   8.97 s | tokens: 25 | gen_time: 0.153 s | tok/s: 162.88
Request 273 | res_time: 16:40:41.35 | latency:   9.31 s | tokens: 25 | gen_time: 0.154 s | tok/s: 162.31
Request 274 | res_time: 16:40:41.41 | latency:   9.45 s | tokens: 25 | gen_time: 0.149 s | tok/s: 167.29
Request 275 | res_time: 16:40:41.49 | latency:   9.29 s | tokens: 25 | gen_time: 0.153 s | tok/s: 163.32
Request 276 | res_time: 16:40:41.52 | latency:   9.24 s | tokens: 25 | gen_time: 0.154 s | tok/s: 162.83
Request 277 | res_time: 16:40:41.53 | latency:   9.23 s | tokens: 25 | gen_time: 0.154 s | tok/s: 162.40
Request 278 | res_time: 16:40:41.59 | latency:   9.64 s | tokens: 25 | gen_time: 0.150 s | tok/s: 167.15
Request 279 | res_time: 16:40:41.67 | latency:   9.82 s | tokens: 25 | gen_time: 0.153 s | tok/s: 163.78
Request 280 | res_time: 16:40:41.70 | latency:   9.26 s | tokens: 25 | gen_time: 0.154 s | tok/s: 162.62
Request 281 | res_time: 16:40:41.71 | latency:   9.34 s | tokens: 25 | gen_time: 0.154 s | tok/s: 162.38
Request 282 | res_time: 16:40:41.76 | latency:   9.65 s | tokens: 25 | gen_time: 0.149 s | tok/s: 167.43
Request 283 | res_time: 16:40:41.85 | latency:   9.10 s | tokens: 25 | gen_time: 0.153 s | tok/s: 163.76
Request 284 | res_time: 16:40:41.88 | latency:   9.33 s | tokens: 25 | gen_time: 0.154 s | tok/s: 162.69
Request 285 | res_time: 16:40:41.89 | latency:  10.00 s | tokens: 25 | gen_time: 0.154 s | tok/s: 162.40
Request 286 | res_time: 16:40:41.94 | latency:   9.79 s | tokens: 25 | gen_time: 0.149 s | tok/s: 167.27
Request 287 | res_time: 16:40:42.03 | latency:   9.27 s | tokens: 25 | gen_time: 0.153 s | tok/s: 162.96
Request 288 | res_time: 16:40:42.06 | latency:   9.69 s | tokens: 25 | gen_time: 0.154 s | tok/s: 162.74
Request 289 | res_time: 16:40:42.07 | latency:  10.08 s | tokens: 25 | gen_time: 0.154 s | tok/s: 162.24
Request 290 | res_time: 16:40:42.11 | latency:  10.12 s | tokens: 25 | gen_time: 0.149 s | tok/s: 167.26
Request 291 | res_time: 16:40:42.21 | latency:  10.05 s | tokens: 25 | gen_time: 0.153 s | tok/s: 163.76
Request 292 | res_time: 16:40:42.24 | latency:   9.79 s | tokens: 25 | gen_time: 0.153 s | tok/s: 162.99
Request 293 | res_time: 16:40:42.25 | latency:   9.41 s | tokens: 25 | gen_time: 0.154 s | tok/s: 162.60
Request 294 | res_time: 16:40:42.39 | latency:   9.92 s | tokens: 25 | gen_time: 0.153 s | tok/s: 163.87
Request 295 | res_time: 16:40:42.42 | latency:   9.93 s | tokens: 25 | gen_time: 0.153 s | tok/s: 163.61
Request 296 | res_time: 16:40:42.43 | latency:  10.11 s | tokens: 25 | gen_time: 0.153 s | tok/s: 162.89
Request 297 | res_time: 16:40:42.57 | latency:   9.15 s | tokens: 25 | gen_time: 0.153 s | tok/s: 163.92
Request 298 | res_time: 16:40:42.60 | latency:  10.24 s | tokens: 25 | gen_time: 0.153 s | tok/s: 163.34
Request 299 | res_time: 16:40:42.78 | latency:  10.81 s | tokens: 25 | gen_time: 0.153 s | tok/s: 163.89
Request 300 | res_time: 16:40:42.96 | latency:  10.54 s | tokens: 25 | gen_time: 0.153 s | tok/s: 163.55

--- TEST CONFIGURATION ---
MIG Config: all-1g.5gb
Ollama Replicas: 7
Total requests: 300
Concurrency: 300
Requested output tokens (effort): 25

Total tokens: 7500
Wall time (s): 11.20
GPU time (s): 49.45

--- REQUEST METRICS ---
Throughput REAL (tok/s): 669.64
Throughput GPU (tok/s): 151.67
Avg tokens/sec per request: 157.98
Latency avg (ms): 5707.03
Latency p95 (ms): 9649.94

--- GPU TELEMETRY CAPTURE ---
Quality: good
First active sample delay: 5.92 s
Observed GPU episode duration: 25.00 s
Active telemetry samples: 4

--- GPU UTILIZATION AND MEMORY ---
Workload-normalized physical GPU SM utilization: 58.49%
Observed-episode physical GPU SM avg: 26.20%
Physical GPU SM peak: 65.30%
Workload-normalized configured MIG SM utilization: 58.49%
Workload-normalized physical GPU DRAM activity: 26.28%
Framebuffer used avg: 6873.40 MiB
Physical framebuffer utilization avg: 16.78%

--- POWER, ENERGY, AND USEFUL WORK ---
Idle power avg: 98.08 W
Workload-equivalent power avg: 185.69 W
Observed-episode power avg: 137.29 W
Power p95: 225.70 W
Energy: 0.577702 Wh
Dynamic energy above idle: 981.224 J
Energy per generated token: 0.277297 J/token
Generated tokens per joule: 3.606242 token/J
Power-SM Pearson correlation: 0.5953

Run appended to CSV table: /home/gianluca/workspace/k8s-mig-dra/experiment-ollama-new/results/results_table.csv
Per-request stats appended to CSV table: results/result-20260917-164031-598-all-1g.5gb-replicas7-25.csv
GPU time series written to: /home/gianluca/workspace/k8s-mig-dra/experiment-ollama-new/results/gpu-metrics.csv
Run summary written to: /home/gianluca/workspace/k8s-mig-dra/experiment-ollama-new/results/run-summary.json
